paper.id,comments,result.index,method,sample.unit,family,genus,species,functional.group,metric,zone.type,mpa.name,outside.open,ind.var,constant.intercept,slope,r2,max.distance,metric.units,habitat.correction,significant,full.name,spillover.distance
8,"Sumilon Island, Southwest Monsoon, Western boundary",1,Transect count,Genus group,Acanthuridae,Acanthurus,spp.,NA,Biomass,NTZ,Sumilon Island Fish Sanctuary,Yes,Distance from centre of NTZ (m),0.39,7.00E-04,0.26,500,mean fish kg per 500m-2,No,Yes,Acanthurus spp.,
8,"Sumilon Island, Southwest Monsoon, Western boundary",2,Transect count,Genus group,Kyphosidae,Kyphosus,spp.,NA,Biomass,NTZ,Sumilon Island Fish Sanctuary,Yes,Distance from centre of NTZ (m),5.04,-0.0145,0.2,500,mean fish kg per 500m-2,No,Yes,Kyphosus spp.,
8,"Sumilon Island, Southwest Monsoon, Western boundary",3,Transect count,Genus group,Lutjanidae,Lutjanus,spp.,NA,Biomass,NTZ,Sumilon Island Fish Sanctuary,Yes,Distance from centre of NTZ (m),2.21,-0.00729,0.24,500,mean kg fish per 500m-2,No,Yes,Lutjanus spp.,
8,"Sumilon Island, Southwest Monsoon, Western boundary",4,NA,NA,NA,NA,NA,NA,NA,NA,NA,NA,NA,NA,NA,NA,NA,NA,NA,Yes,NA,
8,"Sumilon Island, Southwest Monsoon, Western boundary",5,NA,NA,NA,NA,NA,NA,NA,NA,NA,NA,NA,NA,NA,NA,NA,NA,NA,Yes,NA,
8,"Apo Island, Southwest Monsoon, Northern Boundary",1,Transect count,Family group,Caesionidae,NA,NA,NA,Density,NTZ,Apo Island Marine Reserve,Yes,Distance from centre of NTZ (m),231,-0.489,0.23,500,mean fish per 500m-2,No,Yes,NA,
8,"Apo Island, Southwest Monsoon, Northern Boundary",2,Transect count,Family group,Caesionidae,NA,NA,NA,Biomass,NTZ,Apo Island Marine Reserve,Yes,Distance from centre of NTZ (m),20.8,-0.0377,0.21,500,mean fish kg per 500m-2,No,Yes,NA,
8,"Apo Island, Southwest Monsoon, Northern Boundary",3,Transect count,Genus group,Carangidae,Caranx,spp.,NA,Density,NTZ,Apo Island Marine Reserve,Yes,Distance from centre of NTZ (m),42.5,-0.153,0.15,500,mean fish per 500m-2,No,No,Caranx spp.,
8,"Apo Island, Southwest Monsoon, Northern Boundary",4,Transect count,Genus group,Carangidae,Caranx,spp.,NA,Biomass,NTZ,Apo Island Marine Reserve,Yes,Distance from centre of NTZ (m),9.13,-0.0137,0.27,500,mean fish kg per 500m-2,No,Yes,Caranx spp.,
8,"Apo Island, Southwest Monsoon, Northern Boundary",5,Transect count,Family group,Epinephelinae,NA,NA,NA,Biomass,NTZ,Apo Island Marine Reserve,Yes,Distance from centre of NTZ (m),1.14,-0.0024,0.21,500,mean fish kg 500m-2,No,Yes,NA,
8,"Apo Island, southwest monsoon, northern boundary",1,Transect count,Genus group,Lutjanidae,Lutjanus,spp.,NA,Density,NTZ,Apo Island Marine Reserve,Yes,Distance from centre of NTZ (m),16.2,-0.554,0.22,500,mean fish per 500m-2,No,Yes,Lutjanus spp.,
8,"Apo Island, southwest monsoon, northern boundary",2,Transect count,Genus group,Lutjanidae,Lutjanus,spp.,NA,Biomass,NTZ,Apo Island Marine Reserve,Yes,Distance from centre of NTZ (m),7.73,-0.202,0.3,500,mean fish kg 500m-2,No,Yes,Lutjanus spp.,
8,"Apo Island, southwest monsoon, northern boundary",3,Transect count,Genus group,Acanthuridae,Naso,spp.,NA,Biomass,NTZ,Apo Island Marine Reserve,Yes,Distance from centre of NTZ (m),8.93,-0.0201,0.16,500,mean fish kg per 500m-2,No,Yes,Naso spp.,
8,"Apo Island, southwest monsoon, northern boundary",4,Transect count,Family group,Scaridae,NA,NA,NA,Biomass,NTZ,Apo Island Marine Reserve,Yes,Distance from centre of NTZ (m),9.36,-0.0228,0.28,500,Mean fish kg per 500m-2,No,Yes,NA,
8,"Apo Island, southwest monsoon, northern boundary",5,NA,NA,NA,NA,NA,NA,NA,NA,NA,NA,NA,NA,NA,NA,NA,NA,NA,Yes,NA,
8,"Balicasag Island, Northeastern Monsoon, Southern Boundary",1,Transect count,Family group,Caesionidae,NA,NA,NA,Density,NTZ,Balicasag Island Fish Sanctuary,Yes,Distance from centre of NTZ (m),129,-0.291,0.22,500,Mean fish per 500m-2,No,Yes,NA,
8,"Balicasag Island, Northeastern Monsoon, Southern Boundary",2,Transect count,Family group,Mullidae,NA,NA,NA,Density,NTZ,Balicasag Island Fish Sanctuary,Yes,Distance from centre of NTZ (m),2.52,0.00712,0.35,500,Mean fish per 500m-2,No,Yes,NA,
8,"Balicasag Island, Northeastern Monsoon, Southern Boundary",3,Transect count,Family group,Scaridae,NA,NA,NA,Density,NTZ,Balicasag Island Fish Sanctuary,Yes,Distance from centre of NTZ (m),10.1,0.0156,0.34,500,Mean fish per 500m-2,No,Yes,NA,
8,"Balicasag Island, Northeastern Monsoon, Southern Boundary",4,NA,NA,NA,NA,NA,NA,NA,NA,NA,NA,NA,NA,NA,NA,NA,NA,NA,Yes,NA,
8,"Balicasag Island, Northeastern Monsoon, Southern Boundary",5,NA,NA,NA,NA,NA,NA,NA,NA,NA,NA,NA,NA,NA,NA,NA,NA,NA,Yes,NA,
8,"Sumilon Island, Northeastern Monsoon, Western boundary",1,Transect count,Family group,Caesionidae,NA,NA,NA,Density,NTZ,Sumilon Island Fish Sanctuary,Yes,Distance from centre of NTZ (m),2223,-5.35,0.45,500,Mean fish per 500m-2,No,Yes,NA,
8,"Sumilon Island, Northeastern Monsoon, Western boundary",2,Transect count,Genus group,Kyphosidae,Kyphosus,spp.,NA,Density,NTZ,Sumilon Island Fish Sanctuary,Yes,Distance from centre of NTZ (m),5.95,-0.206,0.27,500,Mean fish per 500m-2,No,Yes,Kyphosus spp.,
8,"Sumilon Island, Northeastern Monsoon, Western boundary",3,Transect count,Genus group,Kyphosidae,Kyphosus,spp.,NA,Biomass,NTZ,Sumilon Island Fish Sanctuary,Yes,Distance from centre of NTZ (m),1.84,-0.0063,0.25,500,Mean fish kg per 500m-2,No,Yes,Kyphosus spp.,
8,"Sumilon Island, Northeastern Monsoon, Western boundary",4,Transect count,Family group,Lethrinidae,NA,NA,NA,Biomass,NTZ,Sumilon Island Fish Sanctuary,Yes,Distance from centre of NTZ (m),0.709,-0.00152,0.17,500,Mean fish kg per 500m-2,No,Yes,NA,
8,"Sumilon Island, Northeastern Monsoon, Western boundary",5,Transect count,Genus group,Lutjanidae,Lutjanus,spp.,NA,Density,NTZ,Sumilon Island Fish Sanctuary,Yes,Distance from centre of NTZ (m),9.62,-0.0172,0.16,500,Mean fish per 500m-2,No,Yes,Lutjanus spp.,
8,"Sumilon Island, Northeastern monsoon, Western boundary",1,Transect count,Genus group,Acanthuridae,Naso,spp.,NA,Density,NTZ,Sumilon Island Fish Sanctuary,Yes,Distance from centre of NTZ (m),3.39,-0.00504,0.53,500,Mean fish per 500m-2,No,Yes,Naso spp.,
8,"Sumilon Island, Northeastern monsoon, Western boundary",2,Transect count,Family group,Scaridae,NA,NA,NA,Density,NTZ,Sumilon Island Fish Sanctuary,Yes,Distance from centre of NTZ (m),13.1,0.0636,0.43,500,Mean fish per 500m-2,No,Yes,NA,
8,"Sumilon Island, Northeastern monsoon, Western boundary",3,NA,NA,NA,NA,NA,NA,NA,NA,NA,NA,NA,NA,NA,NA,NA,NA,NA,Yes,NA,
8,"Sumilon Island, Northeastern monsoon, Western boundary",4,NA,NA,NA,NA,NA,NA,NA,NA,NA,NA,NA,NA,NA,NA,NA,NA,NA,Yes,NA,
8,"Sumilon Island, Northeastern monsoon, Western boundary",5,NA,NA,NA,NA,NA,NA,NA,NA,NA,NA,NA,NA,NA,NA,NA,NA,NA,Yes,NA,
8,"Sumilon Island, Northeastern monsoon, eastern boundary",1,Transect count,Family group,Caesionidae,NA,NA,NA,Density,NTZ,Sumilon Island Fish Sanctuary,Yes,Distance from centre of NTZ (m),2400,-5.53,0.41,500,Mean fish per 500m-2,No,Yes,NA,
8,"Sumilon Island, Northeastern monsoon, eastern boundary",2,Transect count,Genus group,Kyphosidae,Kyphosus,NA,NA,Density,NTZ,Sumilon Island Fish Sanctuary,Yes,Distance from centre of NTZ (m),6.12,-0.0207,0.27,500,Mean fish per 500m-2,No,Yes,NA,
8,"Sumilon Island, Northeastern monsoon, eastern boundary",3,Transect count,Genus group,Kyphosidae,Kyphosus,spp.,NA,Biomass,NTZ,Sumilon Island Fish Sanctuary,Yes,Distance from centre of NTZ (m),1.83,-0.0063,0.25,500,Mean fish kg per 500m-2,No,Yes,Kyphosus spp.,
8,"Sumilon Island, Northeastern monsoon, eastern boundary",4,NA,NA,NA,NA,NA,NA,NA,NA,NA,NA,NA,NA,NA,NA,NA,NA,NA,Yes,NA,
8,"Sumilon Island, Northeastern monsoon, eastern boundary",5,NA,NA,NA,NA,NA,NA,NA,NA,NA,NA,NA,NA,NA,NA,NA,NA,NA,Yes,NA,
8,"Apo Island, Southwestern monsoon, southern boundary",1,Transect count,Family group,Caesionidae,NA,NA,NA,Biomass,NTZ,Apo Island Marine Reserve,Yes,Distance from centre of NTZ (m),9.59,-0.0285,0.24,500,Mean fish per 500m-2,No,Yes,NA,
8,"Apo Island, Southwestern monsoon, southern boundary",2,Transect count,Genus group,Carangidae,Caranx,spp.,NA,Density,NTZ,Apo Island Marine Reserve,Yes,Distance from centre of NTZ (m),57,-0.207,0.15,500,Mean fish per 500m-2,No,No,Caranx spp.,
8,"Apo Island, Southwestern monsoon, southern boundary",3,Transect count,Genus group,Carangidae,Caranx,spp.,NA,Biomass,NTZ,Apo Island Marine Reserve,Yes,Distance from centre of NTZ (m),9.78,-0.032,0.3,500,Mean kg fish per 500m-2,No,Yes,Caranx spp.,
8,"Apo Island, Southwestern monsoon, southern boundary",4,Transect count,Family group,Epinephelinae,NA,NA,NA,Density,NTZ,Apo Island Marine Reserve,Yes,Distance from centre of NTZ (m),1.42,-0.0022,0.16,500,Mean fish per 500m-2,No,Yes,NA,
8,"Apo Island, Southwestern monsoon, southern boundary",5,Transect count,Genus group,Acanthuridae,Naso,spp.,NA,Biomass,NTZ,Apo Island Marine Reserve,Yes,Distance from centre of NTZ (m),5.81,-0.0171,0.22,500,Mean kg fish per 500m-2,No,Yes,Naso spp.,
8,"Apo Island, Northeastern monsoon, Northern boundary",1,Transect count,Genus group,Carangidae,Caranx,spp.,NA,Density,NTZ,Apo Island Marine Reserve,Yes,Distance from centre of NTZ (m),57.3,-0.205,0.49,500,Mean fish per 500m-2,No,Yes,Caranx spp.,
8,"Apo Island, Northeastern monsoon, Northern boundary",2,Transect count,Genus group,Carangidae,Caranx,spp.,NA,Biomass,NTZ,Apo Island Marine Reserve,Yes,Distance from centre of NTZ (m),9.63,-0.0336,0.53,500,Mean kg fish per 500m-2,No,Yes,Caranx spp.,
8,"Apo Island, Northeastern monsoon, Northern boundary",3,Transect count,Genus group,Lutjanidae,Lutjanus,spp.,NA,Density,NTZ,Apo Island Marine Reserve,Yes,Distance from centre of NTZ (m),10.3,-0.03,0.19,500,Mean fish per 500m-2,No,Yes,Lutjanus spp.,
8,"Apo Island, Northeastern monsoon, Northern boundary",4,NA,NA,NA,NA,NA,NA,NA,NA,NA,NA,NA,NA,NA,NA,NA,NA,NA,Yes,NA,
8,"Apo Island, Northeastern monsoon, Northern boundary",5,NA,NA,NA,NA,NA,NA,NA,NA,NA,NA,NA,NA,NA,NA,NA,NA,NA,Yes,NA,
8,"Apo Island, Northeastern monsoon, Southern boundary",1,Transect count,Genus group,Carangidae,Caranx,spp.,NA,Density,NTZ,Apo Island Marine Reserve,Yes,Distance from centre of NTZ (m),42.6,-0.153,0.49,500,Mean fish per 500m-2,No,Yes,Caranx spp.,
8,"Apo Island, Northeastern monsoon, Southern boundary",2,Transect count,Genus group,Carangidae,Caranx,spp.,NA,Biomass,NTZ,Apo Island Marine Reserve,Yes,Distance from centre of NTZ (m),9.17,-0.0329,0.5,500,Mean kg fish per 500m-2,No,Yes,Caranx spp.,
8,"Apo Island, Northeastern monsoon, Southern boundary",3,Transect count,Genus group,Lutjanidae,Lutjanus,spp.,NA,Biomass,NTZ,Apo Island Marine Reserve,Yes,Distance from centre of NTZ (m),3.51,-0.0112,0.3,500,Mean kg fish per 500m-2,No,Yes,Lutjanus spp.,
8,"Apo Island, Northeastern monsoon, Southern boundary",4,Transect count,Genus group,Acanthuridae,Naso,spp.,NA,Biomass,NTZ,Apo Island Marine Reserve,Yes,Distance from centre of NTZ (m),1.81,-0.00489,0.22,500,Mean kg fish per 500m-2,No,Yes,Naso spp.,
8,"Apo Island, Northeastern monsoon, Southern boundary",5,NA,NA,NA,NA,NA,NA,NA,NA,NA,NA,NA,NA,NA,NA,NA,NA,NA,Yes,NA,
8,"Balicasag Island, Southwestern monsoon, northern boundary",1,Transect count,Genus group,Carangidae,Caranx,spp.,NA,Density,NTZ,Balicasag Island Fish Sanctuary,Yes,Distance from centre of NTZ (m),251,-0.831,0.19,500,Mean fish per 500m-2,No,Yes,Caranx spp.,
8,"Balicasag Island, Southwestern monsoon, northern boundary",2,Transect count,Genus group,Carangidae,Caranx,spp.,NA,Biomass,NTZ,Balicasag Island Fish Sanctuary,Yes,Distance from centre of NTZ (m),156,-0.513,0.26,500,Mean kg fish per 500m-2,No,Yes,Caranx spp.,
8,"Balicasag Island, Southwestern monsoon, northern boundary",3,Transect count,Genus group,Acanthuridae,Naso,spp.,NA,Density,NTZ,Balicasag Island Fish Sanctuary,Yes,Distance from centre of NTZ (m),7.01,-0.00013,0.52,500,Mean fish per 500m-2,No,Yes,Naso spp.,
8,"Balicasag Island, Southwestern monsoon, northern boundary",4,NA,NA,NA,NA,NA,NA,NA,NA,NA,NA,NA,NA,NA,NA,NA,NA,NA,Yes,NA,
8,"Balicasag Island, Southwestern monsoon, northern boundary",5,NA,NA,NA,NA,NA,NA,NA,NA,NA,NA,NA,NA,NA,NA,NA,NA,NA,Yes,NA,
8,"Balicasag Island, Southwest monsoon, southern boundary",1,Transect count,Genus group,Carangidae,Caranx,spp.,NA,Density,NTZ,Balicasag Island Fish Sanctuary,Yes,Distance from centre of NTZ (m),218,-0.787,0.18,500,Mean fish per 500m-2,No,Yes,Caranx spp.,
8,"Balicasag Island, Southwest monsoon, southern boundary",2,Transect count,Genus group,Carangidae,Caranx,spp.,NA,Biomass,NTZ,Balicasag Island Fish Sanctuary,Yes,Distance from centre of NTZ (m),142,-0.498,0.26,500,Mean kg fish per 500m-2,No,Yes,Caranx spp.,
8,"Balicasag Island, Southwest monsoon, southern boundary",3,Transect count,Genus group,Lutjanidae,Lutjanus,spp.,NA,Biomass,NTZ,Balicasag Island Fish Sanctuary,Yes,Distance from centre of NTZ (m),3.5,-0.00728,0.17,500,Mean kg fish per 500m-2,No,Yes,Lutjanus spp.,
8,"Balicasag Island, Southwest monsoon, southern boundary",4,NA,NA,NA,NA,NA,NA,NA,NA,NA,NA,NA,NA,NA,NA,NA,NA,NA,Yes,NA,
8,"Balicasag Island, Southwest monsoon, southern boundary",5,NA,NA,NA,NA,NA,NA,NA,NA,NA,NA,NA,NA,NA,NA,NA,NA,NA,Yes,NA,
8,"Sumilon Island, Southwest Monsoon, eastern boundary",1,Transect count,Genus group,Kyphosidae,Kyphosus,spp.,NA,Density,NTZ,Sumilon Island,Yes,Distance from centre of NTZ (m),8.31,-0.0258,0.2,500,Mean fish per 500m-2,No,Yes,Kyphosus spp.,
8,"Sumilon Island, Southwest Monsoon, eastern boundary",2,Transect count,Genus group,Kyphosidae,Kyphosus,spp.,NA,Biomass,NTZ,Sumilon Island,Yes,Distance from centre of NTZ (m),3.72,-0.0128,0.16,500,Mean kg fish per 500m-2,No,Yes,Kyphosus spp.,
8,"Sumilon Island, Southwest Monsoon, eastern boundary",3,Transect count,Genus group,Lutjanidae,Lutjanus,spp.,NA,Biomass,NTZ,Sumilon Island,Yes,Distance from centre of NTZ (m),17.4,-0.0525,0.26,500,Mean kg fish per 500m-2,No,Yes,Lutjanus spp.,
8,"Sumilon Island, Southwest Monsoon, eastern boundary",4,NA,NA,NA,NA,NA,NA,NA,NA,NA,NA,NA,NA,NA,NA,NA,NA,NA,Yes,NA,
8,"Sumilon Island, Southwest Monsoon, eastern boundary",5,NA,NA,NA,NA,NA,NA,NA,NA,NA,NA,NA,NA,NA,NA,NA,NA,NA,Yes,NA,
8,"Balicasag Island, Northeastern monsoon, western boundary",1,Transect count,Genus group,Acanthuridae,Naso,spp.,NA,Biomass,NTZ,Balicasag Island,Yes,Distance to centre of NTZ (m),0.612,-0.00156,0.27,500,Fish kg per 500m-2,No,Yes,Naso spp.,
8,"Balicasag Island, Northeastern monsoon, western boundary",2,NA,NA,NA,NA,NA,NA,NA,NA,NA,NA,NA,NA,NA,NA,NA,NA,NA,Yes,NA,
8,"Balicasag Island, Northeastern monsoon, western boundary",3,NA,NA,NA,NA,NA,NA,NA,NA,NA,NA,NA,NA,NA,NA,NA,NA,NA,Yes,NA,
8,"Balicasag Island, Northeastern monsoon, western boundary",4,NA,NA,NA,NA,NA,NA,NA,NA,NA,NA,NA,NA,NA,NA,NA,NA,NA,Yes,NA,
8,"Balicasag Island, Northeastern monsoon, western boundary",5,NA,NA,NA,NA,NA,NA,NA,NA,NA,NA,NA,NA,NA,NA,NA,NA,NA,Yes,NA,
57,"Time 1, P. oceanica meadow ",1,Transect count,Species,NA,Coris ,julis,NA,Mean corrected biomass (residuals),NTZ,Tabarca Marine Reserve,"Yes, but through a buffer zone and then a transitional zone with varying levels of activity",Distance from integral reserve (m),-0.005,-1.10E-05,0.003,7000,NA,Yes,No,Coris  julis,
57,"Time 1, P. oceanica meadow ",2,Transect count,Species,NA,Diplodus,annularis,NA,Mean corrected biomass (residuals),NTZ,Tabarca Marine Reserve,"Yes, but across a gradient of zones with different activities permitted",Distance from integral reserve (m),3.998,-9.80E-06,0.001,7000,NA,Yes,No,Diplodus annularis,
57,"Time 1, P. oceanica meadow ",3,Transect count,Species,NA,Diplodus,sargus,NA,Mean corrected biomass (residuals),NTZ,Tabarca Marine Reserve,"Yes, but across a gradient of zones with different activities permitted",Distance from integral reserve (m),0.036,5.80E-05,0.026,7000,NA,Yes,No,Diplodus sargus,
57,"Time 1, P. oceanica meadow ",4,Transect count,Species,NA,Diplodus,vulgaris,NA,Mean corrected biomass (residuals),NTZ,Tabarca Marine Reserve,"Yes, but across a gradient of zones with different activities permitted",Distance from integral reserve (m),0.068,-2.70E-05,0.004,7000,NA,Yes,No,Diplodus vulgaris,
57,"Time 1, P. oceanica meadow ",5,Transect count,Species,NA,Labrus,merula,NA,Mean corrected biomass (residuals),NTZ,Tabarca Marine Reserve,"Yes, but across a gradient of zones with different activities permitted",Distance from integral reserve (m),0.261,-0.00011,0.185,7000,NA,Yes,Yes,Labrus merula,
57,"Time 1, P. oceanica meadow",1,Transect count,Species,NA,Sarpa,salpa,NA,Mean corrected biomass (residuals),NTZ,Tabarca Marine Reserve,"Yes, but across a gradient of zones with different activities permitted",Distance from integral reserve (m),1.994,-0.00047,0.376,7000,NA,Yes,Yes,Sarpa salpa,
57,"Time 1, P. oceanica meadow",2,Transect count,Species,NA,Serranus,scriba,NA,Mean corrected biomass (residuals),NTZ,Tabarca Marine Reserve,"Yes, but across a gradient of zones with different activities permitted",Distance from integral reserve (m),0.725,-2.00E-04,0.284,7000,NA,Yes,Yes,Serranus scriba,
57,"Time 1, P. oceanica meadow",3,Transect count,Species,NA,Spondyliosoma,cantharus,NA,Mean corrected biomass (residuals),NTZ,Tabarca Marine Reserve,"Yes, but across a gradient of zones with different activities permitted",Distance from integral reserve (m),-2.01,0.00012,0.156,7000,NA,Yes,No,Spondyliosoma cantharus,
57,"Time 1, P. oceanica meadow",4,Transect count,Species,NA,Symphodus,ocellatus,NA,Mean corrected biomass (residuals),NTZ,Tabarca Marine Reserve,"Yes, but across a gradient of zones with different activities permitted",Distance from integral reserve (m),-0.384,4.30E-06,0.001,7000,NA,Yes,No,Symphodus ocellatus,
57,"Time 1, P. oceanica meadow",5,Transect count,Species,NA,Symphodus,rostratus,NA,Mean corrected biomass (residuals),NTZ,Tabarca Marine Reserve,"Yes, but across a gradient of zones with different activities permitted",Distance from integral reserve (m),-0.034,-1.00E-05,0.017,7000,NA,Yes,No,Symphodus rostratus,
57,"Time 1, P. oceanica meadow",1,Transect count,Species,NA,Symphodus,tinca,NA,Mean corrected biomass (residuals),NTZ,Tabarca Marine Reserve,"Yes, but across a gradient of zones with different activities permitted",Distance from integral reserve (m),-0.325,7.60E-06,0,7000,NA,Yes,No,Symphodus tinca,
57,"Time 1, P. oceanica meadow",2,Transect count,Species,NA,Thalassoma,pavo,NA,Mean corrected biomass (residuals),NTZ,Tabarca Marine Reserve,"Yes, but across a gradient of zones with different activities permitted",Distance from integral reserve (m),0.285,-8.50E-05,0.318,7000,NA,No,Yes,Thalassoma pavo,
57,"Time 1, P. oceanica meadow",3,NA,NA,NA,NA,NA,NA,NA,NA,NA,NA,NA,NA,NA,NA,NA,NA,NA,No,NA,
57,"Time 1, P. oceanica meadow",4,NA,NA,NA,NA,NA,NA,NA,NA,NA,NA,NA,NA,NA,NA,NA,NA,NA,No,NA,
57,"Time 1, P. oceanica meadow",5,NA,NA,NA,NA,NA,NA,NA,NA,NA,NA,NA,NA,NA,NA,NA,NA,NA,No,NA,
57,"Time 2, P. oceanica meadow",1,Transect count,Species,NA,Coris,julis,NA,Mean corrected biomass (residuals),NTZ,Tabarca Marine Reserve,"Yes, but across a gradient of zones with different activities permitted",Distance from integral reserve (m),0.187,-3.60E-05,0.012,7000,NA,Yes,No,Coris julis,
57,"Time 2, P. oceanica meadow",2,Transect count,Species,NA,Diplodus,annularis,NA,Mean corrected biomass (residuals),NTZ,Tabarca Marine Reserve,"Yes, but across a gradient of zones with different activities permitted",Distance from integral reserve (m),4.29,-0.00012,0.143,7000,NA,Yes,No,Diplodus annularis,
57,"Time 2, P. oceanica meadow",3,Transect count,Species,NA,Diplodus,sargus,NA,Mean corrected biomass (residuals),NTZ,Tabarca Marine Reserve,"Yes, but across a gradient of zones with different activities permitted",Distance from integral reserve (m),0.068,-8.00E-05,0.092,7000,NA,Yes,No,Diplodus sargus,
57,"Time 2, P. oceanica meadow",4,Transect count,Species,NA,Diplodus,vulgaris,NA,Mean corrected biomass (residuals),NTZ,Tabarca Marine Reserve,"Yes, but across a gradient of zones with different activities permitted",Distance from integral reserve (m),0.826,-2.00E-04,0.198,7000,NA,Yes,Yes,Diplodus vulgaris,
57,"Time 2, P. oceanica meadow",5,Transect count,Species,NA,Labrus,merula,NA,Mean corrected biomass (residuals),NTZ,Tabarca Marine Reserve,"Yes, but across a gradient of zones with different activities permitted",Distance from integral reserve (m),1.436,-0.00032,0.556,7000,NA,Yes,Yes,Labrus merula,
57,"Time 2, P. oceanica meadow",1,Transect count,Species,NA,Sarpa,salpa,NA,Mean corrected biomass (residuals),NTZ,Tabarca Marine Reserve,"Yes, but across a gradient of zones with different activities permitted",Distance from integral reserve (m),0.826,-0.00026,0.137,7000,NA,Yes,No,Sarpa salpa,
57,"Time 2, P. oceanica meadow",2,Transect count,Species,NA,Serranus,scriba,NA,Mean corrected biomass (residuals),NTZ,Tabarca Marine Reserve,"Yes, but across a gradient of zones with different activities permitted",Distance from integral reserve (m),0.664,-0.00015,0.151,7000,NA,Yes,No,Serranus scriba,
57,"Time 2, P. oceanica meadow",3,Transect count,Species,NA,Spondyliosoma,cantharus,NA,Mean corrected biomass (residuals),NTZ,Tabarca Marine Reserve,"Yes, but across a gradient of zones with different activities permitted",Distance from integral reserve (m),0.018,-7.40E-05,0.111,7000,NA,Yes,No,Spondyliosoma cantharus,
57,"Time 2, P. oceanica meadow",4,Transect count,Species,NA,Symphodus,ocellatus,NA,Mea corrected biomass (residuals),NTZ,Tabarca Marine Reserve,"Yes, but across a gradient of zones with different activities permitted",Distance from integral reserve (m),0.898,-0.00013,0.178,7000,NA,Yes,Yes,Symphodus ocellatus,
57,"Time 2, P. oceanica meadow",5,Transect count,Species,NA,Symphodus,rostratus,NA,Mean corrected biomass (residuals),NTZ,Tabarca Marine Reserve,"Yes, but across a gradient of zones with different activities permitted",Distance from integral reserve (m),0.064,3.00E-06,0,7000,NA,Yes,No,Symphodus rostratus,
57,"Time 2, P. oceanica meadow",1,Transect count,Species,NA,Symphodus,tinca,NA,Mean corrected biomass (residuals),NTZ,Tabarca Marine Reserve,"Yes, but across a gradient of zones with different activities permitted",Distance from integral reserve (m),0.655,-9.30E-05,0.044,7000,NA,Yes,No,Symphodus tinca,
57,"Time 2, P. oceanica meadow",2,Transect count,Species,NA,Thalassoma,pavo,NA,Mean corrected biomass (residuals),NTZ,Tabarca Marine Reserve,"Yes, but across a gradient of zones with different activities permitted",Distance from integral reserve,0.504,-0.00012,0.595,7000,NA,No,Yes,Thalassoma pavo,
57,"Time 2, P. oceanica meadow",3,NA,NA,NA,NA,NA,NA,NA,NA,NA,NA,NA,NA,NA,NA,NA,NA,NA,No,NA,
57,"Time 2, P. oceanica meadow",4,NA,NA,NA,NA,NA,NA,NA,NA,NA,NA,NA,NA,NA,NA,NA,NA,NA,No,NA,
57,"Time 2, P. oceanica meadow",5,NA,NA,NA,NA,NA,NA,NA,NA,NA,NA,NA,NA,NA,NA,NA,NA,NA,No,NA,
57,"Time 1, rocky substrate",1,Transect count,Species,NA,Apogon,imberbis,NA,Mean corrected biomass (residuals),NTZ,Tabarca Marine Reserve,"Yes, but across a gradient of zones with different activities permitted",Distance from integral reserve (m),0.135,-3.30E-06,0,9000,NA,Yes,No,Apogon imberbis,
57,"Time 1, rocky substrate",2,Transect count,Species,NA,Coris,julis,NA,Mean corrected biomass (residuals),NTZ,Tabarca Marine Reserve,"Yes, but across a gradient of zones with different activities permitted",Distance from integral reserve (m),-0.157,2.90E-05,0.017,9000,NA,Yes,No,Coris julis,
57,"Time 1, rocky substrate",3,Transect count,Species,NA,Dentex,dentex,NA,Mean corrected biomass (residuals),NTZ,Tabarca Marine Reserve,"Yes, but across a gradient of zones with different activities permitted",Distance frmo integral reserve (m),0.839,-0.00015,0.118,9000,NA,Yes,No,Dentex dentex,
57,"Time 1, rocky substrate",4,Transect count,Species,NA,Diplodus,annularis,NA,Mean corrected biomass (residuals),NTZ,Tabarca Marine Reserve,"Yes, but across a gradient of zones with different activities permitted",Distance from integral reserve (m),-0.172,0.00011,0.08,9000,NA,Yes,No,Diplodus annularis,
57,"Time 1, rocky substrate",5,Transect count,Species,NA,Diplodus,cervinus,NA,Mean corrected biomass (residuals),NTZ,Tabarca Marine Reserve,"Yes, but across a gradient of zones with different activities permitted",Distance from integral reserve (m),0.474,-1.00E-04,0.179,9000,NA,Yes,Yes,Diplodus cervinus,
57,"Time 1, rocky substrate",1,Transect count,Species,NA,Diplodus,puntazzo,NA,Mean corrected biomass (residuals),NTZ,Tabarca Marine Reserve,"Yes, but across a gradient of zones with different activities permitted",Distance frmo integral reserve (m),0.749,-9.30E-05,0.04,9000,NA,Yes,No,Diplodus puntazzo,
57,"Time 1, rocky substrate",2,Transect count,Species,NA,Diplodus,sargus,NA,Mean corrected biomass (residuals),NTZ,Tabarca Marine Reserve,"Yes, but across a gradient of zones with different activities permitted",Distance from integral reserve (m),1.21,-0.00028,8.015,9000,NA,Yes,Yes,Diplodus sargus,
57,"Time 1, rocky substrate",3,Transect count,Species,NA,Diplodus,vulgaris,NA,Mean corrected biomass (residuals),NTZ,Tabarca Marine Reserve,"Yes, but across a gradient of zones with different activities permitted",Distance from integral reserve (m),0.395,-6.40E-05,0.053,9000,NA,Yes,No,Diplodus vulgaris,
57,"Time 1, rocky substrate",4,Transect count,Species,NA,Epinephelus,marginatus,NA,Mean corrected biomass (residuals),NTZ,Tabarca Marine Reserve,"Yes, but across a gradient of zones with different activities permitted",Distance from integral reserve (m),0.547,-0.00017,0.153,9000,NA,Yes,No,Epinephelus marginatus,
57,"Time 1, rocky substrate",5,Transect count,Species,NA,Labrus,merula,NA,Mean corrected biomass (residuals),NTZ,Tabarca Marine Reserve,"Yes, but across a gradient of zones with different activities permitted",Distance from integral reserve (m),-0.161,-4.30E-05,0.022,9000,NA,Yes,No,Labrus merula,
57,"Time 1, rocky substrate",1,Transect count,Species,NA,Sarpa,salpa,NA,Mean corrected biomass (residuals),NTZ,Tabarca Marine Reserve,"Yes, but across a gradient of zones with different activities permitted",Distance from integral reserve (m),2.236,-0.00067,0.58,9000,NA,Yes,Yes,Sarpa salpa,
57,"Time 1, rocky substrate",2,Transect count,Species,NA,Sciaena,umbra,NA,Mean corrected biomass (residuals),NTZ,Tabarca Marine Reserve,"Yes, but across a gradient of zones with different activities permitted",Distance from integral reserve (m),0.068,-0.00011,0.128,9000,NA,Yes,No,Sciaena umbra,
57,"Time 1, rocky substrate",3,Transect count,Species,NA,Serranus,scriba,NA,Mean corrected biomass (residuals),NTZ,Tabarca Marine Reserve,"Yes, but across a gradient of zones with different activities permitted",Distance from integral reserve (m),0.01,2.70E-05,0.009,9000,NA,Yes,No,Serranus scriba,
57,"Time 1, rocky substrate",4,Transect count,Species,NA,Spondyliosoma,cantharus,NA,Mean corrected biomass (residuals),NTZ,Tabarca Marine Reserve,"Yes, but across a gradient of zones with different activities permitted",Distance from integral reserve (m),0.114,-1.00E-05,0.002,9000,NA,Yes,No,Spondyliosoma cantharus,
57,"Time 1, rocky substrate",5,Transect count,Species,NA,Symphodus,mediterraneus,NA,Mean corrected biomass (residuals),NTZ,Tabarca Marine Reserve,"Yes, but across a gradient of zones with different activities permitted",Distance from integral reserve (m),0.056,-1.30E-05,0.005,9000,NA,Yes,No,Symphodus mediterraneus,
57,"Time 1, rocky substrate",1,Transect count,Species,NA,Symphodus,ocellatus,NA,Mean corrected biomass (residuals),NTZ,Tabarca Marine Reserve,"Yes, but across a gradient of zones with different activities permitted",Distance from integral reserve (m),-0.411,-0.00011,0.187,9000,NA,Yes,No,Symphodus ocellatus,
57,"Time 1, rocky substrate",2,Transect count,Species,NA,Symphodus,roissali,NA,Mean corrected biomass (residuals),NTZ,Tabarca Marine Reserve,"Yes, but across a gradient of zones with different activities permitted",Distance from integral reserve (m),-0.074,1.00E-05,0.004,9000,NA,Yes,No,Symphodus roissali,
57,"Time 1, rocky substrate",3,Transect count,Species,NA,Symphodus,rostratus,NA,Mean corrected biomass (residuals),NTZ,Tabarca Marine Reserve,"Yes, but across a gradient of zones with different activities permitted",Distance from integral reserve (m),0.001,-4.40E-07,0,9000,NA,Yes,No,Symphodus rostratus,
57,"Time 1, rocky substrate",4,Transect count,Species,NA,Symphodus,tinca,NA,Mean corrected biomass (residuals),NTZ,Tabarca Marine Reserve,"Yes, but across a gradient of zones with different activities permitted",Distance from integral reserve (m),-0.004,-6.60E-05,0.042,9000,NA,Yes,No,Symphodus tinca,
57,"Time 1, rocky substrate",5,Transect count,Species,NA,Thalassoma,pavo,NA,Mean corrected biomass (residuals),NTZ,Tabarca Marine Reserve,"Yes, but across a gradient of zones with different activities permitted",Distance from integral reserve (m),0.27,-8.80E-05,0.096,9000,NA,Yes,No,Thalassoma pavo,
57,"Time 2, rocky substrate",1,Transect count,Species,NA,Apogon,imberbis,NA,Mean corrected biomass (residuals),NTZ,Tabarca Marine Reserve,"Yes, but across a gradient of zones with different activities permitted",Distance from integral reserve,-0.073,-1.10E-05,0.002,9000,NA,Yes,No,Apogon imberbis,
57,"Time 2, rocky substrate",2,Transect count,Species,NA,Coris,julis,NA,Mean corrected biomass (residuals),NTZ,Tabarca Marine Reserve,"Yes, but across a gradient of zones with different activities permitted",Distance from integral reserve (m),-0.015,2.50E-05,0.019,9000,NA,Yes,No,Coris julis,
57,"Time 2, rocky substrate",3,Transect count,Species,NA,Dentex,dentex,NA,Mean corrected biomass (residuals),NTZ,Tabarca Marine Reserve,"Yes, but across a gradient of zones with different activities permitted",Distance from integral reserve (m),-0.285,-1.50E-05,0.004,9000,NA,Yes,No,dentex dentex,
57,"Time 2, rocky substrate",4,Transect count,Species,NA,Diplodus,annularis,NA,Mean corrected biomass (residuals),NTZ,Tabarca Marine Reserve,"Yes, but across a gradient of zones with different activities permitted",Distance from integral reserve (m),-0.568,0.00013,0.141,9000,NA,Yes,No,Diplodus annularis,
57,"Time 2, rocky substrate",5,Stationary count,Species,NA,Diplodus,cervinus,NA,Mean corrected biomass (residuals),NTZ,Tabarca Marine Reserve,"Yes, but across a gradient of zones with different activities permitted",Distance from integral reserve (m),-0.175,2.10E-06,0,9000,NA,Yes,No,Diplodus cervinus,
57,"Time 2, rocky substrate",1,Transect count,Species,NA,Diplodus,puntazzo,NA,Mean corrected biomass (residuals),NTZ,Tabarca Marine Reserve,"Yes, but across a gradient of zones with different activities permitted",Distance from integral reserve (m),-0.178,-9.90E-05,0.051,9000,NA,Yes,No,Diplodus puntazzo,
57,"Time 2, rocky substrate",2,Transect count,Species,NA,Diplodus,sargus,NA,Mean corrected biomass (residuals),NTZ,Tabarca Marine Reserve,"Yes, but across a gradient of zones with different activities permitted",Distance from integral reserve (m),0.27,-0.00021,0.253,9000,NA,Yes,Yes,Diplodus sargus,
57,"Time 2, rocky substrate",3,Transect count,Species,NA,Diplodus,vulgaris,NA,Mean corrected biomass (residuals),NTZ,Tabarca Marine Reserve,"Yes, but across a gradient of zones with different activities permitted",Distance from integral reserve (m),-0.109,-3.20E-05,0.011,9000,NA,Yes,No,Diplodus vulgaris,
57,"Time 2, rocky substrate",4,Transect count,Species,NA,Epinephelus,marginatus,NA,Mean corrected biomass (residuals),NTZ,Tabarca Marine Reserve,"Yes, but across a gradient of zones with different activities permitted",Distance from integral reserve,0.767,-0.00026,0.309,9000,NA,Yes,Yes,Epinephelus marginatus,
57,"Time 2, rocky substrate",5,Transect count,Species,NA,Labrus,merula,NA,Mean corrected biomass (residuals),NTZ,Tabarca Marine Reserve,"Yes, but across a gradient of zones with different activities permitted",Distance from integral reserve (m),0.525,-8.00E-05,0.059,9000,NA,Yes,No,Labrus merula,
57,"Time 2, rocky substrate",1,Transect count,Species,NA,Sarpa,salpa,NA,Mean corrected biomass (residuals),NTZ,Tabarca Marine Reserve,"Yes, but across a gradient of zones with different activities permitted",Distance from integral reserve (m),-0.876,2.00E-04,0.08,9000,NA,Yes,No,Sarpa salpa,
57,"Time 2, rocky substrate",2,Transect count,Species,NA,Sciaena,umbra,NA,Mean corrected biomass (residuals),NTZ,Tabarca Marine Reserve,"Yes, but across a gradient of zones with different activities permitted",Distance from integral reserve (m),0.92,-2.10E-05,0.122,9000,NA,Yes,No,Sciaena umbra,
57,"Time 2, rocky substrate",3,Transect count,Species,NA,Serranus,scriba,NA,Mean corrected biomass (residuals),NTZ,Tabarca Marine Reserve,"Yes, but across a gradient of zones with different activities permitted",Distance from integral reserve (m),-0.231,4.70E-05,0.031,9000,NA,Yes,No,Serranus scriba,
57,"Time 2, rocky substrate",4,Transect count,Species,NA,Spondyliosoma,cantharus,NA,Mean corrected biomass (residual),NTZ,Tabarca Marine Reserve,"Yes, but across a gradient of zones with different activities permitted",Distance from integral reserve (m),-0.215,4.50E-05,0.067,9000,NA,Yes,No,Spondyliosoma cantharus,
57,"Time 2, rocky substrate",5,Transect count,Species,NA,Symphodus,mediterraneus,NA,Mean corrected biomass (residuals),NTZ,Tabarca Marine Reserve,"Yes, but across a gradient of zones with different activities permitted",Distance from integral reserve (m),0.051,-2.30E-05,0.014,9000,NA,Yes,No,Symphodus mediterraneus,
57,"Time 2, rocky substrate",1,Transect count,Species,NA,Symphodus,ocellatus,NA,Mean corrected biomass (residuals),NTZ,Tabarca Marine Reserve,"Yes, but across a gradient of zones with different activities permitted",Distance from integral reserve (m),0.653,3.60E-05,0.016,9000,NA,Yes,No,Symphodus ocellatus,
57,"Time 2, rocky substrate",2,Transect count,Species,NA,Symphodus,roissali,NA,Mean corrected biomass (residuals),NTZ,Tabarca Marine Reserve,"Yes, but across a gradient of zones with different activities permitted",Distance from integral reserve (m),-0.001,1.40E-05,0.004,9000,NA,Yes,No,Symphodus roissali,
57,"Time 2, rocky substrate",3,Transect count,Species,NA,Symphodus,rostratus,NA,Mean corrected biomass (residuals),NTZ,Tabarca Marine Reserve,"Yes, but across a gradient of zones with different activities permitted",Distance from integral reserve (m),-0.411,0.00013,0.381,9000,NA,Yes,Yes,Symphodus rostratus,
57,"Time 2, rocky substrate",4,Transect count,Species,NA,Symphodus,tinca,NA,Mean corrected biomass (residuals),NTZ,Tabarca Marine Reserve,"Yes, but across a gradient of zones with different activities permitted",Distance from integral reserve (m),0.306,-3.80E-05,0.017,9000,NA,Yes,No,Symphodus tinca,
57,"Time 2, rocky substrate",5,Transect count,Species,NA,Thalassoma,pavo,NA,Mean corrected biomass (residuals),NTZ,Tabarca Marine Reserve,"Yes, but across a gradient of zones with different activities permitted",Distance from integral reserve (m),0.35,-0.00012,0.173,9000,NA,Yes,No,Thalassoma pavo,
93,"2003, all closed areas across all distances to closed areas recorded",1,Catch,Target species as a group,NA,NA,NA,Target fish,Catch per unit effort (CPUE),PPG,NA,Yes,ln(distance) from closed area (km),5.249,-0.095,NA,200000,kg per hour (standardised),No,Yes,NA,4000
93,"2003, all closed areas across all distances to closed areas recorded",2,Catch,Target species as a group,NA,NA,NA,Groundfish ,Catch per unit effort (CPUE),PPG,NA,Yes,ln(distance) from closed area (km),4.607,-0.113,NA,200000,kg per hour (standardised),No,Yes,NA,4000
93,"2003, all closed areas across all distances to closed areas recorded",3,Catch,$ per hour,NA,NA,NA,NA,Catch per unit effort (CPUE),PPG,NA,Yes,ln(distance) from closed area (km),5.504,-0.052,NA,200000,$ per hour,No,Yes,NA,4000
93,"2003, all closed areas across all distances to closed areas recorded",4,NA,NA,NA,NA,NA,NA,NA,NA,NA,NA,NA,NA,NA,NA,NA,NA,NA,Yes,NA,4000
93,"2003, all closed areas across all distances to closed areas recorded",5,NA,NA,NA,NA,NA,NA,NA,NA,NA,NA,NA,NA,NA,NA,NA,NA,NA,Yes,NA,4000
93,2002,1,Catch,Target species as a group,NA,NA,NA,All species,Catch per unit effort (CPUE),PPG,NA,Yes,ln(distance) from closed area (km),5.179,-0.065,NA,200000,kg per hour (standardised),No,Yes,NA,4000
93,2002,2,Catch,Target species as a group,NA,NA,NA,Groundfish,Catch per unit effort (CPUE),PPG,NA,Yes,ln(distance) from closed area (km),4.571,-0.066,NA,200000,kg per hour (standardised),No,Yes,NA,4000
93,2002,3,Catch,$ per hour,NA,NA,NA,NA,Catch per unit effort (CPUE),PPG,NA,Yes,ln distance from closed area (km),5.597,-0.07,NA,200000,$ per hour,No,Yes,NA,4000
93,2002,4,NA,NA,NA,NA,NA,NA,NA,NA,NA,NA,NA,NA,NA,NA,NA,NA,NA,Yes,NA,4000
93,2002,5,NA,NA,NA,NA,NA,NA,NA,NA,NA,NA,NA,NA,NA,NA,NA,NA,NA,Yes,NA,4000
93,2001,1,Catch,Target species as a group,NA,NA,NA,All fished species,Catch per unit effort (CPUE),PPG,NA,Yes,ln(distance) from closed area (km),4.882,-0.044,NA,200000,kg per hour (standardised),No,Yes,NA,4000
93,2001,2,Transect count,Target species as a group,NA,NA,NA,Groundfish,Catch per unit effort (CPUE),PPG,NA,Yes,ln(distance) from closed area (km),4.597,-0.081,NA,200000,kg per hour (standardised),No,Yes,NA,4000
93,2001,3,Catch,CPUE ($ per hour),NA,NA,NA,NA,Catch per unit effort (CPUE),PPG,NA,Yes,ln(distance) from closed area (km),5.49,-0.109,NA,200000,kg per hour,No,Yes,NA,4000
93,2001,4,NA,NA,NA,NA,NA,NA,NA,NA,NA,NA,NA,NA,NA,NA,NA,NA,NA,Yes,NA,4000
93,2001,5,NA,NA,NA,NA,NA,NA,NA,NA,NA,NA,NA,NA,NA,NA,NA,NA,NA,Yes,NA,4000
93,2003,1,Transect count,Target species as a group,NA,NA,NA,All species,Catch per unit effort (CPUE),PPG,George's Bank Closed Area 1,Yes,ln(distance) to closed area (km),4.981,0.005,NA,50000,kg per hour (standardised),No,No,NA,4000
93,2003,2,Catch,Target species as a group,NA,NA,NA,All fished species,Catch per unit effort (CPUE),PPG,George's Bank Closed Area 2,Yes,ln(distance) to closed area (km),5.674,-0.103,NA,50000,kg per hour (standardised),No,Yes,NA,4000
93,2003,3,Catch,Target species as a group,NA,NA,NA,All fished species,Catch per unit effort (CPUE),PPG,Nantucket Lighship Area,Yes,ln(distance) from closed area (km),4.051,0.344,NA,50000,kg per hour,No,Yes,NA,4000
93,2003,4,Catch,Target species as a group,NA,NA,NA,All fished species,Catch per unit effort (CPUE),PPG,Western Gulf of Maine,Yes,ln(distance) from closed area (km),4.685,0.009,NA,50000,kg per hour,No,Yes,NA,4000
93,2003,5,Catch,Target species as a group,NA,NA,NA,All fished species,Catch per unit effort (CPUE),PPG,Clashes Ledge,Yes,ln(distance) from closed area (km),4.747,-0.009,NA,50000,kg per hour,No,No,NA,4000
93,"2003, all closed areas",1,Catch,Target species as a group,NA,NA,NA,All fished species,Catch per unit effort (CPUE),PPG,NA,Yes,ln(distance) frmo closed area (km),5.249,-0.091,NA,50000,kg per hour (standardised),No,Yes,NA,4000
93,"2003, all closed areas",2,NA,NA,NA,NA,NA,NA,NA,NA,NA,NA,NA,NA,NA,NA,NA,NA,NA,Yes,NA,4000
93,"2003, all closed areas",3,NA,NA,NA,NA,NA,NA,NA,NA,NA,NA,NA,NA,NA,NA,NA,NA,NA,Yes,NA,4000
93,"2003, all closed areas",4,NA,NA,NA,NA,NA,NA,NA,NA,NA,NA,NA,NA,NA,NA,NA,NA,NA,Yes,NA,4000
93,"2003, all closed areas",5,NA,NA,NA,NA,NA,NA,NA,NA,NA,NA,NA,NA,NA,NA,NA,NA,NA,Yes,NA,4000
93,"2003, 2002, 2001 for Haddock",1,Catch,Species,Gadidae,Melanogrammus,aeglefinus,NA,Catch per unit effort (CPUE),PPG,George's Bank Closed Area 1,Yes,ln(distance) from closed area (km),3.169,-0.561,NA,50000,kg per hour (standardised),No,Yes,Melanogrammus aeglefinus,4000
93,"2003, 2002, 2001 for Haddock",2,Catch,Species,Gadidae,Melanogrammus,aeglefinus,NA,Catch per unit effort (CPUE),PPG,George's Bank Closed Area 1,Yes,ln(distance) from closed area (km),3.06,-0.431,NA,50000,kg per hour (standardised),No,Yes,Melanogrammus aeglefinus,4000
93,"2003, 2002, 2001 for Haddock",3,Catch,Species,Gadidae,Melanogrammus,aeglefinus,NA,Catch per unit effort (CPUE),PPG,George's Bank Closed Area 1,Yes,ln(distance) from closed area (km),3.519,-0.501,NA,50000,kg per hour,No,Yes,Melanogrammus aeglefinus,4000
93,"2003, 2002, 2001 for Haddock",4,NA,NA,NA,NA,NA,NA,NA,NA,NA,NA,NA,NA,NA,NA,NA,NA,NA,Yes,NA,4000
93,"2003, 2002, 2001 for Haddock",5,NA,NA,NA,NA,NA,NA,NA,NA,NA,NA,NA,NA,NA,NA,NA,NA,NA,Yes,NA,4000
93,"2001, 2002, 2001 for Yellowtail Flounder",1,Catch,Species,Pleuronectidae,Limanda,ferruginea,NA,Catch per unit effort (CPUE),PPG,George's Bank Closed Area 2,Yes,ln(distance) from closed area (km),3.145,-0.343,NA,50000,kg per hour (standardised),No,Yes,Limanda ferruginea,4000
93,"2001, 2002, 2001 for Yellowtail Flounder",2,Catch,Species,Pleuronectidae,Limanda,ferruginea,NA,Catch per unit effort (CPUE),PPG,George's Bank Closed Area 2,Yes,ln(distance) from closed area (km),3.86,-0.698,NA,50000,kg per hour (standardised),No,Yes,Limanda ferruginea,4000
93,"2001, 2002, 2001 for Yellowtail Flounder",3,Catch,Species,Pleuronectidae,Limanda,ferruginea,NA,Catch per unit effort (CPUE),PPG,George's Bank Closed Area 2,Yes,ln(distance) from closed area (km),2.154,0.351,NA,50000,kg per hour,No,Yes,Limanda ferruginea,4000
93,"2001, 2002, 2001 for Yellowtail Flounder",4,NA,NA,NA,NA,NA,NA,NA,NA,NA,NA,NA,NA,NA,NA,NA,NA,NA,Yes,NA,4000
93,"2001, 2002, 2001 for Yellowtail Flounder",5,NA,NA,NA,NA,NA,NA,NA,NA,NA,NA,NA,NA,NA,NA,NA,NA,NA,Yes,NA,4000
93,All closed areas in 2003,1,Catch,Species,Lophiidae,Lophius,americanus,NA,Catch per unit effort (CPUE),PPG,NA,Yes,ln(distance) from closed area (km),1.435,0.259,NA,50000,kg per hour (standardised),No,Yes,Lophius americanus,4000
93,All closed areas in 2003,2,Catch,Species,Gadidae,Gadus,morhua,NA,Catch per unit effort (CPUE),PPG,NA,Yes,ln(distance) from closed area (km),2.442,0.001,NA,50000,kg per hour (standardised),No,No,Gadus morhua,4000
93,All closed areas in 2003,3,Catch,Species,Pleuronectidae,Pseudopleuronectes,americanus,NA,Catch per unit effort (CPUE),PPG,NA,Yes,ln(distance) from closed area (km),2.826,-0.104,NA,50000,kg per hour,No,Yes,Pseudopleuronectes americanus,4000
93,All closed areas in 2003,4,Catch,Species,Pleuronectidae,Glyptocephalus,cynoglossus,NA,Catch per unit effort (CPUE),PPG,NA,Yes,ln(distance) from closed area (km),1.091,0.229,NA,50000,kg per hour,No,Yes,Glyptocephalus cynoglossus,4000
93,All closed areas in 2003,5,Catch,Species,Pleuronectidae,Limanda,ferruginea,NA,Catch per unit effort (CPUE),PPG,NA,Yes,ln(distance) from closed area (km),2.431,-0.173,NA,50000,kg per hour,No,Yes,Limanda ferruginea,4000
93,"2003, all closed areas",1,Catch,Species,Pleuronectidae,Hippoglossoides,platessoides,NA,Catch per unit effort (CPUE),NTZ,NA,Yes,ln(distance) from closed area (km),1.025,0.155,NA,50000,kg per hour (standardised),No,Yes,Hippoglossoides platessoides,4000
93,"2003, all closed areas",2,Catch,Species,Gadidae,Melanogrammus,aeglefinus,NA,Catch per unit effort (CPUE),PPG,NA,Yes,ln(distance) from closed area (km),2.764,-0.447,NA,50000,kg per hour (standardised),No,Yes,Melanogrammus aeglefinus,4000
93,"2003, all closed areas",3,Catch,Species,Phycidae,Urophycis,chuss,NA,Catch per unit effort (CPUE),PPG,NA,Yes,ln(distance) from closed area (km),0.071,-0.235,NA,50000,kg per hour,No,Yes,Urophycis chuss,4000
93,"2003, all closed areas",4,Catch,Species,Phycidae,Urophycis,tenuis,NA,Catch per unit effort (CPUE),PPG,NA,Yes,ln(distance) from closed area (km),1.188,0.142,NA,50000,kg per hour,No,Yes,Urophycis tenuis,4000
93,"2003, all closed areas",5,Catch,Species,Scorpaenidae,Sebastes,fasciatus,NA,Catch per unit effort (CPUE),PPG,NA,Yes,ln(distance) from closed area (km),0.828,-0.074,NA,50000,kg per hour,No,No,Sebastes fasciatus,4000
93,"2003, all closed areas",1,Catch,Species,Gadidae,Pollachius,virens,NA,Catch per unit effort (CPUE),PPG,NA,Yes,ln(distance) from closed area (km),1.614,0.022,NA,50000,kg per hour (standardised),No,No,Pollachius virens,4000
93,"2003, all closed areas",2,Catch,Species,Squalidae,Squalus,acanthias,NA,Catch per unit effort (CPUE),PPG,NA,Yes,ln(distance) from closed area (km),1.081,0.038,NA,50000,kg per hour (standardised),No,No,Squalus acanthias,4000
93,"2003, all closed areas",3,Catch,Species,Merlucciidae,Merluccius,bilinearis,NA,Catch per unit effort (CPUE),PPG,NA,Yes,ln(distance) from closed area (km),-0.486,-0.047,NA,50000,kg per hour,No,No,Merluccius bilinearis,4000
93,"2003, all closed areas",4,NA,NA,NA,NA,NA,NA,NA,NA,NA,NA,NA,NA,NA,NA,NA,NA,NA,No,NA,4000
93,"2003, all closed areas",5,NA,NA,NA,NA,NA,NA,NA,NA,NA,NA,NA,NA,NA,NA,NA,NA,NA,No,NA,4000
118,Coefficient of the effect size on CPUE when fishing within a specified distance after the 2016 expansion. -ve means no spillover effect,1,Catch,Species,Scombridae,Thunnus,obesus,NA,Catch per unit effort (CPUE),NTZ,Papahānaumokuākea Marine National Monument,Yes,"Distance (1000 nmi), vessel and MonthxYear as fixed effects",NA,0.168,NA,185200,NA,No,Yes,Thunnus obesus,
118,Coefficient of the effect size on CPUE when fishing within a specified distance after the 2016 expansion. -ve means no spillover effect,2,Catch,Species,Scombridae,Thunnus,albacares,NA,Catch per unit effort (CPUE),NTZ,Papahānaumokuākea Marine National Monument,Yes,"Distance (1000 nmi), vessel and MonthxYear as fixed effects",NA,0.291,NA,185200,NA,No,Yes,Thunnus albacares,
118,Coefficient of the effect size on CPUE when fishing within a specified distance after the 2016 expansion. -ve means no spillover effect,3,Catch,All other fish species caught by long-lines,NA,NA,NA,NA,Catch per unit effort (CPUE),NTZ,Papahānaumokuākea Marine National Monument,Yes,"Distance (1000 nmi), vessel and MonthxYear as fixed effects",NA,0.087,NA,185200,NA,No,Yes,NA,
118,Coefficient of the effect size on CPUE when fishing within a specified distance after the 2016 expansion. -ve means no spillover effect,4,Catch,Target species as a group,NA,NA,NA,Tuna species - Thunnus obesus and Thunnus albacares,Catch per unit effort (CPUE),NTZ,Papahānaumokuākea Marine National Monument,Yes,"Distance (1000 nmi), vessel and MonthxYear as fixed effects",NA,0.173,NA,185200,NA,No,Yes,NA,
118,Coefficient of the effect size on CPUE when fishing within a specified distance after the 2016 expansion. -ve means no spillover effect,5,NA,NA,NA,NA,NA,NA,NA,NA,NA,NA,NA,NA,NA,NA,NA,NA,NA,Yes,NA,
118,Coefficient of the effect size on CPUE when fishing within a specified distance after the 2016 expansion. -ve means no spillover effect,1,Catch,Species,Scombridae,Thunnus,obesus,NA,Catch per unit effort (CPUE),NTZ,Papahānaumokuākea Marine National Monument,Yes,"Distance (1000 nmi), vessel and MonthxYear as fixed effects",NA,0.069,NA,370400,NA,No,Yes,Thunnus obesus,
118,Coefficient of the effect size on CPUE when fishing within a specified distance after the 2016 expansion. -ve means no spillover effect,2,Catch,Species,Scombridae,Thunnus,albacares,NA,Catch per unit effort (CPUE),NTZ,Papahānaumokuākea Marine National Monument,Yes,"Distance (1000 nmi), vessel and MonthxYear as fixed effects",NA,0.306,NA,370400,NA,No,Yes,Thunnus albacares,
118,Coefficient of the effect size on CPUE when fishing within a specified distance after the 2016 expansion. -ve means no spillover effect,3,Catch,All other fish species caught by long-lines,NA,NA,NA,NA,Catch per unit effort (CPUE),NTZ,Papahānaumokuākea Marine National Monument,Yes,"Distance (1000 nmi), vessel and MonthxYear as fixed effects",NA,-0.02,NA,370400,NA,No,Yes,NA,
118,Coefficient of the effect size on CPUE when fishing within a specified distance after the 2016 expansion. -ve means no spillover effect,4,Catch,Target species as a group,NA,NA,NA,Tuna species - Thunnus obesus and Thunnus albacares,Catch per unit effort (CPUE),NTZ,Papahānaumokuākea Marine National Monument,Yes,"Distance (1000 nmi), vessel and MonthxYear as fixed effects",NA,0.056,NA,370400,NA,No,Yes,NA,
118,Coefficient of the effect size on CPUE when fishing within a specified distance after the 2016 expansion. -ve means no spillover effect,5,NA,NA,NA,NA,NA,NA,NA,NA,NA,NA,NA,NA,NA,NA,NA,NA,NA,Yes,NA,
118,Coefficient of the effect size on CPUE when fishing within a specified distance after the 2016 expansion. -ve means no spillover effect,1,Catch,Species,Scombridae,Thunnus,obesus,NA,Catch per unit effort (CPUE),NTZ,Papahānaumokuākea Marine National Monument,Yes,"Distance (1000 nmi), vessel and MonthxYear as fixed effects",NA,0.024,NA,555600,NA,No,Yes,Thunnus obesus,
118,Coefficient of the effect size on CPUE when fishing within a specified distance after the 2016 expansion. -ve means no spillover effect,2,Catch,Species,Scombridae,Thunnus,albacares,NA,Catch per unit effort (CPUE),NTZ,Papahānaumokuākea Marine National Monument,Yes,"Distance (1000 nmi), vessel and MonthxYear as fixed effects",NA,0.115,NA,555600,NA,No,Yes,Thunnus albacares,
118,Coefficient of the effect size on CPUE when fishing within a specified distance after the 2016 expansion. -ve means no spillover effect,3,Catch,All other fish species caught by long-lines,NA,NA,NA,NA,Catch per unit effort (CPUE),NTZ,Papahānaumokuākea Marine National Monument,Yes,"Distance (1000 nmi), vessel and MonthxYear as fixed effects",NA,0.07,NA,555600,NA,No,Yes,NA,
118,Coefficient of the effect size on CPUE when fishing within a specified distance after the 2016 expansion. -ve means no spillover effect,4,Catch,Target species as a group,NA,NA,NA,Tuna species - Thunnus obesus and Thunnus albacares,Catch per unit effort (CPUE),NTZ,Papahānaumokuākea Marine National Monument,Yes,"Distance (1000 nmi), vessel and MonthxYear as fixed effects",NA,0.085,NA,555600,NA,No,Yes,NA,
118,Coefficient of the effect size on CPUE when fishing within a specified distance after the 2016 expansion. -ve means no spillover effect,5,NA,NA,NA,NA,NA,NA,NA,NA,NA,NA,NA,NA,NA,NA,NA,NA,NA,Yes,NA,
432,"density of lobsters, Table2, Model 2",1,Catch,Species,Palinuridae,Panulirus,Panulirus interruptus,NA,Density,NTZ,Santa Barbara Channel Islands marine reserve network,Yes,distance from reserve boundary (km),0.57,2.43,0.53,6000,Number of legal lobsters per trap,Yes,No,Panulirus Panulirus interruptus,
432,"density of lobsters, Table2, Model 2",2,NA,NA,NA,NA,NA,NA,NA,NA,NA,NA,NA,NA,NA,NA,NA,NA,NA,No,NA,
432,"density of lobsters, Table2, Model 2",3,NA,NA,NA,NA,NA,NA,NA,NA,NA,NA,NA,NA,NA,NA,NA,NA,NA,No,NA,
432,"density of lobsters, Table2, Model 2",4,NA,NA,NA,NA,NA,NA,NA,NA,NA,NA,NA,NA,NA,NA,NA,NA,NA,No,NA,
432,"density of lobsters, Table2, Model 2",5,NA,NA,NA,NA,NA,NA,NA,NA,NA,NA,NA,NA,NA,NA,NA,NA,NA,No,NA,
432,"mean size, table 2, model 2, I entered outdist as slope, they measured 1442 lobsters",1,Catch,Species,Palinuridae,Panulirus,Panulirus interruptus,NA,Fish size,NTZ,Santa Barbara Channel Islands Marine Reserve Network ,Yes,Distance from reserve boundary,93.97,-1.41,0.19,6000,Mean carapace length (mm),Yes,Yes,Panulirus Panulirus interruptus,
432,"mean size, table 2, model 2, I entered outdist as slope, they measured 1442 lobsters",2,NA,NA,NA,NA,NA,NA,NA,NA,NA,NA,NA,NA,NA,NA,NA,NA,NA,Yes,NA,
432,"mean size, table 2, model 2, I entered outdist as slope, they measured 1442 lobsters",3,NA,NA,NA,NA,NA,NA,NA,NA,NA,NA,NA,NA,NA,NA,NA,NA,NA,Yes,NA,
432,"mean size, table 2, model 2, I entered outdist as slope, they measured 1442 lobsters",4,NA,NA,NA,NA,NA,NA,NA,NA,NA,NA,NA,NA,NA,NA,NA,NA,NA,Yes,NA,
432,"mean size, table 2, model 2, I entered outdist as slope, they measured 1442 lobsters",5,NA,NA,NA,NA,NA,NA,NA,NA,NA,NA,NA,NA,NA,NA,NA,NA,NA,Yes,NA,
592,"2004, Western Boundary",1,Transect count,Species,Sparidae  ,Diplodus ,Diplodus puntazzo,NA,Density,NTZ,Marine Protected Area of Portofino,Yes,Distance from the centre of the integral reserve (m),NA,-1.00E-04,0.69,3600,no. ind / 125 m²,Yes,Yes,Diplodus  Diplodus puntazzo,100
592,"2004, Western Boundary",2,Transect count,Species,Sparidae,Diplodus,Diplodus puntazzo,NA,Biomass,NTZ,Marine Protected Area of Portofino,Yes,Distance from the centre of the integral reserve (m),NA,-0.1111,0.53,3600,g / 125 m²,Yes,Yes,Diplodus Diplodus puntazzo,100
592,"2004, Western Boundary",3,Transect count,Species,Sparidae,Diplodus,Diplodus sargus,NA,Density,NTZ,Marine Protected Area of Portofino,Yes,Distance from the centre of the integral reserve (m),NA,-1.00E-04,0.55,3600,no. ind / 125 m²,Yes,Yes,Diplodus Diplodus sargus,100
592,"2004, Western Boundary",4,Transect count,Species,Sparidae,Diplodus,Diplodus sargus,NA,Biomass,NTZ,Marine Protected Area of Portofino,Yes,Distance from the centre of the integral reserve (m),NA,-0.0753,0.56,3600,g / 125 m²,Yes,Yes,Diplodus Diplodus sargus,100
592,"2004, Western Boundary",5,Transect count,Species,Sparidae,Diplodus,Diplodus vulgaris,NA,Density,NTZ,Marine Protected Area of Portofino,Yes,Distance from the centre of the integral reserve (m),NA,-1.00E-04,0.75,3600,no. ind / 125 m²,Yes,Yes,Diplodus Diplodus vulgaris,100
592,"2004, Western Boundary",1,Transect count,Species,Sparidae,Diplodus,Diplodus vulgaris,NA,Biomass,NTZ,Marine Protected Area of Portofino,Yes,Distance from the centre of the integral reserve (m),NA,-0.0316,0.78,3600,g / 125 m²,Yes,Yes,Diplodus Diplodus vulgaris,100
592,"2004, Western Boundary",2,NA,NA,NA,NA,NA,NA,NA,NA,NA,NA,NA,NA,NA,NA,NA,NA,NA,Yes,NA,100
592,"2004, Western Boundary",3,NA,NA,NA,NA,NA,NA,NA,NA,NA,NA,NA,NA,NA,NA,NA,NA,NA,Yes,NA,100
592,"2004, Western Boundary",4,NA,NA,NA,NA,NA,NA,NA,NA,NA,NA,NA,NA,NA,NA,NA,NA,NA,Yes,NA,100
592,"2004, Western Boundary",5,NA,NA,NA,NA,NA,NA,NA,NA,NA,NA,NA,NA,NA,NA,NA,NA,NA,Yes,NA,100
592,"2004, Eastern Boundary",1,Transect count,Species,Sparidae,Diplodus,Diplodus puntazzo,NA,Density,NTZ,Marine Protected Area of Portofino,Yes,Distance from the centre of the integral reserve (m),NA,-2.00E-04,0.66,3600,no. ind / 125 m²,Yes,Yes,Diplodus Diplodus puntazzo,100
592,"2004, Eastern Boundary",2,Transect count,Species,Sparidae,Diplodus,Diplodus puntazzo,NA,Biomass,NTZ,Marine Protected Area of Portofino,Yes,Distance from the centre of the integral reserve (m),NA,-0.1002,0.71,3600, g / 125 m²,Yes,Yes,Diplodus Diplodus puntazzo,100
592,"2004, Eastern Boundary",3,Transect count,Species,Sparidae,Diplodus,Diplodus sargus,NA,Density,NTZ,Marine Protected Area of Portofino,Yes,Distance from the centre of the integral reserve (m),NA,-3.00E-04,0.76,3600,no. ind / 125 m²,Yes,Yes,Diplodus Diplodus sargus,100
592,"2004, Eastern Boundary",4,Transect count,Species,Sparidae,Diplodus,Diplodus sargus,NA,Biomass,NTZ,Marine Protected Area of Portofino,Yes,Distance from the centre of the integral reserve (m),NA,-0.0363,0.76,3600,g / 125 m²,Yes,Yes,Diplodus Diplodus sargus,100
592,"2004, Eastern Boundary",5,Transect count,Species,Sparidae,Diplodus,Diplodus vulgaris,NA,Density,NTZ,Marine Protected Area of Portofino,Yes,Distance from the centre of the integral reserve (m),NA,-3.00E-04,0.55,3600,no. ind / 125 m² ,Yes,Yes,Diplodus Diplodus vulgaris,100
592,"2004, Eastern Boundary",1,Transect count,Species,Sparidae,Diplodus,Diplodus vulgaris,NA,Biomass,NTZ,Marine Protected Area of Portofino,Yes,Distance from the centre of the integral reserve (m),NA,-0.0364,0.6,3600,g / 125 m²,Yes,Yes,Diplodus Diplodus vulgaris,100
592,"2004, Eastern Boundary",2,NA,NA,NA,NA,NA,NA,NA,NA,NA,NA,NA,NA,NA,NA,NA,NA,NA,Yes,NA,100
592,"2004, Eastern Boundary",3,NA,NA,NA,NA,NA,NA,NA,NA,NA,NA,NA,NA,NA,NA,NA,NA,NA,Yes,NA,100
592,"2004, Eastern Boundary",4,NA,NA,NA,NA,NA,NA,NA,NA,NA,NA,NA,NA,NA,NA,NA,NA,NA,Yes,NA,100
592,"2004, Eastern Boundary",5,NA,NA,NA,NA,NA,NA,NA,NA,NA,NA,NA,NA,NA,NA,NA,NA,NA,Yes,NA,100
592,"2005, Western Boundary",1,Transect count,Species,Sparidae,Diplodus ,Diplodus puntazzo,NA,Density,NTZ,Marine Protected Area of Portofino,Yes,Distance from the centre of the integral reserve (m),NA,-1.00E-04,0.68,3600,no. ind / 125 m² ,Yes,Yes,Diplodus  Diplodus puntazzo,100
592,"2005, Western Boundary",2,Transect count,Species,Sparidae,Diplodus,Diplodus puntazzo,NA,Biomass,NTZ,Marine Protected Area of Portofino,Yes,Distance from the centre of the integral reserve (m),NA,-0.0718,0.57,3600,g / 125 m²,Yes,Yes,Diplodus Diplodus puntazzo,100
592,"2005, Western Boundary",3,Transect count,Species,Sparidae,Diplodus,Diplodus sargus,NA,Density,NTZ,Marine Protected Area of Portofino,Yes,Distance from the centre of the integral reserve (m),NA,-0.0012,0.81,3600,no. ind / 125 m²,Yes,Yes,Diplodus Diplodus sargus,100
592,"2005, Western Boundary",4,Transect count,Species,Sparidae,Diplodus,Diplodus sargus,NA,Biomass,NTZ,Marine Protected Area of Portofino,Yes,Distance from the centre of the integral reserve (m),NA,-0.1626,0.82,3600,g / 125 m²,Yes,Yes,Diplodus Diplodus sargus,100
592,"2005, Western Boundary",5,Transect count,Species,Sparidae,Diplodus,Diplodus vulgaris,NA,Density,NTZ,Marine Protected Area of Portofino,Yes,Distance from the centre of the integral reserve (m),NA,-9.00E-04,0.73,3600,no. ind / 125 m² ,Yes,Yes,Diplodus Diplodus vulgaris,100
592,"2005, Western Boundary",1,Transect count,Species,Sparidae,Diplodus,Diplodus vulgaris,NA,Biomass,NTZ,Marine Protected Area of Portofino,Yes,Distance from the centre of the integral reserve (m),NA,-0.1027,0.75,3600,g / 125 m²,Yes,Yes,Diplodus Diplodus vulgaris,100
592,"2005, Western Boundary",2,NA,NA,NA,NA,NA,NA,NA,NA,NA,NA,NA,NA,NA,NA,NA,NA,NA,Yes,NA,100
592,"2005, Western Boundary",3,NA,NA,NA,NA,NA,NA,NA,NA,NA,NA,NA,NA,NA,NA,NA,NA,NA,Yes,NA,100
592,"2005, Western Boundary",4,NA,NA,NA,NA,NA,NA,NA,NA,NA,NA,NA,NA,NA,NA,NA,NA,NA,Yes,NA,100
592,"2005, Western Boundary",5,NA,NA,NA,NA,NA,NA,NA,NA,NA,NA,NA,NA,NA,NA,NA,NA,NA,Yes,NA,100
592,"2005, Eastern Boundary",1,Transect count,Species,Sparidae ,Diplodus,Diplodus puntazzo,NA,Density,NTZ,Marine Protected Area of Portofino,Yes,Distance from the centre of the integral reserve (m),NA,-1.00E-04,0.38,3600,no. ind / 125 m² ,Yes,No,Diplodus Diplodus puntazzo,100
592,"2005, Eastern Boundary",2,Transect count,Species,Sparidae ,Diplodus,Diplodus puntazzo,NA,Density,NTZ,Marine Protected Area of Portofino,Yes,Distance from the centre of the integral reserve (m),NA,-0.1033,0.17,3600,g / 125 m²,Yes,No,Diplodus Diplodus puntazzo,100
592,"2005, Eastern Boundary",3,Transect count,Species,Sparidae,Diplodus ,Diplodus sargus,NA,Density,NTZ,Marine Protected Area of Portofino,Yes,Distance from the centre of the integral reserve (m),NA,-9.00E-04,0.74,3600,no. ind / 125 m²,Yes,Yes,Diplodus  Diplodus sargus,100
592,"2005, Eastern Boundary",4,Transect count,Species,Sparidae,Diplodus,Diplodus sargus,NA,Biomass,NTZ,Marine Protected Area of Portofino,Yes,Distance from the centre of the integral reserve (m),NA,-0.1277,0.74,3600,g / 125 m²,Yes,Yes,Diplodus Diplodus sargus,100
592,"2005, Eastern Boundary",5,Transect count,Species,Sparidae,Diplodus,Diplodus vulgaris,NA,Density,NTZ,Marine Protected Area of Portofino,Yes,Distance from the centre of the integral reserve (m),NA,-0.0012,0.87,3600,no. ind / 125 m²,Yes,No,Diplodus Diplodus vulgaris,100
592,"2005, Eastern Boundary",1,Transect count,Species,Sparidae,Diplodus,Diplodus vulgaris,NA,Biomass,NTZ,Marine Protected Area of Portofino,Yes,Distance from the centre of the integral reserve (m),NA,-0.1004,0.39,3600,g / 125 m²,Yes,Yes,Diplodus Diplodus vulgaris,100
592,"2005, Eastern Boundary",2,NA,NA,NA,NA,NA,NA,NA,NA,NA,NA,NA,NA,NA,NA,NA,NA,NA,Yes,NA,100
592,"2005, Eastern Boundary",3,NA,NA,NA,NA,NA,NA,NA,NA,NA,NA,NA,NA,NA,NA,NA,NA,NA,Yes,NA,100
592,"2005, Eastern Boundary",4,NA,NA,NA,NA,NA,NA,NA,NA,NA,NA,NA,NA,NA,NA,NA,NA,NA,Yes,NA,100
592,"2005, Eastern Boundary",5,NA,NA,NA,NA,NA,NA,NA,NA,NA,NA,NA,NA,NA,NA,NA,NA,NA,Yes,NA,100
772,"Abundance for 4 different distance-zones (CIMR (inside), BOR, ADJ, FAR), provided in table 3",1,Catch,Species,NA,NA,NA,Exploited demersal fish community,Log(Abundance),NTZ,Columbretes Islands Marine Reserve,Yes,Years since protection (time),NA,0.068,0.268,0,NCPUE (no. fish per 600 m net),Yes,Yes,NA,
772,"Abundance for 4 different distance-zones (CIMR (inside), BOR, ADJ, FAR), provided in table 3",2,Catch,Species,NA,NA,NA,Exploited demersal fish community,Log(Abundance),NTZ,Columbretes Islands Marine Reserve,Yes,Years since protection (time),NA,0.052,0.085,<500,NCPUE (no. fish per 600 m net),Yes,Yes,NA,
772,"Abundance for 4 different distance-zones (CIMR (inside), BOR, ADJ, FAR), provided in table 3",3,Catch,Species,NA,NA,NA,Exploited demersal fish community,Log(Abundance),NTZ,Columbretes Islands Marine Reserve,Yes,Years since protection (time),NA,0.013,0.008,500 - 5000,NCPUE (no. fish per 600 m net),Yes,No,NA,
772,"Abundance for 4 different distance-zones (CIMR (inside), BOR, ADJ, FAR), provided in table 3",4,Catch,Species,NA,NA,NA,Exploited demersal fish community,Log(Abundance),NTZ,Columbretes Islands Marine Reserve,Yes,Years since protection (time),NA,0.023,0.033,5000-30000,NCPUE (no. fish per 600 m net),Yes,No,NA,
772,"Abundance for 4 different distance-zones (CIMR (inside), BOR, ADJ, FAR), provided in table 3",5,NA,NA,NA,NA,NA,NA,NA,NA,NA,NA,NA,NA,NA,NA,NA,NA,NA,No,NA,
772,"Biomass for 4 different distance-zones (CIMR (inside), BOR, ADJ, FAR), provided in table 3",1,Catch,Species,NA,NA,NA,Exploited demersal fish community,Log(Biomass),NTZ,Columbretes Islands Marine Reserve,Yes,Years since protection (time),NA,0.061,0.181,0,WCPUE (kg per 600 m net),Yes,Yes,NA,
772,"Biomass for 4 different distance-zones (CIMR (inside), BOR, ADJ, FAR), provided in table 3",2,Catch,Species,NA,NA,NA,Exploited demersal fish community,Log(Biomass),NTZ,Columbretes Islands Marine Reserve,Yes,Years since protection (time),NA,0.04,0.037,<500,WCPUE (kg per 600 m net),Yes,Yes,NA,
772,"Biomass for 4 different distance-zones (CIMR (inside), BOR, ADJ, FAR), provided in table 3",3,Catch,Species,NA,NA,NA,Exploited demersal fish community,Log(Biomass),NTZ,Columbretes Islands Marine Reserve,Yes,Years since protection (time),NA,0.009,0.003,500-5000 ,WCPUE (kg per 600 m net),Yes,No,NA,
772,"Biomass for 4 different distance-zones (CIMR (inside), BOR, ADJ, FAR), provided in table 3",4,Catch,Species,NA,NA,NA,Exploited demersal fish community,Log(Biomass),NTZ,Columbretes Islands Marine Reserve,Yes,Years since protection (time),NA,0.02,0.015,5000 - 30000,WCPUE (kg per 600 m net),Yes,No,NA,
772,"Biomass for 4 different distance-zones (CIMR (inside), BOR, ADJ, FAR), provided in table 3",5,NA,NA,NA,NA,NA,NA,NA,NA,NA,NA,NA,NA,NA,NA,NA,NA,NA,No,NA,
1319,Log-log model of standardised CPUE,1,Catch,Species,Lophiidae,Lophius,americanus,NA,Standardised change in Catch per Unit Area (CPUA),PPG,Georges Bank Dedicated Habitat Research Area,Yes,Log(distance from boundary) km ,2.45,0.17,NA,400000,Kg per fished hour,No,Yes,Lophius americanus,
1319,Log-log model of standardised CPUE,2,Catch,Species,Gadidae,Gadus,morhua,NA,Standardised change in Catch per Unit Area,PPG,Georges Bank Dedicated Habitat Research Area,Yes,Log(distance from boundary) km,2.42,0.02,NA,400000,Kg per fished hour,No,Yes,Gadus morhua,
1319,Log-log model of standardised CPUE,3,Catch,Species,Pleuronectidae,Pseudopleuronectes,americanus,NA,Standardised change in Catch per Unit Area (CPUA),NTZ,Georges Bank Dedicated Habitat Research Area,Yes,Log(distance from boundary) km ,2.16,0.39,NA,400000,Kg per fished hour,No,Yes,Pseudopleuronectes americanus,
1319,Log-log model of standardised CPUE,4,Catch,Species,Pleuronectidae,Glyptocephalus,cynoglossus,NA,Standardised change in Catch per Unit Area,NTZ,Georges Bank Dedicated Habitat Research Area,Yes,Log(distance from boundary) km,1.34,0.17,NA,400000,Kg per fished hour,No,Yes,Glyptocephalus cynoglossus,
1319,Log-log model of standardised CPUE,5,Catch,Species,Pleuronectidae,Limanda,ferruginea,NA,Catch per unit effort (CPUE),PPG,Georges Bank Dedicated Habitat Research Area,Yes,Log(distance from boundary) km,1.94,-0.05,NA,400000,Kg per hours fished,No,No,Limanda ferruginea,
1319,Log-log model of standardised CPUE,1,Catch,Species,Pleuronectidae,Hippoglossoides,platessoides,NA,Standardised change in Catch per Unit Area (CPUA),PPG,Georges Bank Dedicated Habitat Research Area,Yes,Log(distance from boundary) km,1.67,0.11,NA,400000,Kg per fished hour,No,Yes,Hippoglossoides platessoides,
1319,Log-log model of standardised CPUE,2,Catch,Species,Gadidae,Melanogrammus,aeglefinus,NA,Standardised change in Catch per Unit Area,PPG,Georges Bank Dedicated Habitat Research Area,Yes,Log(distance from boundary) km,2.84,0.34,NA,400000,Kg per fished hour,No,Yes,Melanogrammus aeglefinus,
1319,Log-log model of standardised CPUE,3,Catch,Species,Scorpaenidae,Sebastes,fasciatus,NA,Standardised change in Catch per Unit Area (CPUA),PPG,Georges Bank Dedicated Habitat Research Area,Yes,Log(distance from boundary) km,0.64,-0.01,NA,400000,Kg per fished hour,No,No,Sebastes fasciatus,
1319,Log-log model of standardised CPUE,4,Catch,Species,Gadidae,Pollachius,virens,NA,Standardised change in Catch per Unit Area,PPG,Georges Bank Dedicated Habitat Research Area,Yes,Log(distance from boundary) km,1.37,0.05,NA,400000,Kg per fished hour,No,Yes,Pollachius virens,
1319,Log-log model of standardised CPUE,5,Catch,Species,Squalidae,Squalus,acanthias,NA,Catch per unit effort (CPUE),NTZ,Georges Bank Dedicated Habitat Research Area,Yes,Log(distance from boundary) km,1.71,-0.03,NA,400000,Kg per hours fished,No,No,Squalus acanthias,
1319,Log-log model of standardised CPUE,1,Catch,Species,Merlucciidae,Merluccius,bilinearis,NA,Standardised change in Catch per Unit Area (CPUA),PPG,Georges Bank Dedicated Habitat Research Area,Yes,Log(distance from boundary) km,0.14,0.08,NA,400000,Kg per fished hour,No,Yes,Merluccius bilinearis,
1319,Log-log model of standardised CPUE,2,NA,NA,NA,NA,NA,NA,NA,NA,NA,NA,NA,NA,NA,NA,NA,NA,NA,Yes,NA,
1319,Log-log model of standardised CPUE,3,NA,NA,NA,NA,NA,NA,NA,NA,NA,NA,NA,NA,NA,NA,NA,NA,NA,Yes,NA,
1319,Log-log model of standardised CPUE,4,NA,NA,NA,NA,NA,NA,NA,NA,NA,NA,NA,NA,NA,NA,NA,NA,NA,Yes,NA,
1319,Log-log model of standardised CPUE,5,NA,NA,NA,NA,NA,NA,NA,NA,NA,NA,NA,NA,NA,NA,NA,NA,NA,Yes,NA,
1319,Log-log model of standardised CPUE,1,Catch,Species,Lophiidae,Lophius,americanus,NA,Standardised change in Catch per Unit Area (CPUA),PPG,Closed Area 2,Yes,Log(distance from boundary) km,1.67,0.18,NA,300000,Kg per fished hour,No,Yes,Lophius americanus,
1319,Log-log model of standardised CPUE,2,Catch,Species,Gadidae,Gadus,morhua,NA,Standardised change in Catch per Unit Area,PPG,Closed Area 2,Yes,Log(distance from boundary) km,2.57,0.15,NA,300000,Kg per fished hour,No,Yes,Gadus morhua,
1319,Log-log model of standardised CPUE,3,Catch,Species,Pleuronectidae,Pseudopleuronectes,americanus,NA,Standardised change in Catch per Unit Area (CPUA),PPG,Closed Area 2,Yes,Log(distance from boundary) km,4.3,-0.23,NA,300000,Kg per fished hour,No,Yes,Pseudopleuronectes americanus,
1319,Log-log model of standardised CPUE,4,Catch,Species,Pleuronectidae,Glyptocephalus,cynoglossus,NA,Standardised change in Catch per Unit Area,PPG,Closed Area 2,Yes,Log(distance from boundary) km,0.7,0.17,NA,300000,Kg per fished hour,No,Yes,Glyptocephalus cynoglossus,
1319,Log-log model of standardised CPUE,5,Catch,Species,Pleuronectidae,Limanda,ferruginea,NA,Catch per unit effort (CPUE),PPG,Closed Area 2,Yes,Log(distance from boundary) km ,3.09,-0.27,NA,300000,Kg per fished hour,No,Yes,Limanda ferruginea,
1319,Log-log model of standardised CPUE,1,Catch,Species,Pleuronectidae,Hippoglossoides,platessoides,NA,Standardised change in Catch per Unit Area (CPUA),PPG,Closed Area 2,Yes,Log(distance from boundary) km,1.16,0.19,NA,300000,Kg per fished hour,No,Yes,Hippoglossoides platessoides,
1319,Log-log model of standardised CPUE,2,Catch,Species,Gadidae,Melanogrammus,aeglefinus,NA,Standardised change in Catch per Unit Area,PPG,Closed Area 2,Yes,Log(distance from boundary) km,1.7,0.08,NA,300000,Kg per fished hour,No,Yes,Melanogrammus aeglefinus,
1319,Log-log model of standardised CPUE,3,Catch,Species,Gadidae,Pollachius,virens,NA,Standardised change in Catch per Unit Area (CPUA),PPG,Closed Area 2,Yes,Log(distance from boundary) km,0.91,0.01,NA,300000,Kg per fished hour,No,No,Pollachius virens,
1319,Log-log model of standardised CPUE,4,Catch,Species,Squalidae,Squalus,acanthias,NA,Standardised change in Catch per Unit Area,PPG,Closed Area 2,Yes,Log(distance from boundary) km,1.58,-0.13,NA,300000,Kg per fished hour,No,No,Squalus acanthias,
1319,Log-log model of standardised CPUE,5,Catch,Species,Scorpaenidae,Sebastes,fasciatus,NA,Catch per unit effort (CPUE),PPG,Closed Area 2,Yes,Log(distance from boundary) km,-0.23,-0.18,NA,300000,Kg per fished hour,No,No,Sebastes fasciatus,
1319,Log-log model of standardised CPUE,1,Catch,Species,Merlucciidae,Merluccius,bilinearis,NA,Standardised change in Catch per Unit Area (CPUA),PPG,Closed Area 2,Yes,Log(distance from boundary) km,-0.02,0.05,NA,300000,Kg per fished hour,No,No,Merluccius bilinearis,
1319,Log-log model of standardised CPUE,2,Catch,Species,Lophiidae,Lophius,americanus,NA,Standardised change in Catch per Unit Area,PPG,Nantucket Lightship,Yes,Log(distance to boundary) km,1.75,-0.04,NA,300000,Kg per fished hour,No,No,Lophius americanus,
1319,Log-log model of standardised CPUE,3,Catch,Species,Gadidae,Gadus,morhua,NA,Standardised change in Catch per Unit Area (CPUA),PPG,Nantucket Lightship,Yes,Log(distance from boundary) km,2.14,0.14,NA,300000,Kg per fished hour,No,No,Gadus morhua,
1319,Log-log model of standardised CPUE,4,Catch,Species,Pleuronectidae,Pseudopleuronectes,americanus,NA,Standardised change in Catch per Unit Area,PPG,Nantucket Lightship,Yes,Log(distance from boundary) km,2.03,0.35,NA,300000,Kg per fished hour,No,Yes,Pseudopleuronectes americanus,
1319,Log-log model of standardised CPUE,5,Catch,Species,Pleuronectidae,Glyptocephalus,cynoglossus,NA,Catch per unit effort (CPUE),PPG,Nantucket Lightship,Yes,Log(distance from boundary) km,-1.09,0.23,NA,300000,Kg per fished hour,No,No,Glyptocephalus cynoglossus,
1319,Log-log model of standardised CPUE,1,Catch,Species,Pleuronectidae,Limanda,ferruginea,NA,Standardised change in Catch per Unit Area (CPUA),PPG,Nantucket Lightship,Yes,Log(distance from boundary) km,4.47,-0.52,NA,300000,Kg per fished hour,No,Yes,Limanda ferruginea,
1319,Log-log model of standardised CPUE,2,Catch,Species,Pleuronectidae,Hippoglossoides,platessoides,NA,Standardised change in Catch per Unit Area,PPG,Nantucket Lightship,Yes,Log(distance from boundary) km,-0.33,0.21,NA,300000,Kg per fished hour,No,No,Hippoglossoides platessoides,
1319,Log-log model of standardised CPUE,3,Catch,Species,Gadidae,Melanogrammus,aeglefinus,NA,Standardised change in Catch per Unit Area (CPUA),PPG,Nantucket Lightship,Yes,Log(distance from boundary) km,2.16,0.23,NA,300000,Kg per fished hour,No,No,Melanogrammus aeglefinus,
1319,Log-log model of standardised CPUE,4,Catch,Species,Gadidae,Pollachius,virens,NA,Standardised change in Catch per Unit Area,PPG,Nantucket Lightship,Yes,Log(distance from boundary) km,0.72,0.21,NA,300000,Kg per fished hour,No,No,Pollachius virens,
1319,Log-log model of standardised CPUE,5,Catch,Species,Squalidae,Squalus,acanthias,NA,Catch per unit effort (CPUE),PPG,Nantucket Lightship,Yes,Log(distance from boundary) km,2.04,-0.12,NA,300000,Kg per fished hour,No,No,Squalus acanthias,
1319,Log-log model of standardised CPUE,1,Catch,Species,Merlucciidae,Merluccius,bilinearis,NA,Standardised change in Catch per Unit Area (CPUA),PPG,Nantucket Lightship,Yes,Log(distance from boudnary) km,-4.0658,0.94,NA,300000,Kg per fished hour,No,Yes,Merluccius bilinearis,
1319,Log-log model of standardised CPUE,2,Catch,Species,Lophiidae,Lophius,americanus,NA,Standardised change in Catch per Unit Area,NTZ,Western Gulf of Maine,Yes,Log(distance from boundary) km,2.29,0.07,NA,300000,Kg per fished hour,No,Yes,Lophius americanus,
1319,Log-log model of standardised CPUE,3,Catch,Species,Gadidae,Gadus,morhua,NA,Standardised change in Catch per Unit Area (CPUA),PPG,Western Gulf of Maine,Yes,Log(distance from boundary) km,1.94,0.13,NA,300000,Kg per fished hour,No,Yes,Gadus morhua,
1319,Log-log model of standardised CPUE,4,Catch,Species,Pleuronectidae,Pseudopleuronectes,americanus,NA,Standardised change in Catch per Unit Area,PPG,Western Gulf of Maine,Yes,Log(distance from boundary) km,0.01,0.5,NA,300000,Kg per fished hour,No,Yes,Pseudopleuronectes americanus,
1319,Log-log model of standardised CPUE,5,Catch,Species,Pleuronectidae,Glyptocephalus,cynoglossus,NA,Catch per unit effort (CPUE),PPG,Western Gulf of Maine,Yes,Log(distance from boundary) km,2.47,-0.25,NA,300000,Kg per fished hour,No,Yes,Glyptocephalus cynoglossus,
1319,Log-log model of standardised CPUE,1,Catch,Species,Pleuronectidae,Limanda,ferruginea,NA,Standardised change in Catch per Unit Area (CPUA),PPG,Western Gulf of Maine,Yes,Log(distance from boundary) km,1.55,0.13,NA,300000,Kg per fished hour,No,Yes,Limanda ferruginea,
1319,Log-log model of standardised CPUE,2,Catch,Species,Pleuronectidae,Hippoglossoides,platessoides,NA,Standardised change in Catch per Unit Area,PPG,Western Gulf of Maine,Yes,Log(distance from boundary) km,1.99,-0.06,NA,300000,Kg per fished hour,No,No,Hippoglossoides platessoides,
1319,Log-log model of standardised CPUE,3,Catch,Species,Gadidae,Melanogrammus,aeglefinus,NA,Standardised change in Catch per Unit Area (CPUA),PPG,Western Gulf of Maine,Yes,Log(distance from boundary) km,1.11,0.01,NA,300000,Kg per fished hour,No,No,Melanogrammus aeglefinus,
1319,Log-log model of standardised CPUE,4,Catch,Species,Scorpaenidae,Sebastes,fasciatus,NA,Standardised change in Catch per Unit Area (CPUA),PPG,Western Gulf of Maine,Yes,Log(distance from boundary) km,0.93,-0.26,NA,300000,Kg per fished hour,No,Yes,Sebastes fasciatus,
1319,Log-log model of standardised CPUE,5,Catch,Species,Gadidae,Pollachius,virens,NA,Standardised change in Catch per Unit Area,PPG,Western Gulf of Maine,Yes,Log(distance from boundary) km,1.75,-0.14,NA,300000,Kg per fished hour,No,No,Pollachius virens,
1319,Log-log model of standardised CPUE,1,Catch,Species,Squalidae,Squalus,acanthias,NA,Standardised change in Catch per Unit Area (CPUA),PPG,Western Gulf of Maine,Yes,Log(distance from boundary) km,0.93,0.22,NA,300000,Kg per fished hour,No,Yes,Squalus acanthias,
1319,Log-log model of standardised CPUE,2,Catch,Species,Merlucciidae,Merluccius,bilinearis,NA,Standardised change in Catch per Unit Effort,PPG,Western Gulf of Maine,Yes,Log(distance from boundary),0.6,-0.14,NA,300000,Kg per fished hour,No,Yes,Merluccius bilinearis,
1319,Log-log model of standardised CPUE,3,NA,NA,NA,NA,NA,NA,NA,NA,NA,NA,NA,NA,NA,NA,NA,NA,NA,Yes,NA,
1319,Log-log model of standardised CPUE,4,NA,NA,NA,NA,NA,NA,NA,NA,NA,NA,NA,NA,NA,NA,NA,NA,NA,Yes,NA,
1319,Log-log model of standardised CPUE,5,NA,NA,NA,NA,NA,NA,NA,NA,NA,NA,NA,NA,NA,NA,NA,NA,NA,Yes,NA,
1053,"Table 2, LR 1= Nursery spp. ≤ 25 cm, LR2 = Nursery spp. > 25 cm, LR3 = All spp. ≤ 25 cm, LR4 = All spp. > 25 cm",1,Transect count,Functional group,NA,NA,NA,Nursery-dependent species ≤ 25 cm,Biomass,PPG,Cayman Islands Marine Park System,Yes,Reserve presence (inside vs outside),7.94,-0.4,NA,Categorical inside/outside; not a continuous distance,g per 100 m²,No,Yes,NA,
1053,"Table 2, LR 1= Nursery spp. ≤ 25 cm, LR2 = Nursery spp. > 25 cm, LR3 = All spp. ≤ 25 cm, LR4 = All spp. > 25 cm",2,Transect count,Functional group,NA,NA,NA,Nursery-dependent species > 25 cm,Biomass,PPG,Cayman Islands Marine Park System,Yes,Reserve presence (inside vs outside),4.89,1.82,NA,Categorical inside/outside,g per 100 m²,No,Yes,NA,
1053,"Table 2, LR 1= Nursery spp. ≤ 25 cm, LR2 = Nursery spp. > 25 cm, LR3 = All spp. ≤ 25 cm, LR4 = All spp. > 25 cm",3,Transect count,Functional group,NA,NA,NA,Entire fish assemblage (30 species) ≤ 25 cm,Biomass,PPG,Cayman Islands Marine Park System,Yes,Reserve presence (inside vs outside),5426.3,-838.1,NA,Categorical inside/outside,g per 100 m²,No,No,NA,
1053,"Table 2, LR 1= Nursery spp. ≤ 25 cm, LR2 = Nursery spp. > 25 cm, LR3 = All spp. ≤ 25 cm, LR4 = All spp. > 25 cm",4,Transect count,Functional group,NA,NA,NA,Entire fish assemblage (30 species) > 25 cm,Biomass,PPG,Cayman Islands Marine Park System,Yes,Reserve presence (inside vs outside),6.13,0.98,NA,Categorical inside/outside,g per 100 m²,No,Yes,NA,
1053,"Table 2, LR 1= Nursery spp. ≤ 25 cm, LR2 = Nursery spp. > 25 cm, LR3 = All spp. ≤ 25 cm, LR4 = All spp. > 25 cm",5,NA,NA,NA,NA,NA,NA,NA,NA,NA,NA,NA,NA,NA,NA,NA,NA,NA,No,NA,
1026,"Sumilon Island MPA, LR1 = biomass outside, LR2 =  reserve biomass, LR3 = catch",1,Transect count,Functional group,NA,NA,NA,"Five families of reef fish (Acanthuridae, Carangidae, Lutjanidae, Lethrinidae, and Caesionidae)",Biomass,NTZ,Sumilon Island Marine Reserve ,Yes,years of reserve protection,115.21,-2.05,0.06,200–1000,t km⁻²,No,NA,NA,
1026,"Sumilon Island MPA, LR1 = biomass outside, LR2 =  reserve biomass, LR3 = catch",2,Transect count,Functional group,NA,NA,NA,"Five families of reef fish (Acanthuridae, Carangidae, Lutjanidae, Lethrinidae, and Caesionidae)",Biomass,NTZ,Sumilon Island Marine Reserve ,Yes,years of reserve protection,87.46,6.66,0.47,200–1000 m,t km⁻²,No,NA,NA,
1026,"Sumilon Island MPA, LR1 = biomass outside, LR2 =  reserve biomass, LR3 = catch",3,Transect count,Functional group,NA,NA,NA,"Five families of reef fish (Acanthuridae, Carangidae, Lutjanidae, Lethrinidae, and Caesionidae)",Catch (numbers or weight),NTZ,Sumilon Island Marine Reserve ,Yes,years of protection,14.29,0.76,0.62,200–1000,t km⁻²,No,NA,NA,
1026,"Sumilon Island MPA, LR1 = biomass outside, LR2 =  reserve biomass, LR3 = catch",4,NA,NA,NA,NA,NA,NA,NA,NA,NA,NA,NA,NA,NA,NA,NA,NA,NA,NA,NA,
1026,"Sumilon Island MPA, LR1 = biomass outside, LR2 =  reserve biomass, LR3 = catch",5,NA,NA,NA,NA,NA,NA,NA,NA,NA,NA,NA,NA,NA,NA,NA,NA,NA,NA,NA,
1026,"Apo MPA, LR1 = nonreserve biomass, LR2 = reserve biomass (years 0-9), LR3 = reserve biomass (years 10-20), LR4 = catch",1,Transect count,Functional group,NA,NA,NA,"Five families of reef fish (Acanthuridae, Carangidae, Lutjanidae, Lethrinidae, and Caesionidae)",Biomass,NTZ,Apo Island Marine Reserve,Yes,years of reserve protection,62.52,-1.41,0.1,200–1000,t km⁻²,No,NA,NA,
1026,"Apo MPA, LR1 = nonreserve biomass, LR2 = reserve biomass (years 0-9), LR3 = reserve biomass (years 10-20), LR4 = catch",2,Transect count,Functional group,NA,NA,NA,"Five families of reef fish (Acanthuridae, Carangidae, Lutjanidae, Lethrinidae, and Caesionidae)",Biomass,NTZ,Apo Island Marine Reserve,Yes,years of reserve protection,83.03,13.77,0.88,200–1000,t km⁻²,No,NA,NA,
1026,"Apo MPA, LR1 = nonreserve biomass, LR2 = reserve biomass (years 0-9), LR3 = reserve biomass (years 10-20), LR4 = catch",3,Transect count,Functional group,NA,NA,NA,"Five families of reef fish (Acanthuridae, Carangidae, Lutjanidae, Lethrinidae, and Caesionidae)",Biomass,NTZ,Apo Island Marine Reserve,Yes,years of reserve protection,103.96,3.33,0.23,200–1000,t km⁻²,No,NA,NA,
1026,"Apo MPA, LR1 = nonreserve biomass, LR2 = reserve biomass (years 0-9), LR3 = reserve biomass (years 10-20), LR4 = catch",4,Transect count,Functional group,NA,NA,NA,"Five families of reef fish (Acanthuridae, Carangidae, Lutjanidae, Lethrinidae, and Caesionidae)",Catch (numbers or weight),NTZ,Apo Island Marine Reserve,Yes,years of reserve protection,17.73,-0.09,0.08,200–1000,t km⁻²,No,NA,NA,
1026,"Apo MPA, LR1 = nonreserve biomass, LR2 = reserve biomass (years 0-9), LR3 = reserve biomass (years 10-20), LR4 = catch",5,NA,NA,NA,NA,NA,NA,NA,NA,NA,NA,NA,NA,NA,NA,NA,NA,NA,NA,NA,
1531,Close <2 km,1,Catch,Functional group,NA,NA,NA,All functional groups,Count,NTZ,Medes Islands Marine Reserve,Buffer zone then open,Species diversity ,1.88,0.48,0.37,< 2 km,NA,No,No,NA,2000
1531,Close <2 km,2,Catch,Trophic levels,NA,NA,NA,Trophic groups,Count,NTZ,Medes Islands Marine Reserve,Buffer zone then open,Species diversity,0.22,0.22,0.09,< 2 km,NA,No,Yes,NA,2000
1531,Close <2 km,3,Catch,Trophic levels,NA,NA,NA,Trophic x mobility group,Count,NTZ,Medes Islands Marine Reserve,Buffer zone then open,Species diversity,0.53,0.42,0.15,< 2 km,NA,No,No,NA,2000
1531,Close <2 km,4,Catch,Trophic levels,NA,NA,NA,Trophic group x Size group,Count,NTZ,Medes Islands Marine Reserve,Buffer zone then open,Species diversity,0.62,0.46,0.29,< 2 km,NA,No,Yes,NA,2000
1531,Close <2 km,5,Catch,Trophic levels,NA,NA,NA,Trophic group x Mobility group x Size group,Count,NTZ,Medes Islands Marine Reserve,Buffer zone then open,Species diversity,0.91,0.71,0.34,<2 km,NA,No,No,NA,2000
1531,Far,1,Catch,Functional group,NA,NA,NA,All functional groups,Count,NTZ,Medes Islands Marine Reserve,BUffer zone then open,Species diversity,1.77,0.64,0.26,> 2 km,NA,No,No,NA,2000
1531,Far,2,Catch,Trophic levels,NA,NA,NA,Trophic groups,Count,NTZ,Medes Islands Marine Reserve,Buffer zone then open,Species diversity,0.07,0.46,0.61,>2 km,NA,No,Yes,NA,2000
1531,Far,3,Catch,Trophic levels,NA,NA,NA,Trophic group x Mobility,Count,NTZ,Medes Islands Marine Reserve,Buffer zone then open,Species diversity,0.43,0.46,0.15,>2 km,NA,No,No,NA,2000
1531,Far,4,Catch,Trophic levels,NA,NA,NA,Trophic group x size group,Count,NTZ,Medes Islands Marine Reserve,Buffer zone then open,Species diversity,0.14,1.01,0.68,>2 km,NA,No,Yes,NA,2000
1531,Far,5,Catch,Trophic levels,NA,NA,NA,Trophic group x mobility x size group,Count,NTZ,Medes Islands Marine Reserve,Buffer zone then open,Species diversity,0.48,1.05,0.48,>2km,NA,No,No,NA,2000
980,"Apo Reserve North, LR1 =Targeted fish density, LR2= Targeted fish biomass, LR3 = Sedentary density, LR4 = Sedentary biomass, LR5 = Vagile density",1,Transect count,Target species as a group,NA,NA,NA,Targeted fish,Density,NTZ,Apo Island Marine Reserve,Yes,distance fromthecentreof  no-takereserveandcontrol (fished)sites,47.2,-0.113,0.58,400,number per 500m2,Yes,Yes,NA,350
980,"Apo Reserve North, LR1 =Targeted fish density, LR2= Targeted fish biomass, LR3 = Sedentary density, LR4 = Sedentary biomass, LR5 = Vagile density",2,Transect count,Target species as a group,NA,NA,NA,Targeted fish ,Biomass,NTZ,Apo Island Marine Reserve,Yes,Distance from the centre of NTZ,65.15,-0.223,0.58,400,kg per 500m2,Yes,Yes,NA,350
980,"Apo Reserve North, LR1 =Targeted fish density, LR2= Targeted fish biomass, LR3 = Sedentary density, LR4 = Sedentary biomass, LR5 = Vagile density",3,Transect count,Functional group,NA,NA,NA,Sedentary targeted fish,Density,NTZ,Apo Island Marine Reserve,Yes,distance from centre of NTZ,1.5,-0.005,0.6,400,number per 500m2,Yes,Yes,NA,350
980,"Apo Reserve North, LR1 =Targeted fish density, LR2= Targeted fish biomass, LR3 = Sedentary density, LR4 = Sedentary biomass, LR5 = Vagile density",4,Transect count,Functional group,NA,NA,NA,Sedentary targeted fish,Biomass,NTZ,Apo Island Marine Reserve,Yes,Distance from centre of NTZ,1.2,-0.004,0.65,400,kg per 500m2,Yes,Yes,NA,350
980,"Apo Reserve North, LR1 =Targeted fish density, LR2= Targeted fish biomass, LR3 = Sedentary density, LR4 = Sedentary biomass, LR5 = Vagile density",5,Transect count,Functional group,NA,NA,NA,Vagile targeted fish,Density,NTZ,Apo Island Marine Reserve,Yes,Distance from centre of NTZ,22,-0.025,0.52,400,number per 500m2,Yes,Yes,NA,350
980,"Apo Reserve North, LR1 = Vagile biomass, LR2 = Highly vagile density, LR3 = Highly vagile biomass",1,Transect count,Functional group,NA,NA,NA,Vagile targeted fish,Biomass,NTZ,Apo Island Marine Reserve,Yes,Distance from centre of NTZ,19.1,-0.043,0.79,400,kg per 500m2,Yes,Yes,NA,350
980,"Apo Reserve North, LR1 = Vagile biomass, LR2 = Highly vagile density, LR3 = Highly vagile biomass",2,Transect count,Functional group,NA,NA,NA,Highly vagile targeted fish,Density,NTZ,Apo Island Marine Reserve,Yes,Distance from centre of NTZ,23.6,-0.083,0.59,400,number per 500m2,Yes,Yes,NA,350
980,"Apo Reserve North, LR1 = Vagile biomass, LR2 = Highly vagile density, LR3 = Highly vagile biomass",3,Transect count,Functional group,NA,NA,NA,Highly vagile targeted fish,Biomass,NTZ,Apo Island Marine Reserve,Yes,Distance from centre of NTZ,44.9,-0.169,0.57,400,kg per 500m2,Yes,Yes,NA,350
778,"LR1 = mean density of large predatory fish (Serranidae Lutjanldae, Lethrinidae and Carangidae) as a group vs. years of reserve protection, inside Apo reserve, Fig. 2a
LR2 = mean density of large predatory fish (Serranidae Lutjanldae, Lethrinidae and Carangidae) as a group vs. years of reserve protection, fished area, Fig. 2b",1,Transect count,Functional group,NA,NA,NA,large predatory reef fish,Density,NTZ,Apo Island Marine Reserve,Yes,years of protection,0.56,0.72,0.95,500,mean no of fish / 1000 m2,No,Yes,NA,
778,"LR1 = mean density of large predatory fish (Serranidae Lutjanldae, Lethrinidae and Carangidae) as a group vs. years of reserve protection, inside Apo reserve, Fig. 2a
LR2 = mean density of large predatory fish (Serranidae Lutjanldae, Lethrinidae and Carangidae) as a group vs. years of reserve protection, fished area, Fig. 2b",2,Transect count,Functional group,NA,NA,NA,large predatory reef fish,Density,NTZ,Apo Island Marine Reserve,Yes,years of protection,-0.21,0.15,0.71,500,mean no of fish / 1000 m2,No,Yes,NA,
778,"LR1 = mean density of large predatory fish (Serranidae Lutjanldae, Lethrinidae and Carangidae) as a group vs. years of reserve protection, inside Apo reserve, Fig. 2a
LR2 = mean density of large predatory fish (Serranidae Lutjanldae, Lethrinidae and Carangidae) as a group vs. years of reserve protection, fished area, Fig. 2b",3,NA,NA,NA,NA,NA,NA,NA,NA,NA,NA,NA,NA,NA,NA,NA,NA,NA,Yes,NA,
778,"LR1 = mean density of large predatory fish (Serranidae Lutjanldae, Lethrinidae and Carangidae) as a group vs. years of reserve protection, inside Apo reserve, Fig. 2a
LR2 = mean density of large predatory fish (Serranidae Lutjanldae, Lethrinidae and Carangidae) as a group vs. years of reserve protection, fished area, Fig. 2b",4,NA,NA,NA,NA,NA,NA,NA,NA,NA,NA,NA,NA,NA,NA,NA,NA,NA,Yes,NA,
778,"LR1 = mean density of large predatory fish (Serranidae Lutjanldae, Lethrinidae and Carangidae) as a group vs. years of reserve protection, inside Apo reserve, Fig. 2a
LR2 = mean density of large predatory fish (Serranidae Lutjanldae, Lethrinidae and Carangidae) as a group vs. years of reserve protection, fished area, Fig. 2b",5,NA,NA,NA,NA,NA,NA,NA,NA,NA,NA,NA,NA,NA,NA,NA,NA,NA,Yes,NA,
778,"LR1 = mean species richness of large predatory fish (Serranidae Lutjanldae, Lethrinidae and Carangidae) as a group vs. years of reserve protection, inside Apo reserve, Fig. 2c
LR2 = mean species richness of large predatory fish (Serranidae Lutjanldae, Lethrinidae and Carangidae) as a group vs. years of reserve protection, fished area, Fig. 2d",1,Transect count,Functional group,NA,NA,NA,large predatory reef fish,Density,NTZ,Apo Island Marine Reserve,Yes,years of protection,0.62,0.3,0.91,500,mean number of species / 1000 m2,No,Yes,NA,
778,"LR1 = mean species richness of large predatory fish (Serranidae Lutjanldae, Lethrinidae and Carangidae) as a group vs. years of reserve protection, inside Apo reserve, Fig. 2c
LR2 = mean species richness of large predatory fish (Serranidae Lutjanldae, Lethrinidae and Carangidae) as a group vs. years of reserve protection, fished area, Fig. 2d",2,Transect count,Functional group,NA,NA,NA,large predatory reef fish,Density,NTZ,Apo Island Marine Reserve,Yes,years of protection,0.07,0.1,0.81,500,mean number of species / 1000 m2,No,Yes,NA,
778,"LR1 = mean species richness of large predatory fish (Serranidae Lutjanldae, Lethrinidae and Carangidae) as a group vs. years of reserve protection, inside Apo reserve, Fig. 2c
LR2 = mean species richness of large predatory fish (Serranidae Lutjanldae, Lethrinidae and Carangidae) as a group vs. years of reserve protection, fished area, Fig. 2d",3,NA,NA,NA,NA,NA,NA,NA,NA,NA,NA,NA,NA,NA,NA,NA,NA,NA,Yes,NA,
778,"LR1 = mean species richness of large predatory fish (Serranidae Lutjanldae, Lethrinidae and Carangidae) as a group vs. years of reserve protection, inside Apo reserve, Fig. 2c
LR2 = mean species richness of large predatory fish (Serranidae Lutjanldae, Lethrinidae and Carangidae) as a group vs. years of reserve protection, fished area, Fig. 2d",4,NA,NA,NA,NA,NA,NA,NA,NA,NA,NA,NA,NA,NA,NA,NA,NA,NA,Yes,NA,
778,"LR1 = mean species richness of large predatory fish (Serranidae Lutjanldae, Lethrinidae and Carangidae) as a group vs. years of reserve protection, inside Apo reserve, Fig. 2c
LR2 = mean species richness of large predatory fish (Serranidae Lutjanldae, Lethrinidae and Carangidae) as a group vs. years of reserve protection, fished area, Fig. 2d",5,NA,NA,NA,NA,NA,NA,NA,NA,NA,NA,NA,NA,NA,NA,NA,NA,NA,Yes,NA,
980,Apo Reserve North,4,Transect count,Non-target species as a group,NA,NA,NA,Non-target species,Density,NTZ,Apo Island Marine Reserve,Yes,distance from centre of NTZ,69.4,0.224,0.5,400,number per 500m2,Yes,Yes,NA,350
980,"Apo Reserve North, LR1 =Targeted fish density, LR2= Targeted fish biomass, LR3 = Sedentary density, LR4 = Sedentary biomass, LR5 = Vagile density",1,Transect count,Non-target species as a group,NA,NA,NA,Non-target fish ,Biomass,NTZ,Apo Island Marine Reserve,Yes,Distance from the centre of NTZ,NA,NA,NA,400,kg per 500m2,Yes,No,NA,NA
980,"Apo Reserve North, LR1 =Targeted fish density, LR2= Targeted fish biomass, LR3 = Sedentary density, LR4 = Sedentary biomass, LR5 = Vagile density",2,Transect count,Functional group,NA,NA,NA,Sedentary non-targeted fish,Density,NTZ,Apo Island Marine Reserve,Yes,distance from centre of NTZ,NA,NA,NA,400,number per 500m2,Yes,No,NA,NA
980,"Apo Reserve North, LR1 =Targeted fish density, LR2= Targeted fish biomass, LR3 = Sedentary density, LR4 = Sedentary biomass, LR5 = Vagile density",3,Transect count,Functional group,NA,NA,NA,Sedentary non-targeted fish,Biomass,NTZ,Apo Island Marine Reserve,Yes,Distance from centre of NTZ,NA,NA,NA,400,kg per 500m2,Yes,No,NA,NA
980,"Apo Reserve North, LR1 =Targeted fish density, LR2= Targeted fish biomass, LR3 = Sedentary density, LR4 = Sedentary biomass, LR5 = Vagile density",4,Transect count,Functional group,NA,NA,NA,Vagile non-target fish,Density,NTZ,Apo Island Marine Reserve,Yes,Distance from centre of NTZ,NA,NA,NA,400,number per 500m2,Yes,No,NA,NA
980,"Apo Reserve North, LR1 = Vagile biomass, LR2 = Highly vagile density, LR3 = Highly vagile biomass",5,Transect count,Functional group,NA,NA,NA,Vagile non-target fish,Biomass,NTZ,Apo Island Marine Reserve,Yes,Distance from centre of NTZ,NA,NA,NA,400,kg per 500m2,Yes,No,NA,NA
980,"Apo Reserve North, LR1 = Vagile biomass, LR2 = Highly vagile density, LR3 = Highly vagile biomass",1,Transect count,Functional group,NA,NA,NA,Highly vagile non-target fish,Density,NTZ,Apo Island Marine Reserve,Yes,Distance from centre of NTZ,NA,NA,NA,400,number per 500m2,Yes,No,NA,NA
980,"Apo Reserve North, LR1 = Vagile biomass, LR2 = Highly vagile density, LR3 = Highly vagile biomass",2,Transect count,Functional group,NA,NA,NA,Highly vagile non-target fish,Biomass,NTZ,Apo Island Marine Reserve,Yes,Distance from centre of NTZ,NA,NA,NA,400,kg per 500m2,Yes,No,NA,NA
980,"Apo Reserve South, LR1 =Targeted fish density, LR2= Targeted fish biomass, LR3 = Sedentary density, LR4 = Sedentary biomass, LR5 = Vagile density",1,Transect count,Target species as a group,NA,NA,NA,Targeted fish,Density,NTZ,Apo Island Marine Reserve,Yes,distance fromthecentreof  no-takereserveandcontrol (fished)sites,NA,NA,NA,400,number per 500m2,Yes,No,NA,NA
980,"Apo Reserve South, LR1 =Targeted fish density, LR2= Targeted fish biomass, LR3 = Sedentary density, LR4 = Sedentary biomass, LR5 = Vagile density",2,Transect count,Target species as a group,NA,NA,NA,Targeted fish ,Biomass,NTZ,Apo Island Marine Reserve,Yes,Distance from the centre of NTZ,NA,NA,NA,400,kg per 500m2,Yes,No,NA,NA
980,"Apo Reserve South, LR1 =Targeted fish density, LR2= Targeted fish biomass, LR3 = Sedentary density, LR4 = Sedentary biomass, LR5 = Vagile density",3,Transect count,Functional group,NA,NA,NA,Sedentary targeted fish,Density,NTZ,Apo Island Marine Reserve,Yes,distance from centre of NTZ,NA,NA,NA,400,number per 500m2,Yes,No,NA,NA
980,"Apo Reserve South, LR1 =Targeted fish density, LR2= Targeted fish biomass, LR3 = Sedentary density, LR4 = Sedentary biomass, LR5 = Vagile density",4,Transect count,Functional group,NA,NA,NA,Sedentary targeted fish,Biomass,NTZ,Apo Island Marine Reserve,Yes,Distance from centre of NTZ,NA,NA,NA,400,kg per 500m2,Yes,No,NA,NA
980,"Apo Reserve South, LR1 =Targeted fish density, LR2= Targeted fish biomass, LR3 = Sedentary density, LR4 = Sedentary biomass, LR5 = Vagile density",5,Transect count,Functional group,NA,NA,NA,Vagile targeted fish,Density,NTZ,Apo Island Marine Reserve,Yes,Distance from centre of NTZ,NA,NA,NA,400,number per 500m2,Yes,No,NA,NA
980,"Apo Reserve South, LR1 = Vagile biomass, LR2 = Highly vagile density, LR3 = Highly vagile biomass",1,Transect count,Functional group,NA,NA,NA,Vagile targeted fish,Biomass,NTZ,Apo Island Marine Reserve,Yes,Distance from centre of NTZ,NA,NA,NA,400,kg per 500m2,Yes,No,NA,NA
980,"Apo Reserve South, LR1 = Vagile biomass, LR2 = Highly vagile density, LR3 = Highly vagile biomass",2,Transect count,Functional group,NA,NA,NA,Highly vagile targeted fish,Density,NTZ,Apo Island Marine Reserve,Yes,Distance from centre of NTZ,NA,NA,NA,400,number per 500m2,Yes,No,NA,NA
980,"Apo Reserve South, LR1 = Vagile biomass, LR2 = Highly vagile density, LR3 = Highly vagile biomass",3,Transect count,Functional group,NA,NA,NA,Highly vagile targeted fish,Biomass,NTZ,Apo Island Marine Reserve,Yes,Distance from centre of NTZ,NA,NA,NA,400,kg per 500m2,Yes,No,NA,NA
980,Apo Reserve South,4,Transect count,Non-target species as a group,NA,NA,NA,Non-target species,Density,NTZ,Apo Island Marine Reserve,Yes,distance from centre of NTZ,NA,NA,NA,400,number per 500m2,Yes,No,NA,NA
980,"Apo Reserve South, LR1 =Targeted fish density, LR2= Targeted fish biomass, LR3 = Sedentary density, LR4 = Sedentary biomass, LR5 = Vagile density",1,Transect count,Non-target species as a group,NA,NA,NA,Non-target fish ,Biomass,NTZ,Apo Island Marine Reserve,Yes,Distance from the centre of NTZ,NA,NA,NA,400,kg per 500m2,Yes,No,NA,NA
980,"Apo Reserve South, LR1 =Targeted fish density, LR2= Targeted fish biomass, LR3 = Sedentary density, LR4 = Sedentary biomass, LR5 = Vagile density",2,Transect count,Functional group,NA,NA,NA,Sedentary non-targeted fish,Density,NTZ,Apo Island Marine Reserve,Yes,distance from centre of NTZ,NA,NA,NA,400,number per 500m2,Yes,No,NA,NA
980,"Apo Reserve South, LR1 =Targeted fish density, LR2= Targeted fish biomass, LR3 = Sedentary density, LR4 = Sedentary biomass, LR5 = Vagile density",3,Transect count,Functional group,NA,NA,NA,Sedentary non-targeted fish,Biomass,NTZ,Apo Island Marine Reserve,Yes,Distance from centre of NTZ,NA,NA,NA,400,kg per 500m2,Yes,No,NA,NA
980,"Apo Reserve South, LR1 =Targeted fish density, LR2= Targeted fish biomass, LR3 = Sedentary density, LR4 = Sedentary biomass, LR5 = Vagile density",4,Transect count,Functional group,NA,NA,NA,Vagile non-target fish,Density,NTZ,Apo Island Marine Reserve,Yes,Distance from centre of NTZ,NA,NA,NA,400,number per 500m2,Yes,No,NA,NA
980,"Apo Reserve South, LR1 = Vagile biomass, LR2 = Highly vagile density, LR3 = Highly vagile biomass",5,Transect count,Functional group,NA,NA,NA,Vagile non-target fish,Biomass,NTZ,Apo Island Marine Reserve,Yes,Distance from centre of NTZ,NA,NA,NA,400,kg per 500m2,Yes,No,NA,NA
980,"Apo Reserve South, LR1 = Vagile biomass, LR2 = Highly vagile density, LR3 = Highly vagile biomass",1,Transect count,Functional group,NA,NA,NA,Highly vagile non-target fish,Density,NTZ,Apo Island Marine Reserve,Yes,Distance from centre of NTZ,NA,NA,NA,400,number per 500m2,Yes,No,NA,NA
980,"Apo Reserve South, LR1 = Vagile biomass, LR2 = Highly vagile density, LR3 = Highly vagile biomass",2,Transect count,Functional group,NA,NA,NA,Highly vagile non-target fish,Biomass,NTZ,Apo Island Marine Reserve,Yes,Distance from centre of NTZ,NA,NA,NA,400,kg per 500m2,Yes,No,NA,NA
980,"Balicasag Reserve North, LR1 =Targeted fish density, LR2= Targeted fish biomass, LR3 = Sedentary density, LR4 = Sedentary biomass, LR5 = Vagile density",1,Transect count,Target species as a group,NA,NA,NA,Targeted fish,Density,NTZ,Balicasag Island Fish Sanctuary,Yes,distance fromthecentreof  no-takereserveandcontrol (fished)sites,NA,NA,NA,400,number per 500m2,Yes,No,NA,NA
980,"Balicasag Reserve North, LR1 =Targeted fish density, LR2= Targeted fish biomass, LR3 = Sedentary density, LR4 = Sedentary biomass, LR5 = Vagile density",2,Transect count,Target species as a group,NA,NA,NA,Targeted fish ,Biomass,NTZ,Balicasag Island Fish Sanctuary,Yes,Distance from the centre of NTZ,NA,NA,NA,400,kg per 500m2,Yes,No,NA,NA
980,"Balicasag Reserve North, LR1 =Targeted fish density, LR2= Targeted fish biomass, LR3 = Sedentary density, LR4 = Sedentary biomass, LR5 = Vagile density",3,Transect count,Functional group,NA,NA,NA,Sedentary targeted fish,Density,NTZ,Balicasag Island Fish Sanctuary,Yes,distance from centre of NTZ,NA,NA,NA,400,number per 500m2,Yes,No,NA,NA
980,"Balicasag Reserve North, LR1 =Targeted fish density, LR2= Targeted fish biomass, LR3 = Sedentary density, LR4 = Sedentary biomass, LR5 = Vagile density",4,Transect count,Functional group,NA,NA,NA,Sedentary targeted fish,Biomass,NTZ,Balicasag Island Fish Sanctuary,Yes,Distance from centre of NTZ,NA,NA,NA,400,kg per 500m2,Yes,No,NA,NA
980,"Balicasag Reserve North, LR1 =Targeted fish density, LR2= Targeted fish biomass, LR3 = Sedentary density, LR4 = Sedentary biomass, LR5 = Vagile density",5,Transect count,Functional group,NA,NA,NA,Vagile targeted fish,Density,NTZ,Balicasag Island Fish Sanctuary,Yes,Distance from centre of NTZ,NA,NA,NA,400,number per 500m2,Yes,No,NA,NA
980,"Balicasag Reserve North, LR1 = Vagile biomass, LR2 = Highly vagile density, LR3 = Highly vagile biomass",1,Transect count,Functional group,NA,NA,NA,Vagile targeted fish,Biomass,NTZ,Balicasag Island Fish Sanctuary,Yes,Distance from centre of NTZ,NA,NA,NA,400,kg per 500m2,Yes,No,NA,NA
980,"Balicasag Reserve North, LR1 = Vagile biomass, LR2 = Highly vagile density, LR3 = Highly vagile biomass",2,Transect count,Functional group,NA,NA,NA,Highly vagile targeted fish,Density,NTZ,Balicasag Island Fish Sanctuary,Yes,Distance from centre of NTZ,NA,NA,NA,400,number per 500m2,Yes,No,NA,NA
980,"Balicasag Reserve North, LR1 = Vagile biomass, LR2 = Highly vagile density, LR3 = Highly vagile biomass",3,Transect count,Functional group,NA,NA,NA,Highly vagile targeted fish,Biomass,NTZ,Balicasag Island Fish Sanctuary,Yes,Distance from centre of NTZ,NA,NA,NA,400,kg per 500m2,Yes,No,NA,NA
980,Balicasag Reserve North,4,Transect count,Non-target species as a group,NA,NA,NA,Non-target species,Density,NTZ,Balicasag Island Fish Sanctuary,Yes,distance from centre of NTZ,NA,NA,NA,400,number per 500m2,Yes,No,NA,NA
980,"Balicasag Reserve North, LR1 =Targeted fish density, LR2= Targeted fish biomass, LR3 = Sedentary density, LR4 = Sedentary biomass, LR5 = Vagile density",1,Transect count,Non-target species as a group,NA,NA,NA,Non-target fish ,Biomass,NTZ,Balicasag Island Fish Sanctuary,Yes,Distance from the centre of NTZ,NA,NA,NA,400,kg per 500m2,Yes,No,NA,NA
980,"Balicasag Reserve North, LR1 =Targeted fish density, LR2= Targeted fish biomass, LR3 = Sedentary density, LR4 = Sedentary biomass, LR5 = Vagile density",2,Transect count,Functional group,NA,NA,NA,Sedentary non-targeted fish,Density,NTZ,Balicasag Island Fish Sanctuary,Yes,distance from centre of NTZ,NA,NA,NA,400,number per 500m2,Yes,No,NA,NA
980,"Balicasag Reserve North, LR1 =Targeted fish density, LR2= Targeted fish biomass, LR3 = Sedentary density, LR4 = Sedentary biomass, LR5 = Vagile density",3,Transect count,Functional group,NA,NA,NA,Sedentary non-targeted fish,Biomass,NTZ,Balicasag Island Fish Sanctuary,Yes,Distance from centre of NTZ,NA,NA,NA,400,kg per 500m2,Yes,No,NA,NA
980,"Balicasag Reserve North, LR1 =Targeted fish density, LR2= Targeted fish biomass, LR3 = Sedentary density, LR4 = Sedentary biomass, LR5 = Vagile density",4,Transect count,Functional group,NA,NA,NA,Vagile non-target fish,Density,NTZ,Balicasag Island Fish Sanctuary,Yes,Distance from centre of NTZ,NA,NA,NA,400,number per 500m2,Yes,No,NA,NA
980,"Balicasag Reserve North, LR1 = Vagile biomass, LR2 = Highly vagile density, LR3 = Highly vagile biomass",5,Transect count,Functional group,NA,NA,NA,Vagile non-target fish,Biomass,NTZ,Balicasag Island Fish Sanctuary,Yes,Distance from centre of NTZ,NA,NA,NA,400,kg per 500m2,Yes,No,NA,NA
980,"Balicasag Reserve North, LR1 = Vagile biomass, LR2 = Highly vagile density, LR3 = Highly vagile biomass",1,Transect count,Functional group,NA,NA,NA,Highly vagile non-target fish,Density,NTZ,Balicasag Island Fish Sanctuary,Yes,Distance from centre of NTZ,NA,NA,NA,400,number per 500m2,Yes,No,NA,NA
980,"Balicasag Reserve North, LR1 = Vagile biomass, LR2 = Highly vagile density, LR3 = Highly vagile biomass",2,Transect count,Functional group,NA,NA,NA,Highly vagile non-target fish,Biomass,NTZ,Balicasag Island Fish Sanctuary,Yes,Distance from centre of NTZ,NA,NA,NA,400,kg per 500m2,Yes,No,NA,NA
980,"Balicasag Reserve South, LR1 =Targeted fish density, LR2= Targeted fish biomass, LR3 = Sedentary density, LR4 = Sedentary biomass, LR5 = Vagile density",1,Transect count,Target species as a group,NA,NA,NA,Targeted fish,Density,NTZ,Balicasag Island Fish Sanctuary,Yes,distance fromthecentreof  no-takereserveandcontrol (fished)sites,NA,NA,NA,400,number per 500m2,Yes,No,NA,NA
980,"Balicasag Reserve South, LR1 =Targeted fish density, LR2= Targeted fish biomass, LR3 = Sedentary density, LR4 = Sedentary biomass, LR5 = Vagile density",2,Transect count,Target species as a group,NA,NA,NA,Targeted fish ,Biomass,NTZ,Balicasag Island Fish Sanctuary,Yes,Distance from the centre of NTZ,NA,NA,NA,400,kg per 500m2,Yes,No,NA,NA
980,"Balicasag Reserve South, LR1 =Targeted fish density, LR2= Targeted fish biomass, LR3 = Sedentary density, LR4 = Sedentary biomass, LR5 = Vagile density",3,Transect count,Functional group,NA,NA,NA,Sedentary targeted fish,Density,NTZ,Balicasag Island Fish Sanctuary,Yes,distance from centre of NTZ,NA,NA,NA,400,number per 500m2,Yes,No,NA,NA
980,"Balicasag Reserve South, LR1 =Targeted fish density, LR2= Targeted fish biomass, LR3 = Sedentary density, LR4 = Sedentary biomass, LR5 = Vagile density",4,Transect count,Functional group,NA,NA,NA,Sedentary targeted fish,Biomass,NTZ,Balicasag Island Fish Sanctuary,Yes,Distance from centre of NTZ,NA,NA,NA,400,kg per 500m2,Yes,No,NA,NA
980,"Balicasag Reserve South, LR1 =Targeted fish density, LR2= Targeted fish biomass, LR3 = Sedentary density, LR4 = Sedentary biomass, LR5 = Vagile density",5,Transect count,Functional group,NA,NA,NA,Vagile targeted fish,Density,NTZ,Balicasag Island Fish Sanctuary,Yes,Distance from centre of NTZ,NA,NA,NA,400,number per 500m2,Yes,No,NA,NA
980,"Balicasag Reserve South, LR1 = Vagile biomass, LR2 = Highly vagile density, LR3 = Highly vagile biomass",1,Transect count,Functional group,NA,NA,NA,Vagile targeted fish,Biomass,NTZ,Balicasag Island Fish Sanctuary,Yes,Distance from centre of NTZ,NA,NA,NA,400,kg per 500m2,Yes,No,NA,NA
980,"Balicasag Reserve South, LR1 = Vagile biomass, LR2 = Highly vagile density, LR3 = Highly vagile biomass",2,Transect count,Functional group,NA,NA,NA,Highly vagile targeted fish,Density,NTZ,Balicasag Island Fish Sanctuary,Yes,Distance from centre of NTZ,NA,NA,NA,400,number per 500m2,Yes,No,NA,NA
980,"Balicasag Reserve South, LR1 = Vagile biomass, LR2 = Highly vagile density, LR3 = Highly vagile biomass",3,Transect count,Functional group,NA,NA,NA,Highly vagile targeted fish,Biomass,NTZ,Balicasag Island Fish Sanctuary,Yes,Distance from centre of NTZ,NA,NA,NA,400,kg per 500m2,Yes,No,NA,NA
980,Balicasag Reserve South,4,Transect count,Non-target species as a group,NA,NA,NA,Non-target species,Density,NTZ,Balicasag Island Fish Sanctuary,Yes,distance from centre of NTZ,NA,NA,NA,400,number per 500m2,Yes,No,NA,NA
980,"Balicasag Reserve South, LR1 =Targeted fish density, LR2= Targeted fish biomass, LR3 = Sedentary density, LR4 = Sedentary biomass, LR5 = Vagile density",1,Transect count,Non-target species as a group,NA,NA,NA,Non-target fish ,Biomass,NTZ,Balicasag Island Fish Sanctuary,Yes,Distance from the centre of NTZ,NA,NA,NA,400,kg per 500m2,Yes,No,NA,NA
980,"Balicasag Reserve South, LR1 =Targeted fish density, LR2= Targeted fish biomass, LR3 = Sedentary density, LR4 = Sedentary biomass, LR5 = Vagile density",2,Transect count,Functional group,NA,NA,NA,Sedentary non-targeted fish,Density,NTZ,Balicasag Island Fish Sanctuary,Yes,distance from centre of NTZ,NA,NA,NA,400,number per 500m2,Yes,No,NA,NA
980,"Balicasag Reserve South, LR1 =Targeted fish density, LR2= Targeted fish biomass, LR3 = Sedentary density, LR4 = Sedentary biomass, LR5 = Vagile density",3,Transect count,Functional group,NA,NA,NA,Sedentary non-targeted fish,Biomass,NTZ,Balicasag Island Fish Sanctuary,Yes,Distance from centre of NTZ,NA,NA,NA,400,kg per 500m2,Yes,No,NA,NA
980,"Balicasag Reserve South, LR1 =Targeted fish density, LR2= Targeted fish biomass, LR3 = Sedentary density, LR4 = Sedentary biomass, LR5 = Vagile density",4,Transect count,Functional group,NA,NA,NA,Vagile non-target fish,Density,NTZ,Balicasag Island Fish Sanctuary,Yes,Distance from centre of NTZ,NA,NA,NA,400,number per 500m2,Yes,No,NA,NA
980,"Balicasag Reserve South, LR1 = Vagile biomass, LR2 = Highly vagile density, LR3 = Highly vagile biomass",5,Transect count,Functional group,NA,NA,NA,Vagile non-target fish,Biomass,NTZ,Balicasag Island Fish Sanctuary,Yes,Distance from centre of NTZ,NA,NA,NA,400,kg per 500m2,Yes,No,NA,NA
980,"Balicasag Reserve South, LR1 = Vagile biomass, LR2 = Highly vagile density, LR3 = Highly vagile biomass",1,Transect count,Functional group,NA,NA,NA,Highly vagile non-target fish,Density,NTZ,Balicasag Island Fish Sanctuary,Yes,Distance from centre of NTZ,NA,NA,NA,400,number per 500m2,Yes,No,NA,NA
980,"Balicasag Reserve South, LR1 = Vagile biomass, LR2 = Highly vagile density, LR3 = Highly vagile biomass",2,Transect count,Functional group,NA,NA,NA,Highly vagile non-target fish,Biomass,NTZ,Balicasag Island Fish Sanctuary,Yes,Distance from centre of NTZ,NA,NA,NA,400,kg per 500m2,Yes,No,NA,NA
8,"apo island protected landscape and seascape, north, Northeast Monsoon",1,Transect count,Genus group,Acanthuridae,Acanthurus,spp.,NA,Biomass,NTZ,apo island protected landscape and seascape,Yes,Distance from centre of NTZ (m),NA,NA,NA,NA,Mean kg fish per 500m-2,No,No,Acanthurus spp.,
8,"apo island protected landscape and seascape, north, Northeast Monsoon",2,Transect count,Genus group,Acanthuridae,Acanthurus,spp.,NA,Density,NTZ,apo island protected landscape and seascape,Yes,Distance from centre of NTZ (m),NA,NA,NA,NA,Mean fish per 500m-2,No,No,Acanthurus spp.,
8,"apo island protected landscape and seascape, north, Northeast Monsoon",3,Transect count,Genus group,Acanthuridae,Naso,spp.,NA,Biomass,NTZ,apo island protected landscape and seascape,Yes,Distance from centre of NTZ (m),NA,NA,NA,NA,Mean kg fish per 500m-2,No,No,Naso spp.,
8,"apo island protected landscape and seascape, north, Northeast Monsoon",4,Transect count,Genus group,Acanthuridae,Naso,spp.,NA,Density,NTZ,apo island protected landscape and seascape,Yes,Distance from centre of NTZ (m),NA,NA,NA,NA,Mean fish per 500m-2,No,No,Naso spp.,
8,"apo island protected landscape and seascape, north, Northeast Monsoon",5,Transect count,Family group,Caesionidae,NA,NA,NA,Biomass,NTZ,apo island protected landscape and seascape,Yes,Distance from centre of NTZ (m),NA,NA,NA,NA,Mean kg fish per 500m-2,No,No,NA,
8,"apo island protected landscape and seascape, north, Northeast Monsoon",1,Transect count,Family group,Caesionidae,NA,NA,NA,Density,NTZ,apo island protected landscape and seascape,Yes,Distance from centre of NTZ (m),NA,NA,NA,NA,Mean fish per 500m-2,No,No,NA,
8,"apo island protected landscape and seascape, north, Northeast Monsoon",2,Transect count,Genus group,Carangidae,Caranx,spp.,NA,Biomass,NTZ,apo island protected landscape and seascape,Yes,Distance from centre of NTZ (m),NA,NA,NA,NA,Mean kg fish per 500m-2,No,No,Caranx spp.,
8,"apo island protected landscape and seascape, north, Northeast Monsoon",3,Transect count,Genus group,Carangidae,Caranx,spp.,NA,Density,NTZ,apo island protected landscape and seascape,Yes,Distance from centre of NTZ (m),NA,NA,NA,NA,Mean fish per 500m-2,No,No,Caranx spp.,
8,"apo island protected landscape and seascape, north, Northeast Monsoon",4,Transect count,Family group,Epinephelidae,NA,NA,NA,Biomass,NTZ,apo island protected landscape and seascape,Yes,Distance from centre of NTZ (m),NA,NA,NA,NA,Mean kg fish per 500m-2,No,No,NA,
8,"apo island protected landscape and seascape, north, Northeast Monsoon",5,Transect count,Family group,Epinephelidae,NA,NA,NA,Density,NTZ,apo island protected landscape and seascape,Yes,Distance from centre of NTZ (m),NA,NA,NA,NA,Mean fish per 500m-2,No,No,NA,
8,"apo island protected landscape and seascape, north, Northeast Monsoon",1,Transect count,Genus group,Kyphosidae,Kyphosus,spp.,NA,Biomass,NTZ,apo island protected landscape and seascape,Yes,Distance from centre of NTZ (m),NA,NA,NA,NA,Mean kg fish per 500m-2,No,No,Kyphosus spp.,
8,"apo island protected landscape and seascape, north, Northeast Monsoon",2,Transect count,Genus group,Kyphosidae,Kyphosus,spp.,NA,Density,NTZ,apo island protected landscape and seascape,Yes,Distance from centre of NTZ (m),NA,NA,NA,NA,Mean fish per 500m-2,No,No,Kyphosus spp.,
8,"apo island protected landscape and seascape, north, Northeast Monsoon",3,Transect count,Family group,Lethrinidae,NA,NA,NA,Biomass,NTZ,apo island protected landscape and seascape,Yes,Distance from centre of NTZ (m),NA,NA,NA,NA,Mean kg fish per 500m-2,No,No,NA,
8,"apo island protected landscape and seascape, north, Northeast Monsoon",4,Transect count,Family group,Lethrinidae,NA,NA,NA,Density,NTZ,apo island protected landscape and seascape,Yes,Distance from centre of NTZ (m),NA,NA,NA,NA,Mean fish per 500m-2,No,No,NA,
8,"apo island protected landscape and seascape, north, Northeast Monsoon",5,Transect count,Genus group,Lutjanidae,Lutjanus,spp.,NA,Biomass,NTZ,apo island protected landscape and seascape,Yes,Distance from centre of NTZ (m),NA,NA,NA,NA,Mean kg fish per 500m-2,No,No,Lutjanus spp.,
8,"apo island protected landscape and seascape, north, Northeast Monsoon",1,Transect count,Genus group,Lutjanidae,Lutjanus,spp.,NA,Density,NTZ,apo island protected landscape and seascape,Yes,Distance from centre of NTZ (m),NA,NA,NA,NA,Mean fish per 500m-2,No,No,Lutjanus spp.,
8,"apo island protected landscape and seascape, north, Northeast Monsoon",2,Transect count,Family group,Mullidae,NA,NA,NA,Biomass,NTZ,apo island protected landscape and seascape,Yes,Distance from centre of NTZ (m),NA,NA,NA,NA,Mean kg fish per 500m-2,No,No,NA,
8,"apo island protected landscape and seascape, north, Northeast Monsoon",3,Transect count,Family group,Mullidae,NA,NA,NA,Density,NTZ,apo island protected landscape and seascape,Yes,Distance from centre of NTZ (m),NA,NA,NA,NA,Mean fish per 500m-2,No,No,NA,
8,"apo island protected landscape and seascape, north, Northeast Monsoon",4,Transect count,Family group,Scaridae,NA,NA,NA,Biomass,NTZ,apo island protected landscape and seascape,Yes,Distance from centre of NTZ (m),NA,NA,NA,NA,Mean kg fish per 500m-2,No,No,NA,
8,"apo island protected landscape and seascape, north, Northeast Monsoon",5,Transect count,Family group,Scaridae,NA,NA,NA,Density,NTZ,apo island protected landscape and seascape,Yes,Distance from centre of NTZ (m),NA,NA,NA,NA,Mean fish per 500m-2,No,No,NA,
8,"apo island protected landscape and seascape, north, Southwest Monsoon",1,Transect count,Genus group,Acanthuridae,Acanthurus,spp.,NA,Biomass,NTZ,apo island protected landscape and seascape,Yes,Distance from centre of NTZ (m),NA,NA,NA,NA,Mean kg fish per 500m-2,No,No,Acanthurus spp.,
8,"apo island protected landscape and seascape, north, Southwest Monsoon",2,Transect count,Genus group,Acanthuridae,Acanthurus,spp.,NA,Density,NTZ,apo island protected landscape and seascape,Yes,Distance from centre of NTZ (m),NA,NA,NA,NA,Mean fish per 500m-2,No,No,Acanthurus spp.,
8,"apo island protected landscape and seascape, north, Southwest Monsoon",3,Transect count,Genus group,Acanthuridae,Naso,spp.,NA,Biomass,NTZ,apo island protected landscape and seascape,Yes,Distance from centre of NTZ (m),NA,NA,NA,NA,Mean kg fish per 500m-2,No,No,Naso spp.,
8,"apo island protected landscape and seascape, north, Southwest Monsoon",4,Transect count,Genus group,Acanthuridae,Naso,spp.,NA,Density,NTZ,apo island protected landscape and seascape,Yes,Distance from centre of NTZ (m),NA,NA,NA,NA,Mean fish per 500m-2,No,No,Naso spp.,
8,"apo island protected landscape and seascape, north, Southwest Monsoon",5,Transect count,Family group,Caesionidae,NA,NA,NA,Biomass,NTZ,apo island protected landscape and seascape,Yes,Distance from centre of NTZ (m),NA,NA,NA,NA,Mean kg fish per 500m-2,No,No,NA,
8,"apo island protected landscape and seascape, north, Southwest Monsoon",1,Transect count,Family group,Caesionidae,NA,NA,NA,Density,NTZ,apo island protected landscape and seascape,Yes,Distance from centre of NTZ (m),NA,NA,NA,NA,Mean fish per 500m-2,No,No,NA,
8,"apo island protected landscape and seascape, north, Southwest Monsoon",2,Transect count,Genus group,Carangidae,Caranx,spp.,NA,Biomass,NTZ,apo island protected landscape and seascape,Yes,Distance from centre of NTZ (m),NA,NA,NA,NA,Mean kg fish per 500m-2,No,No,Caranx spp.,
8,"apo island protected landscape and seascape, north, Southwest Monsoon",3,Transect count,Genus group,Carangidae,Caranx,spp.,NA,Density,NTZ,apo island protected landscape and seascape,Yes,Distance from centre of NTZ (m),NA,NA,NA,NA,Mean fish per 500m-2,No,No,Caranx spp.,
8,"apo island protected landscape and seascape, north, Southwest Monsoon",4,Transect count,Family group,Epinephelidae,NA,NA,NA,Biomass,NTZ,apo island protected landscape and seascape,Yes,Distance from centre of NTZ (m),NA,NA,NA,NA,Mean kg fish per 500m-2,No,No,NA,
8,"apo island protected landscape and seascape, north, Southwest Monsoon",5,Transect count,Family group,Epinephelidae,NA,NA,NA,Density,NTZ,apo island protected landscape and seascape,Yes,Distance from centre of NTZ (m),NA,NA,NA,NA,Mean fish per 500m-2,No,No,NA,
8,"apo island protected landscape and seascape, north, Southwest Monsoon",1,Transect count,Genus group,Kyphosidae,Kyphosus,spp.,NA,Biomass,NTZ,apo island protected landscape and seascape,Yes,Distance from centre of NTZ (m),NA,NA,NA,NA,Mean kg fish per 500m-2,No,No,Kyphosus spp.,
8,"apo island protected landscape and seascape, north, Southwest Monsoon",2,Transect count,Genus group,Kyphosidae,Kyphosus,spp.,NA,Density,NTZ,apo island protected landscape and seascape,Yes,Distance from centre of NTZ (m),NA,NA,NA,NA,Mean fish per 500m-2,No,No,Kyphosus spp.,
8,"apo island protected landscape and seascape, north, Southwest Monsoon",3,Transect count,Family group,Lethrinidae,NA,NA,NA,Biomass,NTZ,apo island protected landscape and seascape,Yes,Distance from centre of NTZ (m),NA,NA,NA,NA,Mean kg fish per 500m-2,No,No,NA,
8,"apo island protected landscape and seascape, north, Southwest Monsoon",4,Transect count,Family group,Lethrinidae,NA,NA,NA,Density,NTZ,apo island protected landscape and seascape,Yes,Distance from centre of NTZ (m),NA,NA,NA,NA,Mean fish per 500m-2,No,No,NA,
8,"apo island protected landscape and seascape, north, Southwest Monsoon",5,Transect count,Genus group,Lutjanidae,Lutjanus,spp.,NA,Biomass,NTZ,apo island protected landscape and seascape,Yes,Distance from centre of NTZ (m),NA,NA,NA,NA,Mean kg fish per 500m-2,No,No,Lutjanus spp.,
8,"apo island protected landscape and seascape, north, Southwest Monsoon",1,Transect count,Genus group,Lutjanidae,Lutjanus,spp.,NA,Density,NTZ,apo island protected landscape and seascape,Yes,Distance from centre of NTZ (m),NA,NA,NA,NA,Mean fish per 500m-2,No,No,Lutjanus spp.,
8,"apo island protected landscape and seascape, north, Southwest Monsoon",2,Transect count,Family group,Mullidae,NA,NA,NA,Biomass,NTZ,apo island protected landscape and seascape,Yes,Distance from centre of NTZ (m),NA,NA,NA,NA,Mean kg fish per 500m-2,No,No,NA,
8,"apo island protected landscape and seascape, north, Southwest Monsoon",3,Transect count,Family group,Mullidae,NA,NA,NA,Density,NTZ,apo island protected landscape and seascape,Yes,Distance from centre of NTZ (m),NA,NA,NA,NA,Mean fish per 500m-2,No,No,NA,
8,"apo island protected landscape and seascape, north, Southwest Monsoon",4,Transect count,Family group,Scaridae,NA,NA,NA,Biomass,NTZ,apo island protected landscape and seascape,Yes,Distance from centre of NTZ (m),NA,NA,NA,NA,Mean kg fish per 500m-2,No,No,NA,
8,"apo island protected landscape and seascape, north, Southwest Monsoon",5,Transect count,Family group,Scaridae,NA,NA,NA,Density,NTZ,apo island protected landscape and seascape,Yes,Distance from centre of NTZ (m),NA,NA,NA,NA,Mean fish per 500m-2,No,No,NA,
8,"apo island protected landscape and seascape, south, Northeast Monsoon",1,Transect count,Genus group,Acanthuridae,Acanthurus,spp.,NA,Biomass,NTZ,apo island protected landscape and seascape,Yes,Distance from centre of NTZ (m),NA,NA,NA,NA,Mean kg fish per 500m-2,No,No,Acanthurus spp.,
8,"apo island protected landscape and seascape, south, Northeast Monsoon",2,Transect count,Genus group,Acanthuridae,Acanthurus,spp.,NA,Density,NTZ,apo island protected landscape and seascape,Yes,Distance from centre of NTZ (m),NA,NA,NA,NA,Mean fish per 500m-2,No,No,Acanthurus spp.,
8,"apo island protected landscape and seascape, south, Northeast Monsoon",3,Transect count,Genus group,Acanthuridae,Naso,spp.,NA,Biomass,NTZ,apo island protected landscape and seascape,Yes,Distance from centre of NTZ (m),NA,NA,NA,NA,Mean kg fish per 500m-2,No,No,Naso spp.,
8,"apo island protected landscape and seascape, south, Northeast Monsoon",4,Transect count,Genus group,Acanthuridae,Naso,spp.,NA,Density,NTZ,apo island protected landscape and seascape,Yes,Distance from centre of NTZ (m),NA,NA,NA,NA,Mean fish per 500m-2,No,No,Naso spp.,
8,"apo island protected landscape and seascape, south, Northeast Monsoon",5,Transect count,Family group,Caesionidae,NA,NA,NA,Biomass,NTZ,apo island protected landscape and seascape,Yes,Distance from centre of NTZ (m),NA,NA,NA,NA,Mean kg fish per 500m-2,No,No,NA,
8,"apo island protected landscape and seascape, south, Northeast Monsoon",1,Transect count,Family group,Caesionidae,NA,NA,NA,Density,NTZ,apo island protected landscape and seascape,Yes,Distance from centre of NTZ (m),NA,NA,NA,NA,Mean fish per 500m-2,No,No,NA,
8,"apo island protected landscape and seascape, south, Northeast Monsoon",2,Transect count,Genus group,Carangidae,Caranx,spp.,NA,Biomass,NTZ,apo island protected landscape and seascape,Yes,Distance from centre of NTZ (m),NA,NA,NA,NA,Mean kg fish per 500m-2,No,No,Caranx spp.,
8,"apo island protected landscape and seascape, south, Northeast Monsoon",3,Transect count,Genus group,Carangidae,Caranx,spp.,NA,Density,NTZ,apo island protected landscape and seascape,Yes,Distance from centre of NTZ (m),NA,NA,NA,NA,Mean fish per 500m-2,No,No,Caranx spp.,
8,"apo island protected landscape and seascape, south, Northeast Monsoon",4,Transect count,Family group,Epinephelidae,NA,NA,NA,Biomass,NTZ,apo island protected landscape and seascape,Yes,Distance from centre of NTZ (m),NA,NA,NA,NA,Mean kg fish per 500m-2,No,No,NA,
8,"apo island protected landscape and seascape, south, Northeast Monsoon",5,Transect count,Family group,Epinephelidae,NA,NA,NA,Density,NTZ,apo island protected landscape and seascape,Yes,Distance from centre of NTZ (m),NA,NA,NA,NA,Mean fish per 500m-2,No,No,NA,
8,"apo island protected landscape and seascape, south, Northeast Monsoon",1,Transect count,Genus group,Kyphosidae,Kyphosus,spp.,NA,Biomass,NTZ,apo island protected landscape and seascape,Yes,Distance from centre of NTZ (m),NA,NA,NA,NA,Mean kg fish per 500m-2,No,No,Kyphosus spp.,
8,"apo island protected landscape and seascape, south, Northeast Monsoon",2,Transect count,Genus group,Kyphosidae,Kyphosus,spp.,NA,Density,NTZ,apo island protected landscape and seascape,Yes,Distance from centre of NTZ (m),NA,NA,NA,NA,Mean fish per 500m-2,No,No,Kyphosus spp.,
8,"apo island protected landscape and seascape, south, Northeast Monsoon",3,Transect count,Family group,Lethrinidae,NA,NA,NA,Biomass,NTZ,apo island protected landscape and seascape,Yes,Distance from centre of NTZ (m),NA,NA,NA,NA,Mean kg fish per 500m-2,No,No,NA,
8,"apo island protected landscape and seascape, south, Northeast Monsoon",4,Transect count,Family group,Lethrinidae,NA,NA,NA,Density,NTZ,apo island protected landscape and seascape,Yes,Distance from centre of NTZ (m),NA,NA,NA,NA,Mean fish per 500m-2,No,No,NA,
8,"apo island protected landscape and seascape, south, Northeast Monsoon",5,Transect count,Genus group,Lutjanidae,Lutjanus,spp.,NA,Biomass,NTZ,apo island protected landscape and seascape,Yes,Distance from centre of NTZ (m),NA,NA,NA,NA,Mean kg fish per 500m-2,No,No,Lutjanus spp.,
8,"apo island protected landscape and seascape, south, Northeast Monsoon",1,Transect count,Genus group,Lutjanidae,Lutjanus,spp.,NA,Density,NTZ,apo island protected landscape and seascape,Yes,Distance from centre of NTZ (m),NA,NA,NA,NA,Mean fish per 500m-2,No,No,Lutjanus spp.,
8,"apo island protected landscape and seascape, south, Northeast Monsoon",2,Transect count,Family group,Mullidae,NA,NA,NA,Biomass,NTZ,apo island protected landscape and seascape,Yes,Distance from centre of NTZ (m),NA,NA,NA,NA,Mean kg fish per 500m-2,No,No,NA,
8,"apo island protected landscape and seascape, south, Northeast Monsoon",3,Transect count,Family group,Mullidae,NA,NA,NA,Density,NTZ,apo island protected landscape and seascape,Yes,Distance from centre of NTZ (m),NA,NA,NA,NA,Mean fish per 500m-2,No,No,NA,
8,"apo island protected landscape and seascape, south, Northeast Monsoon",4,Transect count,Family group,Scaridae,NA,NA,NA,Biomass,NTZ,apo island protected landscape and seascape,Yes,Distance from centre of NTZ (m),NA,NA,NA,NA,Mean kg fish per 500m-2,No,No,NA,
8,"apo island protected landscape and seascape, south, Northeast Monsoon",5,Transect count,Family group,Scaridae,NA,NA,NA,Density,NTZ,apo island protected landscape and seascape,Yes,Distance from centre of NTZ (m),NA,NA,NA,NA,Mean fish per 500m-2,No,No,NA,
8,"apo island protected landscape and seascape, south, Southwest Monsoon",1,Transect count,Genus group,Acanthuridae,Acanthurus,spp.,NA,Biomass,NTZ,apo island protected landscape and seascape,Yes,Distance from centre of NTZ (m),NA,NA,NA,NA,Mean kg fish per 500m-2,No,No,Acanthurus spp.,
8,"apo island protected landscape and seascape, south, Southwest Monsoon",2,Transect count,Genus group,Acanthuridae,Acanthurus,spp.,NA,Density,NTZ,apo island protected landscape and seascape,Yes,Distance from centre of NTZ (m),NA,NA,NA,NA,Mean fish per 500m-2,No,No,Acanthurus spp.,
8,"apo island protected landscape and seascape, south, Southwest Monsoon",3,Transect count,Genus group,Acanthuridae,Naso,spp.,NA,Biomass,NTZ,apo island protected landscape and seascape,Yes,Distance from centre of NTZ (m),NA,NA,NA,NA,Mean kg fish per 500m-2,No,No,Naso spp.,
8,"apo island protected landscape and seascape, south, Southwest Monsoon",4,Transect count,Genus group,Acanthuridae,Naso,spp.,NA,Biomass,NTZ,apo island protected landscape and seascape,Yes,Distance from centre of NTZ (m),NA,NA,NA,NA,Mean fish per 500m-2,No,No,Naso spp.,
8,"apo island protected landscape and seascape, south, Southwest Monsoon",5,Transect count,Genus group,Acanthuridae,Naso,spp.,NA,Biomass,NTZ,apo island protected landscape and seascape,Yes,Distance from centre of NTZ (m),NA,NA,NA,NA,Mean kg fish per 500m-2,No,No,Naso spp.,
8,"apo island protected landscape and seascape, south, Southwest Monsoon",1,Transect count,Genus group,Acanthuridae,Naso,spp.,NA,Density,NTZ,apo island protected landscape and seascape,Yes,Distance from centre of NTZ (m),NA,NA,NA,NA,Mean fish per 500m-2,No,No,Naso spp.,
8,"apo island protected landscape and seascape, south, Southwest Monsoon",2,Transect count,Family group,Caesionidae,NA,NA,NA,Biomass,NTZ,apo island protected landscape and seascape,Yes,Distance from centre of NTZ (m),NA,NA,NA,NA,Mean kg fish per 500m-2,No,No,NA,
8,"apo island protected landscape and seascape, south, Southwest Monsoon",3,Transect count,Family group,Caesionidae,NA,NA,NA,Biomass,NTZ,apo island protected landscape and seascape,Yes,Distance from centre of NTZ (m),NA,NA,NA,NA,Mean fish per 500m-2,No,No,NA,
8,"apo island protected landscape and seascape, south, Southwest Monsoon",4,Transect count,Family group,Caesionidae,NA,NA,NA,Biomass,NTZ,apo island protected landscape and seascape,Yes,Distance from centre of NTZ (m),NA,NA,NA,NA,Mean kg fish per 500m-2,No,No,NA,
8,"apo island protected landscape and seascape, south, Southwest Monsoon",5,Transect count,Family group,Caesionidae,NA,NA,NA,Density,NTZ,apo island protected landscape and seascape,Yes,Distance from centre of NTZ (m),NA,NA,NA,NA,Mean fish per 500m-2,No,No,NA,
8,"apo island protected landscape and seascape, south, Southwest Monsoon",1,Transect count,Genus group,Carangidae,Caranx,spp.,NA,Biomass,NTZ,apo island protected landscape and seascape,Yes,Distance from centre of NTZ (m),NA,NA,NA,NA,Mean kg fish per 500m-2,No,No,Caranx spp.,
8,"apo island protected landscape and seascape, south, Southwest Monsoon",2,Transect count,Genus group,Carangidae,Caranx,spp.,NA,Biomass,NTZ,apo island protected landscape and seascape,Yes,Distance from centre of NTZ (m),NA,NA,NA,NA,Mean fish per 500m-2,No,No,Caranx spp.,
8,"apo island protected landscape and seascape, south, Southwest Monsoon",3,Transect count,Genus group,Carangidae,Caranx,spp.,NA,Biomass,NTZ,apo island protected landscape and seascape,Yes,Distance from centre of NTZ (m),NA,NA,NA,NA,Mean kg fish per 500m-2,No,No,Caranx spp.,
8,"apo island protected landscape and seascape, south, Southwest Monsoon",4,Transect count,Genus group,Carangidae,Caranx,spp.,NA,Density,NTZ,apo island protected landscape and seascape,Yes,Distance from centre of NTZ (m),NA,NA,NA,NA,Mean fish per 500m-2,No,No,Caranx spp.,
8,"apo island protected landscape and seascape, south, Southwest Monsoon",5,Transect count,Genus group,Carangidae,Caranx,spp.,NA,Density,NTZ,apo island protected landscape and seascape,Yes,Distance from centre of NTZ (m),NA,NA,NA,NA,Mean kg fish per 500m-2,No,No,Caranx spp.,
8,"apo island protected landscape and seascape, south, Southwest Monsoon",1,Transect count,Genus group,Carangidae,Caranx,spp.,NA,Density,NTZ,apo island protected landscape and seascape,Yes,Distance from centre of NTZ (m),NA,NA,NA,NA,Mean fish per 500m-2,No,No,Caranx spp.,
8,"apo island protected landscape and seascape, south, Southwest Monsoon",2,Transect count,Family group,Epinephelidae,NA,NA,NA,Biomass,NTZ,apo island protected landscape and seascape,Yes,Distance from centre of NTZ (m),NA,NA,NA,NA,Mean kg fish per 500m-2,No,No,NA,
8,"apo island protected landscape and seascape, south, Southwest Monsoon",3,Transect count,Family group,Epinephelidae,NA,NA,NA,Density,NTZ,apo island protected landscape and seascape,Yes,Distance from centre of NTZ (m),NA,NA,NA,NA,Mean fish per 500m-2,No,No,NA,
8,"apo island protected landscape and seascape, south, Southwest Monsoon",4,Transect count,Family group,Epinephelidae,NA,NA,NA,Density,NTZ,apo island protected landscape and seascape,Yes,Distance from centre of NTZ (m),NA,NA,NA,NA,Mean kg fish per 500m-2,No,No,NA,
8,"apo island protected landscape and seascape, south, Southwest Monsoon",5,Transect count,Genus group,Kyphosidae,Kyphosus,spp.,NA,Biomass,NTZ,apo island protected landscape and seascape,Yes,Distance from centre of NTZ (m),NA,NA,NA,NA,Mean fish per 500m-2,No,No,Kyphosus spp.,
8,"apo island protected landscape and seascape, south, Southwest Monsoon",1,Transect count,Genus group,Kyphosidae,Kyphosus,spp.,NA,Density,NTZ,apo island protected landscape and seascape,Yes,Distance from centre of NTZ (m),NA,NA,NA,NA,Mean kg fish per 500m-2,No,No,Kyphosus spp.,
8,"apo island protected landscape and seascape, south, Southwest Monsoon",2,Transect count,Family group,Lethrinidae,NA,NA,NA,Biomass,NTZ,apo island protected landscape and seascape,Yes,Distance from centre of NTZ (m),NA,NA,NA,NA,Mean fish per 500m-2,No,No,NA,
8,"apo island protected landscape and seascape, south, Southwest Monsoon",3,Transect count,Family group,Lethrinidae,NA,NA,NA,Density,NTZ,apo island protected landscape and seascape,Yes,Distance from centre of NTZ (m),NA,NA,NA,NA,Mean kg fish per 500m-2,No,No,NA,
8,"apo island protected landscape and seascape, south, Southwest Monsoon",4,Transect count,Genus group,Lutjanidae,Lutjanus,spp.,NA,Biomass,NTZ,apo island protected landscape and seascape,Yes,Distance from centre of NTZ (m),NA,NA,NA,NA,Mean fish per 500m-2,No,No,Lutjanus spp.,
8,"apo island protected landscape and seascape, south, Southwest Monsoon",5,Transect count,Genus group,Lutjanidae,Lutjanus,spp.,NA,Density,NTZ,apo island protected landscape and seascape,Yes,Distance from centre of NTZ (m),NA,NA,NA,NA,Mean kg fish per 500m-2,No,No,Lutjanus spp.,
8,"apo island protected landscape and seascape, south, Southwest Monsoon",1,Transect count,Family group,Mullidae,NA,NA,NA,Biomass,NTZ,apo island protected landscape and seascape,Yes,Distance from centre of NTZ (m),NA,NA,NA,NA,Mean fish per 500m-2,No,No,NA,
8,"apo island protected landscape and seascape, south, Southwest Monsoon",2,Transect count,Family group,Mullidae,NA,NA,NA,Density,NTZ,apo island protected landscape and seascape,Yes,Distance from centre of NTZ (m),NA,NA,NA,NA,Mean kg fish per 500m-2,No,No,NA,
8,"apo island protected landscape and seascape, south, Southwest Monsoon",3,Transect count,Family group,Scaridae,NA,NA,NA,Biomass,NTZ,apo island protected landscape and seascape,Yes,Distance from centre of NTZ (m),NA,NA,NA,NA,Mean fish per 500m-2,No,No,NA,
8,"apo island protected landscape and seascape, south, Southwest Monsoon",4,Transect count,Family group,Scaridae,NA,NA,NA,Density,NTZ,apo island protected landscape and seascape,Yes,Distance from centre of NTZ (m),NA,NA,NA,NA,Mean kg fish per 500m-2,No,No,NA,
8,"balicasag island fish sanctuary, north, Northeast Monsoon",5,Transect count,Genus group,Acanthuridae,Acanthurus,spp.,NA,Biomass,NTZ,balicasag island fish sanctuary,Yes,Distance from centre of NTZ (m),NA,NA,NA,NA,Mean fish per 500m-2,No,No,Acanthurus spp.,
8,"balicasag island fish sanctuary, north, Northeast Monsoon",1,Transect count,Genus group,Acanthuridae,Acanthurus,spp.,NA,Density,NTZ,balicasag island fish sanctuary,Yes,Distance from centre of NTZ (m),NA,NA,NA,NA,Mean kg fish per 500m-2,No,No,Acanthurus spp.,
8,"balicasag island fish sanctuary, north, Northeast Monsoon",2,Transect count,Genus group,Acanthuridae,Naso,spp.,NA,Biomass,NTZ,balicasag island fish sanctuary,Yes,Distance from centre of NTZ (m),NA,NA,NA,NA,Mean fish per 500m-2,No,No,Naso spp.,
8,"balicasag island fish sanctuary, north, Northeast Monsoon",3,Transect count,Genus group,Acanthuridae,Naso,spp.,NA,Density,NTZ,balicasag island fish sanctuary,Yes,Distance from centre of NTZ (m),NA,NA,NA,NA,Mean kg fish per 500m-2,No,No,Naso spp.,
8,"balicasag island fish sanctuary, north, Northeast Monsoon",4,Transect count,Family group,Caesionidae,NA,NA,NA,Biomass,NTZ,balicasag island fish sanctuary,Yes,Distance from centre of NTZ (m),NA,NA,NA,NA,Mean fish per 500m-2,No,No,NA,
8,"balicasag island fish sanctuary, north, Northeast Monsoon",5,Transect count,Family group,Caesionidae,NA,NA,NA,Density,NTZ,balicasag island fish sanctuary,Yes,Distance from centre of NTZ (m),NA,NA,NA,NA,Mean kg fish per 500m-2,No,No,NA,
8,"balicasag island fish sanctuary, north, Northeast Monsoon",1,Transect count,Genus group,Carangidae,Caranx,spp.,NA,Biomass,NTZ,balicasag island fish sanctuary,Yes,Distance from centre of NTZ (m),NA,NA,NA,NA,Mean fish per 500m-2,No,No,Caranx spp.,
8,"balicasag island fish sanctuary, north, Northeast Monsoon",2,Transect count,Genus group,Carangidae,Caranx,spp.,NA,Density,NTZ,balicasag island fish sanctuary,Yes,Distance from centre of NTZ (m),NA,NA,NA,NA,Mean kg fish per 500m-2,No,No,Caranx spp.,
8,"balicasag island fish sanctuary, north, Northeast Monsoon",3,Transect count,Family group,Epinephelidae,NA,NA,NA,Biomass,NTZ,balicasag island fish sanctuary,Yes,Distance from centre of NTZ (m),NA,NA,NA,NA,Mean fish per 500m-2,No,No,NA,
8,"balicasag island fish sanctuary, north, Northeast Monsoon",4,Transect count,Family group,Epinephelidae,NA,NA,NA,Density,NTZ,balicasag island fish sanctuary,Yes,Distance from centre of NTZ (m),NA,NA,NA,NA,Mean kg fish per 500m-2,No,No,NA,
8,"balicasag island fish sanctuary, north, Northeast Monsoon",5,Transect count,Genus group,Kyphosidae,Kyphosus,spp.,NA,Biomass,NTZ,balicasag island fish sanctuary,Yes,Distance from centre of NTZ (m),NA,NA,NA,NA,Mean fish per 500m-2,No,No,Kyphosus spp.,
8,"balicasag island fish sanctuary, north, Northeast Monsoon",1,Transect count,Genus group,Kyphosidae,Kyphosus,spp.,NA,Density,NTZ,balicasag island fish sanctuary,Yes,Distance from centre of NTZ (m),NA,NA,NA,NA,Mean kg fish per 500m-2,No,No,Kyphosus spp.,
8,"balicasag island fish sanctuary, north, Northeast Monsoon",2,Transect count,Family group,Lethrinidae,NA,NA,NA,Biomass,NTZ,balicasag island fish sanctuary,Yes,Distance from centre of NTZ (m),NA,NA,NA,NA,Mean fish per 500m-2,No,No,NA,
8,"balicasag island fish sanctuary, north, Northeast Monsoon",3,Transect count,Family group,Lethrinidae,NA,NA,NA,Density,NTZ,balicasag island fish sanctuary,Yes,Distance from centre of NTZ (m),NA,NA,NA,NA,Mean kg fish per 500m-2,No,No,NA,
8,"balicasag island fish sanctuary, north, Northeast Monsoon",4,Transect count,Genus group,Lutjanidae,Lutjanus,spp.,NA,Biomass,NTZ,balicasag island fish sanctuary,Yes,Distance from centre of NTZ (m),NA,NA,NA,NA,Mean fish per 500m-2,No,No,Lutjanus spp.,
8,"balicasag island fish sanctuary, north, Northeast Monsoon",5,Transect count,Genus group,Lutjanidae,Lutjanus,spp.,NA,Density,NTZ,balicasag island fish sanctuary,Yes,Distance from centre of NTZ (m),NA,NA,NA,NA,Mean kg fish per 500m-2,No,No,Lutjanus spp.,
8,"balicasag island fish sanctuary, north, Northeast Monsoon",1,Transect count,Family group,Mullidae,NA,NA,NA,Biomass,NTZ,balicasag island fish sanctuary,Yes,Distance from centre of NTZ (m),NA,NA,NA,NA,Mean fish per 500m-2,No,No,NA,
8,"balicasag island fish sanctuary, north, Northeast Monsoon",2,Transect count,Family group,Mullidae,NA,NA,NA,Density,NTZ,balicasag island fish sanctuary,Yes,Distance from centre of NTZ (m),NA,NA,NA,NA,Mean kg fish per 500m-2,No,No,NA,
8,"balicasag island fish sanctuary, north, Northeast Monsoon",3,Transect count,Family group,Scaridae,NA,NA,NA,Biomass,NTZ,balicasag island fish sanctuary,Yes,Distance from centre of NTZ (m),NA,NA,NA,NA,Mean fish per 500m-2,No,No,NA,
8,"balicasag island fish sanctuary, north, Northeast Monsoon",4,Transect count,Family group,Scaridae,NA,NA,NA,Density,NTZ,balicasag island fish sanctuary,Yes,Distance from centre of NTZ (m),NA,NA,NA,NA,Mean kg fish per 500m-2,No,No,NA,
8,"balicasag island fish sanctuary, north, Southwest Monsoon",5,Transect count,Genus group,Acanthuridae,Acanthurus,spp.,NA,Biomass,NTZ,balicasag island fish sanctuary,Yes,Distance from centre of NTZ (m),NA,NA,NA,NA,Mean fish per 500m-2,No,No,Acanthurus spp.,
8,"balicasag island fish sanctuary, north, Southwest Monsoon",1,Transect count,Genus group,Acanthuridae,Acanthurus,spp.,NA,Density,NTZ,balicasag island fish sanctuary,Yes,Distance from centre of NTZ (m),NA,NA,NA,NA,Mean kg fish per 500m-2,No,No,Acanthurus spp.,
8,"balicasag island fish sanctuary, north, Southwest Monsoon",2,Transect count,Genus group,Acanthuridae,Naso,spp.,NA,Biomass,NTZ,balicasag island fish sanctuary,Yes,Distance from centre of NTZ (m),NA,NA,NA,NA,Mean fish per 500m-2,No,No,Naso spp.,
8,"balicasag island fish sanctuary, north, Southwest Monsoon",3,Transect count,Genus group,Acanthuridae,Naso,spp.,NA,Density,NTZ,balicasag island fish sanctuary,Yes,Distance from centre of NTZ (m),NA,NA,NA,NA,Mean kg fish per 500m-2,No,No,Naso spp.,
8,"balicasag island fish sanctuary, north, Southwest Monsoon",4,Transect count,Family group,Caesionidae,NA,NA,NA,Biomass,NTZ,balicasag island fish sanctuary,Yes,Distance from centre of NTZ (m),NA,NA,NA,NA,Mean fish per 500m-2,No,No,NA,
8,"balicasag island fish sanctuary, north, Southwest Monsoon",5,Transect count,Family group,Caesionidae,NA,NA,NA,Density,NTZ,balicasag island fish sanctuary,Yes,Distance from centre of NTZ (m),NA,NA,NA,NA,Mean kg fish per 500m-2,No,No,NA,
8,"balicasag island fish sanctuary, north, Southwest Monsoon",1,Transect count,Genus group,Carangidae,Caranx,spp.,NA,Biomass,NTZ,balicasag island fish sanctuary,Yes,Distance from centre of NTZ (m),NA,NA,NA,NA,Mean fish per 500m-2,No,No,Caranx spp.,
8,"balicasag island fish sanctuary, north, Southwest Monsoon",2,Transect count,Genus group,Carangidae,Caranx,spp.,NA,Density,NTZ,balicasag island fish sanctuary,Yes,Distance from centre of NTZ (m),NA,NA,NA,NA,Mean kg fish per 500m-2,No,No,Caranx spp.,
8,"balicasag island fish sanctuary, north, Southwest Monsoon",3,Transect count,Family group,Epinephelidae,NA,NA,NA,Biomass,NTZ,balicasag island fish sanctuary,Yes,Distance from centre of NTZ (m),NA,NA,NA,NA,Mean fish per 500m-2,No,No,NA,
8,"balicasag island fish sanctuary, north, Southwest Monsoon",4,Transect count,Family group,Epinephelidae,NA,NA,NA,Density,NTZ,balicasag island fish sanctuary,Yes,Distance from centre of NTZ (m),NA,NA,NA,NA,Mean kg fish per 500m-2,No,No,NA,
8,"balicasag island fish sanctuary, north, Southwest Monsoon",5,Transect count,Genus group,Kyphosidae,Kyphosus,spp.,NA,Biomass,NTZ,balicasag island fish sanctuary,Yes,Distance from centre of NTZ (m),NA,NA,NA,NA,Mean fish per 500m-2,No,No,Kyphosus spp.,
8,"balicasag island fish sanctuary, north, Southwest Monsoon",1,Transect count,Genus group,Kyphosidae,Kyphosus,spp.,NA,Density,NTZ,balicasag island fish sanctuary,Yes,Distance from centre of NTZ (m),NA,NA,NA,NA,Mean kg fish per 500m-2,No,No,Kyphosus spp.,
8,"balicasag island fish sanctuary, north, Southwest Monsoon",2,Transect count,Family group,Lethrinidae,NA,NA,NA,Biomass,NTZ,balicasag island fish sanctuary,Yes,Distance from centre of NTZ (m),NA,NA,NA,NA,Mean fish per 500m-2,No,No,NA,
8,"balicasag island fish sanctuary, north, Southwest Monsoon",3,Transect count,Family group,Lethrinidae,NA,NA,NA,Density,NTZ,balicasag island fish sanctuary,Yes,Distance from centre of NTZ (m),NA,NA,NA,NA,Mean kg fish per 500m-2,No,No,NA,
8,"balicasag island fish sanctuary, north, Southwest Monsoon",4,Transect count,Genus group,Lutjanidae,Lutjanus,spp.,NA,Biomass,NTZ,balicasag island fish sanctuary,Yes,Distance from centre of NTZ (m),NA,NA,NA,NA,Mean fish per 500m-2,No,No,Lutjanus spp.,
8,"balicasag island fish sanctuary, north, Southwest Monsoon",5,Transect count,Genus group,Lutjanidae,Lutjanus,spp.,NA,Density,NTZ,balicasag island fish sanctuary,Yes,Distance from centre of NTZ (m),NA,NA,NA,NA,Mean kg fish per 500m-2,No,No,Lutjanus spp.,
8,"balicasag island fish sanctuary, north, Southwest Monsoon",1,Transect count,Family group,Mullidae,NA,NA,NA,Biomass,NTZ,balicasag island fish sanctuary,Yes,Distance from centre of NTZ (m),NA,NA,NA,NA,Mean fish per 500m-2,No,No,NA,
8,"balicasag island fish sanctuary, north, Southwest Monsoon",2,Transect count,Family group,Mullidae,NA,NA,NA,Density,NTZ,balicasag island fish sanctuary,Yes,Distance from centre of NTZ (m),NA,NA,NA,NA,Mean kg fish per 500m-2,No,No,NA,
8,"balicasag island fish sanctuary, north, Southwest Monsoon",3,Transect count,Family group,Scaridae,NA,NA,NA,Biomass,NTZ,balicasag island fish sanctuary,Yes,Distance from centre of NTZ (m),NA,NA,NA,NA,Mean fish per 500m-2,No,No,NA,
8,"balicasag island fish sanctuary, north, Southwest Monsoon",4,Transect count,Family group,Scaridae,NA,NA,NA,Density,NTZ,balicasag island fish sanctuary,Yes,Distance from centre of NTZ (m),NA,NA,NA,NA,Mean kg fish per 500m-2,No,No,NA,
8,"balicasag island fish sanctuary, south, Northeast Monsoon",5,Transect count,Genus group,Acanthuridae,Acanthurus,spp.,NA,Biomass,NTZ,balicasag island fish sanctuary,Yes,Distance from centre of NTZ (m),NA,NA,NA,NA,Mean fish per 500m-2,No,No,Acanthurus spp.,
8,"balicasag island fish sanctuary, south, Northeast Monsoon",1,Transect count,Genus group,Acanthuridae,Acanthurus,spp.,NA,Density,NTZ,balicasag island fish sanctuary,Yes,Distance from centre of NTZ (m),NA,NA,NA,NA,Mean kg fish per 500m-2,No,No,Acanthurus spp.,
8,"balicasag island fish sanctuary, south, Northeast Monsoon",2,Transect count,Genus group,Acanthuridae,Naso,spp.,NA,Biomass,NTZ,balicasag island fish sanctuary,Yes,Distance from centre of NTZ (m),NA,NA,NA,NA,Mean fish per 500m-2,No,No,Naso spp.,
8,"balicasag island fish sanctuary, south, Northeast Monsoon",3,Transect count,Genus group,Acanthuridae,Naso,spp.,NA,Density,NTZ,balicasag island fish sanctuary,Yes,Distance from centre of NTZ (m),NA,NA,NA,NA,Mean kg fish per 500m-2,No,No,Naso spp.,
8,"balicasag island fish sanctuary, south, Northeast Monsoon",4,Transect count,Family group,Caesionidae,NA,NA,NA,Biomass,NTZ,balicasag island fish sanctuary,Yes,Distance from centre of NTZ (m),NA,NA,NA,NA,Mean fish per 500m-2,No,No,NA,
8,"balicasag island fish sanctuary, south, Northeast Monsoon",5,Transect count,Family group,Caesionidae,NA,NA,NA,Density,NTZ,balicasag island fish sanctuary,Yes,Distance from centre of NTZ (m),NA,NA,NA,NA,Mean kg fish per 500m-2,No,No,NA,
8,"balicasag island fish sanctuary, south, Northeast Monsoon",1,Transect count,Genus group,Carangidae,Caranx,spp.,NA,Biomass,NTZ,balicasag island fish sanctuary,Yes,Distance from centre of NTZ (m),NA,NA,NA,NA,Mean fish per 500m-2,No,No,Caranx spp.,
8,"balicasag island fish sanctuary, south, Northeast Monsoon",2,Transect count,Genus group,Carangidae,Caranx,spp.,NA,Density,NTZ,balicasag island fish sanctuary,Yes,Distance from centre of NTZ (m),NA,NA,NA,NA,Mean kg fish per 500m-2,No,No,Caranx spp.,
8,"balicasag island fish sanctuary, south, Northeast Monsoon",3,Transect count,Family group,Epinephelidae,NA,NA,NA,Biomass,NTZ,balicasag island fish sanctuary,Yes,Distance from centre of NTZ (m),NA,NA,NA,NA,Mean fish per 500m-2,No,No,NA,
8,"balicasag island fish sanctuary, south, Northeast Monsoon",4,Transect count,Family group,Epinephelidae,NA,NA,NA,Density,NTZ,balicasag island fish sanctuary,Yes,Distance from centre of NTZ (m),NA,NA,NA,NA,Mean kg fish per 500m-2,No,No,NA,
8,"balicasag island fish sanctuary, south, Northeast Monsoon",5,Transect count,Genus group,Kyphosidae,Kyphosus,spp.,NA,Biomass,NTZ,balicasag island fish sanctuary,Yes,Distance from centre of NTZ (m),NA,NA,NA,NA,Mean fish per 500m-2,No,No,Kyphosus spp.,
8,"balicasag island fish sanctuary, south, Northeast Monsoon",1,Transect count,Genus group,Kyphosidae,Kyphosus,spp.,NA,Density,NTZ,balicasag island fish sanctuary,Yes,Distance from centre of NTZ (m),NA,NA,NA,NA,Mean kg fish per 500m-2,No,No,Kyphosus spp.,
8,"balicasag island fish sanctuary, south, Northeast Monsoon",2,Transect count,Family group,Lethrinidae,NA,NA,NA,Biomass,NTZ,balicasag island fish sanctuary,Yes,Distance from centre of NTZ (m),NA,NA,NA,NA,Mean fish per 500m-2,No,No,NA,
8,"balicasag island fish sanctuary, south, Northeast Monsoon",3,Transect count,Family group,Lethrinidae,NA,NA,NA,Density,NTZ,balicasag island fish sanctuary,Yes,Distance from centre of NTZ (m),NA,NA,NA,NA,Mean kg fish per 500m-2,No,No,NA,
8,"balicasag island fish sanctuary, south, Northeast Monsoon",4,Transect count,Genus group,Lutjanidae,Lutjanus,spp.,NA,Biomass,NTZ,balicasag island fish sanctuary,Yes,Distance from centre of NTZ (m),NA,NA,NA,NA,Mean fish per 500m-2,No,No,Lutjanus spp.,
8,"balicasag island fish sanctuary, south, Northeast Monsoon",5,Transect count,Genus group,Lutjanidae,Lutjanus,spp.,NA,Density,NTZ,balicasag island fish sanctuary,Yes,Distance from centre of NTZ (m),NA,NA,NA,NA,Mean kg fish per 500m-2,No,No,Lutjanus spp.,
8,"balicasag island fish sanctuary, south, Northeast Monsoon",1,Transect count,Family group,Mullidae,NA,NA,NA,Biomass,NTZ,balicasag island fish sanctuary,Yes,Distance from centre of NTZ (m),NA,NA,NA,NA,Mean fish per 500m-2,No,No,NA,
8,"balicasag island fish sanctuary, south, Northeast Monsoon",2,Transect count,Family group,Mullidae,NA,NA,NA,Density,NTZ,balicasag island fish sanctuary,Yes,Distance from centre of NTZ (m),NA,NA,NA,NA,Mean kg fish per 500m-2,No,No,NA,
8,"balicasag island fish sanctuary, south, Northeast Monsoon",3,Transect count,Family group,Scaridae,NA,NA,NA,Biomass,NTZ,balicasag island fish sanctuary,Yes,Distance from centre of NTZ (m),NA,NA,NA,NA,Mean fish per 500m-2,No,No,NA,
8,"balicasag island fish sanctuary, south, Northeast Monsoon",4,Transect count,Family group,Scaridae,NA,NA,NA,Density,NTZ,balicasag island fish sanctuary,Yes,Distance from centre of NTZ (m),NA,NA,NA,NA,Mean kg fish per 500m-2,No,No,NA,
8,"balicasag island fish sanctuary, south, Southwest Monsoon",5,Transect count,Genus group,Acanthuridae,Acanthurus,spp.,NA,Biomass,NTZ,balicasag island fish sanctuary,Yes,Distance from centre of NTZ (m),NA,NA,NA,NA,Mean fish per 500m-2,No,No,Acanthurus spp.,
8,"balicasag island fish sanctuary, south, Southwest Monsoon",1,Transect count,Genus group,Acanthuridae,Acanthurus,spp.,NA,Density,NTZ,balicasag island fish sanctuary,Yes,Distance from centre of NTZ (m),NA,NA,NA,NA,Mean kg fish per 500m-2,No,No,Acanthurus spp.,
8,"balicasag island fish sanctuary, south, Southwest Monsoon",2,Transect count,Genus group,Acanthuridae,Naso,spp.,NA,Biomass,NTZ,balicasag island fish sanctuary,Yes,Distance from centre of NTZ (m),NA,NA,NA,NA,Mean fish per 500m-2,No,No,Naso spp.,
8,"balicasag island fish sanctuary, south, Southwest Monsoon",3,Transect count,Genus group,Acanthuridae,Naso,spp.,NA,Density,NTZ,balicasag island fish sanctuary,Yes,Distance from centre of NTZ (m),NA,NA,NA,NA,Mean kg fish per 500m-2,No,No,Naso spp.,
8,"balicasag island fish sanctuary, south, Southwest Monsoon",4,Transect count,Family group,Caesionidae,NA,NA,NA,Biomass,NTZ,balicasag island fish sanctuary,Yes,Distance from centre of NTZ (m),NA,NA,NA,NA,Mean fish per 500m-2,No,No,NA,
8,"balicasag island fish sanctuary, south, Southwest Monsoon",5,Transect count,Family group,Caesionidae,NA,NA,NA,Density,NTZ,balicasag island fish sanctuary,Yes,Distance from centre of NTZ (m),NA,NA,NA,NA,Mean kg fish per 500m-2,No,No,NA,
8,"balicasag island fish sanctuary, south, Southwest Monsoon",1,Transect count,Genus group,Carangidae,Caranx,spp.,NA,Biomass,NTZ,balicasag island fish sanctuary,Yes,Distance from centre of NTZ (m),NA,NA,NA,NA,Mean fish per 500m-2,No,No,Caranx spp.,
8,"balicasag island fish sanctuary, south, Southwest Monsoon",2,Transect count,Genus group,Carangidae,Caranx,spp.,NA,Biomass,NTZ,balicasag island fish sanctuary,Yes,Distance from centre of NTZ (m),NA,NA,NA,NA,Mean kg fish per 500m-2,No,No,Caranx spp.,
8,"balicasag island fish sanctuary, south, Southwest Monsoon",3,Transect count,Genus group,Carangidae,Caranx,spp.,NA,Biomass,NTZ,balicasag island fish sanctuary,Yes,Distance from centre of NTZ (m),NA,NA,NA,NA,Mean fish per 500m-2,No,No,Caranx spp.,
8,"balicasag island fish sanctuary, south, Southwest Monsoon",4,Transect count,Genus group,Carangidae,Caranx,spp.,NA,Density,NTZ,balicasag island fish sanctuary,Yes,Distance from centre of NTZ (m),NA,NA,NA,NA,Mean kg fish per 500m-2,No,No,Caranx spp.,
8,"balicasag island fish sanctuary, south, Southwest Monsoon",5,Transect count,Genus group,Carangidae,Caranx,spp.,NA,Density,NTZ,balicasag island fish sanctuary,Yes,Distance from centre of NTZ (m),NA,NA,NA,NA,Mean fish per 500m-2,No,No,Caranx spp.,
8,"balicasag island fish sanctuary, south, Southwest Monsoon",1,Transect count,Genus group,Carangidae,Caranx,spp.,NA,Density,NTZ,balicasag island fish sanctuary,Yes,Distance from centre of NTZ (m),NA,NA,NA,NA,Mean kg fish per 500m-2,No,No,Caranx spp.,
8,"balicasag island fish sanctuary, south, Southwest Monsoon",2,Transect count,Family group,Epinephelidae,NA,NA,NA,Biomass,NTZ,balicasag island fish sanctuary,Yes,Distance from centre of NTZ (m),NA,NA,NA,NA,Mean fish per 500m-2,No,No,NA,
8,"balicasag island fish sanctuary, south, Southwest Monsoon",3,Transect count,Family group,Epinephelidae,NA,NA,NA,Density,NTZ,balicasag island fish sanctuary,Yes,Distance from centre of NTZ (m),NA,NA,NA,NA,Mean kg fish per 500m-2,No,No,NA,
8,"balicasag island fish sanctuary, south, Southwest Monsoon",4,Transect count,Genus group,Kyphosidae,Kyphosus,spp.,NA,Biomass,NTZ,balicasag island fish sanctuary,Yes,Distance from centre of NTZ (m),NA,NA,NA,NA,Mean fish per 500m-2,No,No,Kyphosus spp.,
8,"balicasag island fish sanctuary, south, Southwest Monsoon",5,Transect count,Genus group,Kyphosidae,Kyphosus,spp.,NA,Density,NTZ,balicasag island fish sanctuary,Yes,Distance from centre of NTZ (m),NA,NA,NA,NA,Mean kg fish per 500m-2,No,No,Kyphosus spp.,
8,"balicasag island fish sanctuary, south, Southwest Monsoon",1,Transect count,Family group,Lethrinidae,NA,NA,NA,Biomass,NTZ,balicasag island fish sanctuary,Yes,Distance from centre of NTZ (m),NA,NA,NA,NA,Mean fish per 500m-2,No,No,NA,
8,"balicasag island fish sanctuary, south, Southwest Monsoon",2,Transect count,Family group,Lethrinidae,NA,NA,NA,Density,NTZ,balicasag island fish sanctuary,Yes,Distance from centre of NTZ (m),NA,NA,NA,NA,Mean kg fish per 500m-2,No,No,NA,
8,"balicasag island fish sanctuary, south, Southwest Monsoon",3,Transect count,Genus group,Lutjanidae,Lutjanus,spp.,NA,Biomass,NTZ,balicasag island fish sanctuary,Yes,Distance from centre of NTZ (m),NA,NA,NA,NA,Mean fish per 500m-2,No,No,Lutjanus spp.,
8,"balicasag island fish sanctuary, south, Southwest Monsoon",4,Transect count,Genus group,Lutjanidae,Lutjanus,spp.,NA,Biomass,NTZ,balicasag island fish sanctuary,Yes,Distance from centre of NTZ (m),NA,NA,NA,NA,Mean kg fish per 500m-2,No,No,Lutjanus spp.,
8,"balicasag island fish sanctuary, south, Southwest Monsoon",5,Transect count,Genus group,Lutjanidae,Lutjanus,spp.,NA,Density,NTZ,balicasag island fish sanctuary,Yes,Distance from centre of NTZ (m),NA,NA,NA,NA,Mean fish per 500m-2,No,No,Lutjanus spp.,
8,"balicasag island fish sanctuary, south, Southwest Monsoon",1,Transect count,Family group,Mullidae,NA,NA,NA,Biomass,NTZ,balicasag island fish sanctuary,Yes,Distance from centre of NTZ (m),NA,NA,NA,NA,Mean kg fish per 500m-2,No,No,NA,
8,"balicasag island fish sanctuary, south, Southwest Monsoon",2,Transect count,Family group,Mullidae,NA,NA,NA,Density,NTZ,balicasag island fish sanctuary,Yes,Distance from centre of NTZ (m),NA,NA,NA,NA,Mean fish per 500m-2,No,No,NA,
8,"balicasag island fish sanctuary, south, Southwest Monsoon",3,Transect count,Family group,Scaridae,NA,NA,NA,Biomass,NTZ,balicasag island fish sanctuary,Yes,Distance from centre of NTZ (m),NA,NA,NA,NA,Mean kg fish per 500m-2,No,No,NA,
8,"balicasag island fish sanctuary, south, Southwest Monsoon",4,Transect count,Family group,Scaridae,NA,NA,NA,Density,NTZ,balicasag island fish sanctuary,Yes,Distance from centre of NTZ (m),NA,NA,NA,NA,Mean fish per 500m-2,No,No,NA,
8,"sumilon island marine reserve, east, Northeast Monsoon",5,Transect count,Genus group,Acanthuridae,Acanthurus,spp.,NA,Biomass,NTZ,sumilon island marine reserve,Yes,Distance from centre of NTZ (m),NA,NA,NA,NA,Mean kg fish per 500m-2,No,No,Acanthurus spp.,
8,"sumilon island marine reserve, east, Northeast Monsoon",1,Transect count,Genus group,Acanthuridae,Acanthurus,spp.,NA,Density,NTZ,sumilon island marine reserve,Yes,Distance from centre of NTZ (m),NA,NA,NA,NA,Mean fish per 500m-2,No,No,Acanthurus spp.,
8,"sumilon island marine reserve, east, Northeast Monsoon",2,Transect count,Genus group,Acanthuridae,Naso,spp.,NA,Biomass,NTZ,sumilon island marine reserve,Yes,Distance from centre of NTZ (m),NA,NA,NA,NA,Mean kg fish per 500m-2,No,No,Naso spp.,
8,"sumilon island marine reserve, east, Northeast Monsoon",3,Transect count,Genus group,Acanthuridae,Naso,spp.,NA,Density,NTZ,sumilon island marine reserve,Yes,Distance from centre of NTZ (m),NA,NA,NA,NA,Mean fish per 500m-2,No,No,Naso spp.,
8,"sumilon island marine reserve, east, Northeast Monsoon",4,Transect count,Family group,Caesionidae,NA,NA,NA,Biomass,NTZ,sumilon island marine reserve,Yes,Distance from centre of NTZ (m),NA,NA,NA,NA,Mean kg fish per 500m-2,No,No,NA,
8,"sumilon island marine reserve, east, Northeast Monsoon",5,Transect count,Family group,Caesionidae,NA,NA,NA,Density,NTZ,sumilon island marine reserve,Yes,Distance from centre of NTZ (m),NA,NA,NA,NA,Mean fish per 500m-2,No,No,NA,
8,"sumilon island marine reserve, east, Northeast Monsoon",1,Transect count,Genus group,Carangidae,Caranx,spp.,NA,Biomass,NTZ,sumilon island marine reserve,Yes,Distance from centre of NTZ (m),NA,NA,NA,NA,Mean kg fish per 500m-2,No,No,Caranx spp.,
8,"sumilon island marine reserve, east, Northeast Monsoon",2,Transect count,Genus group,Carangidae,Caranx,spp.,NA,Density,NTZ,sumilon island marine reserve,Yes,Distance from centre of NTZ (m),NA,NA,NA,NA,Mean fish per 500m-2,No,No,Caranx spp.,
8,"sumilon island marine reserve, east, Northeast Monsoon",3,Transect count,Family group,Epinephelidae,NA,NA,NA,Biomass,NTZ,sumilon island marine reserve,Yes,Distance from centre of NTZ (m),NA,NA,NA,NA,Mean kg fish per 500m-2,No,No,NA,
8,"sumilon island marine reserve, east, Northeast Monsoon",4,Transect count,Family group,Epinephelidae,NA,NA,NA,Density,NTZ,sumilon island marine reserve,Yes,Distance from centre of NTZ (m),NA,NA,NA,NA,Mean fish per 500m-2,No,No,NA,
8,"sumilon island marine reserve, east, Northeast Monsoon",5,Transect count,Genus group,Kyphosidae,Kyphosus,spp.,NA,Biomass,NTZ,sumilon island marine reserve,Yes,Distance from centre of NTZ (m),NA,NA,NA,NA,Mean kg fish per 500m-2,No,No,Kyphosus spp.,
8,"sumilon island marine reserve, east, Northeast Monsoon",1,Transect count,Genus group,Kyphosidae,Kyphosus,spp.,NA,Density,NTZ,sumilon island marine reserve,Yes,Distance from centre of NTZ (m),NA,NA,NA,NA,Mean fish per 500m-2,No,No,Kyphosus spp.,
8,"sumilon island marine reserve, east, Northeast Monsoon",2,Transect count,Family group,Lethrinidae,NA,NA,NA,Biomass,NTZ,sumilon island marine reserve,Yes,Distance from centre of NTZ (m),NA,NA,NA,NA,Mean kg fish per 500m-2,No,No,NA,
8,"sumilon island marine reserve, east, Northeast Monsoon",3,Transect count,Family group,Lethrinidae,NA,NA,NA,Density,NTZ,sumilon island marine reserve,Yes,Distance from centre of NTZ (m),NA,NA,NA,NA,Mean fish per 500m-2,No,No,NA,
8,"sumilon island marine reserve, east, Northeast Monsoon",4,Transect count,Genus group,Lutjanidae,Lutjanus,spp.,NA,Biomass,NTZ,sumilon island marine reserve,Yes,Distance from centre of NTZ (m),NA,NA,NA,NA,Mean kg fish per 500m-2,No,No,Lutjanus spp.,
8,"sumilon island marine reserve, east, Northeast Monsoon",5,Transect count,Genus group,Lutjanidae,Lutjanus,spp.,NA,Density,NTZ,sumilon island marine reserve,Yes,Distance from centre of NTZ (m),NA,NA,NA,NA,Mean fish per 500m-2,No,No,Lutjanus spp.,
8,"sumilon island marine reserve, east, Northeast Monsoon",1,Transect count,Family group,Mullidae,NA,NA,NA,Biomass,NTZ,sumilon island marine reserve,Yes,Distance from centre of NTZ (m),NA,NA,NA,NA,Mean kg fish per 500m-2,No,No,NA,
8,"sumilon island marine reserve, east, Northeast Monsoon",2,Transect count,Family group,Mullidae,NA,NA,NA,Density,NTZ,sumilon island marine reserve,Yes,Distance from centre of NTZ (m),NA,NA,NA,NA,Mean fish per 500m-2,No,No,NA,
8,"sumilon island marine reserve, east, Northeast Monsoon",3,Transect count,Family group,Scaridae,NA,NA,NA,Biomass,NTZ,sumilon island marine reserve,Yes,Distance from centre of NTZ (m),NA,NA,NA,NA,Mean kg fish per 500m-2,No,No,NA,
8,"sumilon island marine reserve, east, Northeast Monsoon",4,Transect count,Family group,Scaridae,NA,NA,NA,Density,NTZ,sumilon island marine reserve,Yes,Distance from centre of NTZ (m),NA,NA,NA,NA,Mean fish per 500m-2,No,No,NA,
8,"sumilon island marine reserve, east, Northeastern monsoon",5,Transect count,Family group,Caesionidae,NA,NA,NA,Density,NTZ,sumilon island marine reserve,Yes,Distance from centre of NTZ (m),NA,NA,NA,NA,Mean kg fish per 500m-2,No,No,NA,
8,"sumilon island marine reserve, east, Northeastern monsoon",1,Transect count,Genus group,Kyphosidae,Kyphosus,spp.,NA,Biomass,NTZ,sumilon island marine reserve,Yes,Distance from centre of NTZ (m),NA,NA,NA,NA,Mean fish per 500m-2,No,No,Kyphosus spp.,
8,"sumilon island marine reserve, east, Northeastern monsoon",2,Transect count,Genus group,Kyphosidae,Kyphosus,spp.,NA,Density,NTZ,sumilon island marine reserve,Yes,Distance from centre of NTZ (m),NA,NA,NA,NA,Mean kg fish per 500m-2,No,No,Kyphosus spp.,
8,"sumilon island marine reserve, east, Southwest Monsoon",3,Transect count,Genus group,Acanthuridae,Acanthurus,spp.,NA,Biomass,NTZ,sumilon island marine reserve,Yes,Distance from centre of NTZ (m),NA,NA,NA,NA,Mean fish per 500m-2,No,No,Acanthurus spp.,
8,"sumilon island marine reserve, east, Southwest Monsoon",4,Transect count,Genus group,Acanthuridae,Acanthurus,spp.,NA,Density,NTZ,sumilon island marine reserve,Yes,Distance from centre of NTZ (m),NA,NA,NA,NA,Mean kg fish per 500m-2,No,No,Acanthurus spp.,
8,"sumilon island marine reserve, east, Southwest Monsoon",5,Transect count,Genus group,Acanthuridae,Naso,spp.,NA,Biomass,NTZ,sumilon island marine reserve,Yes,Distance from centre of NTZ (m),NA,NA,NA,NA,Mean fish per 500m-2,No,No,Naso spp.,
8,"sumilon island marine reserve, east, Southwest Monsoon",1,Transect count,Genus group,Acanthuridae,Naso,spp.,NA,Density,NTZ,sumilon island marine reserve,Yes,Distance from centre of NTZ (m),NA,NA,NA,NA,Mean kg fish per 500m-2,No,No,Naso spp.,
8,"sumilon island marine reserve, east, Southwest Monsoon",2,Transect count,Family group,Caesionidae,NA,NA,NA,Biomass,NTZ,sumilon island marine reserve,Yes,Distance from centre of NTZ (m),NA,NA,NA,NA,Mean fish per 500m-2,No,No,NA,
8,"sumilon island marine reserve, east, Southwest Monsoon",3,Transect count,Family group,Caesionidae,NA,NA,NA,Density,NTZ,sumilon island marine reserve,Yes,Distance from centre of NTZ (m),NA,NA,NA,NA,Mean kg fish per 500m-2,No,No,NA,
8,"sumilon island marine reserve, east, Southwest Monsoon",4,Transect count,Genus group,Carangidae,Caranx,spp.,NA,Biomass,NTZ,sumilon island marine reserve,Yes,Distance from centre of NTZ (m),NA,NA,NA,NA,Mean fish per 500m-2,No,No,Caranx spp.,
8,"sumilon island marine reserve, east, Southwest Monsoon",5,Transect count,Genus group,Carangidae,Caranx,spp.,NA,Density,NTZ,sumilon island marine reserve,Yes,Distance from centre of NTZ (m),NA,NA,NA,NA,Mean kg fish per 500m-2,No,No,Caranx spp.,
8,"sumilon island marine reserve, east, Southwest Monsoon",1,Transect count,Family group,Epinephelidae,NA,NA,NA,Biomass,NTZ,sumilon island marine reserve,Yes,Distance from centre of NTZ (m),NA,NA,NA,NA,Mean fish per 500m-2,No,No,NA,
8,"sumilon island marine reserve, east, Southwest Monsoon",2,Transect count,Family group,Epinephelidae,NA,NA,NA,Density,NTZ,sumilon island marine reserve,Yes,Distance from centre of NTZ (m),NA,NA,NA,NA,Mean kg fish per 500m-2,No,No,NA,
8,"sumilon island marine reserve, east, Southwest Monsoon",3,Transect count,Genus group,Kyphosidae,Kyphosus,spp.,NA,Biomass,NTZ,sumilon island marine reserve,Yes,Distance from centre of NTZ (m),NA,NA,NA,NA,Mean fish per 500m-2,No,No,Kyphosus spp.,
8,"sumilon island marine reserve, east, Southwest Monsoon",4,Transect count,Genus group,Kyphosidae,Kyphosus,spp.,NA,Biomass,NTZ,sumilon island marine reserve,Yes,Distance from centre of NTZ (m),NA,NA,NA,NA,Mean kg fish per 500m-2,No,No,Kyphosus spp.,
8,"sumilon island marine reserve, east, Southwest Monsoon",5,Transect count,Genus group,Kyphosidae,Kyphosus,spp.,NA,Density,NTZ,sumilon island marine reserve,Yes,Distance from centre of NTZ (m),NA,NA,NA,NA,Mean fish per 500m-2,No,No,Kyphosus spp.,
8,"sumilon island marine reserve, east, Southwest Monsoon",1,Transect count,Family group,Lethrinidae,NA,NA,NA,Biomass,NTZ,sumilon island marine reserve,Yes,Distance from centre of NTZ (m),NA,NA,NA,NA,Mean kg fish per 500m-2,No,No,NA,
8,"sumilon island marine reserve, east, Southwest Monsoon",2,Transect count,Family group,Lethrinidae,NA,NA,NA,Density,NTZ,sumilon island marine reserve,Yes,Distance from centre of NTZ (m),NA,NA,NA,NA,Mean fish per 500m-2,No,No,NA,
8,"sumilon island marine reserve, east, Southwest Monsoon",3,Transect count,Genus group,Lutjanidae,Lutjanus,spp.,NA,Biomass,NTZ,sumilon island marine reserve,Yes,Distance from centre of NTZ (m),NA,NA,NA,NA,Mean kg fish per 500m-2,No,No,Lutjanus spp.,
8,"sumilon island marine reserve, east, Southwest Monsoon",4,Transect count,Genus group,Lutjanidae,Lutjanus,spp.,NA,Biomass,NTZ,sumilon island marine reserve,Yes,Distance from centre of NTZ (m),NA,NA,NA,NA,Mean fish per 500m-2,No,No,Lutjanus spp.,
8,"sumilon island marine reserve, east, Southwest Monsoon",5,Transect count,Genus group,Lutjanidae,Lutjanus,spp.,NA,Density,NTZ,sumilon island marine reserve,Yes,Distance from centre of NTZ (m),NA,NA,NA,NA,Mean kg fish per 500m-2,No,No,Lutjanus spp.,
8,"sumilon island marine reserve, east, Southwest Monsoon",1,Transect count,Family group,Mullidae,NA,NA,NA,Biomass,NTZ,sumilon island marine reserve,Yes,Distance from centre of NTZ (m),NA,NA,NA,NA,Mean fish per 500m-2,No,No,NA,
8,"sumilon island marine reserve, east, Southwest Monsoon",2,Transect count,Family group,Mullidae,NA,NA,NA,Density,NTZ,sumilon island marine reserve,Yes,Distance from centre of NTZ (m),NA,NA,NA,NA,Mean kg fish per 500m-2,No,No,NA,
8,"sumilon island marine reserve, east, Southwest Monsoon",3,Transect count,Family group,Scaridae,NA,NA,NA,Biomass,NTZ,sumilon island marine reserve,Yes,Distance from centre of NTZ (m),NA,NA,NA,NA,Mean fish per 500m-2,No,No,NA,
8,"sumilon island marine reserve, east, Southwest Monsoon",4,Transect count,Family group,Scaridae,NA,NA,NA,Density,NTZ,sumilon island marine reserve,Yes,Distance from centre of NTZ (m),NA,NA,NA,NA,Mean kg fish per 500m-2,No,No,NA,
8,"sumilon island marine reserve, west, Northeast Monsoon",5,Transect count,Genus group,Acanthuridae,Acanthurus,spp.,NA,Biomass,NTZ,sumilon island marine reserve,Yes,Distance from centre of NTZ (m),NA,NA,NA,NA,Mean fish per 500m-2,No,No,Acanthurus spp.,
8,"sumilon island marine reserve, west, Northeast Monsoon",1,Transect count,Genus group,Acanthuridae,Acanthurus,spp.,NA,Density,NTZ,sumilon island marine reserve,Yes,Distance from centre of NTZ (m),NA,NA,NA,NA,Mean kg fish per 500m-2,No,No,Acanthurus spp.,
8,"sumilon island marine reserve, west, Northeast Monsoon",2,Transect count,Genus group,Acanthuridae,Naso,spp.,NA,Biomass,NTZ,sumilon island marine reserve,Yes,Distance from centre of NTZ (m),NA,NA,NA,NA,Mean fish per 500m-2,No,No,Naso spp.,
8,"sumilon island marine reserve, west, Northeast Monsoon",3,Transect count,Genus group,Acanthuridae,Naso,spp.,NA,Density,NTZ,sumilon island marine reserve,Yes,Distance from centre of NTZ (m),NA,NA,NA,NA,Mean kg fish per 500m-2,No,No,Naso spp.,
8,"sumilon island marine reserve, west, Northeast Monsoon",4,Transect count,Family group,Caesionidae,NA,NA,NA,Biomass,NTZ,sumilon island marine reserve,Yes,Distance from centre of NTZ (m),NA,NA,NA,NA,Mean fish per 500m-2,No,No,NA,
8,"sumilon island marine reserve, west, Northeast Monsoon",5,Transect count,Family group,Caesionidae,NA,NA,NA,Density,NTZ,sumilon island marine reserve,Yes,Distance from centre of NTZ (m),NA,NA,NA,NA,Mean kg fish per 500m-2,No,No,NA,
8,"sumilon island marine reserve, west, Northeast Monsoon",1,Transect count,Genus group,Carangidae,Caranx,spp.,NA,Biomass,NTZ,sumilon island marine reserve,Yes,Distance from centre of NTZ (m),NA,NA,NA,NA,Mean fish per 500m-2,No,No,Caranx spp.,
8,"sumilon island marine reserve, west, Northeast Monsoon",2,Transect count,Genus group,Carangidae,Caranx,spp.,NA,Density,NTZ,sumilon island marine reserve,Yes,Distance from centre of NTZ (m),NA,NA,NA,NA,Mean kg fish per 500m-2,No,No,Caranx spp.,
8,"sumilon island marine reserve, west, Northeast Monsoon",3,Transect count,Family group,Epinephelidae,NA,NA,NA,Biomass,NTZ,sumilon island marine reserve,Yes,Distance from centre of NTZ (m),NA,NA,NA,NA,Mean fish per 500m-2,No,No,NA,
8,"sumilon island marine reserve, west, Northeast Monsoon",4,Transect count,Family group,Epinephelidae,NA,NA,NA,Density,NTZ,sumilon island marine reserve,Yes,Distance from centre of NTZ (m),NA,NA,NA,NA,Mean kg fish per 500m-2,No,No,NA,
8,"sumilon island marine reserve, west, Northeast Monsoon",5,Transect count,Genus group,Kyphosidae,Kyphosus,spp.,NA,Biomass,NTZ,sumilon island marine reserve,Yes,Distance from centre of NTZ (m),NA,NA,NA,NA,Mean fish per 500m-2,No,No,Kyphosus spp.,
8,"sumilon island marine reserve, west, Northeast Monsoon",1,Transect count,Genus group,Kyphosidae,Kyphosus,spp.,NA,Density,NTZ,sumilon island marine reserve,Yes,Distance from centre of NTZ (m),NA,NA,NA,NA,Mean kg fish per 500m-2,No,No,Kyphosus spp.,
8,"sumilon island marine reserve, west, Northeast Monsoon",2,Transect count,Family group,Lethrinidae,NA,NA,NA,Biomass,NTZ,sumilon island marine reserve,Yes,Distance from centre of NTZ (m),NA,NA,NA,NA,Mean fish per 500m-2,No,No,NA,
8,"sumilon island marine reserve, west, Northeast Monsoon",3,Transect count,Family group,Lethrinidae,NA,NA,NA,Density,NTZ,sumilon island marine reserve,Yes,Distance from centre of NTZ (m),NA,NA,NA,NA,Mean kg fish per 500m-2,No,No,NA,
8,"sumilon island marine reserve, west, Northeast Monsoon",4,Transect count,Genus group,Lutjanidae,Lutjanus,spp.,NA,Biomass,NTZ,sumilon island marine reserve,Yes,Distance from centre of NTZ (m),NA,NA,NA,NA,Mean fish per 500m-2,No,No,Lutjanus spp.,
8,"sumilon island marine reserve, west, Northeast Monsoon",5,Transect count,Genus group,Lutjanidae,Lutjanus,spp.,NA,Density,NTZ,sumilon island marine reserve,Yes,Distance from centre of NTZ (m),NA,NA,NA,NA,Mean kg fish per 500m-2,No,No,Lutjanus spp.,
8,"sumilon island marine reserve, west, Northeast Monsoon",1,Transect count,Family group,Mullidae,NA,NA,NA,Biomass,NTZ,sumilon island marine reserve,Yes,Distance from centre of NTZ (m),NA,NA,NA,NA,Mean fish per 500m-2,No,No,NA,
8,"sumilon island marine reserve, west, Northeast Monsoon",2,Transect count,Family group,Mullidae,NA,NA,NA,Density,NTZ,sumilon island marine reserve,Yes,Distance from centre of NTZ (m),NA,NA,NA,NA,Mean kg fish per 500m-2,No,No,NA,
8,"sumilon island marine reserve, west, Northeast Monsoon",3,Transect count,Family group,Scaridae,NA,NA,NA,Biomass,NTZ,sumilon island marine reserve,Yes,Distance from centre of NTZ (m),NA,NA,NA,NA,Mean fish per 500m-2,No,No,NA,
8,"sumilon island marine reserve, west, Northeast Monsoon",4,Transect count,Family group,Scaridae,NA,NA,NA,Density,NTZ,sumilon island marine reserve,Yes,Distance from centre of NTZ (m),NA,NA,NA,NA,Mean kg fish per 500m-2,No,No,NA,
8,"sumilon island marine reserve, west, Southwest Monsoon",5,Transect count,Genus group,Acanthuridae,Acanthurus,spp.,NA,Biomass,NTZ,sumilon island marine reserve,Yes,Distance from centre of NTZ (m),NA,NA,NA,NA,Mean fish per 500m-2,No,No,Acanthurus spp.,
8,"sumilon island marine reserve, west, Southwest Monsoon",1,Transect count,Genus group,Acanthuridae,Acanthurus,spp.,NA,Density,NTZ,sumilon island marine reserve,Yes,Distance from centre of NTZ (m),NA,NA,NA,NA,Mean kg fish per 500m-2,No,No,Acanthurus spp.,
8,"sumilon island marine reserve, west, Southwest Monsoon",2,Transect count,Genus group,Acanthuridae,Naso,spp.,NA,Biomass,NTZ,sumilon island marine reserve,Yes,Distance from centre of NTZ (m),NA,NA,NA,NA,Mean fish per 500m-2,No,No,Naso spp.,
8,"sumilon island marine reserve, west, Southwest Monsoon",3,Transect count,Genus group,Acanthuridae,Naso,spp.,NA,Density,NTZ,sumilon island marine reserve,Yes,Distance from centre of NTZ (m),NA,NA,NA,NA,Mean kg fish per 500m-2,No,No,Naso spp.,
8,"sumilon island marine reserve, west, Southwest Monsoon",4,Transect count,Family group,Caesionidae,NA,NA,NA,Biomass,NTZ,sumilon island marine reserve,Yes,Distance from centre of NTZ (m),NA,NA,NA,NA,Mean fish per 500m-2,No,No,NA,
8,"sumilon island marine reserve, west, Southwest Monsoon",5,Transect count,Family group,Caesionidae,NA,NA,NA,Density,NTZ,sumilon island marine reserve,Yes,Distance from centre of NTZ (m),NA,NA,NA,NA,Mean kg fish per 500m-2,No,No,NA,
8,"sumilon island marine reserve, west, Southwest Monsoon",1,Transect count,Genus group,Carangidae,Caranx,spp.,NA,Biomass,NTZ,sumilon island marine reserve,Yes,Distance from centre of NTZ (m),NA,NA,NA,NA,Mean fish per 500m-2,No,No,Caranx spp.,
8,"sumilon island marine reserve, west, Southwest Monsoon",2,Transect count,Genus group,Carangidae,Caranx,spp.,NA,Density,NTZ,sumilon island marine reserve,Yes,Distance from centre of NTZ (m),NA,NA,NA,NA,Mean kg fish per 500m-2,No,No,Caranx spp.,
8,"sumilon island marine reserve, west, Southwest Monsoon",3,Transect count,Family group,Epinephelidae,NA,NA,NA,Biomass,NTZ,sumilon island marine reserve,Yes,Distance from centre of NTZ (m),NA,NA,NA,NA,Mean fish per 500m-2,No,No,NA,
8,"sumilon island marine reserve, west, Southwest Monsoon",4,Transect count,Family group,Epinephelidae,NA,NA,NA,Density,NTZ,sumilon island marine reserve,Yes,Distance from centre of NTZ (m),NA,NA,NA,NA,Mean kg fish per 500m-2,No,No,NA,
8,"sumilon island marine reserve, west, Southwest Monsoon",5,Transect count,Genus group,Kyphosidae,Kyphosus,spp.,NA,Biomass,NTZ,sumilon island marine reserve,Yes,Distance from centre of NTZ (m),NA,NA,NA,NA,Mean fish per 500m-2,No,No,Kyphosus spp.,
8,"sumilon island marine reserve, west, Southwest Monsoon",1,Transect count,Genus group,Kyphosidae,Kyphosus,spp.,NA,Density,NTZ,sumilon island marine reserve,Yes,Distance from centre of NTZ (m),NA,NA,NA,NA,Mean kg fish per 500m-2,No,No,Kyphosus spp.,
8,"sumilon island marine reserve, west, Southwest Monsoon",2,Transect count,Family group,Lethrinidae,NA,NA,NA,Biomass,NTZ,sumilon island marine reserve,Yes,Distance from centre of NTZ (m),NA,NA,NA,NA,Mean fish per 500m-2,No,No,NA,
8,"sumilon island marine reserve, west, Southwest Monsoon",3,Transect count,Family group,Lethrinidae,NA,NA,NA,Density,NTZ,sumilon island marine reserve,Yes,Distance from centre of NTZ (m),NA,NA,NA,NA,Mean kg fish per 500m-2,No,No,NA,
8,"sumilon island marine reserve, west, Southwest Monsoon",4,Transect count,Genus group,Lutjanidae,Lutjanus,spp.,NA,Biomass,NTZ,sumilon island marine reserve,Yes,Distance from centre of NTZ (m),NA,NA,NA,NA,Mean fish per 500m-2,No,No,Lutjanus spp.,
8,"sumilon island marine reserve, west, Southwest Monsoon",5,Transect count,Genus group,Lutjanidae,Lutjanus,spp.,NA,Density,NTZ,sumilon island marine reserve,Yes,Distance from centre of NTZ (m),NA,NA,NA,NA,Mean kg fish per 500m-2,No,No,Lutjanus spp.,
8,"sumilon island marine reserve, west, Southwest Monsoon",1,Transect count,Family group,Mullidae,NA,NA,NA,Biomass,NTZ,sumilon island marine reserve,Yes,Distance from centre of NTZ (m),NA,NA,NA,NA,Mean fish per 500m-2,No,No,NA,
8,"sumilon island marine reserve, west, Southwest Monsoon",2,Transect count,Family group,Mullidae,NA,NA,NA,Density,NTZ,sumilon island marine reserve,Yes,Distance from centre of NTZ (m),NA,NA,NA,NA,Mean kg fish per 500m-2,No,No,NA,
8,"sumilon island marine reserve, west, Southwest Monsoon",3,Transect count,Family group,Scaridae,NA,NA,NA,Biomass,NTZ,sumilon island marine reserve,Yes,Distance from centre of NTZ (m),NA,NA,NA,NA,Mean fish per 500m-2,No,No,NA,
8,"sumilon island marine reserve, west, Southwest Monsoon",4,Transect count,Family group,Scaridae,NA,NA,NA,Density,NTZ,sumilon island marine reserve,Yes,Distance from centre of NTZ (m),NA,NA,NA,NA,Mean kg fish per 500m-2,No,No,NA,