paper.id,comments,method,sample.unit,family,genus,species,functional.group,metric,ci.type,zone.type,mpa.name,outside.open,result.index,distance.from.boundary,result,upper.ci,lower.ci,significant,full.name,clean.distance,spillover.distance
2,Points are taken from a regression line where they only gave the R^2 and not the slope or intercept for the line,Transect count,Target species as a group,NA,NA,NA,Resource fish,Reduced (planktivorous species excluded) biomass (ln(x+1) transformed) ,NA,NTZ,Pupukea Marine Life Conservation District,Yes,1,-1000,3.9,NA,NA,Yes,NA,-1000,NA
2,Points are taken from a regression line where they only gave the R^2 and not the slope or intercept for the line,Transect count,Target species as a group,NA,NA,NA,Resource fish,Reduced (planktivorous species excluded) biomass (ln(x+1) transformed) ,NA,NTZ,Pupukea Marine Life Conservation District,Yes,2,-500,3.5,NA,NA,Yes,NA,-500,NA
2,Points are taken from a regression line where they only gave the R^2 and not the slope or intercept for the line,Transect count,Target species as a group,NA,NA,NA,Resource fish,Reduced (planktivorous species excluded) biomass (ln(x+1) transformed) ,NA,NTZ,Pupukea Marine Life Conservation District,Yes,3,0,3.75,NA,NA,Yes,NA,0,NA
2,Points are taken from a regression line where they only gave the R^2 and not the slope or intercept for the line,Transect count,Target species as a group,NA,NA,NA,Resource fish,Reduced (planktivorous species excluded) biomass (ln(x+1) transformed) ,NA,NTZ,Pupukea Marine Life Conservation District,Yes,4,500,2.25,NA,NA,Yes,NA,500,NA
2,Points are taken from a regression line where they only gave the R^2 and not the slope or intercept for the line,Transect count,Target species as a group,NA,NA,NA,Resource fish,Reduced (planktivorous species excluded) biomass (ln(x+1) transformed) ,NA,NTZ,Pupukea Marine Life Conservation District,Yes,5,1000,1.5,NA,NA,Yes,NA,1000,NA
2,Points are taken from a regression line where they only gave the R^2 and not the slope or intercept for the line,Transect count,Non-target species as a group,NA,NA,NA,Non-resource fish,Reduced (planktivorous species excluded) biomass (ln(x+1) transformed) ,NA,NTZ,Pupukea Marine Life Conservation District,Yes,1,-1000,2.7,NA,NA,Yes,NA,-1000,NA
2,Points are taken from a regression line where they only gave the R^2 and not the slope or intercept for the line,Transect count,Non-target species as a group,NA,NA,NA,Non-resource fish,Reduced (planktivorous species excluded) biomass (ln(x+1) transformed) ,NA,NTZ,Pupukea Marine Life Conservation District,Yes,2,-500,2.5,NA,NA,Yes,NA,-500,NA
2,Points are taken from a regression line where they only gave the R^2 and not the slope or intercept for the line,Transect count,Non-target species as a group,NA,NA,NA,Non-resource fish,Reduced (planktivorous species excluded) biomass (ln(x+1) transformed) ,NA,NTZ,Pupukea Marine Life Conservation District,Yes,3,0,2.8,NA,NA,Yes,NA,0,NA
2,Points are taken from a regression line where they only gave the R^2 and not the slope or intercept for the line,Transect count,Non-target species as a group,NA,NA,NA,Non-resource fish,Reduced (planktivorous species excluded) biomass (ln(x+1) transformed) ,NA,NTZ,Pupukea Marine Life Conservation District,Yes,4,500,2.25,NA,NA,Yes,NA,500,NA
2,Points are taken from a regression line where they only gave the R^2 and not the slope or intercept for the line,Transect count,Non-target species as a group,NA,NA,NA,Non-resource fish,Reduced (planktivorous species excluded) biomass (ln(x+1) transformed) ,NA,NTZ,Pupukea Marine Life Conservation District,Yes,5,1000,2.1,NA,NA,Yes,NA,1000,NA
2,Points are taken from a regression line where they only gave the R^2 and not the slope or intercept for the line,Transect count,Target species as a group,NA,NA,NA,Resource fish,Biomass corrected for habitat effects (residuals),NA,NTZ,Pupukea Marine Life Conservation District,Yes,1,-1000,0.6,NA,NA,Yes,NA,-1000,NA
2,Points are taken from a regression line where they only gave the R^2 and not the slope or intercept for the line,Transect count,Target species as a group,NA,NA,NA,Resource fish,Biomass corrected for habitat effects (residuals),NA,NTZ,Pupukea Marine Life Conservation District,Yes,2,-500,0.4,NA,NA,Yes,NA,-500,NA
2,Points are taken from a regression line where they only gave the R^2 and not the slope or intercept for the line,Transect count,Target species as a group,NA,NA,NA,Resource fish,Biomass corrected for habitat effects (residuals),NA,NTZ,Pupukea Marine Life Conservation District,Yes,3,0,0,NA,NA,Yes,NA,0,NA
2,Points are taken from a regression line where they only gave the R^2 and not the slope or intercept for the line,Transect count,Target species as a group,NA,NA,NA,Resource fish,Biomass corrected for habitat effects (residuals),NA,NTZ,Pupukea Marine Life Conservation District,Yes,4,500,-0.25,NA,NA,Yes,NA,500,NA
2,Points are taken from a regression line where they only gave the R^2 and not the slope or intercept for the line,Transect count,Target species as a group,NA,NA,NA,Resource fish,Biomass corrected for habitat effects (residuals),NA,NTZ,Pupukea Marine Life Conservation District,Yes,5,1000,-0.85,NA,NA,Yes,NA,1000,NA
2,Points are taken from a regression line where they only gave the R^2 and not the slope or intercept for the line,Transect count,Non-target species as a group,NA,NA,NA,Non-resource fish,Biomass corrected for habitat effects (residuals),NA,NTZ,Pupukea Marine Life Conservation District,Yes,1,-1000,0,NA,NA,No,NA,-1000,NA
2,Points are taken from a regression line where they only gave the R^2 and not the slope or intercept for the line,Transect count,Non-target species as a group,NA,NA,NA,Non-resource fish,Biomass corrected for habitat effects (residuals),NA,NTZ,Pupukea Marine Life Conservation District,Yes,2,-500,0.05,NA,NA,No,NA,-500,NA
2,Points are taken from a regression line where they only gave the R^2 and not the slope or intercept for the line,Transect count,Non-target species as a group,NA,NA,NA,Non-resource fish,Biomass corrected for habitat effects (residuals),NA,NTZ,Pupukea Marine Life Conservation District,Yes,3,0,0.1,NA,NA,No,NA,0,NA
2,Points are taken from a regression line where they only gave the R^2 and not the slope or intercept for the line,Transect count,Non-target species as a group,NA,NA,NA,Non-resource fish,Biomass corrected for habitat effects (residuals),NA,NTZ,Pupukea Marine Life Conservation District,Yes,4,500,0.15,NA,NA,No,NA,500,NA
2,Points are taken from a regression line where they only gave the R^2 and not the slope or intercept for the line,Transect count,Non-target species as a group,NA,NA,NA,Non-resource fish,Biomass corrected for habitat effects (residuals),NA,NTZ,Pupukea Marine Life Conservation District,Yes,5,1000,0.2,NA,NA,No,NA,1000,NA
34,1985-1988,Transect count,Target species as a group,NA,NA,NA,Target families - Acanthuridae and Carangidae,Biomass,Standard error,NTZ,Apo Island Marine Reserve,Yes,1,Inside NTZ,60,NA,NA,Yes,NA,NA,200
34,1985-1988,Transect count,Target species as a group,NA,NA,NA,Target families - Acanthuridae and Carangidae,Biomass,Standard error,NTZ,Apo Island Marine Reserve,Yes,2,200-250,16,8,NA,Yes,NA,225,200
34,1985-1988,Transect count,Target species as a group,NA,NA,NA,Target families - Acanthuridae and Carangidae,Biomass,Standard error,NTZ,Apo Island Marine Reserve,Yes,3,250-300,12,3,NA,Yes,NA,275,200
34,1985-1988,Transect count,Target species as a group,NA,NA,NA,Target families - Acanthuridae and Carangidae,Biomass,Standard error,NTZ,Apo Island Marine Reserve,Yes,4,300-350,15,1,NA,Yes,NA,325,200
34,1985-1988,Transect count,Target species as a group,NA,NA,NA,Target families - Acanthuridae and Carangidae,Biomass,Standard error,NTZ,Apo Island Marine Reserve,Yes,5,350-400,14,7,NA,Yes,NA,375,200
34,1985-1988,Transect count,Target species as a group,NA,NA,NA,Target families - Acanthuridae and Carangidae,Biomass,Standard error,NTZ,Apo Island Marine Reserve,Yes,1,400-450,10,2,NA,Yes,NA,425,200
34,1985-1988,Transect count,Target species as a group,NA,NA,NA,Target families - Acanthuridae and Carangidae,Biomass,Standard error,NTZ,Apo Island Marine Reserve,Yes,2,450-500,11,1,NA,Yes,NA,475,200
34,1990-2001,Transect count,Target species as a group,NA,NA,NA,Target families - Acanthuridae and Carangidae,Biomass,Standard error,NTZ,Apo Island Marine Reserve,Yes,1,Inside NTZ,70,NA,NA,Yes,NA,NA,200
34,1990-2001,Transect count,Target species as a group,NA,NA,NA,Target families - Acanthuridae and Carangidae,Biomass,Standard error,NTZ,Apo Island Marine Reserve,Yes,2,200-250,38,8,NA,Yes,NA,225,200
34,1990-2001,Transect count,Target species as a group,NA,NA,NA,Target families - Acanthuridae and Carangidae,Biomass,Standard error,NTZ,Apo Island Marine Reserve,Yes,3,250-300,9,1,NA,Yes,NA,275,200
34,1990-2001,Transect count,Target species as a group,NA,NA,NA,Target families - Acanthuridae and Carangidae,Biomass,Standard error,NTZ,Apo Island Marine Reserve,Yes,4,300-350,10,1,NA,Yes,NA,325,200
34,1990-2001,Transect count,Target species as a group,NA,NA,NA,Target families - Acanthuridae and Carangidae,Biomass,Standard error,NTZ,Apo Island Marine Reserve,Yes,5,350-400,8,1,NA,Yes,NA,375,200
34,1990-2001,Transect count,Target species as a group,NA,NA,NA,Target families - Acanthuridae and Carangidae,Biomass,Standard error,NTZ,Apo Island Marine Reserve,Yes,1,400-450,8,0.5,NA,Yes,NA,425,200
34,1990-2001,Transect count,Target species as a group,NA,NA,NA,Target families - Acanthuridae and Carangidae,Biomass,Standard error,NTZ,Apo Island Marine Reserve,Yes,2,450-500,9,1,NA,Yes,NA,475,200
34,2000-2001,Catch,Family group,Acanthuridae,NA,NA,NA,Catch per unit effort (CPUE),Standard error,NTZ,Apo Island Marine Reserve,Yes,1,<200,0.5,0.009,NA,Yes,NA,200,200
34,2000-2001,Catch,Family group,Acanthuridae,NA,NA,NA,Catch per unit effort (CPUE),Standard error,NTZ,Apo Island Marine Reserve,Yes,2,>200,0.25,0.1,NA,Yes,NA,1130,200
34,2000-2001,Catch,Family group,Carangidae,NA,NA,NA,Catch per unit effort (CPUE),Standard error,NTZ,Apo Island Marine Reserve,Yes,1,<200,0.2,0.1,NA,Yes,NA,200,200
34,2000-2001,Catch,Family group,Carangidae,NA,NA,NA,Catch per unit effort (CPUE),Standard error,NTZ,Apo Island Marine Reserve,Yes,2,>200,0.5,0.05,NA,Yes,NA,1130,200
104,"Post-MPA establishment - these are combined results for all three MPAs, they don't provide them for individual areas",Catch,Individual species,Nephropidae,Homarus,gammarus,NA,Catch per unit effort (CPUE),NA,PPG,NA,Yes,1,-875,1.93,NA,NA,Yes,Homarus gammarus,-875,
104,"Post-MPA establishment - these are combined results for all three MPAs, they don't provide them for individual areas",Catch,Individual species,Nephropidae,Homarus,gammarus,NA,Catch per unit effort (CPUE),NA,PPG,NA,Yes,2,-450,1.23,NA,NA,Yes,Homarus gammarus,-450,
104,"Post-MPA establishment - these are combined results for all three MPAs, they don't provide them for individual areas",Catch,Individual species,Nephropidae,Homarus,gammarus,NA,Catch per unit effort (CPUE),NA,PPG,NA,Yes,3,0,0.75,NA,NA,Yes,Homarus gammarus,0,
104,"Post-MPA establishment - these are combined results for all three MPAs, they don't provide them for individual areas",Catch,Individual species,Nephropidae,Homarus,gammarus,NA,Catch per unit effort (CPUE),NA,PPG,NA,Yes,4,500,0.55,NA,NA,Yes,Homarus gammarus,500,
104,"Post-MPA establishment - these are combined results for all three MPAs, they don't provide them for individual areas",Catch,Individual species,Nephropidae,Homarus,gammarus,NA,Catch per unit effort (CPUE),NA,PPG,NA,Yes,5,1000,0.51,NA,NA,Yes,Homarus gammarus,1000,
104,Post-MPA establishment - results are for all three MPAs combined,Catch,Individual species,Nephropidae,Homarus,gammarus,NA,Catch per unit effort (CPUE),NA,PPG,NA,Yes,1,1500,0.57,NA,NA,Yes,Homarus gammarus,1500,
104,Post-MPA establishment - results are for all three MPAs combined,Catch,Individual species,Nephropidae,Homarus,gammarus,NA,Catch per unit effort (CPUE),NA,PPG,NA,Yes,2,2000,0.66,NA,NA,Yes,Homarus gammarus,2000,
104,Post-MPA establishment - results are for all three MPAs combined,Catch,Individual species,Nephropidae,Homarus,gammarus,NA,Catch per unit effort (CPUE),NA,PPG,NA,Yes,3,2500,0.73,NA,NA,Yes,Homarus gammarus,2500,
104,Post-MPA establishment - results are for all three MPAs combined,Catch,Individual species,Nephropidae,Homarus,gammarus,NA,Catch per unit effort (CPUE),NA,PPG,NA,Yes,4,3000,0.78,NA,NA,Yes,Homarus gammarus,3000,
104,Pre-MPA establishment - results are for all three MPAs combined,Catch,Individual species,Nephropidae,Homarus,gammarus,NA,Catch per unit effort (CPUE),NA,PPG,NA,Pre-MPA establishment so fishing permitted everywhere,1,-875,0.75,NA,NA,Yes,Homarus gammarus,-875,
104,Pre-MPA establishment - results are for all three MPAs combined,Catch,Individual species,Nephropidae,Homarus,gammarus,NA,Catch per unit effort (CPUE),NA,PPG,NA,Pre-MPA establishment so fishing permitted everywhere,2,-450,0.75,NA,NA,Yes,Homarus gammarus,-450,
104,Pre-MPA establishment - results are for all three MPAs combined,Catch,Individual species,Nephropidae,Homarus,gammarus,NA,Catch per unit effort (CPUE),NA,PPG,NA,Pre-MPA establishment so fishing permitted everywhere,3,0,0.74,NA,NA,Yes,Homarus gammarus,0,
104,Pre-MPA establishment - results are for all three MPAs combined,Catch,Individual species,Nephropidae,Homarus,gammarus,NA,Catch per unit effort (CPUE),NA,PPG,NA,Pre-MPA establishment so fishing permitted everywhere,4,500,0.74,NA,NA,Yes,Homarus gammarus,500,
104,Pre-MPA establishment - results are for all three MPAs combined,Catch,Individual species,Nephropidae,Homarus,gammarus,NA,Catch per unit effort (CPUE),NA,PPG,NA,Pre-MPA establishment so fishing permitted everywhere,5,1000,0.73,NA,NA,Yes,Homarus gammarus,1000,
104,Pre-MPA establishment - results are for all three MPA areas combined,Catch,Individual species,Nephropidae,Homarus,gammarus,NA,Catch per unit effort (CPUE),NA,PPG,NA,Pre-MPA establishment so fishing permitted everywhere,1,1500,0.72,NA,NA,Yes,Homarus gammarus,1500,
104,Pre-MPA establishment - results are for all three MPA areas combined,Catch,Individual species,Nephropidae,Homarus,gammarus,NA,Catch per unit effort (CPUE),NA,PPG,NA,Pre-MPA establishment so fishing permitted everywhere,2,2000,0.72,NA,NA,Yes,Homarus gammarus,2000,
104,Pre-MPA establishment - results are for all three MPA areas combined,Catch,Individual species,Nephropidae,Homarus,gammarus,NA,Catch per unit effort (CPUE),NA,PPG,NA,Pre-MPA establishment so fishing permitted everywhere,3,2500,0.71,NA,NA,Yes,Homarus gammarus,2500,
104,Pre-MPA establishment - results are for all three MPA areas combined,Catch,Individual species,Nephropidae,Homarus,gammarus,NA,Catch per unit effort (CPUE),NA,PPG,NA,Pre-MPA establishment so fishing permitted everywhere,4,3000,0.71,NA,NA,Yes,Homarus gammarus,3000,
140,Dagal (NTZ) and Abu Negila fished area to the South,Transect count,Genus group,Cardiidae,Tridacna,NA,NA,Density,NA,NTZ,Dagal,Yes,1,-475,0,NA,NA,No,NA,-475,
140,Dagal (NTZ) and Abu Negila fished area to the South,Transect count,Genus group,Cardiidae,Tridacna,NA,NA,Density,NA,NTZ,Dagal,Yes,2,-375,1,NA,NA,No,NA,-375,
140,Dagal (NTZ) and Abu Negila fished area to the South,Transect count,Genus group,Cardiidae,Tridacna,NA,NA,Density,NA,NTZ,Dagal,Yes,3,-225,1.5,NA,NA,No,NA,-225,
140,Dagal (NTZ) and Abu Negila fished area to the South,Transect count,Genus group,Cardiidae,Tridacna,NA,NA,Density,NA,NTZ,Dagal,Yes,4,-175,1.5,NA,NA,No,NA,-175,
140,Dagal (NTZ) and Abu Negila fished area to the South,Transect count,Genus group,Cardiidae,Tridacna,NA,NA,Density,NA,NTZ,Dagal,Yes,5,-125,5,NA,NA,No,NA,-125,
140,Dagal (NTZ) and Abu Negila fished area to the South,Transect count,Genus group,Cardiidae,Tridacna,NA,NA,Density,NA,NTZ,Dagal,Yes,1,-75,22,NA,NA,No,NA,-75,
140,Dagal (NTZ) and Abu Negila fished area to the South,Transect count,Genus group,Cardiidae,Tridacna,NA,NA,Density,NA,NTZ,Dagal,Yes,2,-25,11,NA,NA,No,NA,-25,
140,Dagal (NTZ) and Abu Negila fished area to the South,Transect count,Genus group,Cardiidae,Tridacna,NA,NA,Density,NA,NTZ,Dagal,Yes,3,25,0.5,NA,NA,No,NA,25,
140,Dagal (NTZ) and Abu Negila fished area to the South,Transect count,Genus group,Cardiidae,Tridacna,NA,NA,Density,NA,NTZ,Dagal,Yes,4,75,0.5,NA,NA,No,NA,75,
140,Dagal (NTZ) and Abu Negila fished area to the South,Transect count,Genus group,Cardiidae,Tridacna,NA,NA,Density,NA,NTZ,Dagal,Yes,5,125,0,NA,NA,No,NA,125,
140,Dagal (NTZ) and Abu Negila fished area to the South,Transect count,Genus group,Cardiidae,Tridacna,NA,NA,Density,NA,NTZ,Dagal,Yes,1,175,1,NA,NA,No,NA,175,
140,Dagal (NTZ) and Abu Negila fished area to the South,Transect count,Genus group,Cardiidae,Tridacna,NA,NA,Density,NA,NTZ,Dagal,Yes,2,225,0.25,NA,NA,No,NA,225,
140,Dagal (NTZ) and Abu Negila fished area to the South,Transect count,Genus group,Cardiidae,Tridacna,NA,NA,Density,NA,NTZ,Dagal,Yes,3,375,0.25,NA,NA,No,NA,375,
140,Dagal (NTZ) and Abu Negila fished area to the South,Transect count,Genus group,Cardiidae,Tridacna,NA,NA,Density,NA,NTZ,Dagal,Yes,4,475,0.5,NA,NA,No,NA,475,
140,South El Ghargana NTZ and El Ghargana fished area to the North,Transect count,Genus group,Cardiidae,Tridacna,NA,NA,Density,NA,NTZ,South El Ghargana,Yes,1,-475,2.5,NA,NA,No,NA,-475,
140,South El Ghargana NTZ and El Ghargana fished area to the North,Transect count,Genus group,Cardiidae,Tridacna,NA,NA,Density,NA,NTZ,South El Ghargana,Yes,2,-375,0,NA,NA,No,NA,-375,
140,South El Ghargana NTZ and El Ghargana fished area to the North,Transect count,Genus group,Cardiidae,Tridacna,NA,NA,Density,NA,NTZ,South El Ghargana,Yes,3,-225,0,NA,NA,No,NA,-225,
140,South El Ghargana NTZ and El Ghargana fished area to the North,Transect count,Genus group,Cardiidae,Tridacna,NA,NA,Density,NA,NTZ,South El Ghargana,Yes,4,-1175,22.5,NA,NA,No,NA,-1175,
140,South El Ghargana NTZ and El Ghargana fished area to the North,Transect count,Genus group,Cardiidae,Tridacna,NA,NA,Density,NA,NTZ,South El Ghargana,Yes,5,-125,7.25,NA,NA,No,NA,-125,
140,South El Ghargana NTZ and El Ghargana fished area to the North,Transect count,Genus group,Cardiidae,Tridacna,NA,NA,Density,NA,NTZ,South El Ghargana,Yes,1,-75,2.5,NA,NA,No,NA,-75,
140,South El Ghargana NTZ and El Ghargana fished area to the North,Transect count,Genus group,Cardiidae,Tridacna,NA,NA,Density,NA,NTZ,South El Ghargana,Yes,2,-25,8,NA,NA,No,NA,-25,
140,South El Ghargana NTZ and El Ghargana fished area to the North,Transect count,Genus group,Cardiidae,Tridacna,NA,NA,Density,NA,NTZ,South El Ghargana,Yes,3,25,5,NA,NA,No,NA,25,
140,South El Ghargana NTZ and El Ghargana fished area to the North,Transect count,Genus group,Cardiidae,Tridacna,NA,NA,Density,NA,NTZ,South El Ghargana,Yes,4,75,1,NA,NA,No,NA,75,
140,South El Ghargana NTZ and El Ghargana fished area to the North,Transect count,Genus group,Cardiidae,Tridacna,NA,NA,Density,NA,NTZ,South El Ghargana,Yes,5,125,0,NA,NA,No,NA,125,
140,South El Ghargana NTZ and El Ghargana fished area to the North,Transect count,Genus group,Cardiidae,Tridacna,NA,NA,Density,NA,NTZ,South El Ghargana,Yes,1,175,0.25,NA,NA,No,NA,175,
140,South El Ghargana NTZ and El Ghargana fished area to the North,Transect count,Genus group,Cardiidae,Tridacna,NA,NA,Density,NA,NTZ,South El Ghargana,Yes,2,225,0,NA,NA,No,NA,225,
140,South El Ghargana NTZ and El Ghargana fished area to the North,Transect count,Genus group,Cardiidae,Tridacna,NA,NA,Density,NA,NTZ,South El Ghargana,Yes,3,375,0.5,NA,NA,No,NA,375,
140,South El Ghargana NTZ and El Ghargana fished area to the North,Transect count,Genus group,Cardiidae,Tridacna,NA,NA,Density,NA,NTZ,South El Ghargana,Yes,4,475,6,NA,NA,No,NA,475,
140,"South El Ghargana NTZ, El Sohoo fished area to the South",Transect count,Genus group,Cardiidae,Tridacna,NA,NA,Density,NA,NTZ,South El Ghargana,Yes,1,-475,2.5,NA,NA,Yes,NA,-475,
140,"South El Ghargana NTZ, El Sohoo fished area to the South",Transect count,Genus group,Cardiidae,Tridacna,NA,NA,Density,NA,NTZ,South El Ghargana,Yes,2,-375,4,NA,NA,Yes,NA,-375,
140,"South El Ghargana NTZ, El Sohoo fished area to the South",Transect count,Genus group,Cardiidae,Tridacna,NA,NA,Density,NA,NTZ,South El Ghargana,Yes,3,-225,17.5,NA,NA,Yes,NA,-225,
140,"South El Ghargana NTZ, El Sohoo fished area to the South",Transect count,Genus group,Cardiidae,Tridacna,NA,NA,Density,NA,NTZ,South El Ghargana,Yes,4,-175,11,NA,NA,Yes,NA,-175,
140,"South El Ghargana NTZ, El Sohoo fished area to the South",Transect count,Genus group,Cardiidae,Tridacna,NA,NA,Density,NA,NTZ,South El Ghargana,Yes,5,-125,12,NA,NA,Yes,NA,-125,
140,"South El Ghargana NTZ, El Sohoo fished area to the South",Transect count,Genus group,Cardiidae,Tridacna,NA,NA,Density,NA,NTZ,South El Ghargana,Yes,1,-75,10.25,NA,NA,Yes,NA,-75,
140,"South El Ghargana NTZ, El Sohoo fished area to the South",Transect count,Genus group,Cardiidae,Tridacna,NA,NA,Density,NA,NTZ,South El Ghargana,Yes,2,-25,10.5,NA,NA,Yes,NA,-25,
140,"South El Ghargana NTZ, El Sohoo fished area to the South",Transect count,Genus group,Cardiidae,Tridacna,NA,NA,Density,NA,NTZ,South El Ghargana,Yes,3,25,12.5,NA,NA,Yes,NA,25,
140,"South El Ghargana NTZ, El Sohoo fished area to the South",Transect count,Genus group,Cardiidae,Tridacna,NA,NA,Density,NA,NTZ,South El Ghargana,Yes,4,75,12,8,NA,Yes,NA,75,
140,"South El Ghargana NTZ, El Sohoo fished area to the South",Transect count,Genus group,Cardiidae,Tridacna,NA,NA,Density,NA,NTZ,South El Ghargana,Yes,5,125,8,NA,NA,Yes,NA,125,
140,"South El Ghargana NTZ, El Sohoo fished area to the South",Transect count,Genus group,Cardiidae,Tridacna,NA,NA,Density,NA,NTZ,South El Ghargana,Yes,1,175,7.5,NA,NA,Yes,NA,175,
140,"South El Ghargana NTZ, El Sohoo fished area to the South",Transect count,Genus group,Cardiidae,Tridacna,NA,NA,Density,NA,NTZ,South El Ghargana,Yes,2,225,2.5,NA,NA,Yes,NA,225,
140,"South El Ghargana NTZ, El Sohoo fished area to the South",Transect count,Genus group,Cardiidae,Tridacna,NA,NA,Density,NA,NTZ,South El Ghargana,Yes,3,375,3,NA,NA,Yes,NA,375,
140,"South El Ghargana NTZ, El Sohoo fished area to the South",Transect count,Genus group,Cardiidae,Tridacna,NA,NA,Density,NA,NTZ,South El Ghargana,Yes,4,475,0.5,NA,NA,Yes,NA,475,
140,"Dagal NTZ, Abu Negila fished area to the south",Transect count,Individual species,Tegulidae,Tectus,dentatus,NA,Density,NA,NTZ,Dagal,Yes,1,-475,0,NA,NA,No,Tectus dentatus,-475,
140,"Dagal NTZ, Abu Negila fished area to the south",Transect count,Individual species,Tegulidae,Tectus,dentatus,NA,Density,NA,NTZ,Dagal,Yes,2,-375,0.5,NA,NA,No,Tectus dentatus,-375,
140,"Dagal NTZ, Abu Negila fished area to the south",Transect count,Individual species,Tegulidae,Tectus,dentatus,NA,Density,NA,NTZ,Dagal,Yes,3,-225,0.5,NA,NA,No,Tectus dentatus,-225,
140,"Dagal NTZ, Abu Negila fished area to the south",Transect count,Individual species,Tegulidae,Tectus,dentatus,NA,Density,NA,NTZ,Dagal,Yes,4,-175,3.5,NA,NA,No,Tectus dentatus,-175,
140,"Dagal NTZ, Abu Negila fished area to the south",Transect count,Individual species,Tegulidae,Tectus,dentatus,NA,Density,NA,NTZ,Dagal,Yes,5,-125,2,NA,NA,No,Tectus dentatus,-125,
140,"Dagal NTZ, Abu Negila fished area to the south",Transect count,Individual species,Tegulidae,Tectus,dentatus,NA,Density,NA,NTZ,Dagal,Yes,1,-75,1,NA,NA,No,Tectus dentatus,-75,
140,"Dagal NTZ, Abu Negila fished area to the south",Transect count,Individual species,Tegulidae,Tectus,dentatus,NA,Density,NA,NTZ,Dagal,Yes,2,-25,0.5,NA,NA,No,Tectus dentatus,-25,
140,"Dagal NTZ, Abu Negila fished area to the south",Transect count,Individual species,Tegulidae,Tectus,dentatus,NA,Density,NA,NTZ,Dagal,Yes,3,25,0.3,NA,NA,No,Tectus dentatus,25,
140,"Dagal NTZ, Abu Negila fished area to the south",Transect count,Individual species,Tegulidae,Tectus,dentatus,NA,Density,NA,NTZ,Dagal,Yes,4,125,1.75,NA,NA,No,Tectus dentatus,125,
140,"Dagal NTZ, Abu Negila fished area to the south",Transect count,Individual species,Tegulidae,Tectus,dentatus,NA,Density,NA,NTZ,Dagal,Yes,5,125,0.5,NA,NA,No,Tectus dentatus,125,
140,"Dagal NTZ, Abu Negila fished area to the south",Transect count,Individual species,Tegulidae,Tectus,dentatus,NA,Density,NA,NTZ,Dagal,Yes,1,175,0,NA,NA,No,Tectus dentatus,175,
140,"Dagal NTZ, Abu Negila fished area to the south",Transect count,Individual species,Tegulidae,Tectus,dentatus,NA,Density,NA,NTZ,Dagal,Yes,2,225,0,NA,NA,No,Tectus dentatus,225,
140,"Dagal NTZ, Abu Negila fished area to the south",Transect count,Individual species,Tegulidae,Tectus,dentatus,NA,Density,NA,NTZ,Dagal,Yes,3,375,1,NA,NA,No,Tectus dentatus,375,
140,"Dagal NTZ, Abu Negila fished area to the south",Transect count,Individual species,Tegulidae,Tectus,dentatus,NA,Density,NA,NTZ,Dagal,Yes,4,475,0.3,NA,NA,No,Tectus dentatus,475,
140,"South El Ghargana NTZ, El Ghargana fished area to north",Transect count,Individual species,Tegulidae,Tectus,dentatus,NA,Density,NA,NTZ,South El Ghargana,Yes,1,-475,1.6,NA,NA,No,Tectus dentatus,-475,
140,"South El Ghargana NTZ, El Ghargana fished area to north",Transect count,Individual species,Tegulidae,Tectus,dentatus,NA,Density,NA,NTZ,South El Ghargana,Yes,2,-375,0.25,NA,NA,No,Tectus dentatus,-375,
140,"South El Ghargana NTZ, El Ghargana fished area to north",Transect count,Individual species,Tegulidae,Tectus,dentatus,NA,Density,NA,NTZ,South El Ghargana,Yes,3,-225,0.25,NA,NA,No,Tectus dentatus,-225,
140,"South El Ghargana NTZ, El Ghargana fished area to north",Transect count,Individual species,Tegulidae,Tectus,dentatus,NA,Density,NA,NTZ,South El Ghargana,Yes,4,-175,0.25,NA,NA,No,Tectus dentatus,-175,
140,"South El Ghargana NTZ, El Ghargana fished area to north",Transect count,Individual species,Tegulidae,Tectus,dentatus,NA,Density,NA,NTZ,South El Ghargana,Yes,5,-125,0,NA,NA,No,Tectus dentatus,-125,
140,"South EL Ghargana NTZ, El Ghargana fished area to the north",Transect count,Individual species,Tegulidae,Tectus,dentatus,NA,Density,NA,NTZ,South El Ghargana,Yes,1,-75,1.75,NA,NA,No,Tectus dentatus,-75,
140,"South EL Ghargana NTZ, El Ghargana fished area to the north",Transect count,Individual species,Tegulidae,Tectus,dentatus,NA,Density,NA,NTZ,South El Ghargana,Yes,2,-25,0,NA,NA,No,Tectus dentatus,-25,
140,"South EL Ghargana NTZ, El Ghargana fished area to the north",Transect count,Individual species,Tegulidae,Tectus,dentatus,NA,Density,NA,NTZ,South El Ghargana,Yes,3,25,0NA,NA,75,No,Tectus dentatus,25,
140,"South EL Ghargana NTZ, El Ghargana fished area to the north",Transect count,Individual species,Tegulidae,Tectus,dentatus,NA,Density,NA,NTZ,South El Ghargana,Yes,5,125,0,NA,NA,No,Tectus dentatus,125,
140,"South El Ghargana NTZ, El Ghargana fished area to the North",Transect count,Individual species,Tegulidae,Tectus,dentatus,NA,Density,NA,NTZ,South El Ghargana,Yes,1,175,0,NA,NA,No,Tectus dentatus,175,
140,"South El Ghargana NTZ, El Ghargana fished area to the North",Transect count,Individual species,Tegulidae,Tectus,dentatus,NA,Density,NA,NTZ,South El Ghargana,Yes,2,225,0,NA,NA,No,Tectus dentatus,225,
140,"South El Ghargana NTZ, El Ghargana fished area to the North",Transect count,Individual species,Tegulidae,Tectus,dentatus,NA,Density,NA,NTZ,South El Ghargana,Yes,3,375,0,NA,NA,No,Tectus dentatus,375,
140,"South El Ghargana NTZ, El Ghargana fished area to the North",Transect count,Individual species,Tegulidae,Tectus,dentatus,NA,Density,NA,NTZ,South El Ghargana,Yes,4,475,0,NA,NA,No,Tectus dentatus,475,
140,"South El Ghargana NTZ, El Sohoo fished area to the south",Transect count,Individual species,Tegulidae,Tectus,dentatus,NA,Density,NA,NTZ,South El Ghargana,Yes,1,-475,0.6,NA,NA,No,Tectus dentatus,-475,
140,"South El Ghargana NTZ, El Sohoo fished area to the south",Transect count,Individual species,Tegulidae,Tectus,dentatus,NA,Density,NA,NTZ,South El Ghargana,Yes,2,-375,0.5,NA,NA,No,Tectus dentatus,-375,
140,"South El Ghargana NTZ, El Sohoo fished area to the south",Transect count,Individual species,Tegulidae,Tectus,dentatus,NA,Density,NA,NTZ,South El Ghargana,Yes,3,-225,0.25,NA,NA,No,Tectus dentatus,-225,
140,"South El Ghargana NTZ, El Sohoo fished area to the south",Transect count,Individual species,Tegulidae,Tectus,dentatus,NA,Density,NA,NTZ,South El Ghargana,Yes,4,-175,0.95,NA,NA,No,Tectus dentatus,-175,
140,"South El Ghargana NTZ, El Sohoo fished area to the south",Transect count,Individual species,Tegulidae,Tectus,dentatus,NA,Density,NA,NTZ,South El Ghargana,Yes,5,-125,0.75,NA,NA,No,Tectus dentatus,-125,
140,"South El Ghargana NTZ, EL Sohoo fished area to the south",Transect count,Individual species,Tegulidae,Tectus,dentatus,NA,Density,NA,NTZ,South El Ghargana,Yes,1,-75,2,NA,NA,No,Tectus dentatus,-75,
140,"South El Ghargana NTZ, EL Sohoo fished area to the south",Transect count,Individual species,Tegulidae,Tectus,dentatus,NA,Density,NA,NTZ,South El Ghargana,Yes,2,-25,1,NA,NA,No,Tectus dentatus,-25,
140,"South El Ghargana NTZ, EL Sohoo fished area to the south",Transect count,Individual species,Tegulidae,Tectus,dentatus,NA,Density,NA,NTZ,South El Ghargana,Yes,3,25,1.5,NA,NA,No,Tectus dentatus,25,
140,"South El Ghargana NTZ, EL Sohoo fished area to the south",Transect count,Individual species,Tegulidae,Tectus,dentatus,NA,Density,NA,NTZ,South El Ghargana,Yes,4,75,0,NA,NA,No,Tectus dentatus,75,
140,"South El Ghargana NTZ, EL Sohoo fished area to the south",Transect count,Individual species,Tegulidae,Tectus,dentatus,NA,Density,NA,NTZ,South El Ghargana,Yes,5,125,0,NA,NA,No,Tectus dentatus,125,
140,"South El Ghargana NTZ, El Sohoo fished area to the south",Transect count,Individual species,Tegulidae,Tectus,dentatus,NA,Density,NA,NTZ,South El Ghargana,Yes,1,175,1,NA,NA,No,Tectus dentatus,175,
140,"South El Ghargana NTZ, El Sohoo fished area to the south",Transect count,Individual species,Tegulidae,Tectus,dentatus,NA,Density,NA,NTZ,South El Ghargana,Yes,2,225,0.25,NA,NA,No,Tectus dentatus,225,
140,"South El Ghargana NTZ, El Sohoo fished area to the south",Transect count,Individual species,Tegulidae,Tectus,dentatus,NA,Density,NA,NTZ,South El Ghargana,Yes,3,375,0.75,NA,NA,No,Tectus dentatus,375,
140,"South El Ghargana NTZ, El Sohoo fished area to the south",Transect count,Individual species,Tegulidae,Tectus,dentatus,NA,Density,NA,NTZ,South El Ghargana,Yes,4,475,0,NA,NA,No,Tectus dentatus,475,
176,Only includes data from 2010-2014 for the density/biomass estimates,Catch,Individual species,Palinuridae,Palinurus,elephas,NA,Catch per unit effort (CPUE),Standard error,NTZ,Columbretes Islands Marine Reserve,Yes,1,<1000,0.07,0.03,0.03,NA,Palinurus elephas,1000,
176,Only includes data from 2010-2014 for the density/biomass estimates,Catch,Individual species,Palinuridae,Palinurus,elephas,NA,Catch per unit effort (CPUE),Standard error,NTZ,Columbretes Islands Marine Reserve,Yes,2,1000-30000,0.03,0.02,0.02,NA,Palinurus elephas,15500,
176,Only includes data from 2010-2014 for the density/biomass estimates,Catch,Individual species,Palinuridae,Palinurus,elephas,NA,Catch per unit effort (CPUE),Standard error,NTZ,Columbretes Islands Marine Reserve,Yes,3,300000,0.13,0.04,0.04,NA,Palinurus elephas,3.00E+05,
176,Only includes data from 2010-2014 for the density/biomass estimates,Catch,Individual species,Palinuridae,Palinurus,elephas,NA,Catch per unit effort (CPUE),Standard error,NTZ,Columbretes Islands Marine Reserve,Yes,4,350000,0.08,0.02,0.02,NA,Palinurus elephas,350000,
176,Only includes data from 2010-2014 for the density/biomass estimates,Catch,Individual species,Palinuridae,Palinurus,elephas,NA,Weight Per Unit Effort,Standard error,NTZ,Columbretes Islands Marine Reserve,Yes,1,<1000,0.04,0.01,0.01,NA,Palinurus elephas,1000,
176,Only includes data from 2010-2014 for the density/biomass estimates,Catch,Individual species,Palinuridae,Palinurus,elephas,NA,Weight Per Unit Effort,Standard error,NTZ,Columbretes Islands Marine Reserve,Yes,2,1000-30000,0.02,0.005,0.005,NA,Palinurus elephas,15500,
176,Only includes data from 2010-2014 for the density/biomass estimates,Catch,Individual species,Palinuridae,Palinurus,elephas,NA,Weight Per Unit Effort,Standard error,NTZ,Columbretes Islands Marine Reserve,Yes,3,300000,0.05,0.005,0.005,NA,Palinurus elephas,3.00E+05,
176,Only includes data from 2010-2014 for the density/biomass estimates,Catch,Individual species,Palinuridae,Palinurus,elephas,NA,Weight Per Unit Effort,Standard error,NTZ,Columbretes Islands Marine Reserve,Yes,4,350000,0.03,0.0025,0.0025,NA,Palinurus elephas,350000,
209,Results read from a smoothed fit of regression line to commercial fishing hauls from 2008-2009,Catch,Individual species,Palinuridae,Palinurus,elephas,NA,Catch per unit effort (CPUE),NA,NTZ,Su Pallosu no-take area,Yes,1,0,0.24,NA,NA,Yes,Palinurus elephas,0,6000
209,Results read from a smoothed fit of regression line to commercial fishing hauls from 2008-2009,Catch,Individual species,Palinuridae,Palinurus,elephas,NA,Catch per unit effort (CPUE),NA,NTZ,Su Pallosu no-take area,Yes,2,5000,0.12,NA,NA,Yes,Palinurus elephas,5000,6000
209,Results read from a smoothed fit of regression line to commercial fishing hauls from 2008-2009,Catch,Individual species,Palinuridae,Palinurus,elephas,NA,Catch per unit effort (CPUE),NA,NTZ,Su Pallosu no-take area,Yes,3,10000,0.05,NA,NA,Yes,Palinurus elephas,10000,6000
209,Results read from a smoothed fit of regression line to commercial fishing hauls from 2008-2009,Catch,Individual species,Palinuridae,Palinurus,elephas,NA,Catch per unit effort (CPUE),NA,NTZ,Su Pallosu no-take area,Yes,4,15000,0.05,NA,NA,Yes,Palinurus elephas,15000,6000
209,Results read from a smoothed fit of regression line to commercial fishing hauls from 2008-2009,Catch,Individual species,Palinuridae,Palinurus,elephas,NA,Catch per unit effort (CPUE),NA,NTZ,Su Pallosu no-take area,Yes,5,20000,0.05,NA,NA,Yes,Palinurus elephas,20000,6000
209,Results read from a smoothed fit of regression line to commercial fishing hauls from 2008-2009,Catch,Individual species,Palinuridae,Palinurus,elephas,NA,Catch per unit effort (CPUE),NA,NTZ,Su Pallosu no-take area,Yes,1,25000,0.06,NA,NA,Yes,Palinurus elephas,25000,6000
304,"Biomass is provided for 6 different Distance classes (e.g. within 200 m, 200‚Äì250 m, >250 m, etc.) for each an early (1985 to 1988) and a late (1990 to 2001) phase of protection., Fig. 2b
RD1 stores the early phase and RD2 the late phase.",Transect count,Individual species,Acanthuridae,Naso,Naso vlamingii,NA,Biomass,Standard error,NTZ,Apo Island Marine Reserve,"Open to traditional fishing methods, non-destructive to the benthos since 1986",1,200-250m,0.3,1,NA,No,Naso Naso vlamingii,225,
304,"Biomass is provided for 6 different Distance classes (e.g. within 200 m, 200‚Äì250 m, >250 m, etc.) for each an early (1985 to 1988) and a late (1990 to 2001) phase of protection., Fig. 2b
RD1 stores the early phase and RD2 the late phase.",Transect count,Individual species,Acanthuridae,Naso,Naso vlamingii,NA,Biomass,Standard error,NTZ,Apo Island Marine Reserve,"Open to traditional fishing methods, non-destructive to the benthos since 1986",2,250-300m,2.6,5,NA,No,Naso Naso vlamingii,275,
304,"Biomass is provided for 6 different Distance classes (e.g. within 200 m, 200‚Äì250 m, >250 m, etc.) for each an early (1985 to 1988) and a late (1990 to 2001) phase of protection., Fig. 2b
RD1 stores the early phase and RD2 the late phase.",Transect count,Individual species,Acanthuridae,Naso,Naso vlamingii,NA,Biomass,Standard error,NTZ,Apo Island Marine Reserve,"Open to traditional fishing methods, non-destructive to the benthos since 1986",3,300-350m,0,NA,NA,No,Naso Naso vlamingii,325,
304,"Biomass is provided for 6 different Distance classes (e.g. within 200 m, 200‚Äì250 m, >250 m, etc.) for each an early (1985 to 1988) and a late (1990 to 2001) phase of protection., Fig. 2b
RD1 stores the early phase and RD2 the late phase.",Transect count,Individual species,Acanthuridae,Naso,Naso vlamingii,NA,Biomass,Standard error,NTZ,Apo Island Marine Reserve,"Open to traditional fishing methods, non-destructive to the benthos since 1986",4,400-450m,0.6,1,NA,No,Naso Naso vlamingii,425,
304,"Biomass is provided for 6 different Distance classes (e.g. within 200 m, 200‚Äì250 m, >250 m, etc.) for each an early (1985 to 1988) and a late (1990 to 2001) phase of protection., Fig. 2b
RD1 stores the early phase and RD2 the late phase.",Transect count,Individual species,Acanthuridae,Naso,Naso vlamingii,NA,Biomass,Standard error,NTZ,Apo Island Marine Reserve,"Open to traditional fishing methods, non-destructive to the benthos since 1986",5,450-500m,0,NA,NA,No,Naso Naso vlamingii,475,
304,"Biomass is provided for 6 different Distance classes (e.g. within 200 m, 200‚Äì250 m, >250 m, etc.) for each an early (1985 to 1988) and a late (1990 to 2001) phase of protection., Fig. 2b
R1 stores the early phase and RD2 the late phase.",Transect count,Individual species,Acanthuridae,Naso,Naso vlamingii,NA,Biomass,Standard error,NTZ,Apo Island Marine Reserve,"Open to traditional fishing methods, non-destructive to the benthos since 1986",1,200-250m,13,19,NA,No,Naso Naso vlamingii,225,
304,"Biomass is provided for 6 different Distance classes (e.g. within 200 m, 200‚Äì250 m, >250 m, etc.) for each an early (1985 to 1988) and a late (1990 to 2001) phase of protection., Fig. 2b
R1 stores the early phase and RD2 the late phase.",Transect count,Individual species,Acanthuridae,Naso,Naso vlamingii,NA,Biomass,Standard error,NTZ,Apo Island Marine Reserve,"Open to traditional fishing methods, non-destructive to the benthos since 1986",2,250-300m,1.8,2.2,NA,No,Naso Naso vlamingii,275,
304,"Biomass is provided for 6 different Distance classes (e.g. within 200 m, 200‚Äì250 m, >250 m, etc.) for each an early (1985 to 1988) and a late (1990 to 2001) phase of protection., Fig. 2b
R1 stores the early phase and RD2 the late phase.",Transect count,Individual species,Acanthuridae,Naso,Naso vlamingii,NA,Biomass,Standard error,NTZ,Apo Island Marine Reserve,"Open to traditional fishing methods, non-destructive to the benthos since 1986",3,300-350m,0.9,1.2,NA,No,Naso Naso vlamingii,325,
304,"Biomass is provided for 6 different Distance classes (e.g. within 200 m, 200‚Äì250 m, >250 m, etc.) for each an early (1985 to 1988) and a late (1990 to 2001) phase of protection., Fig. 2b
R1 stores the early phase and RD2 the late phase.",Transect count,Individual species,Acanthuridae,Naso,Naso vlamingii,NA,Biomass,Standard error,NTZ,Apo Island Marine Reserve,"Open to traditional fishing methods, non-destructive to the benthos since 1986",4,400-450m,0.5,0.9,NA,No,Naso Naso vlamingii,425,
304,"Biomass is provided for 6 different Distance classes (e.g. within 200 m, 200‚Äì250 m, >250 m, etc.) for each an early (1985 to 1988) and a late (1990 to 2001) phase of protection., Fig. 2b
R1 stores the early phase and RD2 the late phase.",Transect count,Individual species,Acanthuridae,Naso,Naso vlamingii,NA,Biomass,Standard error,NTZ,Apo Island Marine Reserve,"Open to traditional fishing methods, non-destructive to the benthos since 1986",5,450-500m,1.2,1.8,NA,No,Naso Naso vlamingii,475,
304,"Results are provided in hook-and-line catch per unit effort (CPUE) close
to (within 200 m) and some distance from (> 250 m) reserve in 2000 to 2001, Fig. 2c",Catch,Individual species,Acanthuridae,Naso,Naso vlamingii,NA,Catch per unit effort (CPUE),Standard error,NTZ,Apo Island Marine Reserve,"Open to traditional fishing methods, non-destructive to the benthos since 1986",1,Withing 200m,0.45,0.55,NA,Yes,Naso Naso vlamingii,200,
304,"Results are provided in hook-and-line catch per unit effort (CPUE) close
to (within 200 m) and some distance from (> 250 m) reserve in 2000 to 2001, Fig. 2c",Catch,Individual species,Acanthuridae,Naso,Naso vlamingii,NA,Catch per unit effort (CPUE),Standard error,NTZ,Apo Island Marine Reserve,"Open to traditional fishing methods, non-destructive to the benthos since 1986",2,Over 250 m,0.01,NA,NA,Yes,Naso Naso vlamingii,250,
310,"distance 1 is the inside area, distance 2 is open to rec fishing (near) and distance 3 is open to rec fishing (far)",Catch,Individual species,Portunidae,Scylla,serrata,NA,Catch per unit effort (CPUE),Standard error,NTZ,Tripcony Bight reserve,recreational only,1,0,1.5,1.65,1.35,Yes,Scylla serrata,0,
310,"distance 1 is the inside area, distance 2 is open to rec fishing (near) and distance 3 is open to rec fishing (far)",Catch,Individual species,Portunidae,Scylla,serrata,NA,Catch per unit effort (CPUE),Standard error,NTZ,Tripcony Bight reserve,recreational only,2,2000,1.05,1.25,0.8,Yes,Scylla serrata,2000,
310,"distance 1 is the inside area, distance 2 is open to rec fishing (near) and distance 3 is open to rec fishing (far)",Catch,Individual species,Portunidae,Scylla,serrata,NA,Catch per unit effort (CPUE),Standard error,NTZ,Tripcony Bight reserve,recreational only,3,6000,0.3,0.4,0.2,Yes,Scylla serrata,6000,
310,"distance 1 is inside the NTZ, distance 2 is open to fishing (near) and distance 3 is open to fishing (far)",Catch,Individual species,Portunidae,Scylla,serrata,NA,Catch per unit effort (CPUE),Standard error,NTZ,Willes Island reserve,Yes,1,0,1.5,1.65,1.35,Yes,Scylla serrata,0,
310,"distance 1 is inside the NTZ, distance 2 is open to fishing (near) and distance 3 is open to fishing (far)",Catch,Individual species,Portunidae,Scylla,serrata,NA,Catch per unit effort (CPUE),Standard error,NTZ,Willes Island reserve,Yes,2,1000,0.5,0.6,0.4,Yes,Scylla serrata,1000,
310,"distance 1 is inside the NTZ, distance 2 is open to fishing (near) and distance 3 is open to fishing (far)",Catch,Individual species,Portunidae,Scylla,serrata,NA,Catch per unit effort (CPUE),Standard error,NTZ,Willes Island reserve,Yes,3,2000,0.4,0.55,0.25,Yes,Scylla serrata,2000,
346,Results taken from a plot of generalised linear model accounting for the effects of depth and reserve (as covariates),Catch,Individual species,Palinuridae,Palinurus,elephas,NA,Catch per unit area,Unknown,NTZ,Columbretes Island Marine Reserve,Yes,1,0,1.13,1.6,0.66,Yes,Palinurus elephas,0,4500
346,Results taken from a plot of generalised linear model accounting for the effects of depth and reserve (as covariates),Catch,Individual species,Palinuridae,Palinurus,elephas,NA,Catch per unit area,Unknown,NTZ,Columbretes Island Marine Reserve,Yes,2,1000,0.36,0.51,0.22,Yes,Palinurus elephas,1000,4500
346,Results taken from a plot of generalised linear model accounting for the effects of depth and reserve (as covariates),Catch,Individual species,Palinuridae,Palinurus,elephas,NA,Catch per unit area,Unknown,NTZ,Columbretes Island Marine Reserve,Yes,3,2000,-0.4,-0.22,-0.56,Yes,Palinurus elephas,2000,4500
346,Results taken from a plot of generalised linear model accounting for the effects of depth and reserve (as covariates),Catch,Individual species,Palinuridae,Palinurus,elephas,NA,Catch per unit area,Unknown,NTZ,Columbretes Island Marine Reserve,Yes,4,3000,-1.16,-0.68,-1.62,Yes,Palinurus elephas,3000,4500
346,Results taken from a plot of generalised linear model accounting for the effects of depth and reserve (as covariates),Catch,Individual species,Palinuridae,Palinurus,elephas,NA,Catch per unit area,Unknown,NTZ,Columbretes Island Marine Reserve,Yes,5,4000,-1.94,-1.12,-2.7,Yes,Palinurus elephas,4000,4500
362,The map has no scale bar so I don't know how far away the close and far areas are - I approximated from Google maps,Catch,Target species as a group,NA,NA,NA,Fish that are caught my spearfishers,Catch per unit effort (CPUE),NA,PPO,Castle Rocks Marine Reserve,Yes,1,<2500,57.31,NA,NA,NA,NA,2500,
362,The map has no scale bar so I don't know how far away the close and far areas are - I approximated from Google maps,Catch,Target species as a group,NA,NA,NA,Fish that are caught my spearfishers,Catch per unit effort (CPUE),NA,PPO,Castle Rocks Marine Reserve,Yes,2,>2500,57.93,NA,NA,NA,NA,2500,
367,paper provides time series results for inside/outside for 2 NTZs and distance from boundary results for one of the NTZ; all results focus on species richness. This form records RD.1 for the early protection phase,Transect count,Functional group,NA,NA,NA,"Large predatory reef fish (Serranidae, Lutjanidae, Lethrinidae)",Species richness (number of species per 1000 m¬≤),Standard error,NTZ,Apo Island Marine Reserve,Yes,1,200-250m,0.57,0.75,NA,Yes,NA,225,250
367,paper provides time series results for inside/outside for 2 NTZs and distance from boundary results for one of the NTZ; all results focus on species richness. This form records RD.1 for the early protection phase,Transect count,Functional group,NA,NA,NA,"Large predatory reef fish (Serranidae, Lutjanidae, Lethrinidae)",Species richness (number of species per 1000 m¬≤),Standard error,NTZ,Apo Island Marine Reserve,Yes,2,250-500m,0.51,0.68,NA,Yes,NA,375,250
367,paper provides time series results for inside/outside for 2 NTZs and distance from boundary results for one of the NTZ; all results focus on species richness. This form provides RD for mid protection period ,Transect count,Functional group,NA,NA,NA,"Large predatory reef fish (Serranidae, Lutjanidae, Lethrinidae)",Species richness (number of species per 1000 m¬≤),Standard error,NTZ,Apo Island Marine Reserve,Yes,1,200-250m,2.63,3.58,NA,Yes,NA,225,250
367,paper provides time series results for inside/outside for 2 NTZs and distance from boundary results for one of the NTZ; all results focus on species richness. This form provides RD for mid protection period ,Transect count,Functional group,NA,NA,NA,"Large predatory reef fish (Serranidae, Lutjanidae, Lethrinidae)",Species richness (number of species per 1000 m¬≤),Standard error,NTZ,Apo Island Marine Reserve,Yes,2,250-500m,1.75,2,NA,Yes,NA,375,250
367,paper provides time series results for inside/outside for 2 NTZs and distance from boundary results for one of the NTZ; all results focus on species richness. This form provides RD results for late protection phase,Transect count,Functional group,NA,NA,NA,"Large predatory reef fish (Serranidae, Lutjanidae, Lethrinidae) ",Species richness (number of species per 1000 m¬≤),Standard error,NTZ,Apo Island Marine Reserve,Yes,1,200-250m,5.3,6.04,NA,Yes,NA,225,250
367,paper provides time series results for inside/outside for 2 NTZs and distance from boundary results for one of the NTZ; all results focus on species richness. This form provides RD results for late protection phase,Transect count,Functional group,NA,NA,NA,"Large predatory reef fish (Serranidae, Lutjanidae, Lethrinidae) ",Species richness (number of species per 1000 m¬≤),Standard error,NTZ,Apo Island Marine Reserve,Yes,2,250-500m,2.82,3.01,NA,Yes,NA,375,250
406,Only provide confidence intervals for two sites with multiple subsites. They estimate that the spillover extends from approx. 6 km to 20 km from the reserve,Larvae collectors ,Individual species,Mytilidae,Perna,perna,NA,Recruitment Index,Standard error,NTZ,Goukamma Nature Reserve,Yes,1,0,2.73,3.34,2.1,Yes,Perna perna,0,20000
406,Only provide confidence intervals for two sites with multiple subsites. They estimate that the spillover extends from approx. 6 km to 20 km from the reserve,Larvae collectors ,Individual species,Mytilidae,Perna,perna,NA,Recruitment Index,Standard error,NTZ,Goukamma Nature Reserve,Yes,2,5500,1.53,1.98,1.1,Yes,Perna perna,5500,20000
406,Only provide confidence intervals for two sites with multiple subsites. They estimate that the spillover extends from approx. 6 km to 20 km from the reserve,Larvae collectors ,Individual species,Mytilidae,Perna,perna,NA,Recruitment Index,Standard error,NTZ,Goukamma Nature Reserve,Yes,3,13000,0.14,NA,NA,Yes,Perna perna,13000,20000
406,Only provide confidence intervals for two sites with multiple subsites. They estimate that the spillover extends from approx. 6 km to 20 km from the reserve,Larvae collectors ,Individual species,Mytilidae,Perna,perna,NA,Recruitment Index,Standard error,NTZ,Goukamma Nature Reserve,Yes,4,140000,0.09,NA,NA,Yes,Perna perna,140000,20000
406,Only provide confidence intervals for two sites with multiple subsites. They estimate that the spillover extends from approx. 6 km to 20 km from the reserve,Larvae collectors ,Individual species,Mytilidae,Perna,perna,NA,Recruitment Index,Standard error,NTZ,Goukamma Nature Reserve,Yes,5,29000,0.02,NA,NA,Yes,Perna perna,29000,20000
406,NA,Larvae collectors,Individual species,Chthamalidae,Octomeris,angulosa,NA,Recruitment Index,Standard error,NTZ,Goukamma Marine Reserve,Yes,1,0,0.17,0.26,0.07,Yes,Octomeris angulosa,0,NA
406,NA,Larvae collectors,Individual species,Chthamalidae,Octomeris,angulosa,NA,Recruitment Index,Standard error,NTZ,Goukamma Marine Reserve,Yes,2,5000,0.47,0.66,0.26,Yes,Octomeris angulosa,5000,NA
406,NA,Larvae collectors,Individual species,Chthamalidae,Octomeris,angulosa,NA,Recruitment Index,Standard error,NTZ,Goukamma Marine Reserve,Yes,3,14500,1.53,2.48,0.56,Yes,Octomeris angulosa,14500,NA
406,NA,Larvae collectors,Individual species,Chthamalidae,Octomeris,angulosa,NA,Recruitment Index,Standard error,NTZ,Goukamma Marine Reserve,Yes,4,28000,0.45,0.55,0.35,Yes,Octomeris angulosa,28000,NA
406,They estimate that the spillover effect goes from approx. 10 km to 20 km,Larvae collector,Individual species,Mytilidae,Perna,perna,NA,Recruitment Index,Standard error,NTZ,Dwesa-Cwebe Marine Reserve,Yes,1,3400,0.77,0.83,0.7,Yes,Perna perna,3400,20000
406,They estimate that the spillover effect goes from approx. 10 km to 20 km,Larvae collector,Individual species,Mytilidae,Perna,perna,NA,Recruitment Index,Standard error,NTZ,Dwesa-Cwebe Marine Reserve,Yes,2,12000,0.55,0.61,0.47,Yes,Perna perna,12000,20000
406,They estimate that the spillover effect goes from approx. 10 km to 20 km,Larvae collector,Individual species,Mytilidae,Perna,perna,NA,Recruitment Index,Standard error,NTZ,Dwesa-Cwebe Marine Reserve,Yes,3,14000,0.61,0.68,0.54,Yes,Perna perna,14000,20000
406,They estimate that the spillover effect goes from approx. 10 km to 20 km,Larvae collector,Individual species,Mytilidae,Perna,perna,NA,Recruitment Index,Standard error,NTZ,Dwesa-Cwebe Marine Reserve,Yes,4,18000,0.37,0.44,0.3,Yes,Perna perna,18000,20000
406,They estimate that the spillover effect goes from approx. 10 km to 20 km,Larvae collector,Individual species,Mytilidae,Perna,perna,NA,Recruitment Index,Standard error,NTZ,Dwesa-Cwebe Marine Reserve,Yes,5,22000,0.25,0.35,0.15,Yes,Perna perna,22000,20000
406,NA,Larvae collector,Individual species,Mytilidae,Perna,perna,NA,Recruitment Index,Standard error,NTZ,Mapelane Marine Reserve,Yes,1,800,35.81,43.47,28.61,No,Perna perna,800,NA
406,NA,Larvae collector,Individual species,Mytilidae,Perna,perna,NA,Recruitment Index,Standard error,NTZ,Mapelane Marine Reserve,Yes,2,1300,26.35,34.02,18.31,No,Perna perna,1300,NA
406,NA,Larvae collector,Individual species,Mytilidae,Perna,perna,NA,Recruitment Index,Standard error,NTZ,Mapelane Marine Reserve,Yes,3,7000,35.12,46.71,23.01,No,Perna perna,7000,NA
406,NA,Larvae collector,Individual species,Mytilidae,Perna,perna,NA,Recruitment Index,Standard error,NTZ,Mapelane Marine Reserve,Yes,4,11500,30.71,38.58,22.19,No,Perna perna,11500,NA
406,NA,Larvae collector,Individual species,Mytilidae,Perna,perna,NA,Recruitment Index,Standard error,NTZ,Mapelane Marine Reserve,Yes,5,17000,31.71,40.19,22.76,No,Perna perna,17000,NA
406,NA,Larvae collector,Individual species,Mytilidae,Perna,perna,NA,Recruitment Index,Standard error,NTZ,Mapelane Marine Reserve,Yes,1,23000,35.24,47.38,23.01,No,Perna perna,23000,NA
490,"2014 - Don't know the exact distance from the reserves for either of the areas as the scale on the map is awful. Only the SE is being read fr a graph, the biomass values are in a table",Transect count,All fish species,NA,NA,NA,NA,Biomass,Standard error,PPO,Windward Bay No-take Reserve,Yes,1,0,1029,300,300,NA,NA,0,
490,"2014 - Don't know the exact distance from the reserves for either of the areas as the scale on the map is awful. Only the SE is being read fr a graph, the biomass values are in a table",Transect count,All fish species,NA,NA,NA,NA,Biomass,Standard error,PPO,Windward Bay No-take Reserve,Yes,2,Near,1220,300,300,NA,NA,750,
490,"2014 - Don't know the exact distance from the reserves for either of the areas as the scale on the map is awful. Only the SE is being read fr a graph, the biomass values are in a table",Transect count,All fish species,NA,NA,NA,NA,Biomass,Standard error,PPO,Windward Bay No-take Reserve,Yes,3,Far,3139,800,800,NA,NA,1120,
490,"2015 - Don't know the exact distance from the reserves for either of the areas as the scale on the map is awful. Only the SE is being read fr a graph, the biomass values are in a table",Transect count,All fish species,NA,NA,NA,NA,Biomass,Standard error,PPO,Windward Bay No-take Reserve,Yes,1,0,3338,300,300,NA,NA,0,
490,"2015 - Don't know the exact distance from the reserves for either of the areas as the scale on the map is awful. Only the SE is being read fr a graph, the biomass values are in a table",Transect count,All fish species,NA,NA,NA,NA,Biomass,Standard error,PPO,Windward Bay No-take Reserve,Yes,2,Near,2219,200,200,NA,NA,750,
490,"2015 - Don't know the exact distance from the reserves for either of the areas as the scale on the map is awful. Only the SE is being read fr a graph, the biomass values are in a table",Transect count,All fish species,NA,NA,NA,NA,Biomass,Standard error,PPO,Windward Bay No-take Reserve,Yes,3,Far,2627,600,600,NA,NA,1120,
490,"2014 - Don't know the exact distance from the reserves for either of the areas as the scale on the map is awful. Only the SE is being read fr a graph, the biomass values are in a table",Transect count,Target species as a group,NA,NA,NA,NA,Biomass,Standard error,PPO,Windward Bay No-take Reserve,Yes,1,0,305,50,50,NA,NA,0,
490,"2014 - Don't know the exact distance from the reserves for either of the areas as the scale on the map is awful. Only the SE is being read fr a graph, the biomass values are in a table",Transect count,Target species as a group,NA,NA,NA,NA,Biomass,Standard error,PPO,Windward Bay No-take Reserve,Yes,2,Near,283,10,10,NA,NA,750,
490,"2014 - Don't know the exact distance from the reserves for either of the areas as the scale on the map is awful. Only the SE is being read fr a graph, the biomass values are in a table",Transect count,Target species as a group,NA,NA,NA,NA,Biomass,Standard error,PPO,Windward Bay No-take Reserve,Yes,3,Far,633,100,100,NA,NA,1120,
490,"2015 - Don't know the exact distance from the reserves for either of the areas as the scale on the map is awful. Only the SE is being read fr a graph, the biomass values are in a table",Transect count,Target species as a group,NA,NA,NA,NA,Biomass,Standard error,PPO,Windward Bay No-take Reserve,Yes,1,0,977,180,180,NA,NA,0,
490,"2015 - Don't know the exact distance from the reserves for either of the areas as the scale on the map is awful. Only the SE is being read fr a graph, the biomass values are in a table",Transect count,Target species as a group,NA,NA,NA,NA,Biomass,Standard error,PPO,Windward Bay No-take Reserve,Yes,2,Near,551,50,50,NA,NA,750,
490,"2015 - Don't know the exact distance from the reserves for either of the areas as the scale on the map is awful. Only the SE is being read fr a graph, the biomass values are in a table",Transect count,Target species as a group,NA,NA,NA,NA,Biomass,Standard error,PPO,Windward Bay No-take Reserve,Yes,3,Far,556,80,80,NA,NA,1120,
490,"2014 - Don't know the exact distance from the reserves for either of the areas as the scale on the map is awful. Only the SE is being read fr a graph, the biomass values are in a table",Transect count,Non-target species as a group,NA,NA,NA,NA,Biomass,Standard error,PPO,Windward Bay No-take Reserve,Yes,1,0,293,100,100,NA,NA,0,
490,"2014 - Don't know the exact distance from the reserves for either of the areas as the scale on the map is awful. Only the SE is being read fr a graph, the biomass values are in a table",Transect count,Non-target species as a group,NA,NA,NA,NA,Biomass,Standard error,PPO,Windward Bay No-take Reserve,Yes,2,Near,109,80,80,NA,NA,750,
490,"2014 - Don't know the exact distance from the reserves for either of the areas as the scale on the map is awful. Only the SE is being read fr a graph, the biomass values are in a table",Transect count,Non-target species as a group,NA,NA,NA,NA,Biomass,Standard error,PPO,Windward Bay No-take Reserve,Yes,3,Far,848,315,315,NA,NA,1120,
490,"2015 - Don't know the exact distance from the reserves for either of the areas as the scale on the map is awful. Only the SE is being read fr a graph, the biomass values are in a table",Transect count,Non-target species as a group,NA,NA,NA,NA,Biomass,Standard error,PPO,Windward Bay No-take Reserve,Yes,1,0,561,60,60,NA,NA,0,
490,"2015 - Don't know the exact distance from the reserves for either of the areas as the scale on the map is awful. Only the SE is being read fr a graph, the biomass values are in a table",Transect count,Non-target species as a group,NA,NA,NA,NA,Biomass,Standard error,PPO,Windward Bay No-take Reserve,Yes,2,Near,933,400,400,NA,NA,750,
490,"2015 - Don't know the exact distance from the reserves for either of the areas as the scale on the map is awful. Only the SE is being read fr a graph, the biomass values are in a table",Transect count,Non-target species as a group,NA,NA,NA,NA,Biomass,Standard error,PPO,Windward Bay No-take Reserve,Yes,3,Far,1197,600,600,NA,NA,1120,
490,"2014 - Don't know the exact distance from the reserves for either of the areas as the scale on the map is awful. Only the SE is being read fr a graph, the biomass values are in a table",Transect count,Family group,Scaridae,NA,NA,NA,Biomass,Standard error,PPO,Windward Bay No-take Reserve,Yes,1,0,147,30,30,NA,NA,0,
490,"2014 - Don't know the exact distance from the reserves for either of the areas as the scale on the map is awful. Only the SE is being read fr a graph, the biomass values are in a table",Transect count,Family group,Scaridae,NA,NA,NA,Biomass,Standard error,PPO,Windward Bay No-take Reserve,Yes,2,Near,246,40,40,NA,NA,750,
490,"2014 - Don't know the exact distance from the reserves for either of the areas as the scale on the map is awful. Only the SE is being read fr a graph, the biomass values are in a table",Transect count,Family group,Scaridae,NA,NA,NA,Biomass,Standard error,PPO,Windward Bay No-take Reserve,Yes,3,Far,535,130,130,NA,NA,1120,
490,"2015 - Don't know the exact distance from the reserves for either of the areas as the scale on the map is awful. Only the SE is being read fr a graph, the biomass values are in a table",Transect count,Family group,Scaridae,NA,NA,NA,Biomass,Standard error,PPO,Windward Bay No-take Reserve,Yes,1,0,258,60,60,NA,NA,0,
490,"2015 - Don't know the exact distance from the reserves for either of the areas as the scale on the map is awful. Only the SE is being read fr a graph, the biomass values are in a table",Transect count,Family group,Scaridae,NA,NA,NA,Biomass,Standard error,PPO,Windward Bay No-take Reserve,Yes,2,Near,242,40,40,NA,NA,750,
490,"2015 - Don't know the exact distance from the reserves for either of the areas as the scale on the map is awful. Only the SE is being read fr a graph, the biomass values are in a table",Transect count,Family group,Scaridae,NA,NA,NA,Biomass,Standard error,PPO,Windward Bay No-take Reserve,Yes,3,Far,145,50,50,NA,NA,1120,
531,Pre-MPA implementation - results from plot of a GAM ,Catch,Individual species,Palinuridae,Homarus ,gammarus,NA,Effect on CPUE,95% confidence intervals,PPG,Skagerrak Marine Protected Area,Yes,1,-850,0.08,0.26,-0.08,Yes,Homarus  gammarus,-850,
531,Pre-MPA implementation - results from plot of a GAM ,Catch,Individual species,Palinuridae,Homarus ,gammarus,NA,Effect on CPUE,95% confidence intervals,PPG,Skagerrak Marine Protected Area,Yes,2,0,0.04,0.1,-0.04,Yes,Homarus  gammarus,0,
531,Pre-MPA implementation - results from plot of a GAM ,Catch,Individual species,Palinuridae,Homarus ,gammarus,NA,Effect on CPUE,95% confidence intervals,PPG,Skagerrak Marine Protected Area,Yes,3,1000,-0.02,0.02,-0.07,Yes,Homarus  gammarus,1000,
531,Pre-MPA implementation - results from plot of a GAM ,Catch,Individual species,Palinuridae,Homarus ,gammarus,NA,Effect on CPUE,95% confidence intervals,PPG,Skagerrak Marine Protected Area,Yes,4,2000,-0.08,0.07,-0.24,Yes,Homarus  gammarus,2000,
531,Pre-MPA implementation - results from plot of a GAM ,Catch,Individual species,Palinuridae,Homarus ,gammarus,NA,Effect on CPUE,95% confidence intervals,PPG,Skagerrak Marine Protected Area,Yes,5,2950,-0.14,0.13,-0.41,Yes,Homarus  gammarus,2950,
531,One year post-MPA implementation - results from plot of a GAM ,Catch,Individual species,Palinuridae,Homarus,gammarus,NA,Effect on CPUE,95% confidence intervals,PPG,Skagerrak Marine Protected Area,Yes,1,-850,0.66,1.24,0.08,Yes,Homarus gammarus,-850,
531,One year post-MPA implementation - results from plot of a GAM ,Catch,Individual species,Palinuridae,Homarus,gammarus,NA,Effect on CPUE,95% confidence intervals,PPG,Skagerrak Marine Protected Area,Yes,2,0,-0.02,0.17,-0.21,Yes,Homarus gammarus,0,
531,One year post-MPA implementation - results from plot of a GAM ,Catch,Individual species,Palinuridae,Homarus,gammarus,NA,Effect on CPUE,95% confidence intervals,PPG,Skagerrak Marine Protected Area,Yes,3,1000,-0.16,0.11,-0.43,Yes,Homarus gammarus,1000,
531,One year post-MPA implementation - results from plot of a GAM ,Catch,Individual species,Palinuridae,Homarus,gammarus,NA,Effect on CPUE,95% confidence intervals,PPG,Skagerrak Marine Protected Area,Yes,4,2000,-0.06,0.31,-0.42,Yes,Homarus gammarus,2000,
531,One year post-MPA implementation - results from plot of a GAM ,Catch,Individual species,Palinuridae,Homarus,gammarus,NA,Effect on CPUE,95% confidence intervals,PPG,Skagerrak Marine Protected Area,Yes,5,2950,-0.06,0.88,-1.03,Yes,Homarus gammarus,2950,
531,Two years post-MPA implementation - results from plot of a GAM ,Catch,Individual species,Palinuridae,Homarus,gammarus,NA,Effect on CPUE,95% confidence intervals,PPG,Skagerrak MPA,Yes,1,-850,0.78,1.15,0.42,Yes,Homarus gammarus,-850,
531,Two years post-MPA implementation - results from plot of a GAM ,Catch,Individual species,Palinuridae,Homarus,gammarus,NA,Effect on CPUE,95% confidence intervals,PPG,Skagerrak MPA,Yes,2,0,0.12,0.28,-0.03,Yes,Homarus gammarus,0,
531,Two years post-MPA implementation - results from plot of a GAM ,Catch,Individual species,Palinuridae,Homarus,gammarus,NA,Effect on CPUE,95% confidence intervals,PPG,Skagerrak MPA,Yes,3,1000,-0.36,-0.16,-0.56,Yes,Homarus gammarus,1000,
531,Two years post-MPA implementation - results from plot of a GAM ,Catch,Individual species,Palinuridae,Homarus,gammarus,NA,Effect on CPUE,95% confidence intervals,PPG,Skagerrak MPA,Yes,4,2000,-0.28,-0.01,-0.56,Yes,Homarus gammarus,2000,
531,Two years post-MPA implementation - results from plot of a GAM ,Catch,Individual species,Palinuridae,Homarus,gammarus,NA,Effect on CPUE,95% confidence intervals,PPG,Skagerrak MPA,Yes,5,2950,0.19,0.82,-0.43,Yes,Homarus gammarus,2950,
531,Three years post-MPA implementation - results from plot of a GAM ,Catch,Individual species,Palinuridae,Homarus,gammarus,NA,Effect on CPUE,95% confidence intervals,PPG,Skagerrak Marine Protected Area,Yes,1,-850,0.83,1.11,0.55,Yes,Homarus gammarus,-850,
531,Three years post-MPA implementation - results from plot of a GAM ,Catch,Individual species,Palinuridae,Homarus,gammarus,NA,Effect on CPUE,95% confidence intervals,PPG,Skagerrak Marine Protected Area,Yes,2,0,0.83,1.11,0.55,Yes,Homarus gammarus,0,
531,Three years post-MPA implementation - results from plot of a GAM ,Catch,Individual species,Palinuridae,Homarus,gammarus,NA,Effect on CPUE,95% confidence intervals,PPG,Skagerrak Marine Protected Area,Yes,3,1000,-0.22,-0.15,-0.31,Yes,Homarus gammarus,1000,
531,Three years post-MPA implementation - results from plot of a GAM ,Catch,Individual species,Palinuridae,Homarus,gammarus,NA,Effect on CPUE,95% confidence intervals,PPG,Skagerrak Marine Protected Area,Yes,4,2000,-0.79,-0.54,-1.05,Yes,Homarus gammarus,2000,
531,Three years post-MPA implementation - results from plot of a GAM ,Catch,Individual species,Palinuridae,Homarus,gammarus,NA,Effect on CPUE,95% confidence intervals,PPG,Skagerrak Marine Protected Area,Yes,5,2950,-1.34,-0.9,-1.78,Yes,Homarus gammarus,2950,
531,Four years post-MPA implementation - results from plot of a GAM ,Catch,Individual species,Palinuridae,Homarus,gammarus,NA,Effect on CPUE,95% confidence intervals,PPG,Skagerrak MPA,Yes,1,-850,1.08,1.43,0.74,Yes,Homarus gammarus,-850,
531,Four years post-MPA implementation - results from plot of a GAM ,Catch,Individual species,Palinuridae,Homarus,gammarus,NA,Effect on CPUE,95% confidence intervals,PPG,Skagerrak MPA,Yes,2,0,0.01,0.16,-0.14,Yes,Homarus gammarus,0,
531,Four years post-MPA implementation - results from plot of a GAM ,Catch,Individual species,Palinuridae,Homarus,gammarus,NA,Effect on CPUE,95% confidence intervals,PPG,Skagerrak MPA,Yes,3,1000,-0.37,-0.17,-0.56,Yes,Homarus gammarus,1000,
531,Four years post-MPA implementation - results from plot of a GAM ,Catch,Individual species,Palinuridae,Homarus,gammarus,NA,Effect on CPUE,95% confidence intervals,PPG,Skagerrak MPA,Yes,4,2000,-0.08,0.2,-0.35,Yes,Homarus gammarus,2000,
531,Four years post-MPA implementation - results from plot of a GAM ,Catch,Individual species,Palinuridae,Homarus,gammarus,NA,Effect on CPUE,95% confidence intervals,PPG,Skagerrak MPA,Yes,5,2950,-0.09,0.74,-0.91,Yes,Homarus gammarus,2950,
804,"10 m depth, Southern boundary",Transect count,Family group,Pomacanthidae,NA,NA,NA,Abundance,No confidence intervals were provided; significance tested using Spearman‚Äôs rank correlation (p-values reported),NTZ,Nabq Managed Resource Protected Area,traditional artisanal fishing allowed with gear restrictions,1,0,0,NA,NA,Yes,NA,0,
804,"10 m depth, Southern boundary",Transect count,Family group,Pomacanthidae,NA,NA,NA,Abundance,No confidence intervals were provided; significance tested using Spearman‚Äôs rank correlation (p-values reported),NTZ,Nabq Managed Resource Protected Area,traditional artisanal fishing allowed with gear restrictions,2,300,0.958,NA,NA,Yes,NA,300,
804,"10 m depth, Southern boundary",Transect count,Family group,Pomacanthidae,NA,NA,NA,Abundance,No confidence intervals were provided; significance tested using Spearman‚Äôs rank correlation (p-values reported),NTZ,Nabq Managed Resource Protected Area,traditional artisanal fishing allowed with gear restrictions,3,600,0.983,NA,NA,Yes,NA,600,
804,"10 m depth, Southern boundary",Transect count,Family group,Pomacanthidae,NA,NA,NA,Abundance,No confidence intervals were provided; significance tested using Spearman‚Äôs rank correlation (p-values reported),NTZ,Nabq Managed Resource Protected Area,traditional artisanal fishing allowed with gear restrictions,4,900,4.992,NA,NA,Yes,NA,900,
804,"10 m depth, Southern boundary",Transect count,Family group,Pomacanthidae,NA,NA,NA,Abundance,No confidence intervals were provided; significance tested using Spearman‚Äôs rank correlation (p-values reported),NTZ,Nabq Managed Resource Protected Area,traditional artisanal fishing allowed with gear restrictions,5,1200,0.958,NA,NA,Yes,NA,1200,
804,"3 m depth, Southern Boundary",Transect count,Family group,Pomacanthidae,NA,NA,NA,Abundance,No confidence intervals were provided; significance tested using Spearman‚Äôs rank correlation (p-values reported),NTZ,Nabq Managed Resource Protected Area,traditional artisanal fishing allowed with gear restrictions,1,0,1.05,NA,NA,Yes,NA,0,
804,"3 m depth, Southern Boundary",Transect count,Family group,Pomacanthidae,NA,NA,NA,Abundance,No confidence intervals were provided; significance tested using Spearman‚Äôs rank correlation (p-values reported),NTZ,Nabq Managed Resource Protected Area,traditional artisanal fishing allowed with gear restrictions,2,200,5.95,NA,NA,Yes,NA,200,
804,"3 m depth, Southern Boundary",Transect count,Family group,Pomacanthidae,NA,NA,NA,Abundance,No confidence intervals were provided; significance tested using Spearman‚Äôs rank correlation (p-values reported),NTZ,Nabq Managed Resource Protected Area,traditional artisanal fishing allowed with gear restrictions,3,500,2.022,NA,NA,Yes,NA,500,
804,"3 m depth, Southern Boundary",Transect count,Family group,Pomacanthidae,NA,NA,NA,Abundance,No confidence intervals were provided; significance tested using Spearman‚Äôs rank correlation (p-values reported),NTZ,Nabq Managed Resource Protected Area,traditional artisanal fishing allowed with gear restrictions,4,1000,0.972,NA,NA,Yes,NA,1000,
804,"3 m depth, Southern Boundary",Transect count,Family group,Pomacanthidae,NA,NA,NA,Abundance,No confidence intervals were provided; significance tested using Spearman‚Äôs rank correlation (p-values reported),NTZ,Nabq Managed Resource Protected Area,traditional artisanal fishing allowed with gear restrictions,5,1200,0.117,NA,NA,Yes,NA,1200,
804,"3 m depth, Southern boundary",Transect count,Family group,Serranidae,NA,NA,NA,Abundance,No confidence intervals were provided; significance tested using Spearman‚Äôs rank correlation (p-values reported),NTZ,Nabq Managed Resource Protected Area,traditional artisanal fishing allowed with gear restrictions,1,100,3.072,NA,NA,Yes,NA,100,
804,"3 m depth, Southern boundary",Transect count,Family group,Serranidae,NA,NA,NA,Abundance,No confidence intervals were provided; significance tested using Spearman‚Äôs rank correlation (p-values reported),NTZ,Nabq Managed Resource Protected Area,traditional artisanal fishing allowed with gear restrictions,2,300,3.033,NA,NA,Yes,NA,300,
804,"3 m depth, Southern boundary",Transect count,Family group,Serranidae,NA,NA,NA,Abundance,No confidence intervals were provided; significance tested using Spearman‚Äôs rank correlation (p-values reported),NTZ,Nabq Managed Resource Protected Area,traditional artisanal fishing allowed with gear restrictions,3,500,4.01,NA,NA,Yes,NA,500,
804,"3 m depth, Southern boundary",Transect count,Family group,Serranidae,NA,NA,NA,Abundance,No confidence intervals were provided; significance tested using Spearman‚Äôs rank correlation (p-values reported),NTZ,Nabq Managed Resource Protected Area,traditional artisanal fishing allowed with gear restrictions,4,900,0.972,NA,NA,Yes,NA,900,
804,"3 m depth, Southern boundary",Transect count,Family group,Serranidae,NA,NA,NA,Abundance,No confidence intervals were provided; significance tested using Spearman‚Äôs rank correlation (p-values reported),NTZ,Nabq Managed Resource Protected Area,traditional artisanal fishing allowed with gear restrictions,5,1200,3,NA,NA,Yes,NA,1200,
804,"1m depth, Southern boundary",Transect count,Family group,Lethrinidae,NA,NA,NA,Abundance,No confidence intervals were provided; significance tested using Spearman‚Äôs rank correlation (p-values reported),NTZ,Nabq Managed Resource Protected Area,traditional artisanal fishing allowed with gear restrictions,1,100,0.674,NA,NA,Yes,NA,100,
804,"1m depth, Southern boundary",Transect count,Family group,Lethrinidae,NA,NA,NA,Abundance,No confidence intervals were provided; significance tested using Spearman‚Äôs rank correlation (p-values reported),NTZ,Nabq Managed Resource Protected Area,traditional artisanal fishing allowed with gear restrictions,2,300,1.124,NA,NA,Yes,NA,300,
804,"1m depth, Southern boundary",Transect count,Family group,Lethrinidae,NA,NA,NA,Abundance,No confidence intervals were provided; significance tested using Spearman‚Äôs rank correlation (p-values reported),NTZ,Nabq Managed Resource Protected Area,traditional artisanal fishing allowed with gear restrictions,3,600,2.472,NA,NA,Yes,NA,600,
804,"1m depth, Southern boundary",Transect count,Family group,Lethrinidae,NA,NA,NA,Abundance,No confidence intervals were provided; significance tested using Spearman‚Äôs rank correlation (p-values reported),NTZ,Nabq Managed Resource Protected Area,traditional artisanal fishing allowed with gear restrictions,4,1000,3.146,NA,NA,Yes,NA,1000,
804,"1m depth, Southern boundary",Transect count,Family group,Lethrinidae,NA,NA,NA,Abundance,No confidence intervals were provided; significance tested using Spearman‚Äôs rank correlation (p-values reported),NTZ,Nabq Managed Resource Protected Area,traditional artisanal fishing allowed with gear restrictions,5,1100,0.225,NA,NA,Yes,NA,1100,
804,"1m depth, Northern boundary",Transect count,Family group,Lethrinidae,NA,NA,NA,Abundance,No confidence intervals were provided; significance tested using Spearman‚Äôs rank correlation (p-values reported),NTZ,Nabq Managed Resource Protected Area,traditional artisanal fishing allowed with gear restrictions,1,0,0,NA,NA,Yes,NA,0,
804,"1m depth, Northern boundary",Transect count,Family group,Lethrinidae,NA,NA,NA,Abundance,No confidence intervals were provided; significance tested using Spearman‚Äôs rank correlation (p-values reported),NTZ,Nabq Managed Resource Protected Area,traditional artisanal fishing allowed with gear restrictions,2,200,2.486,NA,NA,Yes,NA,200,
804,"1m depth, Northern boundary",Transect count,Family group,Lethrinidae,NA,NA,NA,Abundance,No confidence intervals were provided; significance tested using Spearman‚Äôs rank correlation (p-values reported),NTZ,Nabq Managed Resource Protected Area,traditional artisanal fishing allowed with gear restrictions,3,1000,3.842,NA,NA,Yes,NA,1000,
804,"1m depth, Northern boundary",Transect count,Family group,Serranidae,NA,NA,NA,Abundance,No confidence intervals were provided; significance tested using Spearman‚Äôs rank correlation (p-values reported),NTZ,Nabq Managed Resource Protected Area,traditional artisanal fishing allowed with gear restrictions,1,100,0.989,NA,NA,Yes,NA,100,
804,"1m depth, Northern boundary",Transect count,Family group,Serranidae,NA,NA,NA,Abundance,No confidence intervals were provided; significance tested using Spearman‚Äôs rank correlation (p-values reported),NTZ,Nabq Managed Resource Protected Area,traditional artisanal fishing allowed with gear restrictions,2,200,1.696,NA,NA,Yes,NA,200,
804,"1m depth, Northern boundary",Transect count,Family group,Serranidae,NA,NA,NA,Abundance,No confidence intervals were provided; significance tested using Spearman‚Äôs rank correlation (p-values reported),NTZ,Nabq Managed Resource Protected Area,traditional artisanal fishing allowed with gear restrictions,3,600,0.848,NA,NA,Yes,NA,600,
804,"1m depth, Northern boundary",Transect count,Family group,Serranidae,NA,NA,NA,Abundance,No confidence intervals were provided; significance tested using Spearman‚Äôs rank correlation (p-values reported),NTZ,Nabq Managed Resource Protected Area,traditional artisanal fishing allowed with gear restrictions,4,1000,1.413,NA,NA,Yes,NA,1000,
804,"1m depth, Northern boundary",Transect count,Family group,Serranidae,NA,NA,NA,Abundance,No confidence intervals were provided; significance tested using Spearman‚Äôs rank correlation (p-values reported),NTZ,Nabq Managed Resource Protected Area,traditional artisanal fishing allowed with gear restrictions,5,1200,0.707,NA,NA,Yes,NA,1200,
804,"1m depth, Northern boundary",Transect count,Family group,Chaetodonidae,NA,NA,NA,Abundance,No confidence intervals were provided; significance tested using Spearman‚Äôs rank correlation (p-values reported),NTZ,Nabq Managed Resource Protected Area,traditional artisanal fishing allowed with gear restrictions,1,100,6.219,NA,NA,Yes,NA,100,
804,"1m depth, Northern boundary",Transect count,Family group,Chaetodonidae,NA,NA,NA,Abundance,No confidence intervals were provided; significance tested using Spearman‚Äôs rank correlation (p-values reported),NTZ,Nabq Managed Resource Protected Area,traditional artisanal fishing allowed with gear restrictions,2,200,22.898,NA,NA,Yes,NA,200,
804,"1m depth, Northern boundary",Transect count,Family group,Chaetodonidae,NA,NA,NA,Abundance,No confidence intervals were provided; significance tested using Spearman‚Äôs rank correlation (p-values reported),NTZ,Nabq Managed Resource Protected Area,traditional artisanal fishing allowed with gear restrictions,3,400,1.413,NA,NA,Yes,NA,400,
804,"1m depth, Northern boundary",Transect count,Family group,Chaetodonidae,NA,NA,NA,Abundance,No confidence intervals were provided; significance tested using Spearman‚Äôs rank correlation (p-values reported),NTZ,Nabq Managed Resource Protected Area,traditional artisanal fishing allowed with gear restrictions,4,800,0.283,NA,NA,Yes,NA,800,
804,"1m depth, Northern boundary",Transect count,Family group,Chaetodonidae,NA,NA,NA,Abundance,No confidence intervals were provided; significance tested using Spearman‚Äôs rank correlation (p-values reported),NTZ,Nabq Managed Resource Protected Area,traditional artisanal fishing allowed with gear restrictions,5,1000,1.131,NA,NA,Yes,NA,1000,
804,"10 m depth, Southern boundary",Transect count,Family group,Acanthuridae,NA,NA,NA,Abundance,No confidence intervals were provided; significance tested using Spearman‚Äôs rank correlation (p-values reported),NTZ,Nabq Managed Resource Protected Area,traditional artisanal fishing allowed with gear restrictions,1,100,46.141,NA,NA,Yes,NA,100,
804,"10 m depth, Southern boundary",Transect count,Family group,Acanthuridae,NA,NA,NA,Abundance,No confidence intervals were provided; significance tested using Spearman‚Äôs rank correlation (p-values reported),NTZ,Nabq Managed Resource Protected Area,traditional artisanal fishing allowed with gear restrictions,2,400,72.989,NA,NA,Yes,NA,400,
804,"10 m depth, Southern boundary",Transect count,Family group,Acanthuridae,NA,NA,NA,Abundance,No confidence intervals were provided; significance tested using Spearman‚Äôs rank correlation (p-values reported),NTZ,Nabq Managed Resource Protected Area,traditional artisanal fishing allowed with gear restrictions,3,600,67.114,NA,NA,Yes,NA,600,
804,"10 m depth, Southern boundary",Transect count,Family group,Acanthuridae,NA,NA,NA,Abundance,No confidence intervals were provided; significance tested using Spearman‚Äôs rank correlation (p-values reported),NTZ,Nabq Managed Resource Protected Area,traditional artisanal fishing allowed with gear restrictions,4,900,104.027,NA,NA,Yes,NA,900,
804,"10 m depth, Southern boundary",Transect count,Family group,Acanthuridae,NA,NA,NA,Abundance,No confidence intervals were provided; significance tested using Spearman‚Äôs rank correlation (p-values reported),NTZ,Nabq Managed Resource Protected Area,traditional artisanal fishing allowed with gear restrictions,5,1100,127.517,NA,NA,Yes,NA,1100,
804,"10 m depth, Northern boundary",Transect count,Family group,Siganidae,NA,NA,NA,Abundance,No confidence intervals were provided; significance tested using Spearman‚Äôs rank correlation (p-values reported),NTZ,Nabq Managed Resource Protected Area,traditional artisanal fishing allowed with gear restrictions,1,200,37.879,NA,NA,Yes,NA,200,
804,"10 m depth, Northern boundary",Transect count,Family group,Siganidae,NA,NA,NA,Abundance,No confidence intervals were provided; significance tested using Spearman‚Äôs rank correlation (p-values reported),NTZ,Nabq Managed Resource Protected Area,traditional artisanal fishing allowed with gear restrictions,2,400,24.411,NA,NA,Yes,NA,400,
804,"10 m depth, Northern boundary",Transect count,Family group,Siganidae,NA,NA,NA,Abundance,No confidence intervals were provided; significance tested using Spearman‚Äôs rank correlation (p-values reported),NTZ,Nabq Managed Resource Protected Area,traditional artisanal fishing allowed with gear restrictions,3,600,42.929,NA,NA,Yes,NA,600,
804,"10 m depth, Northern boundary",Transect count,Family group,Siganidae,NA,NA,NA,Abundance,No confidence intervals were provided; significance tested using Spearman‚Äôs rank correlation (p-values reported),NTZ,Nabq Managed Resource Protected Area,traditional artisanal fishing allowed with gear restrictions,4,1000,32.828,NA,NA,Yes,NA,1000,
804,"10 m depth, Northern boundary",Transect count,Family group,Siganidae,NA,NA,NA,Abundance,No confidence intervals were provided; significance tested using Spearman‚Äôs rank correlation (p-values reported),NTZ,Nabq Managed Resource Protected Area,traditional artisanal fishing allowed with gear restrictions,5,1100,215.488,NA,NA,Yes,NA,1100,
804,"3 m depth, Southern boundary",Transect count,Family group,Scaridae,NA,NA,NA,Abundance,No confidence intervals were provided; significance tested using Spearman‚Äôs rank correlation (p-values reported),NTZ,Nabq Managed Resource Protected Area,traditional artisanal fishing allowed with gear restrictions,1,100,102.035,NA,NA,Yes,NA,100,
804,"3 m depth, Southern boundary",Transect count,Family group,Scaridae,NA,NA,NA,Abundance,No confidence intervals were provided; significance tested using Spearman‚Äôs rank correlation (p-values reported),NTZ,Nabq Managed Resource Protected Area,traditional artisanal fishing allowed with gear restrictions,2,400,17.791,NA,NA,Yes,NA,400,
804,"3 m depth, Southern boundary",Transect count,Family group,Scaridae,NA,NA,NA,Abundance,No confidence intervals were provided; significance tested using Spearman‚Äôs rank correlation (p-values reported),NTZ,Nabq Managed Resource Protected Area,traditional artisanal fishing allowed with gear restrictions,3,600,56.512,NA,NA,Yes,NA,600,
804,"3 m depth, Southern boundary",Transect count,Family group,Scaridae,NA,NA,NA,Abundance,No confidence intervals were provided; significance tested using Spearman‚Äôs rank correlation (p-values reported),NTZ,Nabq Managed Resource Protected Area,traditional artisanal fishing allowed with gear restrictions,4,900,37.674,NA,NA,Yes,NA,900,
804,"3 m depth, Southern boundary",Transect count,Family group,Scaridae,NA,NA,NA,Abundance,No confidence intervals were provided; significance tested using Spearman‚Äôs rank correlation (p-values reported),NTZ,Nabq Managed Resource Protected Area,traditional artisanal fishing allowed with gear restrictions,5,1200,80.581,NA,NA,Yes,NA,1200,
804,"3m depth, Southern boundary",Transect count,Family group,Acanthuridae,NA,NA,NA,Abundance,"No confidence intervals were provided; significance tested using Spearman‚Äôs rank correlation (p-values reported)	",NTZ,Nabq Managed Resource Protected Area,traditional artisanal fishing allowed with gear restrictions,1,100,110.407,NA,NA,Yes,NA,100,
804,"3m depth, Southern boundary",Transect count,Family group,Acanthuridae,NA,NA,NA,Abundance,"No confidence intervals were provided; significance tested using Spearman‚Äôs rank correlation (p-values reported)	",NTZ,Nabq Managed Resource Protected Area,traditional artisanal fishing allowed with gear restrictions,2,400,75.349,NA,NA,Yes,NA,400,
804,"3m depth, Southern boundary",Transect count,Family group,Acanthuridae,NA,NA,NA,Abundance,"No confidence intervals were provided; significance tested using Spearman‚Äôs rank correlation (p-values reported)	",NTZ,Nabq Managed Resource Protected Area,traditional artisanal fishing allowed with gear restrictions,3,700,166.919,NA,NA,Yes,NA,700,
804,"3m depth, Southern boundary",Transect count,Family group,Acanthuridae,NA,NA,NA,Abundance,"No confidence intervals were provided; significance tested using Spearman‚Äôs rank correlation (p-values reported)	",NTZ,Nabq Managed Resource Protected Area,traditional artisanal fishing allowed with gear restrictions,4,900,118.256,NA,NA,Yes,NA,900,
804,"3m depth, Southern boundary",Transect count,Family group,Acanthuridae,NA,NA,NA,Abundance,"No confidence intervals were provided; significance tested using Spearman‚Äôs rank correlation (p-values reported)	",NTZ,Nabq Managed Resource Protected Area,traditional artisanal fishing allowed with gear restrictions,5,1200,106.744,NA,NA,Yes,NA,1200,
804,"3m depth, Northern boundary",Transect count,Family group,Siganidae,NA,NA,NA,Abundance,No confidence intervals were provided; significance tested using Spearman‚Äôs rank correlation (p-values reported),NTZ,Nabq Managed Resource Protected Area,traditional artisanal fishing allowed with gear restrictions,1,100,6.279,NA,NA,Yes,NA,100,
804,"3m depth, Northern boundary",Transect count,Family group,Siganidae,NA,NA,NA,Abundance,No confidence intervals were provided; significance tested using Spearman‚Äôs rank correlation (p-values reported),NTZ,Nabq Managed Resource Protected Area,traditional artisanal fishing allowed with gear restrictions,2,400,19.884,NA,NA,Yes,NA,400,
804,"3m depth, Northern boundary",Transect count,Family group,Siganidae,NA,NA,NA,Abundance,No confidence intervals were provided; significance tested using Spearman‚Äôs rank correlation (p-values reported),NTZ,Nabq Managed Resource Protected Area,traditional artisanal fishing allowed with gear restrictions,3,600,15.174,NA,NA,Yes,NA,600,
804,"3m depth, Northern boundary",Transect count,Family group,Siganidae,NA,NA,NA,Abundance,No confidence intervals were provided; significance tested using Spearman‚Äôs rank correlation (p-values reported),NTZ,Nabq Managed Resource Protected Area,traditional artisanal fishing allowed with gear restrictions,4,900,50.233,NA,NA,Yes,NA,900,
804,"3m depth, Northern boundary",Transect count,Family group,Siganidae,NA,NA,NA,Abundance,No confidence intervals were provided; significance tested using Spearman‚Äôs rank correlation (p-values reported),NTZ,Nabq Managed Resource Protected Area,traditional artisanal fishing allowed with gear restrictions,5,1200,22.5,NA,NA,Yes,NA,1200,
804,"1m depth, Northern boundary",Transect count,Family group,Acanthuridae,NA,NA,NA,Abundance,"No confidence intervals were provided; significance tested using Spearman‚Äôs rank correlation (p-values reported)	",NTZ,Nabq Managed Resource Protected Area,traditional artisanal fishing allowed with gear restrictions,1,0,157.942,NA,NA,Yes,NA,0,
804,"1m depth, Northern boundary",Transect count,Family group,Acanthuridae,NA,NA,NA,Abundance,"No confidence intervals were provided; significance tested using Spearman‚Äôs rank correlation (p-values reported)	",NTZ,Nabq Managed Resource Protected Area,traditional artisanal fishing allowed with gear restrictions,2,200,4.63,NA,NA,Yes,NA,200,
804,"1m depth, Northern boundary",Transect count,Family group,Acanthuridae,NA,NA,NA,Abundance,"No confidence intervals were provided; significance tested using Spearman‚Äôs rank correlation (p-values reported)	",NTZ,Nabq Managed Resource Protected Area,traditional artisanal fishing allowed with gear restrictions,3,1000,5.1447,NA,NA,Yes,NA,1000,
804,"1m depth, Northern boundary",Transect count,Family group,Siganidae,NA,NA,NA,Abundance,No confidence intervals were provided; significance tested using Spearman‚Äôs rank correlation (p-values reported),NTZ,Nabq Managed Resource Protected Area,traditional artisanal fishing allowed with gear restrictions,1,0,1.543,NA,NA,Yes,NA,0,
804,"1m depth, Northern boundary",Transect count,Family group,Siganidae,NA,NA,NA,Abundance,No confidence intervals were provided; significance tested using Spearman‚Äôs rank correlation (p-values reported),NTZ,Nabq Managed Resource Protected Area,traditional artisanal fishing allowed with gear restrictions,2,300,1.028,NA,NA,Yes,NA,300,
804,"1m depth, Northern boundary",Transect count,Family group,Siganidae,NA,NA,NA,Abundance,No confidence intervals were provided; significance tested using Spearman‚Äôs rank correlation (p-values reported),NTZ,Nabq Managed Resource Protected Area,traditional artisanal fishing allowed with gear restrictions,3,600,0,NA,NA,Yes,NA,600,
804,"1m depth, Northern boundary",Transect count,Family group,Siganidae,NA,NA,NA,Abundance,No confidence intervals were provided; significance tested using Spearman‚Äôs rank correlation (p-values reported),NTZ,Nabq Managed Resource Protected Area,traditional artisanal fishing allowed with gear restrictions,4,1000,10.289,NA,NA,Yes,NA,1000,
804,"1m depth, Northern boundary",Transect count,Family group,Siganidae,NA,NA,NA,Abundance,No confidence intervals were provided; significance tested using Spearman‚Äôs rank correlation (p-values reported),NTZ,Nabq Managed Resource Protected Area,traditional artisanal fishing allowed with gear restrictions,5,1200,1.543,NA,NA,Yes,NA,1200,
804,"1m depth, Northern boundary",Transect count,Family group,Siganidae,NA,NA,NA,Abundance,No confidence intervals were provided; significance tested using Spearman‚Äôs rank correlation (p-values reported),NTZ,Nabq Managed Resource Protected Area,traditional artisanal fishing allowed with gear restrictions,1,200,1.5434,NA,NA,Yes,NA,200,
804,"1m depth, Northern boundary",Transect count,Family group,Siganidae,NA,NA,NA,Abundance,No confidence intervals were provided; significance tested using Spearman‚Äôs rank correlation (p-values reported),NTZ,Nabq Managed Resource Protected Area,traditional artisanal fishing allowed with gear restrictions,2,300,6.688,NA,NA,Yes,NA,300,
804,"1m depth, Northern boundary",Transect count,Family group,Siganidae,NA,NA,NA,Abundance,No confidence intervals were provided; significance tested using Spearman‚Äôs rank correlation (p-values reported),NTZ,Nabq Managed Resource Protected Area,traditional artisanal fishing allowed with gear restrictions,3,600,0.5145,NA,NA,Yes,NA,600,
804,"1m depth, Northern boundary",Transect count,Family group,Siganidae,NA,NA,NA,Abundance,No confidence intervals were provided; significance tested using Spearman‚Äôs rank correlation (p-values reported),NTZ,Nabq Managed Resource Protected Area,traditional artisanal fishing allowed with gear restrictions,4,1000,20.579,NA,NA,Yes,NA,1000,
804,"1m depth, Northern boundary",Transect count,Family group,Siganidae,NA,NA,NA,Abundance,No confidence intervals were provided; significance tested using Spearman‚Äôs rank correlation (p-values reported),NTZ,Nabq Managed Resource Protected Area,traditional artisanal fishing allowed with gear restrictions,5,1100,0,NA,NA,Yes,NA,1100,
842,"2008, Gull, Mean CPUE",Catch,Individual species,Palinuridae,Panulirus,Panulirus interruptus,NA,Catch per unit effort (CPUE),95% confidence intervals,NTZ,Gull Marine Reserve,"Limited entry, size limit, gear limit, seasonal closure",1,‚â•-2000,7.6454949,NA,NA,Yes,Panulirus Panulirus interruptus,-2000,
842,"2008, Gull, Mean CPUE",Catch,Individual species,Palinuridae,Panulirus,Panulirus interruptus,NA,Catch per unit effort (CPUE),95% confidence intervals,NTZ,Gull Marine Reserve,"Limited entry, size limit, gear limit, seasonal closure",2,‚â§-1000,4.6187725,NA,NA,Yes,Panulirus Panulirus interruptus,-1000,
842,"2008, Gull, Mean CPUE",Catch,Individual species,Palinuridae,Panulirus,Panulirus interruptus,NA,Catch per unit effort (CPUE),95% confidence intervals,NTZ,Gull Marine Reserve,"Limited entry, size limit, gear limit, seasonal closure",3,‚â§ 1000,0.6572539,NA,NA,Yes,Panulirus Panulirus interruptus,1000,
842,"2008, Gull, Mean CPUE",Catch,Individual species,Palinuridae,Panulirus,Panulirus interruptus,NA,Catch per unit effort (CPUE),95% confidence intervals,NTZ,Gull Marine Reserve,"Limited entry, size limit, gear limit, seasonal closure",4,‚â• 2000,1.1562051,NA,NA,Yes,Panulirus Panulirus interruptus,6000,
842,"2018, Gull, Mean CPUE",Catch,Individual species,Palinuridae,Panulirus,Panulirus interruptus,NA,Catch per unit effort (CPUE),95% confidence intervals,NTZ,Gull Marine Reserve,"Limited entry, size limit, gear limit, seasonal closure",1,‚â•-2000,20.02,NA,NA,Yes,Panulirus Panulirus interruptus,-2000,
842,"2018, Gull, Mean CPUE",Catch,Individual species,Palinuridae,Panulirus,Panulirus interruptus,NA,Catch per unit effort (CPUE),95% confidence intervals,NTZ,Gull Marine Reserve,"Limited entry, size limit, gear limit, seasonal closure",2,‚â§-1000,7.84,NA,NA,Yes,Panulirus Panulirus interruptus,-1000,
842,"2018, Gull, Mean CPUE",Catch,Individual species,Palinuridae,Panulirus,Panulirus interruptus,NA,Catch per unit effort (CPUE),95% confidence intervals,NTZ,Gull Marine Reserve,"Limited entry, size limit, gear limit, seasonal closure",3,‚â§ 1000,1.76,NA,NA,Yes,Panulirus Panulirus interruptus,1000,
842,"2018, Gull, Mean CPUE",Catch,Individual species,Palinuridae,Panulirus,Panulirus interruptus,NA,Catch per unit effort (CPUE),95% confidence intervals,NTZ,Gull Marine Reserve,"Limited entry, size limit, gear limit, seasonal closure",4,‚â• 2000,0.25,NA,NA,Yes,Panulirus Panulirus interruptus,6000,
842,"Gull, CPUE mean difference 2008-2018",Catch,Individual species,Palinuridae,Panulirus,Panulirus interruptus,NA,Catch per unit effort (CPUE),95% confidence intervals,NTZ,Gull Marine Reserve,"Limited entry, size limit, gear limit, seasonal closure",1,‚â•-2000,9.5,11.25,7.76,Yes,Panulirus Panulirus interruptus,-2000,
842,"Gull, CPUE mean difference 2008-2018",Catch,Individual species,Palinuridae,Panulirus,Panulirus interruptus,NA,Catch per unit effort (CPUE),95% confidence intervals,NTZ,Gull Marine Reserve,"Limited entry, size limit, gear limit, seasonal closure",2,‚â§-1000,2.13,5.53,-1.27,Yes,Panulirus Panulirus interruptus,-1000,
842,"Gull, CPUE mean difference 2008-2018",Catch,Individual species,Palinuridae,Panulirus,Panulirus interruptus,NA,Catch per unit effort (CPUE),95% confidence intervals,NTZ,Gull Marine Reserve,"Limited entry, size limit, gear limit, seasonal closure",3,‚â§ 1000,1.47,2.08,0.86,Yes,Panulirus Panulirus interruptus,1000,
842,"Gull, CPUE mean difference 2008-2018",Catch,Individual species,Palinuridae,Panulirus,Panulirus interruptus,NA,Catch per unit effort (CPUE),95% confidence intervals,NTZ,Gull Marine Reserve,"Limited entry, size limit, gear limit, seasonal closure",4,‚â• 2000,-0.8,-0.56,-1.05,Yes,Panulirus Panulirus interruptus,6000,
842,"Scorpion, mean CPUE, 2008",Catch,Individual species,Palinuridae,Panulirus,Panulirus interruptus,NA,Catch per unit effort (CPUE),95% confidence intervals,NTZ,Scorpion Marine Reserve ,"Limited entry, size limit, gear limit, seasonal closure",1,‚â•-850,5.1142857,NA,NA,Yes,Panulirus Panulirus interruptus,-850,
842,"Scorpion, mean CPUE, 2008",Catch,Individual species,Palinuridae,Panulirus,Panulirus interruptus,NA,Catch per unit effort (CPUE),95% confidence intervals,NTZ,Scorpion Marine Reserve ,"Limited entry, size limit, gear limit, seasonal closure",2,‚â§-650,1.8717949,NA,NA,Yes,Panulirus Panulirus interruptus,-650,
842,"Scorpion, mean CPUE, 2008",Catch,Individual species,Palinuridae,Panulirus,Panulirus interruptus,NA,Catch per unit effort (CPUE),95% confidence intervals,NTZ,Scorpion Marine Reserve ,"Limited entry, size limit, gear limit, seasonal closure",3,‚â§ 1000,0.5211268,NA,NA,Yes,Panulirus Panulirus interruptus,1000,
842,"Scorpion, mean CPUE, 2008",Catch,Individual species,Palinuridae,Panulirus,Panulirus interruptus,NA,Catch per unit effort (CPUE),95% confidence intervals,NTZ,Scorpion Marine Reserve ,"Limited entry, size limit, gear limit, seasonal closure",4,‚â• 2000,2.3461538,NA,NA,Yes,Panulirus Panulirus interruptus,2600,
842,"Scorpion, mean CPUE, 2018",Catch,Individual species,Palinuridae,Panulirus,Panulirus interruptus,NA,Catch per unit effort (CPUE),95% confidence intervals,NTZ,Scorpion Marine Reserve ,"Limited entry, size limit, gear limit, seasonal closure",1,‚â•-850,25.6615017,NA,NA,Yes,Panulirus Panulirus interruptus,-850,
842,"Scorpion, mean CPUE, 2018",Catch,Individual species,Palinuridae,Panulirus,Panulirus interruptus,NA,Catch per unit effort (CPUE),95% confidence intervals,NTZ,Scorpion Marine Reserve ,"Limited entry, size limit, gear limit, seasonal closure",2,‚â§-650,9.0666667,NA,NA,Yes,Panulirus Panulirus interruptus,-650,
842,"Scorpion, mean CPUE, 2018",Catch,Individual species,Palinuridae,Panulirus,Panulirus interruptus,NA,Catch per unit effort (CPUE),95% confidence intervals,NTZ,Scorpion Marine Reserve ,"Limited entry, size limit, gear limit, seasonal closure",3,‚â§ 1000,2.1639344,NA,NA,Yes,Panulirus Panulirus interruptus,1000,
842,"Scorpion, mean CPUE, 2018",Catch,Individual species,Palinuridae,Panulirus,Panulirus interruptus,NA,Catch per unit effort (CPUE),95% confidence intervals,NTZ,Scorpion Marine Reserve ,"Limited entry, size limit, gear limit, seasonal closure",4,‚â• 2000,2.3653846,NA,NA,Yes,Panulirus Panulirus interruptus,2600,
842,"Scorpion, Mean difference in CPUE 2008-2018",Catch,Individual species,Palinuridae,Panulirus,Panulirus interruptus,NA,Catch per unit effort (CPUE),95% confidence intervals,NTZ,Scorpion Marine Reserve ,"Limited entry, size limit, gear limit, seasonal closure",1,‚â•-850,20.55,24.19,16.9,Yes,Panulirus Panulirus interruptus,-850,
842,"Scorpion, Mean difference in CPUE 2008-2018",Catch,Individual species,Palinuridae,Panulirus,Panulirus interruptus,NA,Catch per unit effort (CPUE),95% confidence intervals,NTZ,Scorpion Marine Reserve ,"Limited entry, size limit, gear limit, seasonal closure",2,‚â§-650,7.19,8.94,5.45,Yes,Panulirus Panulirus interruptus,-650,
842,"Scorpion, Mean difference in CPUE 2008-2018",Catch,Individual species,Palinuridae,Panulirus,Panulirus interruptus,NA,Catch per unit effort (CPUE),95% confidence intervals,NTZ,Scorpion Marine Reserve ,"Limited entry, size limit, gear limit, seasonal closure",3,‚â§ 1000,1.64,2.19,1.1,Yes,Panulirus Panulirus interruptus,1000,
842,"Scorpion, Mean difference in CPUE 2008-2018",Catch,Individual species,Palinuridae,Panulirus,Panulirus interruptus,NA,Catch per unit effort (CPUE),95% confidence intervals,NTZ,Scorpion Marine Reserve ,"Limited entry, size limit, gear limit, seasonal closure",4,‚â• 2000,0.02,1.16,-1.12,Yes,Panulirus Panulirus interruptus,2600,
842,"Gull, 2008, biomass",Catch,Individual species,Palinuridae,Panulirus,Panulirus interruptus,NA,Biomass,95% confidence intervals,NTZ,Gull Marine Reserve,"Limited entry, size limit, gear limit, seasonal closure",1,‚â•-2000,8.21,NA,NA,Yes,Panulirus Panulirus interruptus,-2000,
842,"Gull, 2008, biomass",Catch,Individual species,Palinuridae,Panulirus,Panulirus interruptus,NA,Biomass,95% confidence intervals,NTZ,Gull Marine Reserve,"Limited entry, size limit, gear limit, seasonal closure",2,‚â§-1000,4.1,NA,NA,Yes,Panulirus Panulirus interruptus,-1000,
842,"Gull, 2008, biomass",Catch,Individual species,Palinuridae,Panulirus,Panulirus interruptus,NA,Biomass,95% confidence intervals,NTZ,Gull Marine Reserve,"Limited entry, size limit, gear limit, seasonal closure",3,‚â§ 1000,0.49,NA,NA,Yes,Panulirus Panulirus interruptus,1000,
842,"Gull, 2008, biomass",Catch,Individual species,Palinuridae,Panulirus,Panulirus interruptus,NA,Biomass,95% confidence intervals,NTZ,Gull Marine Reserve,"Limited entry, size limit, gear limit, seasonal closure",4,‚â• 2000,0.92,NA,NA,Yes,Panulirus Panulirus interruptus,6000,
842,"Gull, 2018, biomass",Catch,Individual species,Palinuridae,Panulirus,Panulirus interruptus,NA,Biomass,95% confidence intervals,NTZ,Gull Marine Reserve,"Limited entry, size limit, gear limit, seasonal closure",1,‚â•-2000,20.02,NA,NA,Yes,Panulirus Panulirus interruptus,-2000,
842,"Gull, 2018, biomass",Catch,Individual species,Palinuridae,Panulirus,Panulirus interruptus,NA,Biomass,95% confidence intervals,NTZ,Gull Marine Reserve,"Limited entry, size limit, gear limit, seasonal closure",2,‚â§-1000,7.84,NA,NA,Yes,Panulirus Panulirus interruptus,-1000,
842,"Gull, 2018, biomass",Catch,Individual species,Palinuridae,Panulirus,Panulirus interruptus,NA,Biomass,95% confidence intervals,NTZ,Gull Marine Reserve,"Limited entry, size limit, gear limit, seasonal closure",3,‚â§ 1000,1.76,NA,NA,Yes,Panulirus Panulirus interruptus,1000,
842,"Gull, 2018, biomass",Catch,Individual species,Palinuridae,Panulirus,Panulirus interruptus,NA,Biomass,95% confidence intervals,NTZ,Gull Marine Reserve,"Limited entry, size limit, gear limit, seasonal closure",4,‚â• 2000,0.25,NA,NA,Yes,Panulirus Panulirus interruptus,6000,
842,"Gull, Mean difference biomass 2008-2018",Catch,Individual species,Palinuridae,Panulirus,Panulirus interruptus,NA,Biomass,95% confidence intervals,NTZ,Gull Marine Reserve,"Limited entry, size limit, gear limit, seasonal closure",1,‚â•-2000,11.81,13.84,9.79,Yes,Panulirus Panulirus interruptus,-2000,
842,"Gull, Mean difference biomass 2008-2018",Catch,Individual species,Palinuridae,Panulirus,Panulirus interruptus,NA,Biomass,95% confidence intervals,NTZ,Gull Marine Reserve,"Limited entry, size limit, gear limit, seasonal closure",2,‚â§-1000,3.74,7.67,0.19,Yes,Panulirus Panulirus interruptus,-1000,
842,"Gull, Mean difference biomass 2008-2018",Catch,Individual species,Palinuridae,Panulirus,Panulirus interruptus,NA,Biomass,95% confidence intervals,NTZ,Gull Marine Reserve,"Limited entry, size limit, gear limit, seasonal closure",3,‚â§ 1000,1.27,1.82,0.71,Yes,Panulirus Panulirus interruptus,1000,
842,"Gull, Mean difference biomass 2008-2018",Catch,Individual species,Palinuridae,Panulirus,Panulirus interruptus,NA,Biomass,95% confidence intervals,NTZ,Gull Marine Reserve,"Limited entry, size limit, gear limit, seasonal closure",4,‚â• 2000,-0.68,-0.48,-0.88,Yes,Panulirus Panulirus interruptus,6000,
842,"Scorpion, 2008, biomass",Catch,Individual species,Palinuridae,Panulirus,Panulirus interruptus,NA,Biomass,95% confidence intervals,NTZ,Scorpion Marine Reserve ,"Limited entry, size limit, gear limit, seasonal closure",1,‚â•-850,5.22,NA,NA,Yes,Panulirus Panulirus interruptus,-850,
842,"Scorpion, 2008, biomass",Catch,Individual species,Palinuridae,Panulirus,Panulirus interruptus,NA,Biomass,95% confidence intervals,NTZ,Scorpion Marine Reserve ,"Limited entry, size limit, gear limit, seasonal closure",2,‚â§-650,0.44,NA,NA,Yes,Panulirus Panulirus interruptus,-650,
842,"Scorpion, 2008, biomass",Catch,Individual species,Palinuridae,Panulirus,Panulirus interruptus,NA,Biomass,95% confidence intervals,NTZ,Scorpion Marine Reserve ,"Limited entry, size limit, gear limit, seasonal closure",3,‚â§ 1000,0.44,NA,NA,Yes,Panulirus Panulirus interruptus,1000,
842,"Scorpion, 2008, biomass",Catch,Individual species,Palinuridae,Panulirus,Panulirus interruptus,NA,Biomass,95% confidence intervals,NTZ,Scorpion Marine Reserve ,"Limited entry, size limit, gear limit, seasonal closure",4,‚â• 2000,1.88,NA,NA,Yes,Panulirus Panulirus interruptus,2600,
842,"Scorpion, 2018, biomass",Catch,Individual species,Palinuridae,Panulirus,Panulirus interruptus,NA,Biomass,95% confidence intervals,NTZ,Scorpion Marine Reserve ,"Limited entry, size limit, gear limit, seasonal closure",1,‚â•-850,29.48,NA,NA,Yes,Panulirus Panulirus interruptus,-850,
842,"Scorpion, 2018, biomass",Catch,Individual species,Palinuridae,Panulirus,Panulirus interruptus,NA,Biomass,95% confidence intervals,NTZ,Scorpion Marine Reserve ,"Limited entry, size limit, gear limit, seasonal closure",2,‚â§-650,7.99,NA,NA,Yes,Panulirus Panulirus interruptus,-650,
842,"Scorpion, 2018, biomass",Catch,Individual species,Palinuridae,Panulirus,Panulirus interruptus,NA,Biomass,95% confidence intervals,NTZ,Scorpion Marine Reserve ,"Limited entry, size limit, gear limit, seasonal closure",3,‚â§ 1000,1.9,NA,NA,Yes,Panulirus Panulirus interruptus,1000,
842,"Scorpion, 2018, biomass",Catch,Individual species,Palinuridae,Panulirus,Panulirus interruptus,NA,Biomass,95% confidence intervals,NTZ,Scorpion Marine Reserve ,"Limited entry, size limit, gear limit, seasonal closure",4,‚â• 2000,1.83,NA,NA,Yes,Panulirus Panulirus interruptus,2600,
842,"Scorpion, Difference in biomass 2008-2018",Catch,Individual species,Palinuridae,Panulirus,Panulirus interruptus,NA,Biomass,95% confidence intervals,NTZ,Scorpion Marine Reserve ,"Limited entry, size limit, gear limit, seasonal closure",1,‚â•-850,24.26,29.06,19.47,Yes,Panulirus Panulirus interruptus,-850,
842,"Scorpion, Difference in biomass 2008-2018",Catch,Individual species,Palinuridae,Panulirus,Panulirus interruptus,NA,Biomass,95% confidence intervals,NTZ,Scorpion Marine Reserve ,"Limited entry, size limit, gear limit, seasonal closure",2,‚â§-650,6.15,7.78,4.53,Yes,Panulirus Panulirus interruptus,-650,
842,"Scorpion, Difference in biomass 2008-2018",Catch,Individual species,Palinuridae,Panulirus,Panulirus interruptus,NA,Biomass,95% confidence intervals,NTZ,Scorpion Marine Reserve ,"Limited entry, size limit, gear limit, seasonal closure",3,‚â§ 1000,1.46,4.33,2.11,Yes,Panulirus Panulirus interruptus,1000,
842,"Scorpion, Difference in biomass 2008-2018",Catch,Individual species,Palinuridae,Panulirus,Panulirus interruptus,NA,Biomass,95% confidence intervals,NTZ,Scorpion Marine Reserve ,"Limited entry, size limit, gear limit, seasonal closure",4,‚â• 2000,-0.11,0.93,-0.96,Yes,Panulirus Panulirus interruptus,2600,
865,"size class 11-20cm, calculated biomass averages for values shown in Fig. 6, ",Transect count,Functional group,NA,NA,NA,"Herbivorous fish (Acanthuridae, Scaridae)",Biomass,NA,NTZ,Vamizi Marine Reserve,Yes,1,4000,3503.62,NA,NA,Yes,NA,4000,1000
865,"size class 11-20cm, calculated biomass averages for values shown in Fig. 6, ",Transect count,Functional group,NA,NA,NA,"Herbivorous fish (Acanthuridae, Scaridae)",Biomass,NA,NTZ,Vamizi Marine Reserve,Yes,2,2000 - 3000,1799.84,NA,NA,Yes,NA,2500,1000
865,"size class 11-20cm, calculated biomass averages for values shown in Fig. 6, ",Transect count,Functional group,NA,NA,NA,"Herbivorous fish (Acanthuridae, Scaridae)",Biomass,NA,NTZ,Vamizi Marine Reserve,Yes,3,0 - 2000,5102.97,NA,NA,Yes,NA,1000,1000
865,"size class 11-20cm, calculated biomass averages for values shown in Fig. 6, ",Transect count,Functional group,NA,NA,NA,"Herbivorous fish (Acanthuridae, Scaridae)",Biomass,NA,NTZ,Vamizi Marine Reserve,Yes,4,2000,4694.09,NA,NA,Yes,NA,2000,1000
865,"size class 11-20cm, calculated biomass averages for values shown in Fig. 6, ",Transect count,Functional group,NA,NA,NA,"Herbivorous fish (Acanthuridae, Scaridae)",Biomass,NA,NTZ,Vamizi Marine Reserve,Yes,5,1000,5073.84,NA,NA,Yes,NA,1000,1000
865,"size class 21-3cm, calculated biomass averages for values shown in Fig. 6",Transect count,Functional group,NA,NA,NA,"Herbivorous fish (Acanthuridae, Scaridae)",Biomass,NA,NTZ,Vamizi Marine Reserve,Yes,1,4000,506.33,NA,NA,Yes,NA,4000,1000
865,"size class 21-3cm, calculated biomass averages for values shown in Fig. 6",Transect count,Functional group,NA,NA,NA,"Herbivorous fish (Acanthuridae, Scaridae)",Biomass,NA,NTZ,Vamizi Marine Reserve,Yes,2,0 - 2000 (outside),4448.46,NA,NA,Yes,NA,1000,1000
865,"size class 21-3cm, calculated biomass averages for values shown in Fig. 6",Transect count,Functional group,NA,NA,NA,"Herbivorous fish (Acanthuridae, Scaridae)",Biomass,NA,NTZ,Vamizi Marine Reserve,Yes,3,2000,2981.72,NA,NA,Yes,NA,2000,1000
865,"size class 21-3cm, calculated biomass averages for values shown in Fig. 6",Transect count,Functional group,NA,NA,NA,"Herbivorous fish (Acanthuridae, Scaridae)",Biomass,NA,NTZ,Vamizi Marine Reserve,Yes,4,2000,2051.69,NA,NA,Yes,NA,2000,1000
865,"size class 21-3cm, calculated biomass averages for values shown in Fig. 6",Transect count,Functional group,NA,NA,NA,"Herbivorous fish (Acanthuridae, Scaridae)",Biomass,NA,NTZ,Vamizi Marine Reserve,Yes,5,> -6000,5395.57,NA,NA,Yes,NA,-6000,1000
865,"size class 31-40cm, calculated biomass averages for values shown in Fig. 6",Transect count,Functional group,NA,NA,NA,"Herbivorous fish (Acanthuridae, Scaridae)",Biomass,NA,NTZ,Vamizi Marine Reserve,Yes,1,2000,0,NA,NA,No,NA,2000,NA
865,"size class 31-40cm, calculated biomass averages for values shown in Fig. 6",Transect count,Functional group,NA,NA,NA,"Herbivorous fish (Acanthuridae, Scaridae)",Biomass,NA,NTZ,Vamizi Marine Reserve,Yes,2,0 - 2000 (outside),937.5,NA,NA,No,NA,1000,NA
865,"size class 31-40cm, calculated biomass averages for values shown in Fig. 6",Transect count,Functional group,NA,NA,NA,"Herbivorous fish (Acanthuridae, Scaridae)",Biomass,NA,NTZ,Vamizi Marine Reserve,Yes,3,2000,765.82,NA,NA,No,NA,2000,NA
865,"size class 31-40cm, calculated biomass averages for values shown in Fig. 6",Transect count,Functional group,NA,NA,NA,"Herbivorous fish (Acanthuridae, Scaridae)",Biomass,NA,NTZ,Vamizi Marine Reserve,Yes,4,2000,1147.15,NA,NA,No,NA,2000,NA
865,"size class 31-40cm, calculated biomass averages for values shown in Fig. 6",Transect count,Functional group,NA,NA,NA,"Herbivorous fish (Acanthuridae, Scaridae)",Biomass,NA,NTZ,Vamizi Marine Reserve,Yes,5,> -6000,1474.68,NA,NA,No,NA,-6000,NA
865,"size class >40cm, calculated biomass averages for values shown in Fig. 6",Transect count,Functional group,NA,NA,NA,"Herbivorous fish (Acanthuridae, Scaridae)",Biomass,NA,NTZ,Vamizi Marine Reserve,Yes,1,2000-3000,0,NA,NA,No,NA,2500,NA
865,"size class >40cm, calculated biomass averages for values shown in Fig. 6",Transect count,Functional group,NA,NA,NA,"Herbivorous fish (Acanthuridae, Scaridae)",Biomass,NA,NTZ,Vamizi Marine Reserve,Yes,2,0 - 2000 (outside),0,NA,NA,No,NA,1000,NA
865,"size class >40cm, calculated biomass averages for values shown in Fig. 6",Transect count,Functional group,NA,NA,NA,"Herbivorous fish (Acanthuridae, Scaridae)",Biomass,NA,NTZ,Vamizi Marine Reserve,Yes,3,2000,0,NA,NA,No,NA,2000,NA
865,"size class >40cm, calculated biomass averages for values shown in Fig. 6",Transect count,Functional group,NA,NA,NA,"Herbivorous fish (Acanthuridae, Scaridae)",Biomass,NA,NTZ,Vamizi Marine Reserve,Yes,4,2000,1835.44,NA,NA,No,NA,2000,NA
865,"size class >40cm, calculated biomass averages for values shown in Fig. 6",Transect count,Functional group,NA,NA,NA,"Herbivorous fish (Acanthuridae, Scaridae)",Biomass,NA,NTZ,Vamizi Marine Reserve,Yes,5,> -6000,3280.59,NA,NA,No,NA,-6000,NA
870,"Punta Javana, Southern boundary",Transect count,Target species as a group,NA,NA,NA,Demersal commercial fishes,Abundance,95% confidence intervals,NTZ,Punta Javana Marine Protected Area,artisanal fishing areas outside the NTZ,1,0,0.166,0.323,0.013,Yes,NA,0,
870,"Punta Javana, Southern boundary",Transect count,Target species as a group,NA,NA,NA,Demersal commercial fishes,Abundance,95% confidence intervals,NTZ,Punta Javana Marine Protected Area,artisanal fishing areas outside the NTZ,2,500,0.029,0.162,-0.121,Yes,NA,500,
870,"Punta Javana, Southern boundary",Transect count,Target species as a group,NA,NA,NA,Demersal commercial fishes,Abundance,95% confidence intervals,NTZ,Punta Javana Marine Protected Area,artisanal fishing areas outside the NTZ,3,1000,-0.123,0.017,-0.27,Yes,NA,1000,
870,"Punta Javana, Southern boundary",Transect count,Target species as a group,NA,NA,NA,Demersal commercial fishes,Abundance,95% confidence intervals,NTZ,Punta Javana Marine Protected Area,artisanal fishing areas outside the NTZ,4,1500,-0.207,-0.04,-0.386,Yes,NA,1500,
870,"Punta Javana, Southern boundary",Transect count,Target species as a group,NA,NA,NA,Demersal commercial fishes,Abundance,95% confidence intervals,NTZ,Punta Javana Marine Protected Area,artisanal fishing areas outside the NTZ,5,2000,-0.274,-0.068,-0.492,Yes,NA,2000,
870,"Punta Javana, northern boundary",Transect count,Target species as a group,NA,NA,NA,Demersal commercial fishes,Abundance,95% confidence intervals,NTZ,Punta Javana Marine Protected Area ,artisanal fishing areas outside the NTZ,1,0,0.166,0.323,0.013,Yes,NA,0,
870,"Punta Javana, northern boundary",Transect count,Target species as a group,NA,NA,NA,Demersal commercial fishes,Abundance,95% confidence intervals,NTZ,Punta Javana Marine Protected Area ,artisanal fishing areas outside the NTZ,2,500,0.205,0.365,0.044,Yes,NA,500,
870,"Punta Javana, northern boundary",Transect count,Target species as a group,NA,NA,NA,Demersal commercial fishes,Abundance,95% confidence intervals,NTZ,Punta Javana Marine Protected Area ,artisanal fishing areas outside the NTZ,3,1000,0.176,0.343,0.013,Yes,NA,1000,
870,"Punta Javana, northern boundary",Transect count,Target species as a group,NA,NA,NA,Demersal commercial fishes,Abundance,95% confidence intervals,NTZ,Punta Javana Marine Protected Area ,artisanal fishing areas outside the NTZ,4,1500,0.107,0.264,-0.044,Yes,NA,1500,
870,"Punta Javana, northern boundary",Transect count,Target species as a group,NA,NA,NA,Demersal commercial fishes,Abundance,95% confidence intervals,NTZ,Punta Javana Marine Protected Area ,artisanal fishing areas outside the NTZ,5,2000,0.046,0.235,-0.143,Yes,NA,2000,
870,"Polacra, southern boundary",Transect count,Target species as a group,NA,NA,NA,Demersal commercial fishes,Abundance,95% confidence intervals,NTZ,Polacra Marine Protected Area ,artisanal fishing areas outside the NTZ,1,0,0.259,0.414,0.107,Yes,NA,0,
870,"Polacra, southern boundary",Transect count,Target species as a group,NA,NA,NA,Demersal commercial fishes,Abundance,95% confidence intervals,NTZ,Polacra Marine Protected Area ,artisanal fishing areas outside the NTZ,2,1000,0.091,0.251,-0.073,Yes,NA,1000,
870,"Polacra, southern boundary",Transect count,Target species as a group,NA,NA,NA,Demersal commercial fishes,Abundance,95% confidence intervals,NTZ,Polacra Marine Protected Area ,artisanal fishing areas outside the NTZ,3,2000,-0.046,0.115,-0.196,Yes,NA,2000,
870,"Polacra, southern boundary",Transect count,Target species as a group,NA,NA,NA,Demersal commercial fishes,Abundance,95% confidence intervals,NTZ,Polacra Marine Protected Area ,artisanal fishing areas outside the NTZ,4,3000,-0.212,-0.042,-0.384,Yes,NA,3000,
870,"Polacra, southern boundary",Transect count,Target species as a group,NA,NA,NA,Demersal commercial fishes,Abundance,95% confidence intervals,NTZ,Polacra Marine Protected Area ,artisanal fishing areas outside the NTZ,5,3500,-0.325,-0.117,-0.533,Yes,NA,3500,
870,"Polacra, northern boundary",Transect count,Target species as a group,NA,NA,NA,Demersal commercial fishes,Abundance,95% confidence intervals,NTZ,Polacra Marine Protected Area ,artisanal fishing areas outside the NTZ,1,0,0.259,0.414,0.107,Yes,NA,0,
870,"Polacra, northern boundary",Transect count,Target species as a group,NA,NA,NA,Demersal commercial fishes,Abundance,95% confidence intervals,NTZ,Polacra Marine Protected Area ,artisanal fishing areas outside the NTZ,2,900,0.246,0.4,0.093,Yes,NA,900,
870,"Polacra, northern boundary",Transect count,Target species as a group,NA,NA,NA,Demersal commercial fishes,Abundance,95% confidence intervals,NTZ,Polacra Marine Protected Area ,artisanal fishing areas outside the NTZ,3,1500,0.107,0.246,-0.034,Yes,NA,1500,
870,"Polacra, northern boundary",Transect count,Target species as a group,NA,NA,NA,Demersal commercial fishes,Abundance,95% confidence intervals,NTZ,Polacra Marine Protected Area ,artisanal fishing areas outside the NTZ,4,2000,-0.004,0.121,-0.135,Yes,NA,2000,
870,"Polacra, northern boundary",Transect count,Target species as a group,NA,NA,NA,Demersal commercial fishes,Abundance,95% confidence intervals,NTZ,Polacra Marine Protected Area ,artisanal fishing areas outside the NTZ,5,2600,-0.099,0.085,-0.279,Yes,NA,2600,
870,"Loma Pelada, southern Boundary",Transect count,Target species as a group,NA,NA,NA,Demersal commercial fishes,Abundance,95% confidence intervals,NTZ,Loma Pelada Marine Protected Area,artisanal fishing areas outside the NTZ,1,0,0.129,0.292,-0.041,Yes,NA,0,
870,"Loma Pelada, southern Boundary",Transect count,Target species as a group,NA,NA,NA,Demersal commercial fishes,Abundance,95% confidence intervals,NTZ,Loma Pelada Marine Protected Area,artisanal fishing areas outside the NTZ,2,500,-0.017,0.141,-0.187,Yes,NA,500,
870,"Loma Pelada, southern Boundary",Transect count,Target species as a group,NA,NA,NA,Demersal commercial fishes,Abundance,95% confidence intervals,NTZ,Loma Pelada Marine Protected Area,artisanal fishing areas outside the NTZ,3,1000,-0.075,0.091,-0.246,Yes,NA,1000,
870,"Loma Pelada, southern Boundary",Transect count,Target species as a group,NA,NA,NA,Demersal commercial fishes,Abundance,95% confidence intervals,NTZ,Loma Pelada Marine Protected Area,artisanal fishing areas outside the NTZ,4,1500,0.045,0.208,-0.103,Yes,NA,1500,
870,"Loma Pelada, southern Boundary",Transect count,Target species as a group,NA,NA,NA,Demersal commercial fishes,Abundance,95% confidence intervals,NTZ,Loma Pelada Marine Protected Area,artisanal fishing areas outside the NTZ,5,1900,0.259,0.478,0.049,Yes,NA,1900,
870,"Loma Pelada, northern boundary",Transect count,Target species as a group,NA,NA,NA,Demersal commercial fishes,Abundance,95% confidence intervals,NTZ,Demersal commercial fishes,artisanal fishing areas outside the NTZ,1,0,0.129,0.292,-0.041,Yes,NA,0,
870,"Loma Pelada, northern boundary",Transect count,Target species as a group,NA,NA,NA,Demersal commercial fishes,Abundance,95% confidence intervals,NTZ,Demersal commercial fishes,artisanal fishing areas outside the NTZ,2,500,0.117,0.284,-0.055,Yes,NA,500,
870,"Loma Pelada, northern boundary",Transect count,Target species as a group,NA,NA,NA,Demersal commercial fishes,Abundance,95% confidence intervals,NTZ,Demersal commercial fishes,artisanal fishing areas outside the NTZ,3,1000,-0.029,0.131,-0.179,Yes,NA,1000,
870,"Loma Pelada, northern boundary",Transect count,Target species as a group,NA,NA,NA,Demersal commercial fishes,Abundance,95% confidence intervals,NTZ,Demersal commercial fishes,artisanal fishing areas outside the NTZ,4,1500,-0.181,-0.011,-0.352,Yes,NA,1500,
870,"Loma Pelada, northern boundary",Transect count,Target species as a group,NA,NA,NA,Demersal commercial fishes,Abundance,95% confidence intervals,NTZ,Demersal commercial fishes,artisanal fishing areas outside the NTZ,5,1700,-0.268,-0.047,-0.482,Yes,NA,1700,
1064,"CPUE, European Lobster",Catch,Individual species,Nephropidae,Homarus,Homarus Gammarus ,NA,Catch per unit effort (CPUE),Standard error,NTZ,Lamlash Bay Marine Reserve,Yes,1,0 (inside),0.99,1.06,0.92,Yes,Homarus Homarus Gammarus ,0,
1064,"CPUE, European Lobster",Catch,Individual species,Nephropidae,Homarus,Homarus Gammarus ,NA,Catch per unit effort (CPUE),Standard error,NTZ,Lamlash Bay Marine Reserve,Yes,2,5000,0.49,0.56,0.42,Yes,Homarus Homarus Gammarus ,5000,
1064,"CPUE, European Lobster",Catch,Individual species,Nephropidae,Homarus,Homarus Gammarus ,NA,Catch per unit effort (CPUE),Standard error,NTZ,Lamlash Bay Marine Reserve,Yes,3,10000,0.35,0.4,0.31,Yes,Homarus Homarus Gammarus ,10000,
1064,"CPUE, European Lobster",Catch,Individual species,Nephropidae,Homarus,Homarus Gammarus ,NA,Catch per unit effort (CPUE),Standard error,NTZ,Lamlash Bay Marine Reserve,Yes,4,15000,0.34,0.39,0.29,Yes,Homarus Homarus Gammarus ,15000,
1064,"CPUE, European Lobster",Catch,Individual species,Nephropidae,Homarus,Homarus Gammarus ,NA,Catch per unit effort (CPUE),Standard error,NTZ,Lamlash Bay Marine Reserve,Yes,5,20000,0.34,0.42,0.27,Yes,Homarus Homarus Gammarus ,20000,
1064,CPUE brown crab,Catch,Individual species,Cancridae,Cancer,Cancer pagurus,NA,Catch per unit effort (CPUE),Standard error,NTZ,Lamlash Bay Marine Reserve,Yes,1,0,0.38,0.43,0.32,No,Cancer Cancer pagurus,0,
1064,CPUE brown crab,Catch,Individual species,Cancridae,Cancer,Cancer pagurus,NA,Catch per unit effort (CPUE),Standard error,NTZ,Lamlash Bay Marine Reserve,Yes,2,5000,0.62,0.71,0.55,No,Cancer Cancer pagurus,5000,
1064,CPUE brown crab,Catch,Individual species,Cancridae,Cancer,Cancer pagurus,NA,Catch per unit effort (CPUE),Standard error,NTZ,Lamlash Bay Marine Reserve,Yes,3,10000,0.83,0.9,0.76,No,Cancer Cancer pagurus,10000,
1064,CPUE brown crab,Catch,Individual species,Cancridae,Cancer,Cancer pagurus,NA,Catch per unit effort (CPUE),Standard error,NTZ,Lamlash Bay Marine Reserve,Yes,4,15000,1.24,1.32,1.16,No,Cancer Cancer pagurus,15000,
1064,CPUE brown crab,Catch,Individual species,Cancridae,Cancer,Cancer pagurus,NA,Catch per unit effort (CPUE),Standard error,NTZ,Lamlash Bay Marine Reserve,Yes,5,20000,0.85,0.91,0.79,No,Cancer Cancer pagurus,20000,
1064,"Legal sized lobsters, WPUE",Catch,Individual species,Nephropidae,Homarus,Homarus Gammarus,NA,Biomass,Standard error,NTZ,Lamlash Bay Marine Reserve,Yes,1,0,665.885,715.1,616.66,Yes,Homarus Homarus Gammarus,0,
1064,"Legal sized lobsters, WPUE",Catch,Individual species,Nephropidae,Homarus,Homarus Gammarus,NA,Biomass,Standard error,NTZ,Lamlash Bay Marine Reserve,Yes,2,500,341.41,407.03,275.78,Yes,Homarus Homarus Gammarus,500,
1064,"Legal sized lobsters, WPUE",Catch,Individual species,Nephropidae,Homarus,Homarus Gammarus,NA,Biomass,Standard error,NTZ,Lamlash Bay Marine Reserve,Yes,3,1000,233.85,284.9,180.9,Yes,Homarus Homarus Gammarus,1000,
1064,"Legal sized lobsters, WPUE",Catch,Individual species,Nephropidae,Homarus,Homarus Gammarus,NA,Biomass,Standard error,NTZ,Lamlash Bay Marine Reserve,Yes,4,1500,235.68,314.06,157.29,Yes,Homarus Homarus Gammarus,1500,
1064,"Legal sized lobsters, WPUE",Catch,Individual species,Nephropidae,Homarus,Homarus Gammarus,NA,Biomass,Standard error,NTZ,Lamlash Bay Marine Reserve,Yes,5,2000,359.64,NA,NA,Yes,Homarus Homarus Gammarus,2000,
1113,"For all NTZs together. They do have it separate by beginning and end of season, this is just the totals",Catch,Individual species,Palinuridae,Panulirus,argus,NA,Fish size,NA,NTZ,Florida Keys National Marine Sanctuary,Yes,1,<0.25 nm,84.01,NA,NA,Yes,Panulirus argus,463,
1113,"For all NTZs together. They do have it separate by beginning and end of season, this is just the totals",Catch,Individual species,Palinuridae,Panulirus,argus,NA,Fish size,NA,NTZ,Florida Keys National Marine Sanctuary,Yes,2,>0.25 nm,83.12,NA,NA,Yes,Panulirus argus,463,
1113,"For all NTZs together. They do have it separate by beginning and end of season, this is just the totals",Catch,Individual species,Palinuridae,Panulirus,argus,NA,Catch per unit effort (CPUE),NA,NTZ,Florida Keys National Marine Sanctuary,Yes,1,<0.25 nm,0.08,NA,NA,Yes,Panulirus argus,463,
1113,"For all NTZs together. They do have it separate by beginning and end of season, this is just the totals",Catch,Individual species,Palinuridae,Panulirus,argus,NA,Catch per unit effort (CPUE),NA,NTZ,Florida Keys National Marine Sanctuary,Yes,2,>0.25 nm,0.07,NA,NA,Yes,Panulirus argus,463,
1116,Northern boundary,Transect count,Individual species,NA,NA,NA,"Paracentrotus lividus, Arbacia lixula",Density,Standard error,NTZ,Torre Guaceto Marine Reserve ,Yes,1,2004,12.08,1.79,1.79,Yes,NA,2004,
1116,Northern boundary,Transect count,Individual species,NA,NA,NA,"Paracentrotus lividus, Arbacia lixula",Density,Standard error,NTZ,Torre Guaceto Marine Reserve ,Yes,2,1195,7.97,1.9,1.9,Yes,NA,1195,
1116,Northern boundary,Transect count,Individual species,NA,NA,NA,"Paracentrotus lividus, Arbacia lixula",Density,Standard error,NTZ,Torre Guaceto Marine Reserve ,Yes,3,676,9.69,2.3,2.3,Yes,NA,676,
1116,Northern boundary,Transect count,Individual species,NA,NA,NA,"Paracentrotus lividus, Arbacia lixula",Density,Standard error,NTZ,Torre Guaceto Marine Reserve ,Yes,4,383,6.82,2.5,2.5,Yes,NA,383,
1116,Northern boundary,Transect count,Individual species,NA,NA,NA,"Paracentrotus lividus, Arbacia lixula",Density,Standard error,NTZ,Torre Guaceto Marine Reserve ,Yes,5,177,7.65,1,1,Yes,NA,177,
1116,Northern boundary,Transect count,Individual species,NA,NA,NA,"Paracentrotus lividus, Arbacia lixula",Density,Standard error,NTZ,Torre Guaceto Marine Reserve ,Yes,1,48,4.21,1.3,1.3,Yes,NA,48,
1116,Northern boundary,Transect count,Individual species,NA,NA,NA,"Paracentrotus lividus, Arbacia lixula",Density,Standard error,NTZ,Torre Guaceto Marine Reserve ,Yes,2,-57,0.45,0.7,0.7,Yes,NA,-57,
1116,Northern boundary,Transect count,Individual species,NA,NA,NA,"Paracentrotus lividus, Arbacia lixula",Density,Standard error,NTZ,Torre Guaceto Marine Reserve ,Yes,3,-411,0.56,0.5,0.5,Yes,NA,-411,
1116,Northern boundary,Transect count,Individual species,NA,NA,NA,"Paracentrotus lividus, Arbacia lixula",Density,Standard error,NTZ,Torre Guaceto Marine Reserve ,Yes,4,-2494,0.57,0.8,0.8,Yes,NA,-2494,
1116,Northern boundary,Transect count,Individual species,NA,NA,NA,"Paracentrotus lividus, Arbacia lixula",Density,Standard error,NTZ,Torre Guaceto Marine Reserve ,Yes,5,-3508,0.38,0.6,0.6,Yes,NA,-3508,
1116,Southern boundary,Transect count,Individual species,NA,NA,NA,"Paracentrotus lividus, Arbacia lixula",Density,Standard error,NTZ,Torre Guaceto Marine Reserve ,Yes,1,1977,13.76,2.37,2.37,Yes,NA,1977,
1116,Southern boundary,Transect count,Individual species,NA,NA,NA,"Paracentrotus lividus, Arbacia lixula",Density,Standard error,NTZ,Torre Guaceto Marine Reserve ,Yes,2,1176,12.94,2.25,2.25,Yes,NA,1176,
1116,Southern boundary,Transect count,Individual species,NA,NA,NA,"Paracentrotus lividus, Arbacia lixula",Density,Standard error,NTZ,Torre Guaceto Marine Reserve ,Yes,3,694,15.98,1.83,1.83,Yes,NA,694,
1116,Southern boundary,Transect count,Individual species,NA,NA,NA,"Paracentrotus lividus, Arbacia lixula",Density,Standard error,NTZ,Torre Guaceto Marine Reserve ,Yes,4,400,8.19,0.9,0.9,Yes,NA,400,
1116,Southern boundary,Transect count,Individual species,NA,NA,NA,"Paracentrotus lividus, Arbacia lixula",Density,Standard error,NTZ,Torre Guaceto Marine Reserve ,Yes,5,177,7.54,0.74,0.74,Yes,NA,177,
1116,Southern boundary,Transect count,Individual species,NA,NA,NA,"Paracentrotus lividus, Arbacia lixula",Density,Standard error,NTZ,Torre Guaceto Marine Reserve ,Yes,1,39,3.19,0.89,0.89,Yes,NA,39,
1116,Southern boundary,Transect count,Individual species,NA,NA,NA,"Paracentrotus lividus, Arbacia lixula",Density,Standard error,NTZ,Torre Guaceto Marine Reserve ,Yes,2,-60,1.44,0.75,0.75,Yes,NA,-60,
1116,Southern boundary,Transect count,Individual species,NA,NA,NA,"Paracentrotus lividus, Arbacia lixula",Density,Standard error,NTZ,Torre Guaceto Marine Reserve ,Yes,3,-416,0.77,0.69,0.69,Yes,NA,-416,
1116,Southern boundary,Transect count,Individual species,NA,NA,NA,"Paracentrotus lividus, Arbacia lixula",Density,Standard error,NTZ,Torre Guaceto Marine Reserve ,Yes,4,-2503,0.36,0.56,0.56,Yes,NA,-2503,
1116,Southern boundary,Transect count,Individual species,NA,NA,NA,"Paracentrotus lividus, Arbacia lixula",Density,Standard error,NTZ,Torre Guaceto Marine Reserve ,Yes,5,-3494,0.59,0.7,0.7,Yes,NA,-3494,
1116,Northern boundary,Transect count,Genus group,Sparidae,Diplodus,spp.,NA,Density,Standard error,NTZ,Torre Guaceto Marine Reserve ,Yes,1,1749,0.44,1.41,1.41,Yes,Diplodus spp.,1749,
1116,Northern boundary,Transect count,Genus group,Sparidae,Diplodus,spp.,NA,Density,Standard error,NTZ,Torre Guaceto Marine Reserve ,Yes,2,1027,0.36,1.03,1.03,Yes,Diplodus spp.,1027,
1116,Northern boundary,Transect count,Genus group,Sparidae,Diplodus,spp.,NA,Density,Standard error,NTZ,Torre Guaceto Marine Reserve ,Yes,3,533,1.12,1.39,1.39,Yes,Diplodus spp.,533,
1116,Northern boundary,Transect count,Genus group,Sparidae,Diplodus,spp.,NA,Density,Standard error,NTZ,Torre Guaceto Marine Reserve ,Yes,4,244,0.74,1.06,1.06,Yes,Diplodus spp.,244,
1116,Northern boundary,Transect count,Genus group,Sparidae,Diplodus,spp.,NA,Density,Standard error,NTZ,Torre Guaceto Marine Reserve ,Yes,5,45,1.02,0.98,0.98,Yes,Diplodus spp.,45,
1116,Northern boundary,Transect count,Genus group,Sparidae,Diplodus,spp.,NA,Density,Standard error,NTZ,Torre Guaceto Marine Reserve ,Yes,1,-96,5.09,0.88,0.88,Yes,Diplodus spp.,-96,
1116,Northern boundary,Transect count,Genus group,Sparidae,Diplodus,spp.,NA,Density,Standard error,NTZ,Torre Guaceto Marine Reserve ,Yes,2,-186,3.9,1.5,1.5,Yes,Diplodus spp.,-186,
1116,Northern boundary,Transect count,Genus group,Sparidae,Diplodus,spp.,NA,Density,Standard error,NTZ,Torre Guaceto Marine Reserve ,Yes,3,-519,10.2,0.82,0.82,Yes,Diplodus spp.,-519,
1116,Northern boundary,Transect count,Genus group,Sparidae,Diplodus,spp.,NA,Density,Standard error,NTZ,Torre Guaceto Marine Reserve ,Yes,4,-2571,20.69,2.72,2.72,Yes,Diplodus spp.,-2571,
1116,Northern boundary,Transect count,Genus group,Sparidae,Diplodus,spp.,NA,Density,Standard error,NTZ,Torre Guaceto Marine Reserve ,Yes,5,-3529,22.47,1.59,1.59,Yes,Diplodus spp.,-3529,
1116,Southern boundary,Transect count,Genus group,Sparidae,Diplodus,spp.,NA,Density,Standard error,NTZ,Torre Guaceto Marine Reserve ,Yes,1,1805,6.15,1.39,1.39,Yes,Diplodus spp.,1805,
1116,Southern boundary,Transect count,Genus group,Sparidae,Diplodus,spp.,NA,Density,Standard error,NTZ,Torre Guaceto Marine Reserve ,Yes,2,1034,5.64,1.06,1.06,Yes,Diplodus spp.,1034,
1116,Southern boundary,Transect count,Genus group,Sparidae,Diplodus,spp.,NA,Density,Standard error,NTZ,Torre Guaceto Marine Reserve ,Yes,3,552,4.54,1.5,1.5,Yes,Diplodus spp.,552,
1116,Southern boundary,Transect count,Genus group,Sparidae,Diplodus,spp.,NA,Density,Standard error,NTZ,Torre Guaceto Marine Reserve ,Yes,4,258,4.7,1.14,1.14,Yes,Diplodus spp.,258,
1116,Southern boundary,Transect count,Genus group,Sparidae,Diplodus,spp.,NA,Density,Standard error,NTZ,Torre Guaceto Marine Reserve ,Yes,5,65,4.01,0.99,0.99,Yes,Diplodus spp.,65,
1116,Southern boundary,Transect count,Genus group,Sparidae,Diplodus,spp.,NA,Density,Standard error,NTZ,Torre Guaceto Marine Reserve ,Yes,1,-48,6.02,0.88,0.88,Yes,Diplodus spp.,-48,
1116,Southern boundary,Transect count,Genus group,Sparidae,Diplodus,spp.,NA,Density,Standard error,NTZ,Torre Guaceto Marine Reserve ,Yes,2,-185,7.37,1.59,1.59,Yes,Diplodus spp.,-185,
1116,Southern boundary,Transect count,Genus group,Sparidae,Diplodus,spp.,NA,Density,Standard error,NTZ,Torre Guaceto Marine Reserve ,Yes,3,-520,7.9,0.87,0.87,Yes,Diplodus spp.,-520,
1116,Southern boundary,Transect count,Genus group,Sparidae,Diplodus,spp.,NA,Density,Standard error,NTZ,Torre Guaceto Marine Reserve ,Yes,4,-2561,22.65,2.37,2.37,Yes,Diplodus spp.,-2561,
1116,Southern boundary,Transect count,Genus group,Sparidae,Diplodus,spp.,NA,Density,Standard error,NTZ,Torre Guaceto Marine Reserve ,Yes,5,-3541,20.72,1.6,1.6,Yes,Diplodus spp.,-3541,
1134,Shallow Zone (3-4 m depth),Transect count,Family group,Lutjanidae,NA,NA,NA,Density,Standard error,NTZ,Hobihu No-Take Area,Yes,1,Inside,3.49,1.75,17.5,Yes,NA,NA,
1134,Shallow Zone (3-4 m depth),Transect count,Family group,Lutjanidae,NA,NA,NA,Density,Standard error,NTZ,Hobihu No-Take Area,Yes,2,1500,0.15,0.25,0.25,Yes,NA,1500,
1134,Shallow Zone (3-4 m depth),Transect count,Family group,Lutjanidae,NA,NA,NA,Density,Standard error,NTZ,Hobihu No-Take Area,Yes,3,2000,0.51,0.56,0.56,Yes,NA,2000,
1134,Shallow Zone (3-4 m depth),Transect count,Family group,Mullidae,NA,NA,NA,Density,Standard error,NTZ,Hobihu No-Take Area,Yes,1,Centre,1.19,0.85,0.85,Yes,NA,NA,
1134,Shallow Zone (3-4 m depth),Transect count,Family group,Mullidae,NA,NA,NA,Density,Standard error,NTZ,Hobihu No-Take Area,Yes,2,1500,0.11,0.27,0.27,Yes,NA,1500,
1134,Shallow Zone (3-4 m depth),Transect count,Family group,Mullidae,NA,NA,NA,Density,Standard error,NTZ,Hobihu No-Take Area,Yes,3,2000,2.2,1.52,1.52,Yes,NA,2000,
1134,Shallow Zone (3-4 m depth),Transect count,Family group,Mullidae,NA,NA,NA,Density,Standard error,NTZ,Hobihu No-Take Area,Yes,4,7000,0.7,0.44,0.44,Yes,NA,7000,
1134,Shallow Zone (3-4 m depth),Transect count,Family group,Serranidae,NA,NA,NA,Density,Standard error,NTZ,Hobihu No-Take Area,Yes,1,Centre,1.59,0.52,0.52,Yes,NA,NA,
1134,Shallow Zone (3-4 m depth),Transect count,Family group,Serranidae,NA,NA,NA,Density,Standard error,NTZ,Hobihu No-Take Area,Yes,2,1500,0.39,0.76,0.76,Yes,NA,1500,
1134,Shallow Zone (3-4 m depth),Transect count,Family group,Serranidae,NA,NA,NA,Density,Standard error,NTZ,Hobihu No-Take Area,Yes,3,2000,0.59,0.65,0.65,Yes,NA,2000,
1134,Shallow Zone (3-4 m depth),Transect count,Family group,Serranidae,NA,NA,NA,Density,Standard error,NTZ,Hobihu No-Take Area,Yes,4,7000,1.1,0.83,0.83,Yes,NA,7000,
1134,Shallow Zone (3-4 m depth),Transect count,Family group,Labridae,NA,NA,NA,Density,Standard error,NTZ,Hobihu No-Take Area,Yes,1,Centre,16.48,4.95,4.95,No,NA,NA,
1134,Shallow Zone (3-4 m depth),Transect count,Family group,Labridae,NA,NA,NA,Density,Standard error,NTZ,Hobihu No-Take Area,Yes,2,1500,18.21,4.97,4.97,No,NA,1500,
1134,Shallow Zone (3-4 m depth),Transect count,Family group,Labridae,NA,NA,NA,Density,Standard error,NTZ,Hobihu No-Take Area,Yes,3,2000,7,4.85,4.85,No,NA,2000,
1134,Shallow Zone (3-4 m depth),Transect count,Family group,Labridae,NA,NA,NA,Density,Standard error,NTZ,Hobihu No-Take Area,Yes,4,7000,11,2.85,2.85,No,NA,7000,
1134,Shallow Zone (3-4 m depth),Transect count,Family group,Chaetodontidae,NA,NA,NA,Density,Standard error,NTZ,Hobihu No-Take Area,Yes,1,Centre,9.01,4.91,4.92,No,NA,NA,
1134,Shallow Zone (3-4 m depth),Transect count,Family group,Chaetodontidae,NA,NA,NA,Density,Standard error,NTZ,Hobihu No-Take Area,Yes,2,1500,2.58,1.18,1.18,No,NA,1500,
1134,Shallow Zone (3-4 m depth),Transect count,Family group,Chaetodontidae,NA,NA,NA,Density,Standard error,NTZ,Hobihu No-Take Area,Yes,3,2000,4.61,1.27,1.27,No,NA,2000,
1134,Shallow Zone (3-4 m depth),Transect count,Family group,Chaetodontidae,NA,NA,NA,Density,Standard error,NTZ,Hobihu No-Take Area,Yes,4,7000,2.16,0.73,0.73,No,NA,7000,
1134,Shallow Zone (3-4 m depth),Transect count,Family group,Acanthuridae,NA,NA,NA,Density,Standard error,NTZ,Hobihu No-Take Area,Yes,1,Centre,9.92,4.89,4.89,Yes,NA,NA,
1134,Shallow Zone (3-4 m depth),Transect count,Family group,Acanthuridae,NA,NA,NA,Density,Standard error,NTZ,Hobihu No-Take Area,Yes,2,1500,2.65,1.89,1.89,Yes,NA,1500,
1134,Shallow Zone (3-4 m depth),Transect count,Family group,Acanthuridae,NA,NA,NA,Density,Standard error,NTZ,Hobihu No-Take Area,Yes,3,2000,9.57,2.87,2.87,Yes,NA,2000,
1134,Shallow Zone (3-4 m depth),Transect count,Family group,Acanthuridae,NA,NA,NA,Density,Standard error,NTZ,Hobihu No-Take Area,Yes,4,7000,2.41,1.44,1.44,Yes,NA,7000,
1134,Shallow Zone (3-4 m depth),Transect count,Family group,Teraodontidae,NA,NA,NA,Density,Standard error,NTZ,Hobihu No-Take Area,Yes,1,Centre,1.19,0.4,0.4,No,NA,NA,
1134,Shallow Zone (3-4 m depth),Transect count,Family group,Teraodontidae,NA,NA,NA,Density,Standard error,NTZ,Hobihu No-Take Area,Yes,2,1500,2.46,1.05,1.05,No,NA,1500,
1134,Shallow Zone (3-4 m depth),Transect count,Family group,Teraodontidae,NA,NA,NA,Density,Standard error,NTZ,Hobihu No-Take Area,Yes,3,2000,4.33,2.45,2.45,No,NA,2000,
1134,Shallow Zone (3-4 m depth),Transect count,Family group,Teraodontidae,NA,NA,NA,Density,Standard error,NTZ,Hobihu No-Take Area,Yes,4,7000,0.65,0.36,0.36,No,NA,7000,
1134,Shallow Zone (3-4 m depth),Transect count,Family group,Holocentridae,NA,NA,NA,Density,Standard error,NTZ,Hobihu No-Take Area,Yes,1,Centre,2.73,2.57,2.57,Yes,NA,NA,
1134,Shallow Zone (3-4 m depth),Transect count,Family group,Holocentridae,NA,NA,NA,Density,Standard error,NTZ,Hobihu No-Take Area,Yes,2,1500,0.45,0.28,0.28,Yes,NA,1500,
1134,Shallow Zone (3-4 m depth),Transect count,Family group,Carangidae,NA,NA,NA,Density,Standard error,NTZ,Hobihu No-Take Area,Yes,1,Centre,1.62,1.62,1.62,Yes,NA,NA,
1134,Shallow Zone (3-4 m depth),Transect count,Family group,Carangidae,NA,NA,NA,Density,Standard error,NTZ,Hobihu No-Take Area,Yes,2,2000,0.14,0.21,0.21,Yes,NA,2000,
1134,Shallow Zone (3-4 m depth),Transect count,Family group,Pomacentridae,NA,NA,NA,Density,Standard error,NTZ,Hobihu No-Take Area,Yes,1,Centre,78.52,7.72,7.72,No,NA,NA,
1134,Shallow Zone (3-4 m depth),Transect count,Family group,Pomacentridae,NA,NA,NA,Density,Standard error,NTZ,Hobihu No-Take Area,Yes,2,1500,26,5.32,5.32,No,NA,1500,
1134,Shallow Zone (3-4 m depth),Transect count,Family group,Pomacentridae,NA,NA,NA,Density,Standard error,NTZ,Hobihu No-Take Area,Yes,3,2000,41.87,12.38,12.38,No,NA,2000,
1134,Shallow Zone (3-4 m depth),Transect count,Family group,Pomacentridae,NA,NA,NA,Density,Standard error,NTZ,Hobihu No-Take Area,Yes,4,7000,31.46,7.8,7.8,No,NA,7000,
1134,Deep zone (8-10 m depth),Transect count,Family group,Lutjanidae,NA,NA,NA,Density,Standard error,NTZ,Hobihu No-Take Area,Yes,1,Centre,3.22,2.36,2.36,No,NA,NA,
1134,Deep zone (8-10 m depth),Transect count,Family group,Lutjanidae,NA,NA,NA,Density,Standard error,NTZ,Hobihu No-Take Area,Yes,2,1500,0.71,0.75,0.75,No,NA,1500,
1134,Deep zone (8-10 m depth),Transect count,Family group,Lutjanidae,NA,NA,NA,Density,Standard error,NTZ,Hobihu No-Take Area,Yes,3,2000,0.45,0.49,0.49,No,NA,2000,
1134,Deep zone (8-10 m depth),Transect count,Family group,Lutjanidae,NA,NA,NA,Density,Standard error,NTZ,Hobihu No-Take Area,Yes,4,7000,0.42,0.55,0.55,No,NA,7000,
1134,Deep zone (8-10 m depth),Transect count,Family group,Mullidae,NA,NA,NA,Density,Standard error,NTZ,Hobihu No-Take Area,Yes,1,Centre,1.6,1.32,1.32,Yes,NA,NA,
1134,Deep zone (8-10 m depth),Transect count,Family group,Mullidae,NA,NA,NA,Density,Standard error,NTZ,Hobihu No-Take Area,Yes,2,2000,1.66,0.84,0.84,Yes,NA,2000,
1134,Deep zone (8-10 m depth),Transect count,Family group,Mullidae,NA,NA,NA,Density,Standard error,NTZ,Hobihu No-Take Area,Yes,3,7000,1.11,0.93,0.93,Yes,NA,7000,
1134,Deep zone (8-10 m depth),Transect count,Family group,Serranidae,NA,NA,NA,Density,Standard error,NTZ,Hobihu No-Take Area,Yes,1,Centre,1.67,0.8,0.8,Yes,NA,NA,
1134,Deep zone (8-10 m depth),Transect count,Family group,Serranidae,NA,NA,NA,Density,Standard error,NTZ,Hobihu No-Take Area,Yes,2,1500,0.96,0.93,0.93,Yes,NA,1500,
1134,Deep zone (8-10 m depth),Transect count,Family group,Serranidae,NA,NA,NA,Density,Standard error,NTZ,Hobihu No-Take Area,Yes,3,2000,1.85,0.38,0.38,Yes,NA,2000,
1134,Deep zone (8-10 m depth),Transect count,Family group,Serranidae,NA,NA,NA,Density,Standard error,NTZ,Hobihu No-Take Area,Yes,4,7000,1.55,0.94,0.94,Yes,NA,7000,
1134,Deep zone (8-10 m depth),Transect count,Family group,Labridae,NA,NA,NA,Density,Standard error,NTZ,Hobihu No-Take Area,Yes,1,Centre,1.03,0.74,0.74,No,NA,NA,
1134,Deep zone (8-10 m depth),Transect count,Family group,Labridae,NA,NA,NA,Density,Standard error,NTZ,Hobihu No-Take Area,Yes,2,1500,3.79,0.93,0.93,No,NA,1500,
1134,Deep zone (8-10 m depth),Transect count,Family group,Labridae,NA,NA,NA,Density,Standard error,NTZ,Hobihu No-Take Area,Yes,3,2000,4.68,1.52,1.52,No,NA,2000,
1134,Deep zone (8-10 m depth),Transect count,Family group,Labridae,NA,NA,NA,Density,Standard error,NTZ,Hobihu No-Take Area,Yes,4,7000,2.68,2.09,2.09,No,NA,7000,
1134,Deep zone (8-10 m depth),Transect count,Family group,Chaetodontidae,NA,NA,NA,Density,Standard error,NTZ,Hobihu No-Take Area,Yes,1,Centre,3.26,1.53,1.53,No,NA,NA,
1134,Deep zone (8-10 m depth),Transect count,Family group,Chaetodontidae,NA,NA,NA,Density,Standard error,NTZ,Hobihu No-Take Area,Yes,2,1500,2.85,1.5,1.5,No,NA,1500,
1134,Deep zone (8-10 m depth),Transect count,Family group,Chaetodontidae,NA,NA,NA,Density,Standard error,NTZ,Hobihu No-Take Area,Yes,3,2000,5.56,1.87,1.87,No,NA,2000,
1134,Deep zone (8-10 m depth),Transect count,Family group,Chaetodontidae,NA,NA,NA,Density,Standard error,NTZ,Hobihu No-Take Area,Yes,4,7000,2.99,0.89,0.89,No,NA,7000,
1134,Deep zone (8-10 m depth),Transect count,Family group,Acanthuridae,NA,NA,NA,Density,Standard error,NTZ,Hobihu No-Take Area,Yes,1,Centre,1.92,1.18,1.18,Yes,NA,NA,
1134,Deep zone (8-10 m depth),Transect count,Family group,Acanthuridae,NA,NA,NA,Density,Standard error,NTZ,Hobihu No-Take Area,Yes,2,1500,3.59,1,1,Yes,NA,1500,
1134,Deep zone (8-10 m depth),Transect count,Family group,Acanthuridae,NA,NA,NA,Density,Standard error,NTZ,Hobihu No-Take Area,Yes,3,2000,5.74,0.8,0.8,Yes,NA,2000,
1134,Deep zone (8-10 m depth),Transect count,Family group,Acanthuridae,NA,NA,NA,Density,Standard error,NTZ,Hobihu No-Take Area,Yes,4,7000,3.03,1.71,1.71,Yes,NA,7000,
1134,Deep zone (8-10 m depth),Transect count,Family group,Teraodontidae,NA,NA,NA,Density,Standard error,NTZ,Hobihu No-Take Area,Yes,1,Centre,0.51,0.73,0.73,No,NA,NA,
1134,Deep zone (8-10 m depth),Transect count,Family group,Teraodontidae,NA,NA,NA,Density,Standard error,NTZ,Hobihu No-Take Area,Yes,2,1500,2.43,1.77,1.77,No,NA,1500,
1134,Deep zone (8-10 m depth),Transect count,Family group,Teraodontidae,NA,NA,NA,Density,Standard error,NTZ,Hobihu No-Take Area,Yes,3,2000,3.51,0.58,0.58,No,NA,2000,
1134,Deep zone (8-10 m depth),Transect count,Family group,Teraodontidae,NA,NA,NA,Density,Standard error,NTZ,Hobihu No-Take Area,Yes,4,7000,3.06,1.76,1.76,No,NA,7000,
1134,Deep zone (8-10 m depth),Transect count,Family group,Holocentridae,NA,NA,NA,Density,Standard error,NTZ,Hobihu No-Take Area,Yes,1,Centre,0.69,0.83,0.83,Yes,NA,NA,
1134,Deep zone (8-10 m depth),Transect count,Family group,Holocentridae,NA,NA,NA,Density,Standard error,NTZ,Hobihu No-Take Area,Yes,2,1500,1.94,1.82,1.82,Yes,NA,1500,
1134,Deep zone (8-10 m),Transect count,Family group,Carangidae,NA,NA,NA,Density,Standard error,NTZ,Hobihu No-Take Area,Yes,1,Centre,0.55,0.42,0.42,Yes,NA,NA,
1134,Deep zone (8-10 m),Transect count,Family group,Carangidae,NA,NA,NA,Density,Standard error,NTZ,Hobihu No-Take Area,Yes,2,2000,0.21,0.2,0.2,Yes,NA,2000,
1134,Deep zone (8-10 m depth),Transect count,Family group,Pomacentridae,NA,NA,NA,Density,Standard error,NTZ,Hobihu No-Take Area,Yes,1,Centre,70.42,16.76,16.76,No,NA,NA,
1134,Deep zone (8-10 m depth),Transect count,Family group,Pomacentridae,NA,NA,NA,Density,Standard error,NTZ,Hobihu No-Take Area,Yes,2,1500,38.48,6.2,6.2,No,NA,1500,
1134,Deep zone (8-10 m depth),Transect count,Family group,Pomacentridae,NA,NA,NA,Density,Standard error,NTZ,Hobihu No-Take Area,Yes,3,2000,25.31,4.94,4.94,No,NA,2000,
1134,Deep zone (8-10 m depth),Transect count,Family group,Pomacentridae,NA,NA,NA,Density,Standard error,NTZ,Hobihu No-Take Area,Yes,4,7000,16.19,5.08,5.08,No,NA,7000,
1140,Underwater Visual Census,Transect count,All fish species,NA,NA,NA,NA,Biomass,Standard deviation,NTZ,Yam Rosh Hanikra ,Yes,1,-2000,16.76,19.63,19.63,Yes,NA,-2000,NA
1140,Underwater Visual Census,Transect count,All fish species,NA,NA,NA,NA,Biomass,Standard deviation,NTZ,Yam Rosh Hanikra ,Yes,2,-2000,11.78,6.92,6.92,Yes,NA,-2000,NA
1140,Underwater Visual Census,Transect count,All fish species,NA,NA,NA,NA,Biomass,Standard deviation,NTZ,Yam Rosh Hanikra ,Yes,3,0 - 2000`,5.89,5.77,5.77,Yes,NA,1000,NA
1140,Underwater Visual Census,Transect count,All fish species,NA,NA,NA,NA,Biomass,Standard deviation,NTZ,Yam Rosh Hanikra ,Yes,4,2000 - 4000,6.5,5.89,5.89,Yes,NA,3000,NA
1140,Towed Diver Survey,Transect count,All fish species,NA,NA,NA,NA,Biomass,Standard error,NTZ,Yam Rosh Hanikra,Yes,1,-2000,3.94,4.58,4.58,Yes,NA,-2000,2500
1140,Towed Diver Survey,Transect count,All fish species,NA,NA,NA,NA,Biomass,Standard error,NTZ,Yam Rosh Hanikra,Yes,2,-2000,3.18,4.2,4.2,Yes,NA,-2000,2500
1140,Towed Diver Survey,Transect count,All fish species,NA,NA,NA,NA,Biomass,Standard error,NTZ,Yam Rosh Hanikra,Yes,3,0 - 2000,1.28,1.63,1.63,Yes,NA,1000,2500
1140,Towed Diver Survey,Transect count,All fish species,NA,NA,NA,NA,Biomass,Standard error,NTZ,Yam Rosh Hanikra,Yes,4,2000 - 4000,2.05,2.32,2.32,Yes,NA,3000,2500
1140,Towed Diver Survey,Transect count,All fish species,NA,NA,NA,NA,Biomass,Standard error,NTZ,Yam Rosh Hanikra,Yes,5,4000 - 6000,5,7.5,7.5,Yes,NA,5000,2500
1140,Acoustic Survey,Acoustic survey,All fish species,NA,NA,NA,NA,Biomass,Standard deviation,NTZ,Yam Rosh Hanikra ,Yes,1,-2000,0.45,3.19,3.19,Yes,NA,-2000,2500
1140,Acoustic Survey,Acoustic survey,All fish species,NA,NA,NA,NA,Biomass,Standard deviation,NTZ,Yam Rosh Hanikra ,Yes,2,-2000,0.2,1.1,1.1,Yes,NA,-2000,2500
1140,Acoustic Survey,Acoustic survey,All fish species,NA,NA,NA,NA,Biomass,Standard deviation,NTZ,Yam Rosh Hanikra ,Yes,3,0 - 2000,0.22,1.74,1.74,Yes,NA,1000,2500
1140,Acoustic Survey,Acoustic survey,All fish species,NA,NA,NA,NA,Biomass,Standard deviation,NTZ,Yam Rosh Hanikra ,Yes,4,2000 - 4000,0.88,9.4,9.4,Yes,NA,3000,2500
1140,Acoustic Survey,Acoustic survey,All fish species,NA,NA,NA,NA,Biomass,Standard deviation,NTZ,Yam Rosh Hanikra ,Yes,5,4000 - 6000,0.82,7.48,7.48,Yes,NA,5000,2500
1199,NA,Stationary count,Individual species,Lutjanidae,Pristipomoides,filamentosus,NA,Fish size,Standard error,PPO,Penguin Bank Bottomfish Restricted Fishing Area,Yes,1,0,579.05,NA,NA,Yes,Pristipomoides filamentosus,0,
1199,NA,Stationary count,Individual species,Lutjanidae,Pristipomoides,filamentosus,NA,Fish size,Standard error,PPO,Penguin Bank Bottomfish Restricted Fishing Area,Yes,2,5000,673.3,18,18,Yes,Pristipomoides filamentosus,5000,
1199,NA,Stationary count,Individual species,Lutjanidae,Pristipomoides,filamentosus,NA,Fish size,Standard error,PPO,Penguin Bank Bottomfish Restricted Fishing Area,Yes,3,10000,586.78,20,20,Yes,Pristipomoides filamentosus,10000,
1199,NA,Stationary count,Individual species,Lutjanidae,Pristipomoides,filamentosus,NA,Fish size,Standard error,PPO,Penguin Bank Bottomfish Restricted Fishing Area,Yes,4,15000,580.99,27,27,Yes,Pristipomoides filamentosus,15000,
1199,NA,Stationary count,Individual species,Lutjanidae,Pristipomoides,filamentosus,NA,Fish size,Standard error,PPO,Penguin Bank Bottomfish Restricted Fishing Area,Yes,5,45000,441.67,34,34,Yes,Pristipomoides filamentosus,45000,
1199,NA,Stationary count,Individual species,Lutjanidae,Etelis,coruscans,NA,Fish size,Standard error,PPO,Penguin Bank Bottomfish Restricted Fishing Area,Yes,1,0,676.74,NA,NA,Yes,Etelis coruscans,0,
1199,NA,Stationary count,Individual species,Lutjanidae,Etelis,coruscans,NA,Fish size,Standard error,PPO,Penguin Bank Bottomfish Restricted Fishing Area,Yes,2,5000,726.78,33,33,Yes,Etelis coruscans,5000,
1199,NA,Stationary count,Individual species,Lutjanidae,Etelis,coruscans,NA,Fish size,Standard error,PPO,Penguin Bank Bottomfish Restricted Fishing Area,Yes,3,10000,661.81,38,38,Yes,Etelis coruscans,10000,
1199,NA,Stationary count,Individual species,Lutjanidae,Etelis,coruscans,NA,Fish size,Standard error,PPO,Penguin Bank Bottomfish Restricted Fishing Area,Yes,4,15000,597.83,20,20,Yes,Etelis coruscans,15000,
1199,NA,Stationary count,Individual species,Lutjanidae,Etelis,coruscans,NA,Fish size,Standard error,PPO,Penguin Bank Bottomfish Restricted Fishing Area,Yes,5,50000,462.04,13,13,Yes,Etelis coruscans,50000,
1199,NA,Stationary count,Individual species,Lutjanidae,Etelis,carbunculus,NA,Fish size,Standard error,PPO,Penguin Bank Bottomfish Restricted Fishing Area,Yes,1,0,438.69,NA,NA,No,Etelis carbunculus,0,
1199,NA,Stationary count,Individual species,Lutjanidae,Etelis,carbunculus,NA,Fish size,Standard error,PPO,Penguin Bank Bottomfish Restricted Fishing Area,Yes,2,5000,414.53,21,21,No,Etelis carbunculus,5000,
1199,NA,Stationary count,Individual species,Lutjanidae,Etelis,carbunculus,NA,Fish size,Standard error,PPO,Penguin Bank Bottomfish Restricted Fishing Area,Yes,3,10000,353.67,21,21,No,Etelis carbunculus,10000,
1199,NA,Stationary count,Individual species,Lutjanidae,Etelis,carbunculus,NA,Fish size,Standard error,PPO,Penguin Bank Bottomfish Restricted Fishing Area,Yes,4,15000,456.26,32,32,No,Etelis carbunculus,15000,
1199,NA,Stationary count,Individual species,Lutjanidae,Etelis,carbunculus,NA,Fish size,Standard error,PPO,Penguin Bank Bottomfish Restricted Fishing Area,Yes,5,45000,507.58,14,14,No,Etelis carbunculus,45000,
1199,NA,Stationary count,Individual species,Lutjanidae,Pristipomoides,filamentosus,NA,Fish size,Standard error,PPO,Makapu'u Bottomfish Restricted Fishing Area,Yes,1,0,519.84,NA,NA,Yes,Pristipomoides filamentosus,0,
1199,NA,Stationary count,Individual species,Lutjanidae,Pristipomoides,filamentosus,NA,Fish size,Standard error,PPO,Makapu'u Bottomfish Restricted Fishing Area,Yes,2,5000,473.95,31.5,31.5,Yes,Pristipomoides filamentosus,5000,
1199,NA,Stationary count,Individual species,Lutjanidae,Pristipomoides,filamentosus,NA,Fish size,Standard error,PPO,Makapu'u Bottomfish Restricted Fishing Area,Yes,3,10000,426.82,15,15,Yes,Pristipomoides filamentosus,10000,
1199,NA,Stationary count,Individual species,Lutjanidae,Etelis,coruscans,NA,Fish size,Standard error,PPO,Makapu'u Bottomfish Restricted Fishing Area,Yes,1,0,509.05,32.5,32.5,No,Etelis coruscans,0,
1199,NA,Stationary count,Individual species,Lutjanidae,Etelis,coruscans,NA,Fish size,Standard error,PPO,Makapu'u Bottomfish Restricted Fishing Area,Yes,2,5000,496.69,15,15,No,Etelis coruscans,5000,
1199,NA,Stationary count,Individual species,Lutjanidae,Etelis,coruscans,NA,Fish size,Standard error,PPO,Makapu'u Bottomfish Restricted Fishing Area,Yes,3,10000,355.18,9,9,No,Etelis coruscans,10000,
1199,NA,Stationary count,Individual species,Lutjanidae,Etelis,carbunculus,NA,Fish size,Standard error,PPO,Makapu'u Bottomfish Restricted Fishing Area,Yes,1,0,353.18,13,13,No,Etelis carbunculus,0,
1199,NA,Stationary count,Individual species,Lutjanidae,Etelis,carbunculus,NA,Fish size,Standard error,PPO,Makapu'u Bottomfish Restricted Fishing Area,Yes,2,5000,425.07,15.5,15.5,No,Etelis carbunculus,5000,
1199,NA,Stationary count,Individual species,Lutjanidae,Etelis,carbunculus,NA,Fish size,Standard error,PPO,Makapu'u Bottomfish Restricted Fishing Area,Yes,3,15000,356.25,27,27,Yes,Etelis carbunculus,15000,
1199,NA,Stationary count,Individual species,Lutjanidae,Pristipomoides,filamentosus,NA,Relative abundance (MaxN),Standard error,PPO,Penguin Bank Bottomfish Restricted Fishing Area,Yes,1,0,4.56,1.6,1.6,No,Pristipomoides filamentosus,0,
1199,NA,Stationary count,Individual species,Lutjanidae,Pristipomoides,filamentosus,NA,Relative abundance (MaxN),Standard error,PPO,Penguin Bank Bottomfish Restricted Fishing Area,Yes,2,5000,0.72,0.5,0.5,No,Pristipomoides filamentosus,5000,
1199,NA,Stationary count,Individual species,Lutjanidae,Pristipomoides,filamentosus,NA,Relative abundance (MaxN),Standard error,PPO,Penguin Bank Bottomfish Restricted Fishing Area,Yes,3,10000,6.16,5,5,No,Pristipomoides filamentosus,10000,
1199,NA,Stationary count,Individual species,Lutjanidae,Pristipomoides,filamentosus,NA,Relative abundance (MaxN),Standard error,PPO,Penguin Bank Bottomfish Restricted Fishing Area,Yes,4,15000,1.95,0.85,0.85,No,Pristipomoides filamentosus,15000,
1199,NA,Stationary count,Individual species,Lutjanidae,Pristipomoides,filamentosus,NA,Relative abundance (MaxN),Standard error,PPO,Penguin Bank Bottomfish Restricted Fishing Area,Yes,5,20000,0,0,0,No,Pristipomoides filamentosus,20000,
1199,NA,Stationary count,Individual species,Lutjanidae,Pristipomoides,filamentosus,NA,Relative abundance (MaxN),Standard error,PPO,Penguin Bank Bottomfish Restricted Fishing Area,Yes,1,35000,0,0,0,No,Pristipomoides filamentosus,35000,
1199,NA,Stationary count,Individual species,Lutjanidae,Pristipomoides,filamentosus,NA,Relative abundance (MaxN),Standard error,PPO,Penguin Bank Bottomfish Restricted Fishing Area,Yes,2,40000,0,0,0,No,Pristipomoides filamentosus,40000,
1199,NA,Stationary count,Individual species,Lutjanidae,Pristipomoides,filamentosus,NA,Relative abundance (MaxN),Standard error,PPO,Penguin Bank Bottomfish Restricted Fishing Area,Yes,3,40000,1.59,1.65,1.65,No,Pristipomoides filamentosus,40000,
1199,NA,Stationary count,Individual species,Lutjanidae,Pristipomoides,filamentosus,NA,Relative abundance (MaxN),Standard error,PPO,Penguin Bank Bottomfish Restricted Fishing Area,Yes,4,50000,0,0,0,No,Pristipomoides filamentosus,50000,
1199,NA,Stationary count,Individual species,Lutjanidae,Etelis,coruscans,NA,Relative abundance (MaxN),Standard error,PPO,Penguin Bank Bottomfish Restricted Fishing Area,Yes,1,0,3.72,NA,NA,Yes,Etelis coruscans,0,
1199,NA,Stationary count,Individual species,Lutjanidae,Etelis,coruscans,NA,Relative abundance (MaxN),Standard error,PPO,Penguin Bank Bottomfish Restricted Fishing Area,Yes,2,5000,8.82,6,6,Yes,Etelis coruscans,5000,
1199,NA,Stationary count,Individual species,Lutjanidae,Etelis,coruscans,NA,Relative abundance (MaxN),Standard error,PPO,Penguin Bank Bottomfish Restricted Fishing Area,Yes,3,10000,2.22,1.3,1.3,Yes,Etelis coruscans,10000,
1199,NA,Stationary count,Individual species,Lutjanidae,Etelis,coruscans,NA,Relative abundance (MaxN),Standard error,PPO,Penguin Bank Bottomfish Restricted Fishing Area,Yes,4,15000,4.95,3.8,3.8,Yes,Etelis coruscans,15000,
1199,NA,Stationary count,Individual species,Lutjanidae,Etelis,coruscans,NA,Relative abundance (MaxN),Standard error,PPO,Penguin Bank Bottomfish Restricted Fishing Area,Yes,5,20000,0,0,0,Yes,Etelis coruscans,20000,
1199,NA,Stationary count,Individual species,Lutjanidae,Etelis,coruscans,NA,Relative abundance (MaxN),Standard error,PPO,Penguin Bank Bottomfish Restricted Fishing Area,Yes,1,25000,0,0,0,Yes,Etelis coruscans,25000,
1199,NA,Stationary count,Individual species,Lutjanidae,Etelis,coruscans,NA,Relative abundance (MaxN),Standard error,PPO,Penguin Bank Bottomfish Restricted Fishing Area,Yes,2,30000,0,0,0,Yes,Etelis coruscans,30000,
1199,NA,Stationary count,Individual species,Lutjanidae,Etelis,coruscans,NA,Relative abundance (MaxN),Standard error,PPO,Penguin Bank Bottomfish Restricted Fishing Area,Yes,3,40000,0,0,0,Yes,Etelis coruscans,40000,
1199,NA,Stationary count,Individual species,Lutjanidae,Etelis,coruscans,NA,Relative abundance (MaxN),Standard error,PPO,Penguin Bank Bottomfish Restricted Fishing Area,Yes,4,45000,0.27,0.5,0.5,Yes,Etelis coruscans,45000,
1199,NA,Stationary count,Individual species,Lutjanidae,Etelis,coruscans,NA,Relative abundance (MaxN),Standard error,PPO,Penguin Bank Bottomfish Restricted Fishing Area,Yes,5,50000,0,0,0,Yes,Etelis coruscans,50000,
1199,NA,Stationary count,Individual species,Lutjanidae,Etelis,carbunculus,NA,Relative abundance (MaxN),Standard error,PPO,Penguin Bank Bottomfish Restricted Fishing Area,Yes,1,0,2.74,0.5,0.5,Yes,Etelis carbunculus,0,
1199,NA,Stationary count,Individual species,Lutjanidae,Etelis,carbunculus,NA,Relative abundance (MaxN),Standard error,PPO,Penguin Bank Bottomfish Restricted Fishing Area,Yes,2,5000,1.52,1,1,Yes,Etelis carbunculus,5000,
1199,NA,Stationary count,Individual species,Lutjanidae,Etelis,carbunculus,NA,Relative abundance (MaxN),Standard error,PPO,Penguin Bank Bottomfish Restricted Fishing Area,Yes,3,10000,2.93,2,2,Yes,Etelis carbunculus,10000,
1199,NA,Stationary count,Individual species,Lutjanidae,Etelis,carbunculus,NA,Relative abundance (MaxN),Standard error,PPO,Penguin Bank Bottomfish Restricted Fishing Area,Yes,4,15000,0.76,0.4,0.4,Yes,Etelis carbunculus,15000,
1199,NA,Stationary count,Individual species,Lutjanidae,Etelis,carbunculus,NA,Relative abundance (MaxN),Standard error,PPO,Penguin Bank Bottomfish Restricted Fishing Area,Yes,5,20000,0,0,0,Yes,Etelis carbunculus,20000,
1199,NA,Stationary count,Individual species,Lutjanidae,Etelis,carbunculus,NA,Relative abundance (MaxN),Standard error,PPO,Penguin Bank Bottomfish Restricted Fishing Area,Yes,1,25000,0,0,0,Yes,Etelis carbunculus,25000,
1199,NA,Stationary count,Individual species,Lutjanidae,Etelis,carbunculus,NA,Relative abundance (MaxN),Standard error,PPO,Penguin Bank Bottomfish Restricted Fishing Area,Yes,2,30000,0,0,0,Yes,Etelis carbunculus,30000,
1199,NA,Stationary count,Individual species,Lutjanidae,Etelis,carbunculus,NA,Relative abundance (MaxN),Standard error,PPO,Penguin Bank Bottomfish Restricted Fishing Area,Yes,3,40000,0,0,0,Yes,Etelis carbunculus,40000,
1199,NA,Stationary count,Individual species,Lutjanidae,Etelis,carbunculus,NA,Relative abundance (MaxN),Standard error,PPO,Penguin Bank Bottomfish Restricted Fishing Area,Yes,4,45000,0,0,0,Yes,Etelis carbunculus,45000,
1199,NA,Stationary count,Individual species,Lutjanidae,Etelis,carbunculus,NA,Relative abundance (MaxN),Standard error,PPO,Penguin Bank Bottomfish Restricted Fishing Area,Yes,5,50000,0,0,0,Yes,Etelis carbunculus,50000,
1199,NA,Stationary count,Individual species,Lutjanidae,Pristipomoides,filamentosus,NA,Relative abundance (MaxN),Standard error,PPO,Makapu'u Bottomfish Restricted Fishing Area,Yes,1,0,6-Feb,1.5,1.5,Yes,Pristipomoides filamentosus,0,
1199,NA,Stationary count,Individual species,Lutjanidae,Pristipomoides,filamentosus,NA,Relative abundance (MaxN),Standard error,PPO,Makapu'u Bottomfish Restricted Fishing Area,Yes,2,5000,3.25,1.6,1.6,Yes,Pristipomoides filamentosus,5000,
1199,NA,Stationary count,Individual species,Lutjanidae,Pristipomoides,filamentosus,NA,Relative abundance (MaxN),Standard error,PPO,Makapu'u Bottomfish Restricted Fishing Area,Yes,3,10000,2.72,1.4,1.4,Yes,Pristipomoides filamentosus,10000,
1199,NA,Stationary count,Individual species,Lutjanidae,Pristipomoides,filamentosus,NA,Relative abundance (MaxN),Standard error,PPO,Makapu'u Bottomfish Restricted Fishing Area,Yes,4,15000,0,0,0,Yes,Pristipomoides filamentosus,15000,
1199,NA,Stationary count,Individual species,Lutjanidae,Pristipomoides,filamentosus,NA,Relative abundance (MaxN),Standard error,PPO,Makapu'u Bottomfish Restricted Fishing Area,Yes,5,20000,0,0,0,Yes,Pristipomoides filamentosus,20000,
1199,NA,Stationary count,Individual species,Lutjanidae,Pristipomoides,filamentosus,NA,Relative abundance (MaxN),Standard error,PPO,Makapu'u Bottomfish Restricted Fishing Area,Yes,1,25000,0,0,0,Yes,Pristipomoides filamentosus,25000,
1199,NA,Stationary count,Individual species,Lutjanidae,Pristipomoides,filamentosus,NA,Relative abundance (MaxN),Standard error,PPO,Makapu'u Bottomfish Restricted Fishing Area,Yes,2,0,30000,0,0,Yes,Pristipomoides filamentosus,0,
1199,NA,Stationary count,Individual species,Lutjanidae,Etelis,coruscans,NA,Relative abundance (MaxN),Standard error,PPO,Makapu'u Bottomfish Restricted Fishing Area,Yes,1,0,3.07,1.4,1.4,Yes,Etelis coruscans,0,
1199,NA,Stationary count,Individual species,Lutjanidae,Etelis,coruscans,NA,Relative abundance (MaxN),Standard error,PPO,Makapu'u Bottomfish Restricted Fishing Area,Yes,2,5000,0.31,0.18,0.18,Yes,Etelis coruscans,5000,
1199,NA,Stationary count,Individual species,Lutjanidae,Etelis,coruscans,NA,Relative abundance (MaxN),Standard error,PPO,Makapu'u Bottomfish Restricted Fishing Area,Yes,3,10000,0.86,0.8,0.8,Yes,Etelis coruscans,10000,
1199,NA,Stationary count,Individual species,Lutjanidae,Etelis,coruscans,NA,Relative abundance (MaxN),Standard error,PPO,Makapu'u Bottomfish Restricted Fishing Area,Yes,4,15000,0.14,0.15,0.15,Yes,Etelis coruscans,15000,
1199,NA,Stationary count,Individual species,Lutjanidae,Etelis,coruscans,NA,Relative abundance (MaxN),Standard error,PPO,Makapu'u Bottomfish Restricted Fishing Area,Yes,5,20000,0,0,0,Yes,Etelis coruscans,20000,
1199,NA,Stationary count,Individual species,Lutjanidae,Etelis ,coruscans,NA,Relative abundance (MaxN),Standard error,PPO,Makapu'u Bottomfish Restricted Fishing Area,Yes,1,25000,0,0,0,Yes,Etelis  coruscans,25000,
1199,NA,Stationary count,Individual species,Lutjanidae,Etelis ,coruscans,NA,Relative abundance (MaxN),Standard error,PPO,Makapu'u Bottomfish Restricted Fishing Area,Yes,2,30000,0,0,0,Yes,Etelis  coruscans,30000,
1199,NA,Stationary count,Individual species,Lutjanidae,Etelis,carbunculus,NA,Relative abundance (MaxN),Standard error,PPO,Makapu'u Bottomfish Restricted Fishing Area,Yes,1,0,1.11,0.4,0.4,No,Etelis carbunculus,0,
1199,NA,Stationary count,Individual species,Lutjanidae,Etelis,carbunculus,NA,Relative abundance (MaxN),Standard error,PPO,Makapu'u Bottomfish Restricted Fishing Area,Yes,2,5000,0.66,0.6,0.6,No,Etelis carbunculus,5000,
1199,NA,Stationary count,Individual species,Lutjanidae,Etelis,carbunculus,NA,Relative abundance (MaxN),Standard error,PPO,Makapu'u Bottomfish Restricted Fishing Area,Yes,3,10000,0,0,0,No,Etelis carbunculus,10000,
1199,NA,Stationary count,Individual species,Lutjanidae,Etelis,carbunculus,NA,Relative abundance (MaxN),Standard error,PPO,Makapu'u Bottomfish Restricted Fishing Area,Yes,4,15000,1.16,0.8,0.8,No,Etelis carbunculus,15000,
1199,NA,Stationary count,Individual species,Lutjanidae,Etelis,carbunculus,NA,Relative abundance (MaxN),Standard error,PPO,Makapu'u Bottomfish Restricted Fishing Area,Yes,5,20000,0,0,0,No,Etelis carbunculus,20000,
1199,NA,Stationary count,Individual species,Lutjanidae,Etelis,carbunculus,NA,Relative abundance (MaxN),Standard error,PPO,Makapu'u Bottomfish Restricted Fishing Area,Yes,1,20000,0,0,0,No,Etelis carbunculus,20000,
1199,NA,Stationary count,Individual species,Lutjanidae,Etelis,carbunculus,NA,Relative abundance (MaxN),Standard error,PPO,Makapu'u Bottomfish Restricted Fishing Area,Yes,2,25000,0,0,0,No,Etelis carbunculus,25000,
1199,NA,Stationary count,Individual species,Lutjanidae,Etelis,carbunculus,NA,Relative abundance (MaxN),Standard error,PPO,Makapu'u Bottomfish Restricted Fishing Area,Yes,3,30000,0,0,0,No,Etelis carbunculus,30000,
1199,NA,Stationary count,Target species as a group,NA,NA,NA,Deep 7,Richness,Standard error,PPO,Penguin Bank Bottomfish Restricted Fishing Area,Yes,1,0,1.75,0.17,0.17,Yes,NA,0,
1199,NA,Stationary count,Target species as a group,NA,NA,NA,Deep 7,Richness,Standard error,PPO,Penguin Bank Bottomfish Restricted Fishing Area,Yes,2,5000,1.54,0.35,0.35,Yes,NA,5000,
1199,NA,Stationary count,Target species as a group,NA,NA,NA,Deep 7,Richness,Standard error,PPO,Penguin Bank Bottomfish Restricted Fishing Area,Yes,3,10000,1.6,0.3,0.3,Yes,NA,10000,
1199,NA,Stationary count,Target species as a group,NA,NA,NA,Deep 7,Richness,Standard error,PPO,Penguin Bank Bottomfish Restricted Fishing Area,Yes,4,15000,1.97,0.3,0.3,Yes,NA,15000,
1199,NA,Stationary count,Target species as a group,NA,NA,NA,Deep 7,Richness,Standard error,PPO,Penguin Bank Bottomfish Restricted Fishing Area,Yes,5,20000,0,0,0,Yes,NA,20000,
1199,NA,Stationary count,Target species as a group,NA,NA,NA,Deep 7,Diversity,Standard error,PPO,Penguin Bank Bottomfish Restricted Fishing Area,Yes,1,25000,0,0,0,Yes,NA,25000,
1199,NA,Stationary count,Target species as a group,NA,NA,NA,Deep 7,Diversity,Standard error,PPO,Penguin Bank Bottomfish Restricted Fishing Area,Yes,2,30000,0,0,0,Yes,NA,30000,
1199,NA,Stationary count,Target species as a group,NA,NA,NA,Deep 7,Diversity,Standard error,PPO,Penguin Bank Bottomfish Restricted Fishing Area,Yes,3,35000,0.98,0.08,0.08,Yes,NA,35000,
1199,NA,Stationary count,Target species as a group,NA,NA,NA,Deep 7,Diversity,Standard error,PPO,Penguin Bank Bottomfish Restricted Fishing Area,Yes,4,40000,0,0,0,Yes,NA,40000,
1199,NA,Stationary count,Target species as a group,NA,NA,NA,Deep 7,Diversity,Standard error,PPO,Penguin Bank Bottomfish Restricted Fishing Area,Yes,5,45000,0.65,0.49,0.49,Yes,NA,45000,
1199,NA,Stationary count,Target species as a group,NA,NA,NA,Deep 7,Diversity,Standard error,PPO,Penguin Bank Bottomfish Restricted Fishing Area,Yes,1,50000,0,0,0,Yes,NA,50000,
1199,NA,Stationary count,Target species as a group,NA,NA,NA,Deep 7,Diversity,Standard error,PPO,Makapu'u Bottomfish Restricted Fishing Area,Yes,1,0,0.9,0.14,0.14,Yes,NA,0,
1199,NA,Stationary count,Target species as a group,NA,NA,NA,Deep 7,Diversity,Standard error,PPO,Makapu'u Bottomfish Restricted Fishing Area,Yes,2,5000,0.99,0.23,0.23,Yes,NA,5000,
1199,NA,Stationary count,Target species as a group,NA,NA,NA,Deep 7,Diversity,Standard error,PPO,Makapu'u Bottomfish Restricted Fishing Area,Yes,3,10000,0.61,0.15,0.15,Yes,NA,10000,
1199,NA,Stationary count,Target species as a group,NA,NA,NA,Deep 7,Diversity,Standard error,PPO,Makapu'u Bottomfish Restricted Fishing Area,Yes,4,15000,0.31,0.23,0.23,Yes,NA,15000,
1199,NA,Stationary count,Target species as a group,NA,NA,NA,Deep 7,Diversity,Standard error,PPO,Makapu'u Bottomfish Restricted Fishing Area,Yes,5,20000,0.23,0.25,0.25,Yes,NA,20000,
1199,NA,Stationary count,Target species as a group,NA,NA,NA,Deep 7,Diversity,Standard error,PPO,Makapu'u Bottomfish Restricted Fishing Area,Yes,1,25000,0,0,0,Yes,NA,25000,
1199,NA,Stationary count,Target species as a group,NA,NA,NA,Deep 7,Diversity,Standard error,PPO,Makapu'u Bottomfish Restricted Fishing Area,Yes,2,30000,0.99,0.04,0.04,Yes,NA,30000,
1230,North boundary - open to fishing,Catch,Target species as a group,NA,NA,NA,NA,Catch per unit effort (CPUE),Standard error,NTZ,Mombasa Marine Park and Reserve,Only sampled fished area as they couldn't trap in the NTZ,1,5000,1051.08,234,234,Yes,NA,5,
1230,North boundary - open to fishing,Catch,Target species as a group,NA,NA,NA,NA,Catch per unit effort (CPUE),Standard error,NTZ,Mombasa Marine Park and Reserve,Only sampled fished area as they couldn't trap in the NTZ,2,247,789.24,190,190,Yes,NA,247,
1230,North boundary - open to fishing,Catch,Target species as a group,NA,NA,NA,NA,Catch per unit effort (CPUE),Standard error,NTZ,Mombasa Marine Park and Reserve,Only sampled fished area as they couldn't trap in the NTZ,3,666,243.91,70,70,Yes,NA,666,
1230,North boundary - open to fishing,Catch,Target species as a group,NA,NA,NA,NA,Catch per unit effort (CPUE),Standard error,NTZ,Mombasa Marine Park and Reserve,Only sampled fished area as they couldn't trap in the NTZ,4,795,174.24,50,50,Yes,NA,795,
1230,North boundary - open to fishing,Catch,Target species as a group,NA,NA,NA,NA,Catch per unit effort (CPUE),Standard error,NTZ,Mombasa Marine Park and Reserve,Only sampled fished area as they couldn't trap in the NTZ,5,1707,17.34,NA,NA,Yes,NA,1707,
1230,"Northern boundary, fished area",Catch,Target species as a group,NA,NA,NA,NA,Catch per unit effort (CPUE),Standard error,NTZ,Mombasa Marine Park and Reserve,Couldn't sample in NTZ so all samples from outside,1,4199,183.28,83,83,Yes,NA,4199,
1230,"Northern boundary, fished area",Catch,Target species as a group,NA,NA,NA,NA,Catch per unit effort (CPUE),Standard error,NTZ,Mombasa Marine Park and Reserve,Couldn't sample in NTZ so all samples from outside,2,4496,252.33,104,104,Yes,NA,4496,
1230,"Southern boundary, PPG reserve zone",Catch,Target species as a group,NA,NA,NA,NA,Catch per unit effort (CPUE),Standard error,NTZ,Mombasa Marine Park and Reserve,Couldn't sample inside the NTZ so all is outside ,1,5000,748.68,110,110,Yes,NA,5,
1230,"Southern boundary, PPG reserve zone",Catch,Target species as a group,NA,NA,NA,NA,Catch per unit effort (CPUE),Standard error,NTZ,Mombasa Marine Park and Reserve,Couldn't sample inside the NTZ so all is outside ,2,187,870.18,97,97,Yes,NA,187,
1230,"Southern boundary, PPG reserve zone",Catch,Target species as a group,NA,NA,NA,NA,Catch per unit effort (CPUE),Standard error,NTZ,Mombasa Marine Park and Reserve,Couldn't sample inside the NTZ so all is outside ,3,668,656.34,100,100,Yes,NA,668,
1230,"Southern boundary, PPG reserve zone",Catch,Target species as a group,NA,NA,NA,NA,Catch per unit effort (CPUE),Standard error,NTZ,Mombasa Marine Park and Reserve,Couldn't sample inside the NTZ so all is outside ,4,1262,754.6,122,122,Yes,NA,1262,
1230,"Southern boundary, PPG reserve zone",Catch,Target species as a group,NA,NA,NA,NA,Catch per unit effort (CPUE),Standard error,NTZ,Mombasa Marine Park and Reserve,Couldn't sample inside the NTZ so all is outside ,5,2343,523.24,107.5,107.5,Yes,NA,2343,
1230,"Southern boundary, in PPG reserve zone",Catch,Target species as a group,NA,NA,NA,NA,Catch per unit effort (CPUE),Standard error,NTZ,Mombasa Marine Park and Reserve,Yes,1,2887,530.24,112,112,Yes,NA,2887,
1230,"Northern boundary, open fished area",Catch,Target species as a group,NA,NA,NA,NA,Fish size,Standard error,NTZ,Mombasa Marine Park and Reserve,Yes,1,5000,187.32,27,27,Yes,NA,5,
1230,"Northern boundary, open fished area",Catch,Target species as a group,NA,NA,NA,NA,Fish size,Standard error,NTZ,Mombasa Marine Park and Reserve,Yes,2,247,148.2,19,19,Yes,NA,247,
1230,"Northern boundary, open fished area",Catch,Target species as a group,NA,NA,NA,NA,Fish size,Standard error,NTZ,Mombasa Marine Park and Reserve,Yes,3,662,50,13,13,Yes,NA,662,
1230,"Northern boundary, open fished area",Catch,Target species as a group,NA,NA,NA,NA,Fish size,Standard error,NTZ,Mombasa Marine Park and Reserve,Yes,4,812,64.03,15,15,Yes,NA,812,
1230,"Northern boundary, open fished area",Catch,Target species as a group,NA,NA,NA,NA,Fish size,Standard error,NTZ,Mombasa Marine Park and Reserve,Yes,5,1712,27.01,12.75,12.75,Yes,NA,1712,
1230,"Northern boundary, open to fishing",Catch,Target species as a group,NA,NA,NA,NA,Fish size,Standard error,NTZ,Mombasa Marine Park and Reserve,Yes,1,4202,69.38,30,30,Yes,NA,4202,
1230,"Northern boundary, open to fishing",Catch,Target species as a group,NA,NA,NA,NA,Fish size,Standard error,NTZ,Mombasa Marine Park and Reserve,Yes,2,4473,75.79,23,23,Yes,NA,4473,
1230,"Southern Boundary, PPG zone",Catch,Target species as a group,NA,NA,NA,NA,Fish size,Standard error,NTZ,Mombasa Marine Park and Reserve,Yes,1,5000,181.29,15,15,Yes,NA,5,
1230,"Southern Boundary, PPG zone",Catch,Target species as a group,NA,NA,NA,NA,Fish size,Standard error,NTZ,Mombasa Marine Park and Reserve,Yes,2,176,145.8,13,13,Yes,NA,176,
1230,"Southern Boundary, PPG zone",Catch,Target species as a group,NA,NA,NA,NA,Fish size,Standard error,NTZ,Mombasa Marine Park and Reserve,Yes,3,689,154.28,16,16,Yes,NA,689,
1230,"Southern Boundary, PPG zone",Catch,Target species as a group,NA,NA,NA,NA,Fish size,Standard error,NTZ,Mombasa Marine Park and Reserve,Yes,4,1257,147.47,15,15,Yes,NA,1257,
1230,"Southern Boundary, PPG zone",Catch,Target species as a group,NA,NA,NA,NA,Fish size,Standard error,NTZ,Mombasa Marine Park and Reserve,Yes,5,2359,124.14,20,20,Yes,NA,2359,
1230,"Southern boundary, PPG zone",Catch,Target species as a group,NA,NA,NA,NA,Fish size,Standard error,NTZ,Mombasa Marine Park and Reserve,Yes,1,2873,128.31,19,19,Yes,NA,2873,
1230,"Northern boundary, open to fishing",Catch,Target species as a group,NA,NA,NA,NA,Diversity,Standard error,NTZ,Mombasa Marine Park and Reserve,Yes,1,5000,7.31,0.36,0.36,Yes,NA,5,
1230,"Northern boundary, open to fishing",Catch,Target species as a group,NA,NA,NA,NA,Diversity,Standard error,NTZ,Mombasa Marine Park and Reserve,Yes,2,252,8.25,0.4,0.4,Yes,NA,252,
1230,"Northern boundary, open to fishing",Catch,Target species as a group,NA,NA,NA,NA,Diversity,Standard error,NTZ,Mombasa Marine Park and Reserve,Yes,3,656,5.95,2.3,2.3,Yes,NA,656,
1230,"Northern boundary, open to fishing",Catch,Target species as a group,NA,NA,NA,NA,Diversity,Standard error,NTZ,Mombasa Marine Park and Reserve,Yes,4,794,5.31,1.35,1.35,Yes,NA,794,
1230,"Northern boundary, open to fishing",Catch,Target species as a group,NA,NA,NA,NA,Diversity,Standard error,NTZ,Mombasa Marine Park and Reserve,Yes,5,1699,1.28,0.37,0.37,Yes,NA,1699,
1230,"Northern boundary, open to fishing",Catch,Target species as a group,NA,NA,NA,NA,Diversity,Standard error,NTZ,Mombasa Marine Park and Reserve,Yes,1,4195,4.43,1.46,1.46,Yes,NA,4195,
1230,"Northern boundary, open to fishing",Catch,Target species as a group,NA,NA,NA,NA,Diversity,Standard error,NTZ,Mombasa Marine Park and Reserve,Yes,2,4463,3.47,0.5,0.5,Yes,NA,4463,
1230,"Southern boundary, PPG zone",Catch,Target species as a group,NA,NA,NA,NA,Diversity,Standard error,NTZ,Mombasa Marine Park and Reserve,Yes,1,5000,10.81,2.09,2.09,No,NA,5,
1230,"Southern boundary, PPG zone",Catch,Target species as a group,NA,NA,NA,NA,Diversity,Standard error,NTZ,Mombasa Marine Park and Reserve,Yes,2,173,8.97,1.7,1.7,No,NA,173,
1230,"Southern boundary, PPG zone",Catch,Target species as a group,NA,NA,NA,NA,Diversity,Standard error,NTZ,Mombasa Marine Park and Reserve,Yes,3,666,6.84,1.5,1.5,No,NA,666,
1230,"Southern boundary, PPG zone",Catch,Target species as a group,NA,NA,NA,NA,Diversity,Standard error,NTZ,Mombasa Marine Park and Reserve,Yes,4,1246,7.61,0.78,0.78,No,NA,1246,
1230,"Southern boundary, PPG zone",Catch,Target species as a group,NA,NA,NA,NA,Diversity,Standard error,NTZ,Mombasa Marine Park and Reserve,Yes,5,2339,7.33,1.8,1.8,No,NA,2339,
1230,"Southern boundary, PPG zone",Catch,Target species as a group,NA,NA,NA,NA,Diversity,Standard error,NTZ,Mombasa Marine Park and Reserve,Yes,1,2875,7.81,0.65,0.65,No,NA,2875,
1280,Fisheries Replenishment Sites,Transect count,Individual species,Acanthuridae,Zebrasoma,flavescens,NA,Density,Standard error,PPO,West Hawai'i Marine Protected Area Network,Yes,1,-1264,24.2,2.8,2.8,Yes,Zebrasoma flavescens,-1264,1000
1280,Fisheries Replenishment Sites,Transect count,Individual species,Acanthuridae,Zebrasoma,flavescens,NA,Density,Standard error,PPO,West Hawai'i Marine Protected Area Network,Yes,2,-1653,26.2,2.4,2.4,Yes,Zebrasoma flavescens,-1653,1000
1280,Fisheries Replenishment Sites,Transect count,Individual species,Acanthuridae,Zebrasoma,flavescens,NA,Density,Standard error,PPO,West Hawai'i Marine Protected Area Network,Yes,3,-2199,28.3,1.3,1.3,Yes,Zebrasoma flavescens,-2199,1000
1280,Fisheries Replenishment Sites,Transect count,Individual species,Acanthuridae,Zebrasoma,flavescens,NA,Density,Standard error,PPO,West Hawai'i Marine Protected Area Network,Yes,4,-4158,26.6,3.5,3.5,Yes,Zebrasoma flavescens,-4158,1000
1280,"Fisheries Replenishment Areas (Long-term monitoring sites, established in 1991)",Transect count,Individual species,Acanthuridae,Zebrasoma,flavescens,NA,Density,Standard error,PPO,West Hawai'i Marine Protected Area Network,Yes,1,-1236,22.7,1.2,1.2,Yes,Zebrasoma flavescens,-1236,1000
1280,"Fisheries Replenishment Areas (Long-term monitoring sites, established in 1991)",Transect count,Individual species,Acanthuridae,Zebrasoma,flavescens,NA,Density,Standard error,PPO,West Hawai'i Marine Protected Area Network,Yes,2,-2185,23.2,1.7,1.7,Yes,Zebrasoma flavescens,-2185,1000
1280,"Fisheries Replenishment Areas (Long-term monitoring sites, established in 1991)",Transect count,Individual species,Acanthuridae,Zebrasoma,flavescens,NA,Density,Standard error,PPO,West Hawai'i Marine Protected Area Network,Yes,3,-2296,18.6,2.1,2.1,Yes,Zebrasoma flavescens,-2296,1000
1280,"Fisheries Replenishment Areas (Long-term monitoring sites, established in 1991)",Transect count,Individual species,Acanthuridae,Zebrasoma,flavescens,NA,Density,Standard error,PPO,West Hawai'i Marine Protected Area Network,Yes,4,-621,25.4,2.9,2.9,Yes,Zebrasoma flavescens,-621,1000
1280,Boundary sites (<1 km from the nearest closed area),Transect count,Individual species,Acanthuridae,Zebrasoma,flavescens,NA,Density,Standard error,PPO,West Hawai'i Marine Protected Area Network,Yes,1,679,21.2,2.6,2.6,Yes,Zebrasoma flavescens,679,1000
1280,Boundary sites (<1 km from the nearest closed area),Transect count,Individual species,Acanthuridae,Zebrasoma,flavescens,NA,Density,Standard error,PPO,West Hawai'i Marine Protected Area Network,Yes,2,847,17.9,1.1,1.1,Yes,Zebrasoma flavescens,847,1000
1280,Boundary sites (<1 km from the nearest closed area),Transect count,Individual species,Acanthuridae,Zebrasoma,flavescens,NA,Density,Standard error,PPO,West Hawai'i Marine Protected Area Network,Yes,3,546,26.9,3.8,3.8,Yes,Zebrasoma flavescens,546,1000
1280,Boundary sites (<1 km from the nearest closed area),Transect count,Individual species,Acanthuridae,Zebrasoma,flavescens,NA,Density,Standard error,PPO,West Hawai'i Marine Protected Area Network,Yes,4,926,34.2,2.6,2.6,Yes,Zebrasoma flavescens,926,1000
1280,Open sites (>2 km from protected zone boundary),Transect count,Individual species,Acanthuridae,Zebrasoma,flavescens,NA,Density,Standard error,PPO,West Hawai'i Marine Protected Area Network,Yes,1,4270,12.2,1.2,1.2,Yes,Zebrasoma flavescens,4270,1000
1280,Open sites (>2 km from protected zone boundary),Transect count,Individual species,Acanthuridae,Zebrasoma,flavescens,NA,Density,Standard error,PPO,West Hawai'i Marine Protected Area Network,Yes,2,3651,18,1.5,1.5,Yes,Zebrasoma flavescens,3651,1000
1280,Open sites (>2 km from protected zone boundary),Transect count,Individual species,Acanthuridae,Zebrasoma,flavescens,NA,Density,Standard error,PPO,West Hawai'i Marine Protected Area Network,Yes,3,2527,23.9,2.4,2.4,Yes,Zebrasoma flavescens,2527,1000
1280,Open sites (>2 km from protected zone boundary),Transect count,Individual species,Acanthuridae,Zebrasoma,flavescens,NA,Density,Standard error,PPO,West Hawai'i Marine Protected Area Network,Yes,4,2838,17,1.5,1.5,Yes,Zebrasoma flavescens,2838,1000
1285,Fished shoreline (Hole-in-the-Wall),Transect count,Target species as a group,NA,NA,NA,NA,Abundance,Standard error,NTZ,Dwesa-Cwebe Marine Protected Area,Yes,1,0,18.86,4.14,4.14,No,NA,0,NA
1285,Fished shoreline (Hole-in-the-Wall),Transect count,Target species as a group,NA,NA,NA,NA,Abundance,Standard error,NTZ,Dwesa-Cwebe Marine Protected Area,Yes,2,2000,26.81,4.66,4.66,No,NA,2000,NA
1285,Fished shoreline (Hole-in-the-Wall),Transect count,Target species as a group,NA,NA,NA,NA,Abundance,Standard error,NTZ,Dwesa-Cwebe Marine Protected Area,Yes,3,5000,6.01,2.93,2.93,No,NA,5000,NA
1285,Fished shoreline (Shixini),Transect count,Target species as a group,NA,NA,NA,NA,Abundance,Standard error,NTZ,Dwesa-Cwebe Marine Protected Area,Yes,1,0,2.52,0.61,0.61,No,NA,0,NA
1285,Fished shoreline (Shixini),Transect count,Target species as a group,NA,NA,NA,NA,Abundance,Standard error,NTZ,Dwesa-Cwebe Marine Protected Area,Yes,2,2000,13.03,4.39,4.39,No,NA,2000,NA
1285,Fished shoreline (Shixini),Transect count,Target species as a group,NA,NA,NA,NA,Abundance,Standard error,NTZ,Dwesa-Cwebe Marine Protected Area,Yes,3,5000,7.28,3.25,3.25,No,NA,5000,NA
1285,Dwesa-Cwebe Marine Protected Area,Transect count,Target species as a group,NA,NA,NA,NA,Abundance,Standard error,NTZ,Dwesa-Cwebe Marine Protected Area,Yes,1,0,15.36,2.48,2.48,No,NA,0,NA
1285,Dwesa-Cwebe Marine Protected Area,Transect count,Target species as a group,NA,NA,NA,NA,Abundance,Standard error,NTZ,Dwesa-Cwebe Marine Protected Area,Yes,2,2000,3.49,1.2,1.2,No,NA,2000,NA
1285,Dwesa-Cwebe Marine Protected Area,Transect count,Target species as a group,NA,NA,NA,NA,Abundance,Standard error,NTZ,Dwesa-Cwebe Marine Protected Area,Yes,3,5000,11.36,2.56,2.56,No,NA,5000,NA
1285,Fished shoreline (Hole-in-the-Wall),Transect count,Non-target species as a group,NA,NA,NA,NA,Abundance,Standard error,NTZ,Dwesa-Cwebe Marine Protected Area,Yes,1,0,542.89.45,89.45,89.45,No,NA,0,5000
1285,Fished shoreline (Hole-in-the-Wall),Transect count,Non-target species as a group,NA,NA,NA,NA,Abundance,Standard error,NTZ,Dwesa-Cwebe Marine Protected Area,Yes,2,2000,273.58,22.81,22.81,No,NA,2000,5000
1285,Fished shoreline (Hole-in-the-Wall),Transect count,Non-target species as a group,NA,NA,NA,NA,Abundance,Standard error,NTZ,Dwesa-Cwebe Marine Protected Area,Yes,3,5000,459.24,71.44,71.44,No,NA,5000,5000
1285,Fished shoreline (Shixini),Transect count,Non-target species as a group,NA,NA,NA,NA,Abundance,Standard error,NTZ,Dwesa-Cwebe Marine Protected Area,Yes,1,0,224.75,47.46,47.46,No,NA,0,5000
1285,Fished shoreline (Shixini),Transect count,Non-target species as a group,NA,NA,NA,NA,Abundance,Standard error,NTZ,Dwesa-Cwebe Marine Protected Area,Yes,2,2000,359.09,10.86,10.86,No,NA,2000,5000
1285,Fished shoreline (Shixini),Transect count,Non-target species as a group,NA,NA,NA,NA,Abundance,Standard error,NTZ,Dwesa-Cwebe Marine Protected Area,Yes,3,5000,417.54,59.85,59.85,No,NA,5000,5000
1285,Dwesa-Cwebe Marine Protected Area,Transect count,Non-target species as a group,NA,NA,NA,NA,Abundance,Standard error,NTZ,Dwesa-Cwebe Marine Protected Area,Yes,1,0,369.78,81.35,81.35,No,NA,0,5000
1285,Dwesa-Cwebe Marine Protected Area,Transect count,Non-target species as a group,NA,NA,NA,NA,Abundance,Standard error,NTZ,Dwesa-Cwebe Marine Protected Area,Yes,2,2000,1053.17,94.97,94.97,No,NA,2000,5000
1285,Dwesa-Cwebe Marine Protected Area,Transect count,Non-target species as a group,NA,NA,NA,NA,Abundance,Standard error,NTZ,Dwesa-Cwebe Marine Protected Area,Yes,3,5000,440.75,55.02,55.02,No,NA,5000,5000
1311,For all sanctuary zones together - results from best fit loess smoothed regression model,Stationary count,Family group,Acanthuridae,NA,NA,NA,Proportion of central-reserve biomass,95% confidence intervals,NTZ,Multiple MPAs,Yes,1,-200,0.85,0.16,0.16,Yes,NA,-200,
1311,For all sanctuary zones together - results from best fit loess smoothed regression model,Stationary count,Family group,Acanthuridae,NA,NA,NA,Proportion of central-reserve biomass,95% confidence intervals,NTZ,Multiple MPAs,Yes,2,-100,0.17,0.14,0.14,Yes,NA,-100,
1311,For all sanctuary zones together - results from best fit loess smoothed regression model,Stationary count,Family group,Acanthuridae,NA,NA,NA,Proportion of central-reserve biomass,95% confidence intervals,NTZ,Multiple MPAs,Yes,3,0,0.35,0.12,0.12,Yes,NA,0,
1311,For all sanctuary zones together - results from best fit loess smoothed regression model,Stationary count,Family group,Acanthuridae,NA,NA,NA,Proportion of central-reserve biomass,95% confidence intervals,NTZ,Multiple MPAs,Yes,4,100,0.35,0.14,0.14,Yes,NA,100,
1311,For all sanctuary zones together - results from best fit loess smoothed regression model,Stationary count,Family group,Acanthuridae,NA,NA,NA,Proportion of central-reserve biomass,95% confidence intervals,NTZ,Multiple MPAs,Yes,5,200,0.2,0.19,0.19,Yes,NA,200,
1311,For all sanctuary zones together - results from best fit loess smoothed regression model,Stationary count,Family group,Scaridae,NA,NA,NA,Proportion of central reserve biomass,95% confidence intervals,NTZ,Multiple MPAs,Yes,1,-200,0.95,0.23,0.23,Yes,NA,-200,
1311,For all sanctuary zones together - results from best fit loess smoothed regression model,Stationary count,Family group,Scaridae,NA,NA,NA,Proportion of central reserve biomass,95% confidence intervals,NTZ,Multiple MPAs,Yes,2,-100,0.8,0.16,0.16,Yes,NA,-100,
1311,For all sanctuary zones together - results from best fit loess smoothed regression model,Stationary count,Family group,Scaridae,NA,NA,NA,Proportion of central reserve biomass,95% confidence intervals,NTZ,Multiple MPAs,Yes,3,0,0.66,0.12,0.12,Yes,NA,0,
1311,For all sanctuary zones together - results from best fit loess smoothed regression model,Stationary count,Family group,Scaridae,NA,NA,NA,Proportion of central reserve biomass,95% confidence intervals,NTZ,Multiple MPAs,Yes,4,100,0.51,0.16,0.16,Yes,NA,100,
1311,For all sanctuary zones together - results from best fit loess smoothed regression model,Stationary count,Family group,Scaridae,NA,NA,NA,Proportion of central reserve biomass,95% confidence intervals,NTZ,Multiple MPAs,Yes,5,200,0.36,0.23,0.23,Yes,NA,200,
1313,NA,Transect count,Individual species,Pectinidae,Pecten,maximus,NA,Density,Standard error,NTZ,Lamlash Bay Marine Reserve,Yes,1,0,6.96,1.04,1.04,Yes,Pecten maximus,0,
1313,NA,Transect count,Individual species,Pectinidae,Pecten,maximus,NA,Density,Standard error,NTZ,Lamlash Bay Marine Reserve,Yes,2,500,6.2,1.87,1.87,Yes,Pecten maximus,500,
1313,NA,Transect count,Individual species,Pectinidae,Pecten,maximus,NA,Density,Standard error,NTZ,Lamlash Bay Marine Reserve,Yes,3,1000,5.56,1.62,1.62,Yes,Pecten maximus,1000,
1313,NA,Transect count,Individual species,Pectinidae,Pecten,maximus,NA,Density,Standard error,NTZ,Lamlash Bay Marine Reserve,Yes,4,1500,2.12,0.54,0.54,Yes,Pecten maximus,1500,
1313,NA,Transect count,Individual species,Pectinidae,Pecten,maximus,NA,Density,Standard error,NTZ,Lamlash Bay Marine Reserve,Yes,5,2000,2.76,0.93,0.93,Yes,Pecten maximus,2000,
1313,NA,Transect count,Individual species,Pectinidae,Pecten,maximus,NA,Density,Standard error,NTZ,Lamlash Bay Marine Reserve,Yes,1,>2000,1.76,0.76,0.76,Yes,Pecten maximus,2300,
1318,"Results taken from a plot of a GAM with depth and distance as non-parametric smoothers, response is standardised change in CPUA (so that mean response is 0).",Catch,Target species as a group,Sparidae,NA,NA,NA,Standardised change in Catch per Unit Area (CPUA),95% confidence intervals,NTZ,Carry-le-Rouet Marine Reserve,Yes,1,0,0.21,1.13,1.13,Yes,NA,0,2500
1318,"Results taken from a plot of a GAM with depth and distance as non-parametric smoothers, response is standardised change in CPUA (so that mean response is 0).",Catch,Target species as a group,Sparidae,NA,NA,NA,Standardised change in Catch per Unit Area (CPUA),95% confidence intervals,NTZ,Carry-le-Rouet Marine Reserve,Yes,2,1000,-0.76,0.59,0.59,Yes,NA,1000,2500
1318,"Results taken from a plot of a GAM with depth and distance as non-parametric smoothers, response is standardised change in CPUA (so that mean response is 0).",Catch,Target species as a group,Sparidae,NA,NA,NA,Standardised change in Catch per Unit Area (CPUA),95% confidence intervals,NTZ,Carry-le-Rouet Marine Reserve,Yes,3,2000,0.02,0.75,0.75,Yes,NA,2000,2500
1318,"Results taken from a plot of a GAM with depth and distance as non-parametric smoothers, response is standardised change in CPUA (so that mean response is 0).",Catch,Target species as a group,Sparidae,NA,NA,NA,Standardised change in Catch per Unit Area (CPUA),95% confidence intervals,NTZ,Carry-le-Rouet Marine Reserve,Yes,4,3000,0.92,0.7,0.7,Yes,NA,3000,2500
1318,"Results taken from a plot of a GAM with depth and distance as non-parametric smoothers, response is standardised change in CPUA (so that mean response is 0).",Catch,Target species as a group,Sparidae,NA,NA,NA,Standardised change in Catch per Unit Area (CPUA),95% confidence intervals,NTZ,Carry-le-Rouet Marine Reserve,Yes,5,4000,0.75,1.57,1.57,Yes,NA,4000,2500
1318,"Results taken from a plot of a GAM with depth and distance as non-parametric smoothers, response is standardised change in CPUA (so that mean response is 0).",Catch,Target species as a group,NA,NA,NA,"Mullidae (target), Scorpaenidae and Labridae (non-target)",Standardised change in Catch per Unit Area (CPUA),95% confidence intervals,NTZ,Carry-le-Rouet Marine Reserve,Yes,1,0,3.31,0.95,0.95,Yes,NA,0,850
1318,"Results taken from a plot of a GAM with depth and distance as non-parametric smoothers, response is standardised change in CPUA (so that mean response is 0).",Catch,Target species as a group,NA,NA,NA,"Mullidae (target), Scorpaenidae and Labridae (non-target)",Standardised change in Catch per Unit Area (CPUA),95% confidence intervals,NTZ,Carry-le-Rouet Marine Reserve,Yes,2,1000,-0.4,0.48,0.46,Yes,NA,1000,850
1318,"Results taken from a plot of a GAM with depth and distance as non-parametric smoothers, response is standardised change in CPUA (so that mean response is 0).",Catch,Target species as a group,NA,NA,NA,"Mullidae (target), Scorpaenidae and Labridae (non-target)",Standardised change in Catch per Unit Area (CPUA),95% confidence intervals,NTZ,Carry-le-Rouet Marine Reserve,Yes,3,2000,-0.23,0.6,0.6,Yes,NA,2000,850
1318,"Results taken from a plot of a GAM with depth and distance as non-parametric smoothers, response is standardised change in CPUA (so that mean response is 0).",Catch,Target species as a group,NA,NA,NA,"Mullidae (target), Scorpaenidae and Labridae (non-target)",Standardised change in Catch per Unit Area (CPUA),95% confidence intervals,NTZ,Carry-le-Rouet Marine Reserve,Yes,4,3000,-0.81,0.69,0.69,Yes,NA,3000,850
1318,"Results taken from a plot of a GAM with depth and distance as non-parametric smoothers, response is standardised change in CPUA (so that mean response is 0).",Catch,Target species as a group,NA,NA,NA,"Mullidae (target), Scorpaenidae and Labridae (non-target)",Standardised change in Catch per Unit Area (CPUA),95% confidence intervals,NTZ,Carry-le-Rouet Marine Reserve,Yes,5,4000,-2.39,1.24,1.24,Yes,NA,4000,850
1318,"Results taken from a plot of a GAM with depth and distance as non-parametric smoothers, response is standardised change in CPUA (so that mean response is 0).",Catch,Target species as a group,Sparidae,NA,NA,NA,Standardised change in Catch per Unit Area,95% confidence intervals,NTZ,Cerbère-Banyuls Marine Reserve,RUZ and open to fishing,1,0,0.14,0.73,0.73,Yes,NA,0,2500
1318,"Results taken from a plot of a GAM with depth and distance as non-parametric smoothers, response is standardised change in CPUA (so that mean response is 0).",Catch,Target species as a group,Sparidae,NA,NA,NA,Standardised change in Catch per Unit Area,95% confidence intervals,NTZ,Cerbère-Banyuls Marine Reserve,RUZ and open to fishing,2,1000,-0.16,1.08,1.08,Yes,NA,1000,2500
1318,"Results taken from a plot of a GAM with depth and distance as non-parametric smoothers, response is standardised change in CPUA (so that mean response is 0).",Catch,Target species as a group,Sparidae,NA,NA,NA,Standardised change in Catch per Unit Area,95% confidence intervals,NTZ,Cerbère-Banyuls Marine Reserve,RUZ and open to fishing,3,2000,1.67,0.95,0.95,Yes,NA,2000,2500
1318,"Results taken from a plot of a GAM with depth and distance as non-parametric smoothers, response is standardised change in CPUA (so that mean response is 0).",Catch,Target species as a group,Sparidae,NA,NA,NA,Standardised change in Catch per Unit Area,95% confidence intervals,NTZ,Cerbère-Banyuls Marine Reserve,RUZ and open to fishing,4,3000,0.07,1.25,1.25,Yes,NA,3000,2500
1318,"Results taken from a plot of a GAM with depth and distance as non-parametric smoothers, response is standardised change in CPUA (so that mean response is 0).",Catch,Target species as a group,Sparidae,NA,NA,NA,Standardised change in Catch per Unit Area,95% confidence intervals,NTZ,Cerbère-Banyuls Marine Reserve,RUZ and open to fishing,5,4000,-0.42,1.42,1.42,Yes,NA,4000,2500
1318,"Results taken from a plot of a GAM with depth and distance as non-parametric smoothers, response is standardised change in CPUA (so that mean response is 0).",Catch,Target species as a group,Sparidae,NA,NA,NA,Standardised change in Catch per Unit Area (CPUA),95% confidence intervals,NTZ,Cerbère-Banyuls Marine Reserve,RUZ and open area,1,5000,-1.26,1.38,1.38,Yes,NA,5000,2500
1318,"Results taken from a plot of a GAM with depth and distance as non-parametric smoothers, response is standardised change in CPUA (so that mean response is 0).",Catch,Target species as a group,Sparidae,NA,NA,NA,Standardised change in Catch per Unit Area (CPUA),95% confidence intervals,NTZ,Cerbère-Banyuls Marine Reserve,RUZ and open area,2,6000,-1.73,1.33,1.33,Yes,NA,6000,2500
1318,"Results taken from a plot of a GAM with depth and distance as non-parametric smoothers, response is standardised change in CPUA (so that mean response is 0).",Catch,Target species as a group,NA,NA,NA,"Palinuridae (target), Uranoscopidae (non-target)",Standardised change in Catch per Unit Area (CPUA),95% confidence intervals,NTZ,Cerbère-Banyuls Marine Reserve,RUZ and open area,1,0,-1.59,0.64,0.64,Yes,NA,0,850
1318,"Results taken from a plot of a GAM with depth and distance as non-parametric smoothers, response is standardised change in CPUA (so that mean response is 0).",Catch,Target species as a group,NA,NA,NA,"Palinuridae (target), Uranoscopidae (non-target)",Standardised change in Catch per Unit Area (CPUA),95% confidence intervals,NTZ,Cerbère-Banyuls Marine Reserve,RUZ and open area,2,1000,1.22,0.84,0.84,Yes,NA,1000,850
1318,"Results taken from a plot of a GAM with depth and distance as non-parametric smoothers, response is standardised change in CPUA (so that mean response is 0).",Catch,Target species as a group,NA,NA,NA,"Palinuridae (target), Uranoscopidae (non-target)",Standardised change in Catch per Unit Area (CPUA),95% confidence intervals,NTZ,Cerbère-Banyuls Marine Reserve,RUZ and open area,3,2000,0.01,1.04,1.04,Yes,NA,2000,850
1318,"Results taken from a plot of a GAM with depth and distance as non-parametric smoothers, response is standardised change in CPUA (so that mean response is 0).",Catch,Target species as a group,NA,NA,NA,"Palinuridae (target), Uranoscopidae (non-target)",Standardised change in Catch per Unit Area (CPUA),95% confidence intervals,NTZ,Cerbère-Banyuls Marine Reserve,RUZ and open area,4,3000,-2.04,0.68,0.68,Yes,NA,3000,850
1318,"Results taken from a plot of a GAM with depth and distance as non-parametric smoothers, response is standardised change in CPUA (so that mean response is 0).",Catch,Target species as a group,Sparidae,NA,NA,NA,Standardised change in Catch per Unit Area (CPUA),95% confidence intervals,NTZ,Medes Marine Reserve,RUZ and open area,1,0,1.24,0.64,0.64,Yes,NA,0,2500
1318,"Results taken from a plot of a GAM with depth and distance as non-parametric smoothers, response is standardised change in CPUA (so that mean response is 0).",Catch,Target species as a group,Sparidae,NA,NA,NA,Standardised change in Catch per Unit Area (CPUA),95% confidence intervals,NTZ,Medes Marine Reserve,RUZ and open area,2,500,-0.53,0.47,0.47,Yes,NA,500,2500
1318,"Results taken from a plot of a GAM with depth and distance as non-parametric smoothers, response is standardised change in CPUA (so that mean response is 0).",Catch,Target species as a group,Sparidae,NA,NA,NA,Standardised change in Catch per Unit Area (CPUA),95% confidence intervals,NTZ,Medes Marine Reserve,RUZ and open area,3,1000,0.54,0.72,0.72,Yes,NA,1000,2500
1318,"Results taken from a plot of a GAM with depth and distance as non-parametric smoothers, response is standardised change in CPUA (so that mean response is 0).",Catch,Target species as a group,Sparidae,NA,NA,NA,Standardised change in Catch per Unit Area (CPUA),95% confidence intervals,NTZ,Medes Marine Reserve,RUZ and open area,4,1500,-1.2,0.82,0.82,Yes,NA,1500,2500
1318,"Results taken from a plot of a GAM with depth and distance as non-parametric smoothers, response is standardised change in CPUA (so that mean response is 0).",Catch,Target species as a group,Sparidae,NA,NA,NA,Standardised change in Catch per Unit Area (CPUA),95% confidence intervals,NTZ,Medes Marine Reserve,RUZ and open area,5,2000,-1.38,0.98,0.98,Yes,NA,2000,2500
1318,"Results taken from a plot of a GAM with depth and distance as non-parametric smoothers, response is standardised change in CPUA (so that mean response is 0).",Catch,Target species as a group,NA,NA,NA,"Mullidae (target), Sparidae (non-target)",Standardised change in Catch per Unit Area (CPUA),95% confidence intervals,NTZ,Medes Marine Reserve,RUZ and open area,1,0,0.24,0.77,0.77,Yes,NA,0,850
1318,"Results taken from a plot of a GAM with depth and distance as non-parametric smoothers, response is standardised change in CPUA (so that mean response is 0).",Catch,Target species as a group,NA,NA,NA,"Mullidae (target), Sparidae (non-target)",Standardised change in Catch per Unit Area (CPUA),95% confidence intervals,NTZ,Medes Marine Reserve,RUZ and open area,2,1000,0.46,0.4,0.4,Yes,NA,1000,850
1318,"Results taken from a plot of a GAM with depth and distance as non-parametric smoothers, response is standardised change in CPUA (so that mean response is 0).",Catch,Target species as a group,NA,NA,NA,"Mullidae (target), Sparidae (non-target)",Standardised change in Catch per Unit Area (CPUA),95% confidence intervals,NTZ,Medes Marine Reserve,RUZ and open area,3,2000,-0.18,0.49,0.49,Yes,NA,2000,850
1318,"Results taken from a plot of a GAM with depth and distance as non-parametric smoothers, response is standardised change in CPUA (so that mean response is 0).",Catch,Target species as a group,NA,NA,NA,"Mullidae (target), Sparidae (non-target)",Standardised change in Catch per Unit Area (CPUA),95% confidence intervals,NTZ,Medes Marine Reserve,RUZ and open area,4,3000,0.03,0.48,0.48,Yes,NA,3000,850
1318,"Results taken from a plot of a GAM with depth and distance as non-parametric smoothers, response is standardised change in CPUA (so that mean response is 0).",Catch,Target species as a group,NA,NA,NA,"Mullidae (target), Sparidae (non-target)",Standardised change in Catch per Unit Area (CPUA),95% confidence intervals,NTZ,Medes Marine Reserve,RUZ and open area,5,4000,-0.12,0.82,0.82,Yes,NA,4000,850
1318,"Results taken from a plot of a GAM with depth and distance as non-parametric smoothers, response is standardised change in CPUA (so that mean response is 0).",Catch,Target species as a group,NA,NA,NA,"Mullidae (target), Sparidae (non-target)",Standardised change in Catch per Unit Area (CPUA),95% confidence intervals,NTZ,Medes Marine Reserve,RUZ and open area,1,5000,-1.01,0.9,0.9,Yes,NA,5000,850
1318,"Results taken from a plot of a GAM with depth and distance as non-parametric smoothers, response is standardised change in CPUA (so that mean response is 0).",Catch,Target species as a group,NA,NA,NA,"Mullidae (target), Sparidae (non-target)",Standardised change in Catch per Unit Area (CPUA),95% confidence intervals,NTZ,Medes Marine Reserve,RUZ and open area,2,6000,-1.71,1.47,1.47,Yes,NA,6000,850
1318,"Results taken from a plot of a GAM with depth and distance as non-parametric smoothers, response is standardised change in CPUA (so that mean response is 0).",Catch,Target species as a group,NA,NA,NA,"Sparidae (target), Scyliorihinidae (non-target)",Standardised change in Catch per Unit Area (CPUA),95% confidence intervals,NTZ,Cabrera Marine Reserve,RUZ and open area,1,0,0.13,0.46,0.46,No,NA,0,2500
1318,"Results taken from a plot of a GAM with depth and distance as non-parametric smoothers, response is standardised change in CPUA (so that mean response is 0).",Catch,Target species as a group,NA,NA,NA,"Sparidae (target), Scyliorihinidae (non-target)",Standardised change in Catch per Unit Area (CPUA),95% confidence intervals,NTZ,Cabrera Marine Reserve,RUZ and open area,2,500,0.09,0.22,0.22,No,NA,500,2500
1318,"Results taken from a plot of a GAM with depth and distance as non-parametric smoothers, response is standardised change in CPUA (so that mean response is 0).",Catch,Target species as a group,NA,NA,NA,"Sparidae (target), Scyliorihinidae (non-target)",Standardised change in Catch per Unit Area (CPUA),95% confidence intervals,NTZ,Cabrera Marine Reserve,RUZ and open area,3,1000,-0.14,0.37,0.37,No,NA,1000,2500
1318,"Results taken from a plot of a GAM with depth and distance as non-parametric smoothers, response is standardised change in CPUA (so that mean response is 0).",Catch,Target species as a group,NA,NA,NA,"Sparidae (target), Scyliorihinidae (non-target)",Standardised change in Catch per Unit Area (CPUA),95% confidence intervals,NTZ,Cabrera Marine Reserve,RUZ and open area,4,1500,-0.68,0.64,0.64,No,NA,1500,2500
1318,"Results taken from a plot of a GAM with depth and distance as non-parametric smoothers, response is standardised change in CPUA (so that mean response is 0).",Catch,Target species as a group,NA,NA,NA,Serranidae and Sparidae (Target),Standardised change in Catch per Unit Area (CPUA),95% confidence intervals,NTZ,Cabrera Marine Reserve,RUZ and open area,1,0,0.28,0.57,0.57,No,NA,0,NA
1318,"Results taken from a plot of a GAM with depth and distance as non-parametric smoothers, response is standardised change in CPUA (so that mean response is 0).",Catch,Target species as a group,NA,NA,NA,Serranidae and Sparidae (Target),Standardised change in Catch per Unit Area (CPUA),95% confidence intervals,NTZ,Cabrera Marine Reserve,RUZ and open area,2,500,-0.01,0.27,0.27,No,NA,500,NA
1318,"Results taken from a plot of a GAM with depth and distance as non-parametric smoothers, response is standardised change in CPUA (so that mean response is 0).",Catch,Target species as a group,NA,NA,NA,Serranidae and Sparidae (Target),Standardised change in Catch per Unit Area (CPUA),95% confidence intervals,NTZ,Cabrera Marine Reserve,RUZ and open area,3,1000,-0.42,0.58,0.58,No,NA,1000,NA
1318,"Results taken from a plot of a GAM with depth and distance as non-parametric smoothers, response is standardised change in CPUA (so that mean response is 0).",Catch,Target species as a group,NA,NA,NA,Serranidae and Sparidae (Target),Standardised change in Catch per Unit Area (CPUA),95% confidence intervals,NTZ,Cabrera Marine Reserve,RUZ and open area,4,1500,-0.25,1.01,1.01,No,NA,1500,NA
1318,"Results taken from a plot of a GAM with depth and distance as non-parametric smoothers, response is standardised change in CPUA (so that mean response is 0).",Catch,Target species as a group,NA,NA,NA,"Scorpaenidae and Palinuridae (Target), Scyliorhinidae and Sparidae (non-target)",Standardised change in Catch per Unit Area (CPUA),95% confidence intervals,NTZ,Cabrera Marine Reserve,RUZ and open area,1,0,0,0.56,0.56,No,NA,0,NA
1318,"Results taken from a plot of a GAM with depth and distance as non-parametric smoothers, response is standardised change in CPUA (so that mean response is 0).",Catch,Target species as a group,NA,NA,NA,"Scorpaenidae and Palinuridae (Target), Scyliorhinidae and Sparidae (non-target)",Standardised change in Catch per Unit Area (CPUA),95% confidence intervals,NTZ,Cabrera Marine Reserve,RUZ and open area,2,500,-0.01,0.21,0.21,No,NA,500,NA
1318,"Results taken from a plot of a GAM with depth and distance as non-parametric smoothers, response is standardised change in CPUA (so that mean response is 0).",Catch,Target species as a group,NA,NA,NA,"Scorpaenidae and Palinuridae (Target), Scyliorhinidae and Sparidae (non-target)",Standardised change in Catch per Unit Area (CPUA),95% confidence intervals,NTZ,Cabrera Marine Reserve,RUZ and open area,3,1000,-0.3,0.42,0.42,No,NA,1000,NA
1318,"Results taken from a plot of a GAM with depth and distance as non-parametric smoothers, response is standardised change in CPUA (so that mean response is 0).",Catch,Target species as a group,NA,NA,NA,"Scorpaenidae and Palinuridae (Target), Scyliorhinidae and Sparidae (non-target)",Standardised change in Catch per Unit Area (CPUA),95% confidence intervals,NTZ,Cabrera Marine Reserve,RUZ and open area,4,1500,-0.43,0.62,0.62,No,NA,1500,NA
1318,"Results taken from a plot of a GAM with depth and distance as non-parametric smoothers, response is standardised change in CPUA (so that mean response is 0).",Catch,Target species as a group,NA,NA,NA,"Sparidae (Target), Moronidae and Congridae (Non-target)",Standardised change in Catch per Unit Area (CPUA),95% confidence intervals,NTZ,Tabarca Marine Reserve,RUZ and open area,1,0,0.11,0.45,0.45,Yes,NA,0,NA
1318,"Results taken from a plot of a GAM with depth and distance as non-parametric smoothers, response is standardised change in CPUA (so that mean response is 0).",Catch,Target species as a group,NA,NA,NA,"Sparidae (Target), Moronidae and Congridae (Non-target)",Standardised change in Catch per Unit Area (CPUA),95% confidence intervals,NTZ,Tabarca Marine Reserve,RUZ and open area,2,2000,-0.19,0.5,0.5,Yes,NA,2000,NA
1318,"Results taken from a plot of a GAM with depth and distance as non-parametric smoothers, response is standardised change in CPUA (so that mean response is 0).",Catch,Target species as a group,NA,NA,NA,"Sparidae (Target), Moronidae and Congridae (Non-target)",Standardised change in Catch per Unit Area (CPUA),95% confidence intervals,NTZ,Tabarca Marine Reserve,RUZ and open area,3,4000,-0.13,0.53,0.53,Yes,NA,4000,NA
1318,"Results taken from a plot of a GAM with depth and distance as non-parametric smoothers, response is standardised change in CPUA (so that mean response is 0).",Catch,Target species as a group,NA,NA,NA,"Sparidae (Target), Moronidae and Congridae (Non-target)",Standardised change in Catch per Unit Area (CPUA),95% confidence intervals,NTZ,Tabarca Marine Reserve,RUZ and open area,4,6000,0.08,0.35,0.35,Yes,NA,6000,NA
1318,"Results taken from a plot of a GAM with depth and distance as non-parametric smoothers, response is standardised change in CPUA (so that mean response is 0).",Catch,Target species as a group,NA,NA,NA,"Sparidae (Target), Moronidae and Congridae (Non-target)",Standardised change in Catch per Unit Area (CPUA),95% confidence intervals,NTZ,Tabarca Marine Reserve,RUZ and open area,5,8000,-0.03,0.43,0.43,Yes,NA,8000,NA
1318,"Results taken from a plot of a GAM with depth and distance as non-parametric smoothers, response is standardised change in CPUA (so that mean response is 0).",Catch,Target species as a group,Sparidae,NA,NA,NA,Standardised change in Catch per Unit Area (CPUA),95% confidence intervals,NTZ,Tabarca Marine Reserve,RUZ and open area,1,0,0.99,0.7,0.7,Yes,NA,0,2500
1318,"Results taken from a plot of a GAM with depth and distance as non-parametric smoothers, response is standardised change in CPUA (so that mean response is 0).",Catch,Target species as a group,Sparidae,NA,NA,NA,Standardised change in Catch per Unit Area (CPUA),95% confidence intervals,NTZ,Tabarca Marine Reserve,RUZ and open area,2,2000,-0.76,0.89,0.89,Yes,NA,2000,2500
1318,"Results taken from a plot of a GAM with depth and distance as non-parametric smoothers, response is standardised change in CPUA (so that mean response is 0).",Catch,Target species as a group,Sparidae,NA,NA,NA,Standardised change in Catch per Unit Area (CPUA),95% confidence intervals,NTZ,Tabarca Marine Reserve,RUZ and open area,3,4000,-0.31,1,1,Yes,NA,4000,2500
1318,"Results taken from a plot of a GAM with depth and distance as non-parametric smoothers, response is standardised change in CPUA (so that mean response is 0).",Catch,Target species as a group,Sparidae,NA,NA,NA,Standardised change in Catch per Unit Area (CPUA),95% confidence intervals,NTZ,Tabarca Marine Reserve,RUZ and open area,4,6000,0.37,0.85,0.85,Yes,NA,6000,2500
1318,"Results taken from a plot of a GAM with depth and distance as non-parametric smoothers, response is standardised change in CPUA (so that mean response is 0).",Catch,Target species as a group,Sparidae,NA,NA,NA,Standardised change in Catch per Unit Area (CPUA),95% confidence intervals,NTZ,Tabarca Marine Reserve,RUZ and open area,5,8000,-0.3,1.59,1.59,Yes,NA,8000,2500
1318,"Results taken from a plot of a GAM with depth and distance as non-parametric smoothers, response is standardised change in CPUA (so that mean response is 0).",Catch,Target species as a group,NA,NA,NA,"Mullidae (Target), Serranidae and Sparidae (Non-target)",Standardised change in Catch per Unit Area (CPUA),95% confidence intervals,NTZ,Tabarca Marine Reserve,RUZ and open area,1,0,0.47,0.89,0.89,No,NA,0,NA
1318,"Results taken from a plot of a GAM with depth and distance as non-parametric smoothers, response is standardised change in CPUA (so that mean response is 0).",Catch,Target species as a group,NA,NA,NA,"Mullidae (Target), Serranidae and Sparidae (Non-target)",Standardised change in Catch per Unit Area (CPUA),95% confidence intervals,NTZ,Tabarca Marine Reserve,RUZ and open area,2,2000,0.22,0.58,0.58,No,NA,2000,NA
1318,"Results taken from a plot of a GAM with depth and distance as non-parametric smoothers, response is standardised change in CPUA (so that mean response is 0).",Catch,Target species as a group,NA,NA,NA,"Mullidae (Target), Serranidae and Sparidae (Non-target)",Standardised change in Catch per Unit Area (CPUA),95% confidence intervals,NTZ,Tabarca Marine Reserve,RUZ and open area,3,4000,-0.43,0.8,0.8,No,NA,4000,NA
1318,"Results taken from a plot of a GAM with depth and distance as non-parametric smoothers, response is standardised change in CPUA (so that mean response is 0).",Catch,Target species as a group,NA,NA,NA,"Mullidae (Target), Serranidae and Sparidae (Non-target)",Standardised change in Catch per Unit Area (CPUA),95% confidence intervals,NTZ,Tabarca Marine Reserve,RUZ and open area,4,6000,0,0.61,0.61,No,NA,6000,NA
1318,"Results taken from a plot of a GAM with depth and distance as non-parametric smoothers, response is standardised change in CPUA (so that mean response is 0).",Catch,Target species as a group,NA,NA,NA,"Mullidae (Target), Serranidae and Sparidae (Non-target)",Standardised change in Catch per Unit Area (CPUA),95% confidence intervals,NTZ,Tabarca Marine Reserve,RUZ and open area,5,8000,-0.13,0.52,0.52,No,NA,8000,NA
1318,"Results taken from a plot of a GAM with depth and distance as non-parametric smoothers, response is standardised change in CPUA (so that mean response is 0).",Catch,Target species as a group,NA,NA,NA,"Palinuridae (Target), Scorpaenidae and Sparidae (Non-target)",Standardised change in Catch per Unit Area (CPUA),95% confidence intervals,NTZ,Cabo de Palos Marine Reserve,RUZ and open area,1,0,2.57,1.2,1.2,Yes,NA,0,NA
1318,"Results taken from a plot of a GAM with depth and distance as non-parametric smoothers, response is standardised change in CPUA (so that mean response is 0).",Catch,Target species as a group,NA,NA,NA,"Palinuridae (Target), Scorpaenidae and Sparidae (Non-target)",Standardised change in Catch per Unit Area (CPUA),95% confidence intervals,NTZ,Cabo de Palos Marine Reserve,RUZ and open area,2,1000,-0.7,0.93,0.93,Yes,NA,1000,NA
1318,"Results taken from a plot of a GAM with depth and distance as non-parametric smoothers, response is standardised change in CPUA (so that mean response is 0).",Catch,Target species as a group,NA,NA,NA,"Palinuridae (Target), Scorpaenidae and Sparidae (Non-target)",Standardised change in Catch per Unit Area (CPUA),95% confidence intervals,NTZ,Cabo de Palos Marine Reserve,RUZ and open area,3,2000,-1.13,0.95,0.95,Yes,NA,2000,NA
1318,"Results taken from a plot of a GAM with depth and distance as non-parametric smoothers, response is standardised change in CPUA (so that mean response is 0).",Catch,Target species as a group,NA,NA,NA,"Palinuridae (Target), Scorpaenidae and Sparidae (Non-target)",Standardised change in Catch per Unit Area (CPUA),95% confidence intervals,NTZ,Cabo de Palos Marine Reserve,RUZ and open area,4,3000,-0.86,1.42,1.42,Yes,NA,3000,NA
1318,"Results taken from a plot of a GAM with depth and distance as non-parametric smoothers, response is standardised change in CPUA (so that mean response is 0).",Catch,Target species as a group,NA,NA,NA,"Scorpaenidae (Target), Sparidae (Non-target)",Standardised change in Catch per Unit Area (CPUA),95% confidence intervals,NTZ,Cabo de Palos Marine Reserve,RUZ and open area,1,500,0.35,0.93,0.93,No,NA,500,NA
1318,"Results taken from a plot of a GAM with depth and distance as non-parametric smoothers, response is standardised change in CPUA (so that mean response is 0).",Catch,Target species as a group,NA,NA,NA,"Scorpaenidae (Target), Sparidae (Non-target)",Standardised change in Catch per Unit Area (CPUA),95% confidence intervals,NTZ,Cabo de Palos Marine Reserve,RUZ and open area,2,1000,-0.15,0.68,0.68,No,NA,1000,NA
1318,"Results taken from a plot of a GAM with depth and distance as non-parametric smoothers, response is standardised change in CPUA (so that mean response is 0).",Catch,Target species as a group,NA,NA,NA,"Scorpaenidae (Target), Sparidae (Non-target)",Standardised change in Catch per Unit Area (CPUA),95% confidence intervals,NTZ,Cabo de Palos Marine Reserve,RUZ and open area,3,1500,-0.5,0.65,0.65,No,NA,1500,NA
1318,"Results taken from a plot of a GAM with depth and distance as non-parametric smoothers, response is standardised change in CPUA (so that mean response is 0).",Catch,Target species as a group,NA,NA,NA,"Scorpaenidae (Target), Sparidae (Non-target)",Standardised change in Catch per Unit Area (CPUA),95% confidence intervals,NTZ,Cabo de Palos Marine Reserve,RUZ and open area,4,2000,-0.34,0.68,0.68,No,NA,2000,NA
1318,"Results taken from a plot of a GAM with depth and distance as non-parametric smoothers, response is standardised change in CPUA (so that mean response is 0).",Catch,Target species as a group,NA,NA,NA,"Scorpaenidae (Target), Sparidae (Non-target)",Standardised change in Catch per Unit Area (CPUA),95% confidence intervals,NTZ,Cabo de Palos Marine Reserve,RUZ and open area,5,2500,-0.04,0.64,0.64,No,NA,2500,NA
1318,"Results taken from a plot of a GAM with depth and distance as non-parametric smoothers, response is standardised change in CPUA (so that mean response is 0).",Catch,Target species as a group,NA,NA,NA,"Scorpaenidae (Target), Sparidae (Non-target)",Standardised change in Catch per Unit Area (CPUA),95% confidence intervals,NTZ,Cabo de Palos Marine Reserve,RUZ and open area,1,3000,0.68,0.86,0.86,No,NA,3000,NA
1325,2001,Stationary count,Individual species,Haemulidae,Anisotremus,surinamensis,NA,Biomass,95% confidence intervals,NTZ,Marine Extractive Reserve of Corumbau,PPG inside MERC,1,Inside,0.24,0.25,0.25,No,Anisotremus surinamensis,NA,
1325,2001,Stationary count,Individual species,Haemulidae,Anisotremus,surinamensis,NA,Biomass,95% confidence intervals,NTZ,Marine Extractive Reserve of Corumbau,PPG inside MERC,2,0-400,0.22,0.29,0.29,No,Anisotremus surinamensis,200,
1325,2001,Stationary count,Individual species,Haemulidae,Anisotremus,surinamensis,NA,Biomass,95% confidence intervals,NTZ,Marine Extractive Reserve of Corumbau,PPG inside MERC,3,400-800,0.61,0.64,0.64,No,Anisotremus surinamensis,600,
1325,2001,Stationary count,Individual species,Haemulidae,Anisotremus,surinamensis,NA,Biomass,95% confidence intervals,NTZ,Marine Extractive Reserve of Corumbau,PPG inside MERC,4,800-1200,0,0,0,No,Anisotremus surinamensis,1000,
1325,2002,Stationary count,Individual species,Haemulidae,Anisotremus,surinamensis,NA,Biomass,95% confidence intervals,NTZ,Marine Extractive Reserve of Corumbau,PPG inside MERC,1,Inside,1.22,0.77,0.77,No,Anisotremus surinamensis,NA,
1325,2002,Stationary count,Individual species,Haemulidae,Anisotremus,surinamensis,NA,Biomass,95% confidence intervals,NTZ,Marine Extractive Reserve of Corumbau,PPG inside MERC,2,0-400,1.24,0.83,0.83,No,Anisotremus surinamensis,200,
1325,2002,Stationary count,Individual species,Haemulidae,Anisotremus,surinamensis,NA,Biomass,95% confidence intervals,NTZ,Marine Extractive Reserve of Corumbau,PPG inside MERC,3,400-800,400-800,0.14,0.17,No,Anisotremus surinamensis,600,
1325,2002,Stationary count,Individual species,Haemulidae,Anisotremus,surinamensis,NA,Biomass,95% confidence intervals,NTZ,Marine Extractive Reserve of Corumbau,PPG inside MERC,4,800-1200,0.17,0,0,No,Anisotremus surinamensis,0.17,
1325,2003,Stationary count,Individual species,Haemulidae,Anisotremus,surinamensis,NA,Biomass,95% confidence intervals,NTZ,Marine Extractive Reserve of Corumbau,PPG inside MERC,1,Inside,2.07,1.34,1.34,No,Anisotremus surinamensis,NA,
1325,2003,Stationary count,Individual species,Haemulidae,Anisotremus,surinamensis,NA,Biomass,95% confidence intervals,NTZ,Marine Extractive Reserve of Corumbau,PPG inside MERC,2,0-400,0.11,0.22,0.22,No,Anisotremus surinamensis,200,
1325,2003,Stationary count,Individual species,Haemulidae,Anisotremus,surinamensis,NA,Biomass,95% confidence intervals,NTZ,Marine Extractive Reserve of Corumbau,PPG inside MERC,3,400-800,0,0,0,No,Anisotremus surinamensis,600,
1325,2003,Stationary count,Individual species,Haemulidae,Anisotremus,surinamensis,NA,Biomass,95% confidence intervals,NTZ,Marine Extractive Reserve of Corumbau,PPG inside MERC,4,800-1200,0,0,0,No,Anisotremus surinamensis,1000,
1325,2004,Stationary count,Individual species,Haemulidae,Anisotremus,surinamensis,NA,Biomass,95% confidence intervals,NTZ,Marine Extractive Reserve of Corumbau,PPG inside MERC,1,Inside,0,0,0,No,Anisotremus surinamensis,NA,
1325,2004,Stationary count,Individual species,Haemulidae,Anisotremus,surinamensis,NA,Biomass,95% confidence intervals,NTZ,Marine Extractive Reserve of Corumbau,PPG inside MERC,2,0-400,0,0,0,No,Anisotremus surinamensis,200,
1325,2004,Stationary count,Individual species,Haemulidae,Anisotremus,surinamensis,NA,Biomass,95% confidence intervals,NTZ,Marine Extractive Reserve of Corumbau,PPG inside MERC,3,400-800,0,0,0,No,Anisotremus surinamensis,600,
1325,2004,Stationary count,Individual species,Haemulidae,Anisotremus,surinamensis,NA,Biomass,95% confidence intervals,NTZ,Marine Extractive Reserve of Corumbau,PPG inside MERC,4,800-1200,0,0,0,No,Anisotremus surinamensis,1000,
1325,2005,Stationary count,Individual species,Haemulidae,Anisotremus,surinamensis,NA,Biomass,95% confidence intervals,NTZ,Marine Extractive Reserve of Corumbau,PPG inside MERC,1,Inside,0.13,0.14,0.14,No,Anisotremus surinamensis,NA,
1325,2005,Stationary count,Individual species,Haemulidae,Anisotremus,surinamensis,NA,Biomass,95% confidence intervals,NTZ,Marine Extractive Reserve of Corumbau,PPG inside MERC,2,0-400,0.88,0.5,0.5,No,Anisotremus surinamensis,200,
1325,2005,Stationary count,Individual species,Haemulidae,Anisotremus,surinamensis,NA,Biomass,95% confidence intervals,NTZ,Marine Extractive Reserve of Corumbau,PPG inside MERC,3,400-800,0,0,0,No,Anisotremus surinamensis,600,
1325,2005,Stationary count,Individual species,Haemulidae,Anisotremus,surinamensis,NA,Biomass,95% confidence intervals,NTZ,Marine Extractive Reserve of Corumbau,PPG inside MERC,4,800-1200,0,0,0,No,Anisotremus surinamensis,1000,
1325,2001,Stationary count,Individual species,Haemulidae,Anisotremus,virginicus,NA,Biomass,95% confidence intervals,NTZ,Marine Extractive Reserve of Corumbau,PPG inside MERC,1,Inside,0.16,0.6,0.6,No,Anisotremus virginicus,NA,
1325,2001,Stationary count,Individual species,Haemulidae,Anisotremus,virginicus,NA,Biomass,95% confidence intervals,NTZ,Marine Extractive Reserve of Corumbau,PPG inside MERC,2,0-400,0.15,0.7,0.7,No,Anisotremus virginicus,200,
1325,2001,Stationary count,Individual species,Haemulidae,Anisotremus,virginicus,NA,Biomass,95% confidence intervals,NTZ,Marine Extractive Reserve of Corumbau,PPG inside MERC,3,400-800,1.17,0.62,0.62,No,Anisotremus virginicus,600,
1325,2001,Stationary count,Individual species,Haemulidae,Anisotremus,virginicus,NA,Biomass,95% confidence intervals,NTZ,Marine Extractive Reserve of Corumbau,PPG inside MERC,4,800-1200,0.33,0.28,0.28,No,Anisotremus virginicus,1000,
1325,2002,Stationary count,Individual species,Haemulidae,Anisotremus,virginicus,NA,Biomass,95% confidence intervals,NTZ,Marine Extractive Reserve of Corumbau,PPG inside MERC,1,Inside,0.27,0.14,0.14,No,Anisotremus virginicus,NA,
1325,2002,Stationary count,Individual species,Haemulidae,Anisotremus,virginicus,NA,Biomass,95% confidence intervals,NTZ,Marine Extractive Reserve of Corumbau,PPG inside MERC,2,0-400,0.55,0.25,0.25,No,Anisotremus virginicus,200,
1325,2002,Stationary count,Individual species,Haemulidae,Anisotremus,virginicus,NA,Biomass,95% confidence intervals,NTZ,Marine Extractive Reserve of Corumbau,PPG inside MERC,3,400-800,1.45,0.91,0.91,No,Anisotremus virginicus,600,
1325,2002,Stationary count,Individual species,Haemulidae,Anisotremus,virginicus,NA,Biomass,95% confidence intervals,NTZ,Marine Extractive Reserve of Corumbau,PPG inside MERC,4,800-1200,0.14,0.14,0.14,No,Anisotremus virginicus,1000,
1325,2003,Stationary count,Individual species,Haemulidae,Anisotremus,virginicus,NA,Biomass,95% confidence intervals,NTZ,Marine Extractive Reserve of Corumbau,PPG inside MERC,1,Inside,0.15,0.07,0.07,No,Anisotremus virginicus,NA,
1325,2003,Stationary count,Individual species,Haemulidae,Anisotremus,virginicus,NA,Biomass,95% confidence intervals,NTZ,Marine Extractive Reserve of Corumbau,PPG inside MERC,2,0-400,0.33,0.14,0.14,No,Anisotremus virginicus,200,
1325,2003,Stationary count,Individual species,Haemulidae,Anisotremus,virginicus,NA,Biomass,95% confidence intervals,NTZ,Marine Extractive Reserve of Corumbau,PPG inside MERC,3,400-800,-0.41,0.21,0.21,No,Anisotremus virginicus,600,
1325,2003,Stationary count,Individual species,Haemulidae,Anisotremus,virginicus,NA,Biomass,95% confidence intervals,NTZ,Marine Extractive Reserve of Corumbau,PPG inside MERC,4,800-1200,0.08,0.07,0.07,No,Anisotremus virginicus,1000,
1325,2004,Stationary count,Individual species,Haemulidae,Anisotremus,virginicus,NA,Biomass,95% confidence intervals,NTZ,Marine Extractive Reserve of Corumbau,PPG inside MERC,1,Inside,0.15,0.06,0.06,No,Anisotremus virginicus,NA,
1325,2004,Stationary count,Individual species,Haemulidae,Anisotremus,virginicus,NA,Biomass,95% confidence intervals,NTZ,Marine Extractive Reserve of Corumbau,PPG inside MERC,2,0-400,0.65,0.33,0.33,No,Anisotremus virginicus,200,
1325,2004,Stationary count,Individual species,Haemulidae,Anisotremus,virginicus,NA,Biomass,95% confidence intervals,NTZ,Marine Extractive Reserve of Corumbau,PPG inside MERC,3,400-800,0.52,0.19,0.19,No,Anisotremus virginicus,600,
1325,2004,Stationary count,Individual species,Haemulidae,Anisotremus,virginicus,NA,Biomass,95% confidence intervals,NTZ,Marine Extractive Reserve of Corumbau,PPG inside MERC,4,800-1200,0.28,0.06,0.06,No,Anisotremus virginicus,1000,
1325,2005,Stationary count,Individual species,Haemulidae,Anisotremus,virginicus,NA,Biomass,95% confidence intervals,NTZ,Marine Extractive Reserve of Corumbau,PPG inside MERC,1,Inside,0.08,0.07,0.07,No,Anisotremus virginicus,NA,
1325,2005,Stationary count,Individual species,Haemulidae,Anisotremus,virginicus,NA,Biomass,95% confidence intervals,NTZ,Marine Extractive Reserve of Corumbau,PPG inside MERC,2,0-400,0.21,0.12,0.12,No,Anisotremus virginicus,200,
1325,2005,Stationary count,Individual species,Haemulidae,Anisotremus,virginicus,NA,Biomass,95% confidence intervals,NTZ,Marine Extractive Reserve of Corumbau,PPG inside MERC,3,400-800,0.51,0.28,0.28,No,Anisotremus virginicus,600,
1325,2005,Stationary count,Individual species,Haemulidae,Anisotremus,virginicus,NA,Biomass,95% confidence intervals,NTZ,Marine Extractive Reserve of Corumbau,PPG inside MERC,4,800-1200,0.26,0.16,0.16,No,Anisotremus virginicus,1000,
1325,2001,Stationary count,Individual species,Carangidae,Carangoides,crysos,NA,Biomass,95% confidence intervals,NTZ,Marine Extractive Reserve of Corumbau,PPG inside MErC,1,Inside,1.64,1.02,1.02,No,Carangoides crysos,NA,
1325,2001,Stationary count,Individual species,Carangidae,Carangoides,crysos,NA,Biomass,95% confidence intervals,NTZ,Marine Extractive Reserve of Corumbau,PPG inside MErC,2,0-400,0,0,0,No,Carangoides crysos,200,
1325,2001,Stationary count,Individual species,Carangidae,Carangoides,crysos,NA,Biomass,95% confidence intervals,NTZ,Marine Extractive Reserve of Corumbau,PPG inside MErC,3,400-800,0,0,0,No,Carangoides crysos,600,
1325,2001,Stationary count,Individual species,Carangidae,Carangoides,crysos,NA,Biomass,95% confidence intervals,NTZ,Marine Extractive Reserve of Corumbau,PPG inside MErC,4,800-1200,1.15,1.02,1.02,No,Carangoides crysos,1000,
1325,2002,Stationary count,Individual species,Carangidae,Carangoides,crysos,NA,Biomass,95% confidence intervals,NTZ,Marine Extractive Reserve of Corumbau,PPG inside MERC,1,Inside,2.47,1.21,1.21,No,Carangoides crysos,NA,
1325,2002,Stationary count,Individual species,Carangidae,Carangoides,crysos,NA,Biomass,95% confidence intervals,NTZ,Marine Extractive Reserve of Corumbau,PPG inside MERC,2,0-400,0.62,0.45,0.45,No,Carangoides crysos,200,
1325,2002,Stationary count,Individual species,Carangidae,Carangoides,crysos,NA,Biomass,95% confidence intervals,NTZ,Marine Extractive Reserve of Corumbau,PPG inside MERC,3,400-800,0,0,0,No,Carangoides crysos,600,
1325,2002,Stationary count,Individual species,Carangidae,Carangoides,crysos,NA,Biomass,95% confidence intervals,NTZ,Marine Extractive Reserve of Corumbau,PPG inside MERC,4,800-1200,1.05,0.77,0.77,No,Carangoides crysos,1000,
1325,2003,Stationary count,Individual species,Crangidae,Carangoides,crysos,NA,Biomass,95% confidence intervals,NTZ,Marine Extractive Reserve of Corumbau,PPG inside MERC,1,Inside,0,0,0,No,Carangoides crysos,NA,
1325,2003,Stationary count,Individual species,Crangidae,Carangoides,crysos,NA,Biomass,95% confidence intervals,NTZ,Marine Extractive Reserve of Corumbau,PPG inside MERC,2,0-400,0,0,0,No,Carangoides crysos,200,
1325,2003,Stationary count,Individual species,Crangidae,Carangoides,crysos,NA,Biomass,95% confidence intervals,NTZ,Marine Extractive Reserve of Corumbau,PPG inside MERC,3,400-800,0,0,0,No,Carangoides crysos,600,
1325,2003,Stationary count,Individual species,Crangidae,Carangoides,crysos,NA,Biomass,95% confidence intervals,NTZ,Marine Extractive Reserve of Corumbau,PPG inside MERC,4,800-1200,0,0,0,No,Carangoides crysos,1000,
1325,2004,Stationary count,Individual species,Crangidae,Carangoides,crysos,NA,Biomass,95% confidence intervals,NTZ,Marine Extractive Reserve of Corumbau,PPG inside MERC,1,Inside,-,-,NA,No,Carangoides crysos,NA,
1325,2004,Stationary count,Individual species,Crangidae,Carangoides,crysos,NA,Biomass,95% confidence intervals,NTZ,Marine Extractive Reserve of Corumbau,PPG inside MERC,2,0-400,0,0,0,No,Carangoides crysos,200,
1325,2004,Stationary count,Individual species,Crangidae,Carangoides,crysos,NA,Biomass,95% confidence intervals,NTZ,Marine Extractive Reserve of Corumbau,PPG inside MERC,3,400-800,0,0,0,No,Carangoides crysos,600,
1325,2004,Stationary count,Individual species,Crangidae,Carangoides,crysos,NA,Biomass,95% confidence intervals,NTZ,Marine Extractive Reserve of Corumbau,PPG inside MERC,4,800-1200,1.73,1.65,1.65,No,Carangoides crysos,1000,
1325,2005,Stationary count,Individual species,Carangidae,Carangoides,crysos,NA,Biomass,95% confidence intervals,NTZ,Marine Extractive Reserve of Corumbau,PPG inside MERC,1,Inside,0,0,0,No,Carangoides crysos,NA,
1325,2005,Stationary count,Individual species,Carangidae,Carangoides,crysos,NA,Biomass,95% confidence intervals,NTZ,Marine Extractive Reserve of Corumbau,PPG inside MERC,2,0-400,0.82,0.65,0.65,No,Carangoides crysos,200,
1325,2005,Stationary count,Individual species,Carangidae,Carangoides,crysos,NA,Biomass,95% confidence intervals,NTZ,Marine Extractive Reserve of Corumbau,PPG inside MERC,3,400-800,0,0,0,No,Carangoides crysos,600,
1325,2005,Stationary count,Individual species,Carangidae,Carangoides,crysos,NA,Biomass,95% confidence intervals,NTZ,Marine Extractive Reserve of Corumbau,PPG inside MERC,4,800-1200,0,0,0,No,Carangoides crysos,1000,
1325,2001,Stationary count,Individual species,Serranidae,Mycteroperca,bonaci,NA,Biomass,95% confidence intervals,NTZ,Marine Extractive Reserve of Corumbau,PPG in MERC,1,Inside,0,0,0,No,Mycteroperca bonaci,NA,
1325,2001,Stationary count,Individual species,Serranidae,Mycteroperca,bonaci,NA,Biomass,95% confidence intervals,NTZ,Marine Extractive Reserve of Corumbau,PPG in MERC,2,0-400,0.23,0.11,0.11,No,Mycteroperca bonaci,200,
1325,2001,Stationary count,Individual species,Serranidae,Mycteroperca,bonaci,NA,Biomass,95% confidence intervals,NTZ,Marine Extractive Reserve of Corumbau,PPG in MERC,3,400-800,0,0,0,No,Mycteroperca bonaci,600,
1325,2001,Stationary count,Individual species,Serranidae,Mycteroperca,bonaci,NA,Biomass,95% confidence intervals,NTZ,Marine Extractive Reserve of Corumbau,PPG in MERC,4,800-1200,0.6,0.38,0.38,No,Mycteroperca bonaci,1000,
1325,2002,Stationary count,Individual species,Serranidae,Mycteroperca,bonaci,NA,Biomass,95% confidence intervals,NTZ,Marine Extractive Reserve of Corumbau,PPG inside MERC,1,Inside,0.41,0.31,0.31,No,Mycteroperca bonaci,NA,
1325,2002,Stationary count,Individual species,Serranidae,Mycteroperca,bonaci,NA,Biomass,95% confidence intervals,NTZ,Marine Extractive Reserve of Corumbau,PPG inside MERC,2,0-400,1.03,0.57,0.57,No,Mycteroperca bonaci,200,
1325,2002,Stationary count,Individual species,Serranidae,Mycteroperca,bonaci,NA,Biomass,95% confidence intervals,NTZ,Marine Extractive Reserve of Corumbau,PPG inside MERC,3,400-800,0.85,0.5,0.5,No,Mycteroperca bonaci,600,
1325,2002,Stationary count,Individual species,Serranidae,Mycteroperca,bonaci,NA,Biomass,95% confidence intervals,NTZ,Marine Extractive Reserve of Corumbau,PPG inside MERC,4,800-1200,0.77,0.39,0.39,No,Mycteroperca bonaci,1000,
1325,2003,Stationary count,Individual species,Serranidae,Mycteroperca,bonaci,NA,Biomass,95% confidence intervals,NTZ,Marine Extractive Reserve of Corumbau,PPG inside MERC,1,Inside,0.66,0.39,0.39,No,Mycteroperca bonaci,NA,
1325,2003,Stationary count,Individual species,Serranidae,Mycteroperca,bonaci,NA,Biomass,95% confidence intervals,NTZ,Marine Extractive Reserve of Corumbau,PPG inside MERC,2,0-400,0.08,0.15,0.15,No,Mycteroperca bonaci,200,
1325,2003,Stationary count,Individual species,Serranidae,Mycteroperca,bonaci,NA,Biomass,95% confidence intervals,NTZ,Marine Extractive Reserve of Corumbau,PPG inside MERC,3,400-800,0.54,0.44,0.44,No,Mycteroperca bonaci,600,
1325,2003,Stationary count,Individual species,Serranidae,Mycteroperca,bonaci,NA,Biomass,95% confidence intervals,NTZ,Marine Extractive Reserve of Corumbau,PPG inside MERC,4,800-1200,0.22,0.2,0.2,No,Mycteroperca bonaci,1000,
1325,2004,Stationary count,Individual species,Serranidae,Mycteroperca,bonaci,NA,Biomass,95% confidence intervals,NTZ,Marine Extractive Reserve of Corumbau,PPG inside MERC,1,Inside,1.52,0.53,0.53,No,Mycteroperca bonaci,NA,
1325,2004,Stationary count,Individual species,Serranidae,Mycteroperca,bonaci,NA,Biomass,95% confidence intervals,NTZ,Marine Extractive Reserve of Corumbau,PPG inside MERC,2,0-400,0.53,0.39,0.39,No,Mycteroperca bonaci,200,
1325,2004,Stationary count,Individual species,Serranidae,Mycteroperca,bonaci,NA,Biomass,95% confidence intervals,NTZ,Marine Extractive Reserve of Corumbau,PPG inside MERC,3,400-800,0,0,0,No,Mycteroperca bonaci,600,
1325,2004,Stationary count,Individual species,Serranidae,Mycteroperca,bonaci,NA,Biomass,95% confidence intervals,NTZ,Marine Extractive Reserve of Corumbau,PPG inside MERC,4,800-1200,0.91,0.62,0.62,No,Mycteroperca bonaci,1000,
1325,2005,Stationary count,Individual species,Serranidae,Mycteroperca,bonaci,NA,Biomass,95% confidence intervals,NTZ,Marine Extractive Reserve of Corumbau,Yes,1,Inside,1.66,0.61,0.61,No,Mycteroperca bonaci,NA,
1325,2005,Stationary count,Individual species,Serranidae,Mycteroperca,bonaci,NA,Biomass,95% confidence intervals,NTZ,Marine Extractive Reserve of Corumbau,Yes,2,0-400,1.03,0.94,0.94,No,Mycteroperca bonaci,200,
1325,2005,Stationary count,Individual species,Serranidae,Mycteroperca,bonaci,NA,Biomass,95% confidence intervals,NTZ,Marine Extractive Reserve of Corumbau,Yes,3,400-800,0.85,0.57,0.57,No,Mycteroperca bonaci,600,
1325,2005,Stationary count,Individual species,Serranidae,Mycteroperca,bonaci,NA,Biomass,95% confidence intervals,NTZ,Marine Extractive Reserve of Corumbau,Yes,4,800-1200,0.02,0.08,0.08,No,Mycteroperca bonaci,1000,
1325,2001,Stationary count,Individual species,Lutjanidae,Ocyurus,chrysurus,NA,Biomass,95% confidence intervals,PPG,Marine Extractive Reserve of Corumbau,PPG inside MERC,1,Inside,0.41,0.16,0.16,No,Ocyurus chrysurus,NA,
1325,2001,Stationary count,Individual species,Lutjanidae,Ocyurus,chrysurus,NA,Biomass,95% confidence intervals,PPG,Marine Extractive Reserve of Corumbau,PPG inside MERC,2,0-400,0.53,0.25,0.25,No,Ocyurus chrysurus,200,
1325,2001,Stationary count,Individual species,Lutjanidae,Ocyurus,chrysurus,NA,Biomass,95% confidence intervals,PPG,Marine Extractive Reserve of Corumbau,PPG inside MERC,3,400-800,0.24,0.04,0.04,No,Ocyurus chrysurus,600,
1325,2001,Stationary count,Individual species,Lutjanidae,Ocyurus,chrysurus,NA,Biomass,95% confidence intervals,PPG,Marine Extractive Reserve of Corumbau,PPG inside MERC,4,800-1200,0.64,0.41,0.41,No,Ocyurus chrysurus,1000,
1325,2002,Stationary count,Individual species,Lutjanidae,Ocyurus,chrysurus,NA,Biomass,95% confidence intervals,NTZ,Marine Extractive Reserve of Corumbau,PPG inside MERC,1,Inside,0.4,0.16,0.16,No,Ocyurus chrysurus,NA,
1325,2002,Stationary count,Individual species,Lutjanidae,Ocyurus,chrysurus,NA,Biomass,95% confidence intervals,NTZ,Marine Extractive Reserve of Corumbau,PPG inside MERC,2,0-400,0.35,0.09,0.09,No,Ocyurus chrysurus,200,
1325,2002,Stationary count,Individual species,Lutjanidae,Ocyurus,chrysurus,NA,Biomass,95% confidence intervals,NTZ,Marine Extractive Reserve of Corumbau,PPG inside MERC,3,400-800,0.23,0.09,0.09,No,Ocyurus chrysurus,600,
1325,2002,Stationary count,Individual species,Lutjanidae,Ocyurus,chrysurus,NA,Biomass,95% confidence intervals,NTZ,Marine Extractive Reserve of Corumbau,PPG inside MERC,4,800-1200,0.55,0.14,0.14,No,Ocyurus chrysurus,1000,
1325,2003,Stationary count,Individual species,Lutjanidae,Ocyurus,chrysurus,NA,Biomass,95% confidence intervals,NTZ,Marine Extractive Reserve of Corumbau,Yes,1,Inside,0.82,0.21,0.21,No,Ocyurus chrysurus,NA,
1325,2003,Stationary count,Individual species,Lutjanidae,Ocyurus,chrysurus,NA,Biomass,95% confidence intervals,NTZ,Marine Extractive Reserve of Corumbau,Yes,2,0-400,0.31,0.08,0.08,No,Ocyurus chrysurus,200,
1325,2003,Stationary count,Individual species,Lutjanidae,Ocyurus,chrysurus,NA,Biomass,95% confidence intervals,NTZ,Marine Extractive Reserve of Corumbau,Yes,3,400-800,0.31,0.13,0.13,No,Ocyurus chrysurus,600,
1325,2003,Stationary count,Individual species,Lutjanidae,Ocyurus,chrysurus,NA,Biomass,95% confidence intervals,NTZ,Marine Extractive Reserve of Corumbau,Yes,4,800-1200,0.32,0.17,0.17,No,Ocyurus chrysurus,1000,
1325,2004,Stationary count,Individual species,Lutjanidae,Ocyurus,chrysurus,NA,Biomass,95% confidence intervals,NTZ,Marine Extractive Reserve of Corumbau,PPG inside MERC,1,Inside,1.44,0.34,0.34,No,Ocyurus chrysurus,NA,
1325,2004,Stationary count,Individual species,Lutjanidae,Ocyurus,chrysurus,NA,Biomass,95% confidence intervals,NTZ,Marine Extractive Reserve of Corumbau,PPG inside MERC,2,0-400,0.85,0.21,0.21,No,Ocyurus chrysurus,200,
1325,2004,Stationary count,Individual species,Lutjanidae,Ocyurus,chrysurus,NA,Biomass,95% confidence intervals,NTZ,Marine Extractive Reserve of Corumbau,PPG inside MERC,3,400-800,0.78,0.25,0.25,No,Ocyurus chrysurus,600,
1325,2004,Stationary count,Individual species,Lutjanidae,Ocyurus,chrysurus,NA,Biomass,95% confidence intervals,NTZ,Marine Extractive Reserve of Corumbau,PPG inside MERC,4,800-1200,0.61,0.21,0.21,No,Ocyurus chrysurus,1000,
1325,2005,Stationary count,Individual species,Lutjanidae,Ocyurus,chrysurus,NA,Biomass,95% confidence intervals,NTZ,Marine Extractive Reserve of Corumbau,PPG inside MERC,1,Inside,1,0.36,0.36,No,Ocyurus chrysurus,NA,
1325,2005,Stationary count,Individual species,Lutjanidae,Ocyurus,chrysurus,NA,Biomass,95% confidence intervals,NTZ,Marine Extractive Reserve of Corumbau,PPG inside MERC,2,0-400,0.15,0.1,0.1,No,Ocyurus chrysurus,200,
1325,2005,Stationary count,Individual species,Lutjanidae,Ocyurus,chrysurus,NA,Biomass,95% confidence intervals,NTZ,Marine Extractive Reserve of Corumbau,PPG inside MERC,3,400-800,0.23,0.09,0.09,No,Ocyurus chrysurus,600,
1325,2005,Stationary count,Individual species,Lutjanidae,Ocyurus,chrysurus,NA,Biomass,95% confidence intervals,NTZ,Marine Extractive Reserve of Corumbau,PPG inside MERC,4,800-1200,0.36,0.14,0.14,No,Ocyurus chrysurus,1000,
1325,2001,Stationary count,Individual species,Scaridae,Scarus,trispinosus,NA,Biomass,95% confidence intervals,NTZ,Marine Extractive Reserve of Corumbau,PPG inside MERC,1,Inside,7.03,2.12,2.12,Yes,Scarus trispinosus,NA,
1325,2001,Stationary count,Individual species,Scaridae,Scarus,trispinosus,NA,Biomass,95% confidence intervals,NTZ,Marine Extractive Reserve of Corumbau,PPG inside MERC,2,0-400,1.29,2.64,2.64,Yes,Scarus trispinosus,200,
1325,2001,Stationary count,Individual species,Scaridae,Scarus,trispinosus,NA,Biomass,95% confidence intervals,NTZ,Marine Extractive Reserve of Corumbau,PPG inside MERC,3,400-800,3.55,5.56,5.56,Yes,Scarus trispinosus,600,
1325,2001,Stationary count,Individual species,Scaridae,Scarus,trispinosus,NA,Biomass,95% confidence intervals,NTZ,Marine Extractive Reserve of Corumbau,PPG inside MERC,4,800-1200,15.52,5.4,5.4,Yes,Scarus trispinosus,1000,
1325,2002,Stationary count,Individual species,Scaridae,Scarus,trispinosus,NA,Biomass,95% confidence intervals,NTZ,Marine Extractive Reserve of Corumbau,PPG inside MERC,1,Inside,26.94,7.25,7.25,Yes,Scarus trispinosus,NA,
1325,2002,Stationary count,Individual species,Scaridae,Scarus,trispinosus,NA,Biomass,95% confidence intervals,NTZ,Marine Extractive Reserve of Corumbau,PPG inside MERC,2,0-400,47.3,13.61,13.61,Yes,Scarus trispinosus,200,
1325,2002,Stationary count,Individual species,Scaridae,Scarus,trispinosus,NA,Biomass,95% confidence intervals,NTZ,Marine Extractive Reserve of Corumbau,PPG inside MERC,3,400-800,15.3,12.34,12.34,Yes,Scarus trispinosus,600,
1325,2002,Stationary count,Individual species,Scaridae,Scarus,trispinosus,NA,Biomass,95% confidence intervals,NTZ,Marine Extractive Reserve of Corumbau,PPG inside MERC,4,800-1200,11.53,4.28,4.28,Yes,Scarus trispinosus,1000,
1325,2003,Stationary count,Individual species,Scaridae,Scarus,trispinosus,NA,Biomass,95% confidence intervals,NTZ,Marine Extractive Reserve of Corumbau,PPG inside MERC,1,Inside,27.42,8.34,8.34,Yes,Scarus trispinosus,NA,
1325,2003,Stationary count,Individual species,Scaridae,Scarus,trispinosus,NA,Biomass,95% confidence intervals,NTZ,Marine Extractive Reserve of Corumbau,PPG inside MERC,2,0-400,0.4,1.72,1.72,Yes,Scarus trispinosus,200,
1325,2003,Stationary count,Individual species,Scaridae,Scarus,trispinosus,NA,Biomass,95% confidence intervals,NTZ,Marine Extractive Reserve of Corumbau,PPG inside MERC,3,400-800,8.76,2.99,2.99,Yes,Scarus trispinosus,600,
1325,2003,Stationary count,Individual species,Scaridae,Scarus,trispinosus,NA,Biomass,95% confidence intervals,NTZ,Marine Extractive Reserve of Corumbau,PPG inside MERC,4,800-1200,0.06,1.48,1.48,Yes,Scarus trispinosus,1000,
1325,2004,Stationary count,Individual species,Scaridae,Scarus,trispinosus,NA,Biomass,95% confidence intervals,NTZ,Marine Extractive Reserve of Corumbau,PPG inside MERC,1,Inside,12.04,7.35,7.35,Yes,Scarus trispinosus,NA,
1325,2004,Stationary count,Individual species,Scaridae,Scarus,trispinosus,NA,Biomass,95% confidence intervals,NTZ,Marine Extractive Reserve of Corumbau,PPG inside MERC,2,0-400,0.13,1.9,1.9,Yes,Scarus trispinosus,200,
1325,2004,Stationary count,Individual species,Scaridae,Scarus,trispinosus,NA,Biomass,95% confidence intervals,NTZ,Marine Extractive Reserve of Corumbau,PPG inside MERC,3,400-800,17.12,10.01,10.01,Yes,Scarus trispinosus,600,
1325,2004,Stationary count,Individual species,Scaridae,Scarus,trispinosus,NA,Biomass,95% confidence intervals,NTZ,Marine Extractive Reserve of Corumbau,PPG inside MERC,4,800-1200,13.6,5.64,5.64,Yes,Scarus trispinosus,1000,
1325,2005,Stationary count,Individual species,Scaridae,Scarus,trispinosus,NA,Biomass,95% confidence intervals,NTZ,Marine Extractive Reserve of Corumbau,PPG in MERC,1,Inside,13.89,5.36,5.36,Yes,Scarus trispinosus,NA,
1325,2005,Stationary count,Individual species,Scaridae,Scarus,trispinosus,NA,Biomass,95% confidence intervals,NTZ,Marine Extractive Reserve of Corumbau,PPG in MERC,2,0-400,1.34,2.45,2.45,Yes,Scarus trispinosus,200,
1325,2005,Stationary count,Individual species,Scaridae,Scarus,trispinosus,NA,Biomass,95% confidence intervals,NTZ,Marine Extractive Reserve of Corumbau,PPG in MERC,3,400-800,15.21,9.01,9.01,Yes,Scarus trispinosus,600,
1325,2005,Stationary count,Individual species,Scaridae,Scarus,trispinosus,NA,Biomass,95% confidence intervals,NTZ,Marine Extractive Reserve of Corumbau,PPG in MERC,4,800-1200,7.1,3.31,3.31,Yes,Scarus trispinosus,1000,
1325,2001,Stationary count,Individual species,Scaridae,Sparisoma,amplum,NA,Biomass,95% confidence intervals,NTZ,Marine Extractive Reserve of Corumbau,PPG inside MERC,1,Inside,2.07,1.08,1.08,Yes,Sparisoma amplum,NA,
1325,2001,Stationary count,Individual species,Scaridae,Sparisoma,amplum,NA,Biomass,95% confidence intervals,NTZ,Marine Extractive Reserve of Corumbau,PPG inside MERC,2,0-400,0.36,0.23,0.23,Yes,Sparisoma amplum,200,
1325,2001,Stationary count,Individual species,Scaridae,Sparisoma,amplum,NA,Biomass,95% confidence intervals,NTZ,Marine Extractive Reserve of Corumbau,PPG inside MERC,3,400-800,0.39,0.2,0.2,Yes,Sparisoma amplum,600,
1325,2001,Stationary count,Individual species,Scaridae,Sparisoma,amplum,NA,Biomass,95% confidence intervals,NTZ,Marine Extractive Reserve of Corumbau,PPG inside MERC,4,800-1200,0.9,0.3,0.3,Yes,Sparisoma amplum,1000,
1325,2002,Stationary count,Individual species,Scaridae,Sparisoma,amplum,NA,Biomass,95% confidence intervals,NTZ,Marine Extractive Reserve of Corumbau,PPG inside MERC,1,Inside,0,0,0,Yes,Sparisoma amplum,NA,
1325,2002,Stationary count,Individual species,Scaridae,Sparisoma,amplum,NA,Biomass,95% confidence intervals,NTZ,Marine Extractive Reserve of Corumbau,PPG inside MERC,2,0-400,6.1,1.84,1.84,Yes,Sparisoma amplum,200,
1325,2002,Stationary count,Individual species,Scaridae,Sparisoma,amplum,NA,Biomass,95% confidence intervals,NTZ,Marine Extractive Reserve of Corumbau,PPG inside MERC,3,400-800,1.19,0.94,0.94,Yes,Sparisoma amplum,600,
1325,2002,Stationary count,Individual species,Scaridae,Sparisoma,amplum,NA,Biomass,95% confidence intervals,NTZ,Marine Extractive Reserve of Corumbau,PPG inside MERC,4,800-1200,0.36,0.4,0.4,Yes,Sparisoma amplum,1000,
1325,2003,Stationary count,Individual species,Scaridae,Sparisoma,amplum,NA,Biomass,95% confidence intervals,NTZ,Marine Extractive Reserve of Corumbau,PPG inside MERC,1,0,0,0,0,Yes,Sparisoma amplum,0,
1325,2003,Stationary count,Individual species,Scaridae,Sparisoma,amplum,NA,Biomass,95% confidence intervals,NTZ,Marine Extractive Reserve of Corumbau,PPG inside MERC,2,0-400,1.19,0.79,0.79,Yes,Sparisoma amplum,200,
1325,2003,Stationary count,Individual species,Scaridae,Sparisoma,amplum,NA,Biomass,95% confidence intervals,NTZ,Marine Extractive Reserve of Corumbau,PPG inside MERC,3,400-800,0,0,0,Yes,Sparisoma amplum,600,
1325,2003,Stationary count,Individual species,Scaridae,Sparisoma,amplum,NA,Biomass,95% confidence intervals,NTZ,Marine Extractive Reserve of Corumbau,PPG inside MERC,4,800-1200,0,0,0,Yes,Sparisoma amplum,1000,
1325,2004,Stationary count,Individual species,Scaridae,Sparisoma,amplum,NA,Biomass,95% confidence intervals,NTZ,Marine Extractive Reserve of Corumbau,PPG inside MERC,1,Inside,2.08,0.54,0.54,Yes,Sparisoma amplum,NA,
1325,2004,Stationary count,Individual species,Scaridae,Sparisoma,amplum,NA,Biomass,95% confidence intervals,NTZ,Marine Extractive Reserve of Corumbau,PPG inside MERC,2,0-400,0,0,0,Yes,Sparisoma amplum,200,
1325,2004,Stationary count,Individual species,Scaridae,Sparisoma,amplum,NA,Biomass,95% confidence intervals,NTZ,Marine Extractive Reserve of Corumbau,PPG inside MERC,3,400-800,1.58,0.63,0.63,Yes,Sparisoma amplum,600,
1325,2004,Stationary count,Individual species,Scaridae,Sparisoma,amplum,NA,Biomass,95% confidence intervals,NTZ,Marine Extractive Reserve of Corumbau,PPG inside MERC,4,800-1200,0.09,0.12,0.12,Yes,Sparisoma amplum,1000,
1325,2005,Stationary count,Individual species,Scaridae,Sparisoma,amplum,NA,Biomass,95% confidence intervals,NTZ,Marine Extractive Reserve of Corumbau,PPG inside MERC,1,Inside,3.09,1.48,1.48,Yes,Sparisoma amplum,NA,
1325,2005,Stationary count,Individual species,Scaridae,Sparisoma,amplum,NA,Biomass,95% confidence intervals,NTZ,Marine Extractive Reserve of Corumbau,PPG inside MERC,2,0-400,1.21,1.03,1.03,Yes,Sparisoma amplum,200,
1325,2005,Stationary count,Individual species,Scaridae,Sparisoma,amplum,NA,Biomass,95% confidence intervals,NTZ,Marine Extractive Reserve of Corumbau,PPG inside MERC,3,400-800,0,0,0,Yes,Sparisoma amplum,600,
1325,2005,Stationary count,Individual species,Scaridae,Sparisoma,amplum,NA,Biomass,95% confidence intervals,NTZ,Marine Extractive Reserve of Corumbau,PPG inside MERC,4,800-1200,0,0,0,Yes,Sparisoma amplum,1000,
1325,2001,Stationary count,Individual species,Scaridae,Sparisoma,axillare,NA,Biomass,95% confidence intervals,NTZ,Marine Extractive Reserve of Corumbau,PPG inside MERC,1,Inside,0,0,0,Yes,Sparisoma axillare,NA,
1325,2001,Stationary count,Individual species,Scaridae,Sparisoma,axillare,NA,Biomass,95% confidence intervals,NTZ,Marine Extractive Reserve of Corumbau,PPG inside MERC,2,0-400,0.19,0.24,0.24,Yes,Sparisoma axillare,200,
1325,2001,Stationary count,Individual species,Scaridae,Sparisoma,axillare,NA,Biomass,95% confidence intervals,NTZ,Marine Extractive Reserve of Corumbau,PPG inside MERC,3,400-800,0.21,0.25,0.25,Yes,Sparisoma axillare,600,
1325,2001,Stationary count,Individual species,Scaridae,Sparisoma,axillare,NA,Biomass,95% confidence intervals,NTZ,Marine Extractive Reserve of Corumbau,PPG inside MERC,4,800-1200,0.28,0.44,0.44,Yes,Sparisoma axillare,1000,
1325,2002,Stationary count,Individual species,Scaridae,Sparisoma,axillare,NA,Biomass,95% confidence intervals,NTZ,Marine Extractive Reserve of Corumbau,PPG inside MERC,1,Inside,0.72,0.4,0.4,Yes,Sparisoma axillare,NA,
1325,2002,Stationary count,Individual species,Scaridae,Sparisoma,axillare,NA,Biomass,95% confidence intervals,NTZ,Marine Extractive Reserve of Corumbau,PPG inside MERC,2,0-400,1.56,0.55,0.55,Yes,Sparisoma axillare,200,
1325,2002,Stationary count,Individual species,Scaridae,Sparisoma,axillare,NA,Biomass,95% confidence intervals,NTZ,Marine Extractive Reserve of Corumbau,PPG inside MERC,3,400-800,0.85,0.38,0.38,Yes,Sparisoma axillare,600,
1325,2002,Stationary count,Individual species,Scaridae,Sparisoma,axillare,NA,Biomass,95% confidence intervals,NTZ,Marine Extractive Reserve of Corumbau,PPG inside MERC,4,800-1200,2.11,0.78,0.78,Yes,Sparisoma axillare,1000,
1325,2003,Stationary count,Individual species,Scaridae,Sparisoma,axillare,NA,Biomass,95% confidence intervals,NTZ,Marine Extractive Reserve of Corumbau,PPG inside MERC,1,Inside,0.38,0.21,0.21,Yes,Sparisoma axillare,NA,
1325,2003,Stationary count,Individual species,Scaridae,Sparisoma,axillare,NA,Biomass,95% confidence intervals,NTZ,Marine Extractive Reserve of Corumbau,PPG inside MERC,2,0-400,0.38,0.2,0.2,Yes,Sparisoma axillare,200,
1325,2003,Stationary count,Individual species,Scaridae,Sparisoma,axillare,NA,Biomass,95% confidence intervals,NTZ,Marine Extractive Reserve of Corumbau,PPG inside MERC,3,400-800,4.22,1.87,1.87,Yes,Sparisoma axillare,600,
1325,2003,Stationary count,Individual species,Scaridae,Sparisoma,axillare,NA,Biomass,95% confidence intervals,NTZ,Marine Extractive Reserve of Corumbau,PPG inside MERC,4,800-1200,2.1,1,1,Yes,Sparisoma axillare,1000,
1325,2004,Stationary count,Individual species,Scaridae,Sparisoma,axillare,NA,Biomass,95% confidence intervals,NTZ,Marine Extractive Reserve of Corumbau,PPG inside MERC,1,Inside,0.54,0.17,0.17,Yes,Sparisoma axillare,NA,
1325,2004,Stationary count,Individual species,Scaridae,Sparisoma,axillare,NA,Biomass,95% confidence intervals,NTZ,Marine Extractive Reserve of Corumbau,PPG inside MERC,2,0-400,0.35,0.24,0.24,Yes,Sparisoma axillare,200,
1325,2004,Stationary count,Individual species,Scaridae,Sparisoma,axillare,NA,Biomass,95% confidence intervals,NTZ,Marine Extractive Reserve of Corumbau,PPG inside MERC,3,400-800,1.73,1.03,1.03,Yes,Sparisoma axillare,600,
1325,2004,Stationary count,Individual species,Scaridae,Sparisoma,axillare,NA,Biomass,95% confidence intervals,NTZ,Marine Extractive Reserve of Corumbau,PPG inside MERC,4,800-1200,3.36,1.05,1.05,Yes,Sparisoma axillare,1000,
1325,2005,Transect count,Individual species,Scaridae,Sparisoma,axillare,NA,Biomass,95% confidence intervals,NTZ,Marine Extractive Reserve of Corumbau,Yes,1,Inside,0.7,0.41,0.41,Yes,Sparisoma axillare,NA,
1325,2005,Transect count,Individual species,Scaridae,Sparisoma,axillare,NA,Biomass,95% confidence intervals,NTZ,Marine Extractive Reserve of Corumbau,Yes,2,0-400,0.05,0.16,0.16,Yes,Sparisoma axillare,200,
1325,2005,Transect count,Individual species,Scaridae,Sparisoma,axillare,NA,Biomass,95% confidence intervals,NTZ,Marine Extractive Reserve of Corumbau,Yes,3,400-800,1.91,0.66,0.66,Yes,Sparisoma axillare,600,
1325,2005,Transect count,Individual species,Scaridae,Sparisoma,axillare,NA,Biomass,95% confidence intervals,NTZ,Marine Extractive Reserve of Corumbau,Yes,4,800-1200,1.54,0.69,0.69,Yes,Sparisoma axillare,1000,
1325,2001,Stationary count,Trophic levels,NA,NA,NA,Small carnivores,Biomass,95% confidence intervals,NTZ,Marine extractive Reserve of Corumbau,PPG inside MERC,1,Inside,1.25,0.53,0.53,No,NA,NA,
1325,2001,Stationary count,Trophic levels,NA,NA,NA,Small carnivores,Biomass,95% confidence intervals,NTZ,Marine extractive Reserve of Corumbau,PPG inside MERC,2,0-400,2.82,1.03,1.03,No,NA,200,
1325,2001,Stationary count,Trophic levels,NA,NA,NA,Small carnivores,Biomass,95% confidence intervals,NTZ,Marine extractive Reserve of Corumbau,PPG inside MERC,3,400-800,2.98,1.33,1.33,No,NA,600,
1325,2001,Stationary count,Trophic levels,NA,NA,NA,Small carnivores,Biomass,95% confidence intervals,NTZ,Marine extractive Reserve of Corumbau,PPG inside MERC,4,800-1200,1.29,0.68,0.68,No,NA,1000,
1325,2002,Stationary count,Functional group,NA,NA,NA,Small carnivores,Biomass,95% confidence intervals,NTZ,Marine Extractive Reserve of Corumbau,PPG inside MERC,1,Inside,3.21,0.88,0.88,No,NA,NA,
1325,2002,Stationary count,Functional group,NA,NA,NA,Small carnivores,Biomass,95% confidence intervals,NTZ,Marine Extractive Reserve of Corumbau,PPG inside MERC,2,0-400,5.12,1.5,1.5,No,NA,200,
1325,2002,Stationary count,Functional group,NA,NA,NA,Small carnivores,Biomass,95% confidence intervals,NTZ,Marine Extractive Reserve of Corumbau,PPG inside MERC,3,400-800,6.29,1.57,1.57,No,NA,600,
1325,2002,Stationary count,Functional group,NA,NA,NA,Small carnivores,Biomass,95% confidence intervals,NTZ,Marine Extractive Reserve of Corumbau,PPG inside MERC,4,800-1200,4.24,1.08,1.08,No,NA,1000,
1325,2003,Stationary count,Functional group,NA,NA,NA,Small carnivores,Biomass,95% confidence intervals,NTZ,Marine Extractive Reserve of Corumbau,PPG inside MERC,1,Inside,4.72,1.66,1.66,No,NA,NA,
1325,2003,Stationary count,Functional group,NA,NA,NA,Small carnivores,Biomass,95% confidence intervals,NTZ,Marine Extractive Reserve of Corumbau,PPG inside MERC,2,0-400,4.04,1.35,1.35,No,NA,200,
1325,2003,Stationary count,Functional group,NA,NA,NA,Small carnivores,Biomass,95% confidence intervals,NTZ,Marine Extractive Reserve of Corumbau,PPG inside MERC,3,400-800,2.38,0.68,0.68,No,NA,600,
1325,2003,Stationary count,Functional group,NA,NA,NA,Small carnivores,Biomass,95% confidence intervals,NTZ,Marine Extractive Reserve of Corumbau,PPG inside MERC,4,800-1200,2.82,1.76,1.76,No,NA,1000,
1325,2004,Stationary count,Functional group,NA,NA,NA,Small carnivores,Biomass,95% confidence intervals,NTZ,Marine Extractive Reserve of Corumbau,PPG inside MERC,1,Inside,2.42,0.65,0.65,No,NA,NA,
1325,2004,Stationary count,Functional group,NA,NA,NA,Small carnivores,Biomass,95% confidence intervals,NTZ,Marine Extractive Reserve of Corumbau,PPG inside MERC,2,0-400,2.75,0.57,0.57,No,NA,200,
1325,2004,Stationary count,Functional group,NA,NA,NA,Small carnivores,Biomass,95% confidence intervals,NTZ,Marine Extractive Reserve of Corumbau,PPG inside MERC,3,400-800,3.64,0.93,0.93,No,NA,600,
1325,2004,Stationary count,Functional group,NA,NA,NA,Small carnivores,Biomass,95% confidence intervals,NTZ,Marine Extractive Reserve of Corumbau,PPG inside MERC,4,800-1200,2.99,0.65,0.65,No,NA,1000,
1325,2005,Stationary count,Functional group,NA,NA,NA,Small carnivores,Biomass,95% confidence intervals,NTZ,Marine Extractive Reserve of Corumbau,PPG inside MERC,1,Inside,1.49,0.55,0.55,No,NA,NA,
1325,2005,Stationary count,Functional group,NA,NA,NA,Small carnivores,Biomass,95% confidence intervals,NTZ,Marine Extractive Reserve of Corumbau,PPG inside MERC,2,0-400,1.33,0.7,0.7,No,NA,200,
1325,2005,Stationary count,Functional group,NA,NA,NA,Small carnivores,Biomass,95% confidence intervals,NTZ,Marine Extractive Reserve of Corumbau,PPG inside MERC,3,400-800,2.54,0.76,0.76,No,NA,600,
1325,2005,Stationary count,Functional group,NA,NA,NA,Small carnivores,Biomass,95% confidence intervals,NTZ,Marine Extractive Reserve of Corumbau,PPG inside MERC,4,800-1200,1.51,0.54,0.54,No,NA,1000,
1325,2001,Stationary count,Functional group,NA,NA,NA,Large carnivores,Biomass,95% confidence intervals,NTZ,Marine Extractive Reserve of Corumbau,PGG inside MERC,1,Inside,1.91,1.14,1.14,No,NA,NA,
1325,2001,Stationary count,Functional group,NA,NA,NA,Large carnivores,Biomass,95% confidence intervals,NTZ,Marine Extractive Reserve of Corumbau,PGG inside MERC,2,0-400,0.84,0.78,0.78,No,NA,200,
1325,2001,Stationary count,Functional group,NA,NA,NA,Large carnivores,Biomass,95% confidence intervals,NTZ,Marine Extractive Reserve of Corumbau,PGG inside MERC,3,400-800,0,0,0,No,NA,600,
1325,2001,Stationary count,Functional group,NA,NA,NA,Large carnivores,Biomass,95% confidence intervals,NTZ,Marine Extractive Reserve of Corumbau,PGG inside MERC,4,800-1200,1.74,1.26,1.26,No,NA,1000,
1325,2002,Stationary count,Functional group,NA,NA,NA,Large carnivores,Biomass,95% confidence intervals,NTZ,Marine Extractive Reserve of Corumbau,PPG inside MERC,1,Inside,3.43,1.31,1.31,No,NA,NA,
1325,2002,Stationary count,Functional group,NA,NA,NA,Large carnivores,Biomass,95% confidence intervals,NTZ,Marine Extractive Reserve of Corumbau,PPG inside MERC,2,0-400,1.74,0.9,0.9,No,NA,200,
1325,2002,Stationary count,Functional group,NA,NA,NA,Large carnivores,Biomass,95% confidence intervals,NTZ,Marine Extractive Reserve of Corumbau,PPG inside MERC,3,400-800,2.37,1.76,1.76,No,NA,600,
1325,2002,Stationary count,Functional group,NA,NA,NA,Large carnivores,Biomass,95% confidence intervals,NTZ,Marine Extractive Reserve of Corumbau,PPG inside MERC,4,800-1200,2.22,1.03,NA,No,NA,1000,
1325,2003,Stationary count,Functional group,NA,NA,NA,Large carnivores,Biomass,95% confidence intervals,NTZ,Marine Extractive Reserve of Corumbau,PPG inside MERC,1,Inside,0.65,0.5,0.5,No,NA,NA,
1325,2003,Stationary count,Functional group,NA,NA,NA,Large carnivores,Biomass,95% confidence intervals,NTZ,Marine Extractive Reserve of Corumbau,PPG inside MERC,2,0-400,0.05,0.32,0.32,No,NA,200,
1325,2003,Stationary count,Functional group,NA,NA,NA,Large carnivores,Biomass,95% confidence intervals,NTZ,Marine Extractive Reserve of Corumbau,PPG inside MERC,3,400-800,0.67,0.49,0.49,No,NA,600,
1325,2003,Stationary count,Functional group,NA,NA,NA,Large carnivores,Biomass,95% confidence intervals,NTZ,Marine Extractive Reserve of Corumbau,PPG inside MERC,4,800-1200,0.49,0.49,0.49,No,NA,1000,
1325,2004,Stationary count,Functional group,NA,NA,NA,Large carnivores,Biomass,95% confidence intervals,NTZ,Marine Extractive Reserve of Corumbau,PPG inside MERC,1,Inside,1.72,0.54,0.54,No,NA,NA,
1325,2004,Stationary count,Functional group,NA,NA,NA,Large carnivores,Biomass,95% confidence intervals,NTZ,Marine Extractive Reserve of Corumbau,PPG inside MERC,2,0-400,0.79,0.6,0.6,No,NA,200,
1325,2004,Stationary count,Functional group,NA,NA,NA,Large carnivores,Biomass,95% confidence intervals,NTZ,Marine Extractive Reserve of Corumbau,PPG inside MERC,3,400-800,0.68,0.73,0.73,No,NA,600,
1325,2004,Stationary count,Functional group,NA,NA,NA,Large carnivores,Biomass,95% confidence intervals,NTZ,Marine Extractive Reserve of Corumbau,PPG inside MERC,4,800-1200,6.4,2.9,2.9,No,NA,1000,
1325,2005,Stationary count,Functional group,NA,NA,NA,Large carnivores,Biomass,95% confidence intervals,NTZ,Marine Extractive Reserve of Corumbau,PPG inside MERC,1,Inside,3.45,1.02,1.02,No,NA,NA,
1325,2005,Stationary count,Functional group,NA,NA,NA,Large carnivores,Biomass,95% confidence intervals,NTZ,Marine Extractive Reserve of Corumbau,PPG inside MERC,2,0-400,1.73,1.32,1.32,No,NA,200,
1325,2005,Stationary count,Functional group,NA,NA,NA,Large carnivores,Biomass,95% confidence intervals,NTZ,Marine Extractive Reserve of Corumbau,PPG inside MERC,3,400-800,1.93,1.11,1.11,No,NA,600,
1325,2005,Stationary count,Functional group,NA,NA,NA,Large carnivores,Biomass,95% confidence intervals,NTZ,Marine Extractive Reserve of Corumbau,PPG inside MERC,4,800-1200,0.1,0.25,0.25,No,NA,1000,
1325,2001,Stationary count,Functional group,NA,NA,NA,Large herbivores,Biomass,95% confidence intervals,NTZ,Marine Extractive Reserve of Corumbau,PPG inside MERC,1,Inside,10.32,5.83,5.83,Yes,NA,NA,
1325,2001,Stationary count,Functional group,NA,NA,NA,Large herbivores,Biomass,95% confidence intervals,NTZ,Marine Extractive Reserve of Corumbau,PPG inside MERC,2,0-400,5.61,2.75,2.75,Yes,NA,200,
1325,2001,Stationary count,Functional group,NA,NA,NA,Large herbivores,Biomass,95% confidence intervals,NTZ,Marine Extractive Reserve of Corumbau,PPG inside MERC,3,400-800,5.45,5.01,5.01,Yes,NA,600,
1325,2001,Stationary count,Functional group,NA,NA,NA,Large herbivores,Biomass,95% confidence intervals,NTZ,Marine Extractive Reserve of Corumbau,PPG inside MERC,4,800-1200,24.79,6.23,6.23,Yes,NA,1000,
1325,2002,Stationary count,Functional group,NA,NA,NA,Large harbivores,Biomass,95% confidence intervals,NTZ,Marine Extractive Reserve of Corumbau,PPG inside MERC,1,Inside,38.81,10.79,10.79,Yes,NA,NA,
1325,2002,Stationary count,Functional group,NA,NA,NA,Large harbivores,Biomass,95% confidence intervals,NTZ,Marine Extractive Reserve of Corumbau,PPG inside MERC,2,0-400,75.68,13.03,13.03,Yes,NA,200,
1325,2002,Stationary count,Functional group,NA,NA,NA,Large harbivores,Biomass,95% confidence intervals,NTZ,Marine Extractive Reserve of Corumbau,PPG inside MERC,3,400-800,28.75,12.28,12.28,Yes,NA,600,
1325,2002,Stationary count,Functional group,NA,NA,NA,Large harbivores,Biomass,95% confidence intervals,NTZ,Marine Extractive Reserve of Corumbau,PPG inside MERC,4,800-1200,27.89,8.82,8.82,Yes,NA,1000,
1325,2003,Stationary count,Functional group,NA,NA,NA,Large herbivores,Biomass,95% confidence intervals,NTZ,Marine Extractive Reserve of Corumbau,Yes,1,Inside,30.67,10.14,10.14,Yes,NA,NA,
1325,2003,Stationary count,Functional group,NA,NA,NA,Large herbivores,Biomass,95% confidence intervals,NTZ,Marine Extractive Reserve of Corumbau,Yes,2,0-400,5.75,2.9,2.9,Yes,NA,200,
1325,2003,Stationary count,Functional group,NA,NA,NA,Large herbivores,Biomass,95% confidence intervals,NTZ,Marine Extractive Reserve of Corumbau,Yes,3,400-800,25.32,8.35,8.35,Yes,NA,600,
1325,2003,Stationary count,Functional group,NA,NA,NA,Large herbivores,Biomass,95% confidence intervals,NTZ,Marine Extractive Reserve of Corumbau,Yes,4,800-1200,3.33,2.54,2.54,Yes,NA,1000,
1325,2004,Stationary count,Functional group,NA,NA,NA,Large herbivores,Biomass,95% confidence intervals,NTZ,Marine Extractive Reserve of Corumbau,PPG inside MERC,1,Inside,18.33,7.87,7.87,Yes,NA,NA,
1325,2004,Stationary count,Functional group,NA,NA,NA,Large herbivores,Biomass,95% confidence intervals,NTZ,Marine Extractive Reserve of Corumbau,PPG inside MERC,2,0-400,2.65,3.68,3.68,Yes,NA,200,
1325,2004,Stationary count,Functional group,NA,NA,NA,Large herbivores,Biomass,95% confidence intervals,NTZ,Marine Extractive Reserve of Corumbau,PPG inside MERC,3,400-800,33.8,12.03,12.03,Yes,NA,600,
1325,2004,Stationary count,Functional group,NA,NA,NA,Large herbivores,Biomass,95% confidence intervals,NTZ,Marine Extractive Reserve of Corumbau,PPG inside MERC,4,800-1200,25.89,8.01,8.01,Yes,NA,1000,
1325,2005,Stationary count,Functional group,NA,NA,NA,Large herbivores,Biomass,95% confidence intervals,NTZ,Marine Extractive Reserve of Corumbau,PPG inside MERC,1,Inside,28.41,7.82,7.82,Yes,NA,NA,
1325,2005,Stationary count,Functional group,NA,NA,NA,Large herbivores,Biomass,95% confidence intervals,NTZ,Marine Extractive Reserve of Corumbau,PPG inside MERC,2,0-400,18.67,12.58,12.58,Yes,NA,200,
1325,2005,Stationary count,Functional group,NA,NA,NA,Large herbivores,Biomass,95% confidence intervals,NTZ,Marine Extractive Reserve of Corumbau,PPG inside MERC,3,400-800,35.55,20.7,20.7,Yes,NA,600,
1325,2005,Stationary count,Functional group,NA,NA,NA,Large herbivores,Biomass,95% confidence intervals,NTZ,Marine Extractive Reserve of Corumbau,PPG inside MERC,4,800-1200,35.65,18.34,18.34,Yes,NA,1000,
1325,2001,Stationary count,Target species as a group,NA,NA,NA,NA,Biomass,95% confidence intervals,NTZ,Marine Extractive Reserve of Corumbau,PPG inside MERC,1,Inside,13.5,5,5,Yes,NA,NA,
1325,2001,Stationary count,Target species as a group,NA,NA,NA,NA,Biomass,95% confidence intervals,NTZ,Marine Extractive Reserve of Corumbau,PPG inside MERC,2,0-400,8.02,3.05,3.05,Yes,NA,200,
1325,2001,Stationary count,Target species as a group,NA,NA,NA,NA,Biomass,95% confidence intervals,NTZ,Marine Extractive Reserve of Corumbau,PPG inside MERC,3,400-800,10.36,3.88,3.88,Yes,NA,600,
1325,2001,Stationary count,Target species as a group,NA,NA,NA,NA,Biomass,95% confidence intervals,NTZ,Marine Extractive Reserve of Corumbau,PPG inside MERC,4,800-1200,28.54,7.59,7.59,Yes,NA,1000,
1325,2002,Stationary count,Target species as a group,NA,NA,NA,NA,Biomass,95% confidence intervals,NTZ,Marine Extractive Reserve of Corumbau,PPG inside MERC,1,Inside,45.7,11.07,11.07,Yes,NA,NA,
1325,2002,Stationary count,Target species as a group,NA,NA,NA,NA,Biomass,95% confidence intervals,NTZ,Marine Extractive Reserve of Corumbau,PPG inside MERC,2,0-400,86.49,19.5,19.5,Yes,NA,200,
1325,2002,Stationary count,Target species as a group,NA,NA,NA,NA,Biomass,95% confidence intervals,NTZ,Marine Extractive Reserve of Corumbau,PPG inside MERC,3,400-800,35.63,15.4,15.4,Yes,NA,600,
1325,2002,Stationary count,Target species as a group,NA,NA,NA,NA,Biomass,95% confidence intervals,NTZ,Marine Extractive Reserve of Corumbau,PPG inside MERC,4,800-1200,33.63,10.2,10.2,Yes,NA,1000,
1325,2003,Stationary count,Target species as a group,NA,NA,NA,NA,Biomass,95% confidence intervals,NTZ,Marine Extractive Reserve of Corumbau,PPG inside MERC,1,Inside,36.44,9.55,9.55,Yes,NA,NA,
1325,2003,Stationary count,Target species as a group,NA,NA,NA,NA,Biomass,95% confidence intervals,NTZ,Marine Extractive Reserve of Corumbau,PPG inside MERC,2,0-400,10.73,2.67,2.67,Yes,NA,200,
1325,2003,Stationary count,Target species as a group,NA,NA,NA,NA,Biomass,95% confidence intervals,NTZ,Marine Extractive Reserve of Corumbau,PPG inside MERC,3,400-800,28.68,7.54,7.54,Yes,NA,600,
1325,2003,Stationary count,Target species as a group,NA,NA,NA,NA,Biomass,95% confidence intervals,NTZ,Marine Extractive Reserve of Corumbau,PPG inside MERC,4,800-1200,5.35,5.85,5.85,Yes,NA,1000,
1325,2004,Stationary count,Target species as a group,NA,NA,NA,NA,Biomass,95% confidence intervals,NTZ,Marine Extractive Reserve of Corumbau,PPG inside MERC,1,Inside,23.16,5.76,5.76,Yes,NA,NA,
1325,2004,Stationary count,Target species as a group,NA,NA,NA,NA,Biomass,95% confidence intervals,NTZ,Marine Extractive Reserve of Corumbau,PPG inside MERC,2,0-400,5.08,3.12,3.12,Yes,NA,200,
1325,2004,Stationary count,Target species as a group,NA,NA,NA,NA,Biomass,95% confidence intervals,NTZ,Marine Extractive Reserve of Corumbau,PPG inside MERC,3,400-800,37.73,13.38,13.38,Yes,NA,600,
1325,2004,Stationary count,Target species as a group,NA,NA,NA,NA,Biomass,95% confidence intervals,NTZ,Marine Extractive Reserve of Corumbau,PPG inside MERC,4,800-1200,35.45,8.43,8.43,Yes,NA,1000,
1325,2005,Stationary count,Target species as a group,NA,NA,NA,NA,Biomass,95% confidence intervals,NTZ,Marine Extractive Reserve of Corumbau,PPG inside MERC,1,Inside,33.77,10.58,10.58,Yes,NA,NA,
1325,2005,Stationary count,Target species as a group,NA,NA,NA,NA,Biomass,95% confidence intervals,NTZ,Marine Extractive Reserve of Corumbau,PPG inside MERC,2,0-400,20.88,12.98,12.98,Yes,NA,200,
1325,2005,Stationary count,Target species as a group,NA,NA,NA,NA,Biomass,95% confidence intervals,NTZ,Marine Extractive Reserve of Corumbau,PPG inside MERC,3,400-800,40.85,20.3,20.3,Yes,NA,600,
1325,2005,Stationary count,Target species as a group,NA,NA,NA,NA,Biomass,95% confidence intervals,NTZ,Marine Extractive Reserve of Corumbau,PPG inside MERC,4,800-1200,28.57,17.48,17.48,Yes,NA,1000,
1325,2001,Stationary count,Non-target species as a group,NA,NA,NA,NA,Biomass,95% confidence intervals,NTZ,Marine Extractive Reserve of Corumbau,PPG inside MERC,1,Inside,3.51,0.78,0.78,No,NA,NA,
1325,2001,Stationary count,Non-target species as a group,NA,NA,NA,NA,Biomass,95% confidence intervals,NTZ,Marine Extractive Reserve of Corumbau,PPG inside MERC,2,0-400,5.09,1.27,1.27,No,NA,200,
1325,2001,Stationary count,Non-target species as a group,NA,NA,NA,NA,Biomass,95% confidence intervals,NTZ,Marine Extractive Reserve of Corumbau,PPG inside MERC,3,400-800,5.82,1.83,1.83,No,NA,600,
1325,2001,Stationary count,Non-target species as a group,NA,NA,NA,NA,Biomass,95% confidence intervals,NTZ,Marine Extractive Reserve of Corumbau,PPG inside MERC,4,800-1200,7.49,1.38,1.39,No,NA,1000,
1325,2002,Stationary count,Non-target species as a group,NA,NA,NA,NA,Biomass,95% confidence intervals,NTZ,Marine Extractive Reserve of Corumbau,PPG inside. MERC,1,Inside,9.8,2.53,2.53,No,NA,NA,
1325,2002,Stationary count,Non-target species as a group,NA,NA,NA,NA,Biomass,95% confidence intervals,NTZ,Marine Extractive Reserve of Corumbau,PPG inside. MERC,2,0-400,5.55,2.53,2.53,No,NA,200,
1325,2002,Stationary count,Non-target species as a group,NA,NA,NA,NA,Biomass,95% confidence intervals,NTZ,Marine Extractive Reserve of Corumbau,PPG inside. MERC,3,400-800,6.74,1.27,1.27,No,NA,600,
1325,2002,Stationary count,Non-target species as a group,NA,NA,NA,NA,Biomass,95% confidence intervals,NTZ,Marine Extractive Reserve of Corumbau,PPG inside. MERC,4,800-1200,7.25,1.62,1.62,No,NA,1000,
1325,2003,Stationary count,Non-target species as a group,NA,NA,NA,NA,Biomass,95% confidence intervals,NTZ,Marine Extractive Reserve of Corumbau,PPG inside MERC,1,Inside,7.31,2.16,2.16,No,NA,NA,
1325,2003,Stationary count,Non-target species as a group,NA,NA,NA,NA,Biomass,95% confidence intervals,NTZ,Marine Extractive Reserve of Corumbau,PPG inside MERC,2,0-400,4.76,1.24,1.25,No,NA,200,
1325,2003,Stationary count,Non-target species as a group,NA,NA,NA,NA,Biomass,95% confidence intervals,NTZ,Marine Extractive Reserve of Corumbau,PPG inside MERC,3,400-800,7.92,2.74,2.74,No,NA,600,
1325,2003,Stationary count,Non-target species as a group,NA,NA,NA,NA,Biomass,95% confidence intervals,NTZ,Marine Extractive Reserve of Corumbau,PPG inside MERC,4,800-1200,6.42,1.27,1.27,No,NA,1000,
1325,2004,Stationary count,Non-target species as a group,NA,NA,NA,NA,Biomass,95% confidence intervals,NTZ,Marine Extractive Reserve of Corumbau,PPG inside MERC,1,Inside,3.86,0.89,0.89,No,NA,NA,
1325,2004,Stationary count,Non-target species as a group,NA,NA,NA,NA,Biomass,95% confidence intervals,NTZ,Marine Extractive Reserve of Corumbau,PPG inside MERC,2,0-400,2.58,2.581.35,1.35,No,NA,200,
1325,2004,Stationary count,Non-target species as a group,NA,NA,NA,NA,Biomass,95% confidence intervals,NTZ,Marine Extractive Reserve of Corumbau,PPG inside MERC,3,400-800,10.9,3.88,3.88,No,NA,600,
1325,2004,Stationary count,Non-target species as a group,NA,NA,NA,NA,Biomass,95% confidence intervals,NTZ,Marine Extractive Reserve of Corumbau,PPG inside MERC,4,800-1200,5.41,1.43,1.43,No,NA,1000,
1325,2005,Stationary count,Non-target species as a group,NA,NA,NA,NA,Biomass,95% confidence intervals,NTZ,Marine Extractive Reserve of Corumbau,PPG inside MERC,1,Inside,5.93,1.68,1.68,No,NA,NA,
1325,2005,Stationary count,Non-target species as a group,NA,NA,NA,NA,Biomass,95% confidence intervals,NTZ,Marine Extractive Reserve of Corumbau,PPG inside MERC,2,0-400,2.11,0.85,0.85,No,NA,200,
1325,2005,Stationary count,Non-target species as a group,NA,NA,NA,NA,Biomass,95% confidence intervals,NTZ,Marine Extractive Reserve of Corumbau,PPG inside MERC,3,400-800,5.82,1.77,1.77,No,NA,600,
1325,2005,Stationary count,Non-target species as a group,NA,NA,NA,NA,Biomass,95% confidence intervals,NTZ,Marine Extractive Reserve of Corumbau,PPG inside MERC,4,800-1200,8.39,2.09,2.09,No,NA,1000,
1374,Western Apo probably includes closest to the reserve and then Northern but it isn't specified in the paper ,Catch,Target species as a group,NA,NA,NA,NA,Catch per unit effort (CPUE) Hook and Line,Standard error,NTZ,Apo Island Marine Reserve,Yes,1,Near reserve,0.85,0.3,0.3,No,NA,NA,
1374,Western Apo probably includes closest to the reserve and then Northern but it isn't specified in the paper ,Catch,Target species as a group,NA,NA,NA,NA,Catch per unit effort (CPUE) Hook and Line,Standard error,NTZ,Apo Island Marine Reserve,Yes,2,Western side,0.54,0.11,0.11,No,NA,NA,
1374,Western Apo probably includes closest to the reserve and then Northern but it isn't specified in the paper ,Catch,Target species as a group,NA,NA,NA,NA,Catch per unit effort (CPUE) Hook and Line,Standard error,NTZ,Apo Island Marine Reserve,Yes,3,Northern boundary,0.59,0.04,0.04,No,NA,NA,
1374,Western probably closer than northern but doesn't say in the paper,Catch,Target species as a group,NA,NA,NA,NA,Catch per unit effort (CPUE) Gill net,Standard error,NTZ,Apo Island Marine Reserve,Yes,1,Near reserve,0.66,0.18,0.18,No,NA,NA,
1374,Western probably closer than northern but doesn't say in the paper,Catch,Target species as a group,NA,NA,NA,NA,Catch per unit effort (CPUE) Gill net,Standard error,NTZ,Apo Island Marine Reserve,Yes,2,Western side,0.62,0.11,0.11,No,NA,NA,
1374,Western probably closer than northern but doesn't say in the paper,Catch,Target species as a group,NA,NA,NA,NA,Catch per unit effort (CPUE) Gill net,Standard error,NTZ,Apo Island Marine Reserve,Yes,3,Northern boundary,0.49,0.06,0.06,No,NA,NA,
1374,Western side is probably closer than northern but hard to tell from the paper,Catch,Target species as a group,NA,NA,NA,NA,Catch per unit effort (CPUE) Spear gun,Standard error,NTZ,Apo Island Marine Reserve,Yes,1,Near reserve,1.7,0.39,0.39,No,NA,NA,
1374,Western side is probably closer than northern but hard to tell from the paper,Catch,Target species as a group,NA,NA,NA,NA,Catch per unit effort (CPUE) Spear gun,Standard error,NTZ,Apo Island Marine Reserve,Yes,2,Western side,0.87,0.2,0.2,No,NA,NA,
1374,Western side is probably closer than northern but hard to tell from the paper,Catch,Target species as a group,NA,NA,NA,NA,Catch per unit effort (CPUE) Spear gun,Standard error,NTZ,Apo Island Marine Reserve,Yes,3,Northern side,1.2,0.14,0.14,No,NA,NA,
1385,Pre-NTZ. Distances are weird because the different zones were placed to cover different bathymetric ranges. Measured from the centre points of each zone to the centre of the NTZ using plot digitiser to get distances.,Catch,Individual species,Merlucciidae,Merluccius ,merluccius,NA,Median monthly landings,NA,NTZ,Gulf of Roses No-take Area,Yes,1,Pre-NTZ,137.95,NA,NA,Yes,Merluccius  merluccius,NA,
1385,Pre-NTZ. Distances are weird because the different zones were placed to cover different bathymetric ranges. Measured from the centre points of each zone to the centre of the NTZ using plot digitiser to get distances.,Catch,Individual species,Merlucciidae,Merluccius ,merluccius,NA,Median monthly landings,NA,NTZ,Gulf of Roses No-take Area,Yes,2,5000,558.83,NA,NA,Yes,Merluccius  merluccius,5000,
1385,Pre-NTZ. Distances are weird because the different zones were placed to cover different bathymetric ranges. Measured from the centre points of each zone to the centre of the NTZ using plot digitiser to get distances.,Catch,Individual species,Merlucciidae,Merluccius ,merluccius,NA,Median monthly landings,NA,NTZ,Gulf of Roses No-take Area,Yes,3,7000,116.12,NA,NA,Yes,Merluccius  merluccius,7000,
1385,Pre-NTZ. Distances are weird because the different zones were placed to cover different bathymetric ranges. Measured from the centre points of each zone to the centre of the NTZ using plot digitiser to get distances.,Catch,Individual species,Merlucciidae,Merluccius ,merluccius,NA,Median monthly landings,NA,NTZ,Gulf of Roses No-take Area,Yes,4,11000,149.19,NA,NA,Yes,Merluccius  merluccius,11000,
1385,Pre-NTZ. Distances are weird because the different zones were placed to cover different bathymetric ranges. Measured from the centre points of each zone to the centre of the NTZ using plot digitiser to get distances.,Catch,Individual species,Merlucciidae,Merluccius ,merluccius,NA,Median monthly landings,NA,NTZ,Gulf of Roses No-take Area,Yes,5,12000,360.25,NA,NA,Yes,Merluccius  merluccius,12000,
1385,Pre-NTZ. Distances are weird because the different zones were placed to cover different bathymetric ranges. Measured from the centre points of each zone to the centre of the NTZ using plot digitiser to get distances.,Catch,Individual species,Merlucciidae,Merluccius,merluccius,NA,Median monthly catch,NA,NTZ,Gulf of Roses No-take Area,Yes,1,15000,81.87,NA,NA,Yes,Merluccius merluccius,15000,
1385,"Post-NTZ 
Distances are weird because the different zones were placed to cover different bathymetric ranges. Measured from the centre points of each zone to the centre of the NTZ using plot digitiser to get distances.",Catch,Individual species,Merlucciidae,Merluccius,merluccius,NA,Median monthly catch,NA,NTZ,Gulf of Roses No-take Area,Yes,1,5000,482.68,NA,NA,Yes,Merluccius merluccius,5000,
1385,"Post-NTZ 
Distances are weird because the different zones were placed to cover different bathymetric ranges. Measured from the centre points of each zone to the centre of the NTZ using plot digitiser to get distances.",Catch,Individual species,Merlucciidae,Merluccius,merluccius,NA,Median monthly catch,NA,NTZ,Gulf of Roses No-take Area,Yes,2,7000,165.96,NA,NA,Yes,Merluccius merluccius,7000,
1385,"Post-NTZ 
Distances are weird because the different zones were placed to cover different bathymetric ranges. Measured from the centre points of each zone to the centre of the NTZ using plot digitiser to get distances.",Catch,Individual species,Merlucciidae,Merluccius,merluccius,NA,Median monthly catch,NA,NTZ,Gulf of Roses No-take Area,Yes,3,11000,601.93,NA,NA,Yes,Merluccius merluccius,11000,
1385,"Post-NTZ 
Distances are weird because the different zones were placed to cover different bathymetric ranges. Measured from the centre points of each zone to the centre of the NTZ using plot digitiser to get distances.",Catch,Individual species,Merlucciidae,Merluccius,merluccius,NA,Median monthly catch,NA,NTZ,Gulf of Roses No-take Area,Yes,4,12000,494.92,NA,NA,Yes,Merluccius merluccius,12000,
1385,"Post-NTZ 
Distances are weird because the different zones were placed to cover different bathymetric ranges. Measured from the centre points of each zone to the centre of the NTZ using plot digitiser to get distances.",Catch,Individual species,Merlucciidae,Merluccius,merluccius,NA,Median monthly catch,NA,NTZ,Gulf of Roses No-take Area,Yes,5,15000,157.77,NA,NA,Yes,Merluccius merluccius,15000,
676,"linear regression results from Fig. 6 enetred as distance from boundary results, distance points 1-5",Transect count,Functional group,NA,NA,NA,Coral reef fish community,Biomass,NA,PPC,Grand Cayman Marine Protected Area,Yes,1,0,84.12,NA,NA,Yes,NA,0,
676,"linear regression results from Fig. 6 enetred as distance from boundary results, distance points 1-5",Transect count,Functional group,NA,NA,NA,Coral reef fish community,Biomass,NA,PPC,Grand Cayman Marine Protected Area,Yes,2,1600,65.05,NA,NA,Yes,NA,1600,
676,"linear regression results from Fig. 6 enetred as distance from boundary results, distance points 1-5",Transect count,Functional group,NA,NA,NA,Coral reef fish community,Biomass,NA,PPC,Grand Cayman Marine Protected Area,Yes,3,2500,51.8,NA,NA,Yes,NA,2500,
676,"linear regression results from Fig. 6 enetred as distance from boundary results, distance points 1-5",Transect count,Functional group,NA,NA,NA,Coral reef fish community,Biomass,NA,PPC,Grand Cayman Marine Protected Area,Yes,4,3600,41.5,NA,NA,Yes,NA,3600,
676,"linear regression results from Fig. 6 enetred as distance from boundary results, distance points 1-5",Transect count,Functional group,NA,NA,NA,Coral reef fish community,Biomass,NA,PPC,Grand Cayman Marine Protected Area,Yes,5,4600,44.09,NA,NA,Yes,NA,4600,
676,"linear regression results from Fig. 6 entered as distance from boundary results, distance point 6",Transect count,Functional group,NA,NA,NA,Coral reef fish community,Biomass,NA,PPC,Grand Cayman Marine Protected Area,Yes,1,5100,33.26,NA,NA,Yes,NA,5100,
1525,Northeast Monsoon,Catch,Individual species,Siganidae,Siganus,sutor,NA,Catch per unit effort (CPUE),Standard error,NTZ,Watamu National Marine Park,"Outside is ""reserve"" with little bit of protection",1,-6000,0.96,0.42,0.42,No,Siganus sutor,-6000,
1525,Northeast Monsoon,Catch,Individual species,Siganidae,Siganus,sutor,NA,Catch per unit effort (CPUE),Standard error,NTZ,Watamu National Marine Park,"Outside is ""reserve"" with little bit of protection",2,-3500,0.19,0.21,0.21,No,Siganus sutor,-3500,
1525,Northeast Monsoon,Catch,Individual species,Siganidae,Siganus,sutor,NA,Catch per unit effort (CPUE),Standard error,NTZ,Watamu National Marine Park,"Outside is ""reserve"" with little bit of protection",3,-2200,0.29,0.71,0.71,No,Siganus sutor,-2200,
1525,Northeast Monsoon,Catch,Individual species,Siganidae,Siganus,sutor,NA,Catch per unit effort (CPUE),Standard error,NTZ,Watamu National Marine Park,"Outside is ""reserve"" with little bit of protection",4,-200,3.68,1,1,No,Siganus sutor,-200,
1525,Northeast Monsoon,Catch,Individual species,Siganidae,Siganus,sutor,NA,Catch per unit effort (CPUE),Standard error,NTZ,Watamu National Marine Park,"Outside is ""reserve"" with little bit of protection",5,0,3.16,1.64,1.64,No,Siganus sutor,0,
1525,Northeast Monsoon,Catch,Individual species,Siganidae,Siganus,sutor,NA,Catch per unit effort (CPUE),Standard error,NTZ,Watamu National Marine Park,"Outside is ""reserve"" with little bit of protection",1,200,0.5,0.3,0.3,No,Siganus sutor,200,
1525,Northeast Monsoon,Catch,Individual species,Siganidae,Siganus,sutor,NA,Catch per unit effort (CPUE),Standard error,NTZ,Watamu National Marine Park,"Outside is ""reserve"" with little bit of protection",2,600,0.77,0.44,0.44,No,Siganus sutor,600,
1525,Northeast Monsoon,Catch,Individual species,Siganidae,Siganus,sutor,NA,Catch per unit effort (CPUE),Standard error,NTZ,Watamu National Marine Park,"Outside is ""reserve"" with little bit of protection",3,1400,3.84,1.44,1.44,No,Siganus sutor,1400,
1525,Northeast Monsoon,Catch,Individual species,Siganidae,Siganus,sutor,NA,Catch per unit effort (CPUE),Standard error,NTZ,Watamu National Marine Park,"Outside is ""reserve"" with little bit of protection",4,2300,1.94,0.8,0.8,No,Siganus sutor,2300,
1525,Southeast Monsoon,Catch,Individual species,Siganidae,Siganus,sutor,NA,Catch per unit effort (CPUE),Standard error,NTZ,Watamu National Marine Park,"Outside is ""reserve"" with little bit of protection",1,-6000,5.2,0.66,0.66,Yes,Siganus sutor,-6000,
1525,Southeast Monsoon,Catch,Individual species,Siganidae,Siganus,sutor,NA,Catch per unit effort (CPUE),Standard error,NTZ,Watamu National Marine Park,"Outside is ""reserve"" with little bit of protection",2,-3500,3.07,0.93,0.93,Yes,Siganus sutor,-3500,
1525,Southeast Monsoon,Catch,Individual species,Siganidae,Siganus,sutor,NA,Catch per unit effort (CPUE),Standard error,NTZ,Watamu National Marine Park,"Outside is ""reserve"" with little bit of protection",3,-2200,0.76,0.82,0.82,Yes,Siganus sutor,-2200,
1525,Southeast Monsoon,Catch,Individual species,Siganidae,Siganus,sutor,NA,Catch per unit effort (CPUE),Standard error,NTZ,Watamu National Marine Park,"Outside is ""reserve"" with little bit of protection",4,-200,0.05,0.23,0.23,Yes,Siganus sutor,-200,
1525,Southeast Monsoon,Catch,Individual species,Siganidae,Siganus,sutor,NA,Catch per unit effort (CPUE),Standard error,NTZ,Watamu National Marine Park,"Outside is ""reserve"" with little bit of protection",5,0,1.42,0.72,0.72,Yes,Siganus sutor,0,
1525,Southeast Monsoon,Catch,Individual species,Siganidae,Siganus,sutor,NA,Catch per unit effort (CPUE),Standard error,NTZ,Watamu National Marine Park,"Outside is ""reserve"" with little bit of protection",1,200,0.13,0.18,0.18,Yes,Siganus sutor,200,
1525,Southeast Monsoon,Catch,Individual species,Siganidae,Siganus,sutor,NA,Catch per unit effort (CPUE),Standard error,NTZ,Watamu National Marine Park,"Outside is ""reserve"" with little bit of protection",2,600,0,0,0,Yes,Siganus sutor,600,
1525,Southeast Monsoon,Catch,Individual species,Siganidae,Siganus,sutor,NA,Catch per unit effort (CPUE),Standard error,NTZ,Watamu National Marine Park,"Outside is ""reserve"" with little bit of protection",3,1400,0,0,0,Yes,Siganus sutor,1400,
1525,Southeast Monsoon,Catch,Individual species,Siganidae,Siganus,sutor,NA,Catch per unit effort (CPUE),Standard error,NTZ,Watamu National Marine Park,"Outside is ""reserve"" with little bit of protection",4,2300,0,0,0,Yes,Siganus sutor,2300,
1525,Northeast Monsoon,Catch,Individual species,Lethrinidae,Lethrinus,mahsena,NA,Catch per unit effort (CPUE),Standard error,NTZ,Watamu National Marine Park,"Outside is ""reserve"" with little bit of protection",1,-6000,0.78,0.7,0.7,No,Lethrinus mahsena,-6000,
1525,Northeast Monsoon,Catch,Individual species,Lethrinidae,Lethrinus,mahsena,NA,Catch per unit effort (CPUE),Standard error,NTZ,Watamu National Marine Park,"Outside is ""reserve"" with little bit of protection",2,-3500,0.9,0.34,0.34,No,Lethrinus mahsena,-3500,
1525,Northeast Monsoon,Catch,Individual species,Lethrinidae,Lethrinus,mahsena,NA,Catch per unit effort (CPUE),Standard error,NTZ,Watamu National Marine Park,"Outside is ""reserve"" with little bit of protection",3,-2200,4.22,1.24,1.24,No,Lethrinus mahsena,-2200,
1525,Northeast Monsoon,Catch,Individual species,Lethrinidae,Lethrinus,mahsena,NA,Catch per unit effort (CPUE),Standard error,NTZ,Watamu National Marine Park,"Outside is ""reserve"" with little bit of protection",4,-600,2.91,1.65,1.65,No,Lethrinus mahsena,-600,
1525,Northeast Monsoon,Catch,Individual species,Lethrinidae,Lethrinus,mahsena,NA,Catch per unit effort (CPUE),Standard error,NTZ,Watamu National Marine Park,"Outside is ""reserve"" with little bit of protection",5,-200,3.26,1.68,1.68,No,Lethrinus mahsena,-200,
1525,Northeast Monsoon,Catch,Individual species,Lethrinidae,Lethrinus,mahsena,NA,Catch per unit effort (CPUE),Standard error,NTZ,Watamu National Marine Park,"Outside is ""reserve"" with little bit of protection",1,0,0.78,0.63,0.63,No,Lethrinus mahsena,0,
1525,Northeast Monsoon,Catch,Individual species,Lethrinidae,Lethrinus,mahsena,NA,Catch per unit effort (CPUE),Standard error,NTZ,Watamu National Marine Park,"Outside is ""reserve"" with little bit of protection",2,200,0,0,0,No,Lethrinus mahsena,200,
1525,Northeast Monsoon,Catch,Individual species,Lethrinidae,Lethrinus,mahsena,NA,Catch per unit effort (CPUE),Standard error,NTZ,Watamu National Marine Park,"Outside is ""reserve"" with little bit of protection",3,600,0.19,0.24,0.24,No,Lethrinus mahsena,600,
1525,Northeast Monsoon,Catch,Individual species,Lethrinidae,Lethrinus,mahsena,NA,Catch per unit effort (CPUE),Standard error,NTZ,Watamu National Marine Park,"Outside is ""reserve"" with little bit of protection",4,1.4,0.1,0.2,0.2,No,Lethrinus mahsena,1.4,
1525,Northeast Monsoon,Catch,Individual species,Lethrinidae,Lethrinus,mahsena,NA,Catch per unit effort (CPUE),Standard error,NTZ,Watamu National Marine Park,"Outside is ""reserve"" with little bit of protection",5,2.3,0,0,0,No,Lethrinus mahsena,2.3,
1525,Southeast Monsoon,Catch,Individual species,Lethrinidae,Lethrinus,mahsena,NA,Catch per unit effort (CPUE),Standard error,NTZ,Watamu National Marine Park,"Outside is ""reserve"" with little bit of protection",1,-6000,0.52,0.3,0.3,No,Lethrinus mahsena,-6000,
1525,Southeast Monsoon,Catch,Individual species,Lethrinidae,Lethrinus,mahsena,NA,Catch per unit effort (CPUE),Standard error,NTZ,Watamu National Marine Park,"Outside is ""reserve"" with little bit of protection",2,-3500,0,0,0,No,Lethrinus mahsena,-3500,
1525,Southeast Monsoon,Catch,Individual species,Lethrinidae,Lethrinus,mahsena,NA,Catch per unit effort (CPUE),Standard error,NTZ,Watamu National Marine Park,"Outside is ""reserve"" with little bit of protection",3,-2200,0.28,0.16,0.16,No,Lethrinus mahsena,-2200,
1525,Southeast Monsoon,Catch,Individual species,Lethrinidae,Lethrinus,mahsena,NA,Catch per unit effort (CPUE),Standard error,NTZ,Watamu National Marine Park,"Outside is ""reserve"" with little bit of protection",4,-600,0,0,0,No,Lethrinus mahsena,-600,
1525,Southeast Monsoon,Catch,Individual species,Lethrinidae,Lethrinus,mahsena,NA,Catch per unit effort (CPUE),Standard error,NTZ,Watamu National Marine Park,"Outside is ""reserve"" with little bit of protection",5,-200,0.12,0.15,0.15,No,Lethrinus mahsena,-200,
1525,Southeast Monsoon,Catch,Individual species,Lethrinidae,Lethrinus,mahsena,NA,Catch per unit effort (CPUE),Standard error,NTZ,Watamu National Marine Park,"Outside is ""reserve"" with little bit of protection",1,0,0,0,0,No,Lethrinus mahsena,0,
1525,Southeast Monsoon,Catch,Individual species,Lethrinidae,Lethrinus,mahsena,NA,Catch per unit effort (CPUE),Standard error,NTZ,Watamu National Marine Park,"Outside is ""reserve"" with little bit of protection",2,200,0,0,0,No,Lethrinus mahsena,200,
1525,Southeast Monsoon,Catch,Individual species,Lethrinidae,Lethrinus,mahsena,NA,Catch per unit effort (CPUE),Standard error,NTZ,Watamu National Marine Park,"Outside is ""reserve"" with little bit of protection",3,400,0,0,0,No,Lethrinus mahsena,400,
1525,Southeast Monsoon,Catch,Individual species,Lethrinidae,Lethrinus,mahsena,NA,Catch per unit effort (CPUE),Standard error,NTZ,Watamu National Marine Park,"Outside is ""reserve"" with little bit of protection",4,800,0,0,0,No,Lethrinus mahsena,800,
1525,Southeast Monsoon,Catch,Individual species,Lethrinidae,Lethrinus,mahsena,NA,Catch per unit effort (CPUE),Standard error,NTZ,Watamu National Marine Park,"Outside is ""reserve"" with little bit of protection",5,1600,0,0,0,No,Lethrinus mahsena,1600,
1525,Northeast Monsoon,Catch,Individual species,Lethrinidae,Lethrinus,miniatus,NA,Catch per unit effort (CPUE),Standard error,NTZ,Watamu National Marine Park,"Outside is ""reserve"" with little bit of protection",1,-6000,3.9,1.2,1.6,Yes,Lethrinus miniatus,-6000,
1525,Northeast Monsoon,Catch,Individual species,Lethrinidae,Lethrinus,miniatus,NA,Catch per unit effort (CPUE),Standard error,NTZ,Watamu National Marine Park,"Outside is ""reserve"" with little bit of protection",2,-3500,3.79,0.81,0.81,Yes,Lethrinus miniatus,-3500,
1525,Northeast Monsoon,Catch,Individual species,Lethrinidae,Lethrinus,miniatus,NA,Catch per unit effort (CPUE),Standard error,NTZ,Watamu National Marine Park,"Outside is ""reserve"" with little bit of protection",3,-2200,1.29,0.26,0.26,Yes,Lethrinus miniatus,-2200,
1525,Northeast Monsoon,Catch,Individual species,Lethrinidae,Lethrinus,miniatus,NA,Catch per unit effort (CPUE),Standard error,NTZ,Watamu National Marine Park,"Outside is ""reserve"" with little bit of protection",4,-600,1.02,0.6,0.6,Yes,Lethrinus miniatus,-600,
1525,Northeast Monsoon,Catch,Individual species,Lethrinidae,Lethrinus,miniatus,NA,Catch per unit effort (CPUE),Standard error,NTZ,Watamu National Marine Park,"Outside is ""reserve"" with little bit of protection",5,-200,0,0,0,Yes,Lethrinus miniatus,-200,
1525,Northeast Monsoon,Catch,Individual species,Lethrinidae,Lethrinus,miniatus,NA,Catch per unit effort (CPUE),Standard error,NTZ,Watamu National Marine Park,"Outside is ""reserve"" with little bit of protection",1,0,0.44,0.24,0.24,Yes,Lethrinus miniatus,0,
1525,Northeast Monsoon,Catch,Individual species,Lethrinidae,Lethrinus,miniatus,NA,Catch per unit effort (CPUE),Standard error,NTZ,Watamu National Marine Park,"Outside is ""reserve"" with little bit of protection",2,200,0,0,0,Yes,Lethrinus miniatus,200,
1525,Northeast Monsoon,Catch,Individual species,Lethrinidae,Lethrinus,miniatus,NA,Catch per unit effort (CPUE),Standard error,NTZ,Watamu National Marine Park,"Outside is ""reserve"" with little bit of protection",3,400,0,0,0,Yes,Lethrinus miniatus,400,
1525,Northeast Monsoon,Catch,Individual species,Lethrinidae,Lethrinus,miniatus,NA,Catch per unit effort (CPUE),Standard error,NTZ,Watamu National Marine Park,"Outside is ""reserve"" with little bit of protection",4,800,0,0,0,Yes,Lethrinus miniatus,800,
1525,Northeast Monsoon,Catch,Individual species,Lethrinidae,Lethrinus,miniatus,NA,Catch per unit effort (CPUE),Standard error,NTZ,Watamu National Marine Park,"Outside is ""reserve"" with little bit of protection",5,1600,0.24,0.18,0.18,Yes,Lethrinus miniatus,1600,
1525,Southeast Monsoon,Catch,Individual species,Lethrinidae,Lethrinus,miniatus,NA,Catch per unit effort (CPUE),Standard error,NTZ,Watamu National Marine Park,"Outside is ""reserve"" with little bit of protection",1,-6000,0.17,0.2,0.2,No,Lethrinus miniatus,-6000,
1525,Southeast Monsoon,Catch,Individual species,Lethrinidae,Lethrinus,miniatus,NA,Catch per unit effort (CPUE),Standard error,NTZ,Watamu National Marine Park,"Outside is ""reserve"" with little bit of protection",2,-3500,0.99,0.24,0.24,No,Lethrinus miniatus,-3500,
1525,Southeast Monsoon,Catch,Individual species,Lethrinidae,Lethrinus,miniatus,NA,Catch per unit effort (CPUE),Standard error,NTZ,Watamu National Marine Park,"Outside is ""reserve"" with little bit of protection",3,-2200,1.29,0.43,0.43,No,Lethrinus miniatus,-2200,
1525,Southeast Monsoon,Catch,Individual species,Lethrinidae,Lethrinus,miniatus,NA,Catch per unit effort (CPUE),Standard error,NTZ,Watamu National Marine Park,"Outside is ""reserve"" with little bit of protection",4,-600,0,0,0,No,Lethrinus miniatus,-600,
1525,Southeast Monsoon,Catch,Individual species,Lethrinidae,Lethrinus,miniatus,NA,Catch per unit effort (CPUE),Standard error,NTZ,Watamu National Marine Park,"Outside is ""reserve"" with little bit of protection",5,-200,0.53,0.33,0.33,No,Lethrinus miniatus,-200,
1525,Southeast Monsoon,Catch,Individual species,Lethrinidae,Lethrinus,miniatus,NA,Catch per unit effort (CPUE),Standard error,NTZ,Watamu National Marine Park,"Outside is ""reserve"" with little bit of protection",1,0,0,0,0,No,Lethrinus miniatus,0,
1525,Southeast Monsoon,Catch,Individual species,Lethrinidae,Lethrinus,miniatus,NA,Catch per unit effort (CPUE),Standard error,NTZ,Watamu National Marine Park,"Outside is ""reserve"" with little bit of protection",2,200,0,0,0,No,Lethrinus miniatus,200,
1525,Southeast Monsoon,Catch,Individual species,Lethrinidae,Lethrinus,miniatus,NA,Catch per unit effort (CPUE),Standard error,NTZ,Watamu National Marine Park,"Outside is ""reserve"" with little bit of protection",3,400,0,0,0,No,Lethrinus miniatus,400,
1525,Southeast Monsoon,Catch,Individual species,Lethrinidae,Lethrinus,miniatus,NA,Catch per unit effort (CPUE),Standard error,NTZ,Watamu National Marine Park,"Outside is ""reserve"" with little bit of protection",4,800,0,0,0,No,Lethrinus miniatus,800,
1525,Northeast Monsoon,Catch,Target species as a group,NA,NA,NA,Any other fish caught in trap,Catch per unit effort (CPUE),Standard error,NTZ,Watamu National Marine Park,"Outside is ""reserve"" with little bit of protection",1,-6000,6.33,2.7,2.7,Yes,NA,-6000,
1525,Northeast Monsoon,Catch,Target species as a group,NA,NA,NA,Any other fish caught in trap,Catch per unit effort (CPUE),Standard error,NTZ,Watamu National Marine Park,"Outside is ""reserve"" with little bit of protection",2,-3500,2.3,0.33,0.33,Yes,NA,-3500,
1525,Northeast Monsoon,Catch,Target species as a group,NA,NA,NA,Any other fish caught in trap,Catch per unit effort (CPUE),Standard error,NTZ,Watamu National Marine Park,"Outside is ""reserve"" with little bit of protection",3,-2200,3.64,0.81,0.81,Yes,NA,-2200,
1525,Northeast Monsoon,Catch,Target species as a group,NA,NA,NA,Any other fish caught in trap,Catch per unit effort (CPUE),Standard error,NTZ,Watamu National Marine Park,"Outside is ""reserve"" with little bit of protection",4,-600,3.04,1.07,1.07,Yes,NA,-600,
1525,Northeast Monsoon,Catch,Target species as a group,NA,NA,NA,Any other fish caught in trap,Catch per unit effort (CPUE),Standard error,NTZ,Watamu National Marine Park,"Outside is ""reserve"" with little bit of protection",5,-200,4.87,1.07,1.07,Yes,NA,-200,
1525,Northeast Monsoon,Catch,Target species as a group,NA,NA,NA,All other fish caught in trap,Catch per unit effort (CPUE),Standard error,NTZ,Watamu National Marine Park,"Outside is ""reserve"" with little bit of protection",1,0,2.46,0.5,0.5,Yes,NA,0,
1525,Northeast Monsoon,Catch,Target species as a group,NA,NA,NA,All other fish caught in trap,Catch per unit effort (CPUE),Standard error,NTZ,Watamu National Marine Park,"Outside is ""reserve"" with little bit of protection",2,200,0.83,0.27,0.27,Yes,NA,200,
1525,Northeast Monsoon,Catch,Target species as a group,NA,NA,NA,All other fish caught in trap,Catch per unit effort (CPUE),Standard error,NTZ,Watamu National Marine Park,"Outside is ""reserve"" with little bit of protection",3,400,2.44,1.08,1.08,Yes,NA,400,
1525,Northeast Monsoon,Catch,Target species as a group,NA,NA,NA,All other fish caught in trap,Catch per unit effort (CPUE),Standard error,NTZ,Watamu National Marine Park,"Outside is ""reserve"" with little bit of protection",4,800,1.01,0.43,0.43,Yes,NA,800,
1525,Northeast Monsoon,Catch,Target species as a group,NA,NA,NA,All other fish caught in trap,Catch per unit effort (CPUE),Standard error,NTZ,Watamu National Marine Park,"Outside is ""reserve"" with little bit of protection",5,1600,0.62,0.45,0.45,Yes,NA,1600,
1525,Southeast Monsoon,Catch,Target species as a group,NA,NA,NA,Any other fish caught in trap,Catch per unit effort (CPUE),Standard error,NTZ,Watamu National Marine Park,"Outside is ""reserve"" with little bit of protection",1,-6000,0.41,0.28,0.28,No,NA,-6000,
1525,Southeast Monsoon,Catch,Target species as a group,NA,NA,NA,Any other fish caught in trap,Catch per unit effort (CPUE),Standard error,NTZ,Watamu National Marine Park,"Outside is ""reserve"" with little bit of protection",2,-3500,0.83,0.3,0.3,No,NA,-3500,
1525,Southeast Monsoon,Catch,Target species as a group,NA,NA,NA,Any other fish caught in trap,Catch per unit effort (CPUE),Standard error,NTZ,Watamu National Marine Park,"Outside is ""reserve"" with little bit of protection",3,-2200,2.52,1.07,1.07,No,NA,-2200,
1525,Southeast Monsoon,Catch,Target species as a group,NA,NA,NA,Any other fish caught in trap,Catch per unit effort (CPUE),Standard error,NTZ,Watamu National Marine Park,"Outside is ""reserve"" with little bit of protection",4,-600,1.52,0.66,0.66,No,NA,-600,
1525,Southeast Monsoon,Catch,Target species as a group,NA,NA,NA,Any other fish caught in trap,Catch per unit effort (CPUE),Standard error,NTZ,Watamu National Marine Park,"Outside is ""reserve"" with little bit of protection",5,-200,1.86,0.52,0.52,No,NA,-200,
1525,Southeast Monsoon,Catch,Target species as a group,NA,NA,NA,Any other fish caught in trap,Catch per unit effort (CPUE),Standard error,NTZ,Watamu National Marine Park,"Outside is ""reserve"" with little bit of protection",1,0,0.61,0.23,0.23,No,NA,0,
1525,Southeast Monsoon,Catch,Target species as a group,NA,NA,NA,Any other fish caught in trap,Catch per unit effort (CPUE),Standard error,NTZ,Watamu National Marine Park,"Outside is ""reserve"" with little bit of protection",2,200,0.58,0.25,0.25,No,NA,200,
1525,Southeast Monsoon,Catch,Target species as a group,NA,NA,NA,Any other fish caught in trap,Catch per unit effort (CPUE),Standard error,NTZ,Watamu National Marine Park,"Outside is ""reserve"" with little bit of protection",3,400,0,0,0,No,NA,400,
1525,Southeast Monsoon,Catch,Target species as a group,NA,NA,NA,Any other fish caught in trap,Catch per unit effort (CPUE),Standard error,NTZ,Watamu National Marine Park,"Outside is ""reserve"" with little bit of protection",4,800,0.22,0.31,0.31,No,NA,800,
1525,Southeast Monsoon,Catch,Target species as a group,NA,NA,NA,Any other fish caught in trap,Catch per unit effort (CPUE),Standard error,NTZ,Watamu National Marine Park,"Outside is ""reserve"" with little bit of protection",5,1600,0.53,0.5,0.5,No,NA,1600,
1525,Northeast Monsoon,Catch,Target species as a group,NA,NA,NA,All species caught in trap,Catch per unit effort (CPUE),Standard error,NTZ,Watamu National Marine Park,"Outside is ""reserve"" with little bit of protection",1,-6000,9.59,2.27,2.27,Yes,NA,-6000,
1525,Northeast Monsoon,Catch,Target species as a group,NA,NA,NA,All species caught in trap,Catch per unit effort (CPUE),Standard error,NTZ,Watamu National Marine Park,"Outside is ""reserve"" with little bit of protection",2,-3500,7.32,1.14,1.15,Yes,NA,-3500,
1525,Northeast Monsoon,Catch,Target species as a group,NA,NA,NA,All species caught in trap,Catch per unit effort (CPUE),Standard error,NTZ,Watamu National Marine Park,"Outside is ""reserve"" with little bit of protection",3,-2200,9.41,1.4,1.4,Yes,NA,-2200,
1525,Northeast Monsoon,Catch,Target species as a group,NA,NA,NA,All species caught in trap,Catch per unit effort (CPUE),Standard error,NTZ,Watamu National Marine Park,"Outside is ""reserve"" with little bit of protection",4,-600,7.5,2.34,2.34,Yes,NA,-600,
1525,Northeast Monsoon,Catch,Target species as a group,NA,NA,NA,All species caught in trap,Catch per unit effort (CPUE),Standard error,NTZ,Watamu National Marine Park,"Outside is ""reserve"" with little bit of protection",5,-200,6.77,1.85,1.85,Yes,NA,-200,
1525,Northeast Monsoon,Catch,Target species as a group,NA,NA,NA,All species caught in trap,Catch per unit effort (CPUE),Standard error,NTZ,Watamu National Marine Park,"Outside is ""reserve"" with little bit of protection",1,0,8.11,1.8,1.8,Yes,NA,0,
1525,Northeast Monsoon,Catch,Target species as a group,NA,NA,NA,All species caught in trap,Catch per unit effort (CPUE),Standard error,NTZ,Watamu National Marine Park,"Outside is ""reserve"" with little bit of protection",2,200,1.38,0.44,0.44,Yes,NA,200,
1525,Northeast Monsoon,Catch,Target species as a group,NA,NA,NA,All species caught in trap,Catch per unit effort (CPUE),Standard error,NTZ,Watamu National Marine Park,"Outside is ""reserve"" with little bit of protection",3,400,3.8,0.95,0.95,Yes,NA,400,
1525,Northeast Monsoon,Catch,Target species as a group,NA,NA,NA,All species caught in trap,Catch per unit effort (CPUE),Standard error,NTZ,Watamu National Marine Park,"Outside is ""reserve"" with little bit of protection",4,800,4.88,1.92,1.92,Yes,NA,800,
1525,Northeast Monsoon,Catch,Target species as a group,NA,NA,NA,All species caught in trap,Catch per unit effort (CPUE),Standard error,NTZ,Watamu National Marine Park,"Outside is ""reserve"" with little bit of protection",5,1600,1,0.4,0.4,Yes,NA,1600,
1525,Southeast Monsoon,Catch,Target species as a group,NA,NA,NA,All fish species caught in trap,Catch per unit effort (CPUE),Standard error,NTZ,Watamu National Marine Park,"Outside is ""reserve"" with little bit of protection",1,-6000,6.37,0.53,0.53,Yes,NA,-6000,
1525,Southeast Monsoon,Catch,Target species as a group,NA,NA,NA,All fish species caught in trap,Catch per unit effort (CPUE),Standard error,NTZ,Watamu National Marine Park,"Outside is ""reserve"" with little bit of protection",2,-3500,5.36,0.43,0.43,Yes,NA,-3500,
1525,Southeast Monsoon,Catch,Target species as a group,NA,NA,NA,All fish species caught in trap,Catch per unit effort (CPUE),Standard error,NTZ,Watamu National Marine Park,"Outside is ""reserve"" with little bit of protection",3,-2200,4.94,0.73,0.73,Yes,NA,-2200,
1525,Southeast Monsoon,Catch,Target species as a group,NA,NA,NA,All fish species caught in trap,Catch per unit effort (CPUE),Standard error,NTZ,Watamu National Marine Park,"Outside is ""reserve"" with little bit of protection",4,-600,2.59,0.44,0.44,Yes,NA,-600,
1525,Southeast Monsoon,Catch,Target species as a group,NA,NA,NA,All fish species caught in trap,Catch per unit effort (CPUE),Standard error,NTZ,Watamu National Marine Park,"Outside is ""reserve"" with little bit of protection",5,-200,4.04,0.44,0.44,Yes,NA,-200,
1525,Southeast Monsoon,Catch,Target species as a group,NA,NA,NA,All fish caught in trap,Catch per unit effort (CPUE),Standard error,NTZ,Watamu National Marine Park,"Outside is ""reserve"" with little bit of protection",1,0,4.04,0.38,0.38,Yes,NA,0,
1525,Southeast Monsoon,Catch,Target species as a group,NA,NA,NA,All fish caught in trap,Catch per unit effort (CPUE),Standard error,NTZ,Watamu National Marine Park,"Outside is ""reserve"" with little bit of protection",2,200,0.8,0.3,0.3,Yes,NA,200,
1525,Southeast Monsoon,Catch,Target species as a group,NA,NA,NA,All fish caught in trap,Catch per unit effort (CPUE),Standard error,NTZ,Watamu National Marine Park,"Outside is ""reserve"" with little bit of protection",3,400,0.25,0.39,0.39,Yes,NA,400,
1525,Southeast Monsoon,Catch,Target species as a group,NA,NA,NA,All fish caught in trap,Catch per unit effort (CPUE),Standard error,NTZ,Watamu National Marine Park,"Outside is ""reserve"" with little bit of protection",4,800,0.23,0.38,0.38,Yes,NA,800,
1525,Southeast Monsoon,Catch,Target species as a group,NA,NA,NA,All fish caught in trap,Catch per unit effort (CPUE),Standard error,NTZ,Watamu National Marine Park,"Outside is ""reserve"" with little bit of protection",5,1600,0.22,0.5,0.5,Yes,NA,1600,
1525,Northeast Monsoon,Catch,Individual species,Lethrinidae,Lethrinus,mahsena,NA,Catch per unit effort (CPUE),Standard error,NTZ,Malinidi National Marine Park,"Outside is ""reserve"" with little bit of protection",1,-1500,1.78,1.49,1.49,Yes,Lethrinus mahsena,-1500,
1525,Northeast Monsoon,Catch,Individual species,Lethrinidae,Lethrinus,mahsena,NA,Catch per unit effort (CPUE),Standard error,NTZ,Malinidi National Marine Park,"Outside is ""reserve"" with little bit of protection",2,-1000,6.78,0.64,1.64,Yes,Lethrinus mahsena,-1000,
1525,Northeast Monsoon,Catch,Individual species,Lethrinidae,Lethrinus,mahsena,NA,Catch per unit effort (CPUE),Standard error,NTZ,Malinidi National Marine Park,"Outside is ""reserve"" with little bit of protection",3,-400,2.21,0.71,0.71,Yes,Lethrinus mahsena,-400,
1525,Northeast Monsoon,Catch,Individual species,Lethrinidae,Lethrinus,mahsena,NA,Catch per unit effort (CPUE),Standard error,NTZ,Malinidi National Marine Park,"Outside is ""reserve"" with little bit of protection",4,-80,1.05,0.43,0.43,Yes,Lethrinus mahsena,-80,
1525,Northeast Monsoon,Catch,Individual species,Lethrinidae,Lethrinus,mahsena,NA,Catch per unit effort (CPUE),Standard error,NTZ,Malinidi National Marine Park,"Outside is ""reserve"" with little bit of protection",5,0,0.23,0.33,0.33,Yes,Lethrinus mahsena,0,
1525,Northeast Monsoon,Catch,Individual species,Lethrinidae,Lethrinus,mahsena,NA,Catch per unit effort (CPUE),Standard error,NTZ,Malindi National Marine Park,"Outside is ""reserve"" with little bit of protection",1,322,0.06,0.29,0.29,Yes,Lethrinus mahsena,322,
1525,Northeast Monsoon,Catch,Individual species,Lethrinidae,Lethrinus,mahsena,NA,Catch per unit effort (CPUE),Standard error,NTZ,Malindi National Marine Park,"Outside is ""reserve"" with little bit of protection",2,700,0,0,0,Yes,Lethrinus mahsena,700,
1525,Northeast Monsoon,Catch,Individual species,Lethrinidae,Lethrinus,mahsena,NA,Catch per unit effort (CPUE),Standard error,NTZ,Malindi National Marine Park,"Outside is ""reserve"" with little bit of protection",3,1500,0,0,0,Yes,Lethrinus mahsena,1500,
1525,Northeast Monsoon,Catch,Individual species,Lethrinidae,Lethrinus,mahsena,NA,Catch per unit effort (CPUE),Standard error,NTZ,Malindi National Marine Park,"Outside is ""reserve"" with little bit of protection",4,3100,0,0,0,Yes,Lethrinus mahsena,3100,
1525,Northeast Monsoon,Catch,Individual species,Labridae,Leptoscarus,vaigensis,NA,Catch per unit effort (CPUE),Standard error,NTZ,Malindi National Marine Park,"Outside is ""reserve"" with little bit of protection",1,-1500,0.45,0.16,0.16,No,Leptoscarus vaigensis,-1500,
1525,Northeast Monsoon,Catch,Individual species,Labridae,Leptoscarus,vaigensis,NA,Catch per unit effort (CPUE),Standard error,NTZ,Malindi National Marine Park,"Outside is ""reserve"" with little bit of protection",2,-1000,0,0,0,No,Leptoscarus vaigensis,-1000,
1525,Northeast Monsoon,Catch,Individual species,Labridae,Leptoscarus,vaigensis,NA,Catch per unit effort (CPUE),Standard error,NTZ,Malindi National Marine Park,"Outside is ""reserve"" with little bit of protection",3,-500,0.8,0.31,0.31,No,Leptoscarus vaigensis,-500,
1525,Northeast Monsoon,Catch,Individual species,Labridae,Leptoscarus,vaigensis,NA,Catch per unit effort (CPUE),Standard error,NTZ,Malindi National Marine Park,"Outside is ""reserve"" with little bit of protection",4,-100,1.01,0.24,0.24,No,Leptoscarus vaigensis,-100,
1525,Northeast Monsoon,Catch,Individual species,Labridae,Leptoscarus,vaigensis,NA,Catch per unit effort (CPUE),Standard error,NTZ,Malindi National Marine Park,"Outside is ""reserve"" with little bit of protection",5,0,0.43,0.11,0.11,No,Leptoscarus vaigensis,0,
1525,Northeast Monsoon,Catch,Individual species,Labridae,Leptoscarus,vaigensis,NA,Catch per unit effort (CPUE),Standard error,NTZ,Malindi National Marine Park,"Outside is ""reserve"" with little bit of protection",1,300,1.76,0.62,0.62,No,Leptoscarus vaigensis,300,
1525,Northeast Monsoon,Catch,Individual species,Labridae,Leptoscarus,vaigensis,NA,Catch per unit effort (CPUE),Standard error,NTZ,Malindi National Marine Park,"Outside is ""reserve"" with little bit of protection",2,700,0.82,0.28,0.82,No,Leptoscarus vaigensis,700,
1525,Northeast Monsoon,Catch,Individual species,Labridae,Leptoscarus,vaigensis,NA,Catch per unit effort (CPUE),Standard error,NTZ,Malindi National Marine Park,"Outside is ""reserve"" with little bit of protection",3,1500,0,0,0,No,Leptoscarus vaigensis,1500,
1525,Northeast Monsoon,Catch,Individual species,Labridae,Leptoscarus,vaigensis,NA,Catch per unit effort (CPUE),Standard error,NTZ,Malindi National Marine Park,"Outside is ""reserve"" with little bit of protection",4,3100,0,0,0,No,Leptoscarus vaigensis,3100,
1525,Southeast Monsoon,Catch,Individual species,Labridae,Leptoscarus,vaigensis,NA,Catch per unit effort (CPUE),Standard error,NTZ,Malindi National Marine Park,"Outside is ""reserve"" with little bit of protection",1,-500,0.74,0.09,0.09,No,Leptoscarus vaigensis,-500,
1525,Southeast Monsoon,Catch,Individual species,Labridae,Leptoscarus,vaigensis,NA,Catch per unit effort (CPUE),Standard error,NTZ,Malindi National Marine Park,"Outside is ""reserve"" with little bit of protection",2,-100,0.75,0.24,0.24,No,Leptoscarus vaigensis,-100,
1525,Southeast Monsoon,Catch,Individual species,Labridae,Leptoscarus,vaigensis,NA,Catch per unit effort (CPUE),Standard error,NTZ,Malindi National Marine Park,"Outside is ""reserve"" with little bit of protection",3,0,1.15,0.43,0.43,No,Leptoscarus vaigensis,0,
1525,Southeast Monsoon,Catch,Individual species,Labridae,Leptoscarus,vaigensis,NA,Catch per unit effort (CPUE),Standard error,NTZ,Malindi National Marine Park,"Outside is ""reserve"" with little bit of protection",4,300,0.54,0.23,0.23,No,Leptoscarus vaigensis,300,
1525,Southeast Monsoon,Catch,Individual species,Labridae,Leptoscarus,vaigensis,NA,Catch per unit effort (CPUE),Standard error,NTZ,Malindi National Marine Park,"Outside is ""reserve"" with little bit of protection",5,700,1,0.69,0.69,No,Leptoscarus vaigensis,700,
1525,Southeast Monsoon,Catch,Individual species,Labridae,Leptoscarus,vaigensis,NA,Catch per unit effort (CPUE),Standard error,NTZ,Malindi National Marine Park,"Outside is ""reserve"" with little bit of protection",1,1500,0.32,0.13,0.13,No,Leptoscarus vaigensis,1500,
1525,Southeast Monsoon,Catch,Individual species,Labridae,Leptoscarus,vaigensis,NA,Catch per unit effort (CPUE),Standard error,NTZ,Malindi National Marine Park,"Outside is ""reserve"" with little bit of protection",2,3000,0.32,0.11,0.11,No,Leptoscarus vaigensis,3000,
1525,Northeast Monsoon,Catch,Individual species,Haemulidae,Plectorhinchus,flavomaculatus,NA,Catch per unit effort (CPUE),Standard error,NTZ,Malindi National Marine Park,"Outside is ""reserve"" with little bit of protection",1,-1500,2.26,0.25,0.25,No,Plectorhinchus flavomaculatus,-1500,
1525,Northeast Monsoon,Catch,Individual species,Haemulidae,Plectorhinchus,flavomaculatus,NA,Catch per unit effort (CPUE),Standard error,NTZ,Malindi National Marine Park,"Outside is ""reserve"" with little bit of protection",2,-500,0.32,0.09,0.09,No,Plectorhinchus flavomaculatus,-500,
1525,Northeast Monsoon,Catch,Individual species,Haemulidae,Plectorhinchus,flavomaculatus,NA,Catch per unit effort (CPUE),Standard error,NTZ,Malindi National Marine Park,"Outside is ""reserve"" with little bit of protection",3,-100,0.66,0.2,0.2,No,Plectorhinchus flavomaculatus,-100,
1525,Northeast Monsoon,Catch,Individual species,Haemulidae,Plectorhinchus,flavomaculatus,NA,Catch per unit effort (CPUE),Standard error,NTZ,Malindi National Marine Park,"Outside is ""reserve"" with little bit of protection",4,0,0.46,0.12,0.12,No,Plectorhinchus flavomaculatus,0,
1525,Northeast Monsoon,Catch,Individual species,Haemulidae,Plectorhinchus,flavomaculatus,NA,Catch per unit effort (CPUE),Standard error,NTZ,Malindi National Marine Park,"Outside is ""reserve"" with little bit of protection",5,300,0.58,0.21,0.21,No,Plectorhinchus flavomaculatus,300,
1525,Northeast Monsoon,Catch,Individual species,Haemulidae,Plectorhinchus,flavomaculatus,NA,Catch per unit effort (CPUE),Standard error,NTZ,Malindi National Marine Park,"Outside is ""reserve"" with little bit of protection",1,700,1.22,0.13,0.13,No,Plectorhinchus flavomaculatus,700,
1525,Northeast Monsoon,Catch,Individual species,Haemulidae,Plectorhinchus,flavomaculatus,NA,Catch per unit effort (CPUE),Standard error,NTZ,Malindi National Marine Park,"Outside is ""reserve"" with little bit of protection",2,1500,0,0,0,No,Plectorhinchus flavomaculatus,1500,
1525,Northeast Monsoon,Catch,Individual species,Haemulidae,Plectorhinchus,flavomaculatus,NA,Catch per unit effort (CPUE),Standard error,NTZ,Malindi National Marine Park,"Outside is ""reserve"" with little bit of protection",3,3100,0,0,0,No,Plectorhinchus flavomaculatus,3100,
1525,Northeast Monsoon,Catch,Individual species,Siganidae,Siganus,sutor,NA,Catch per unit effort (CPUE),Standard error,NTZ,Malindi. National Marine Park,"Outside is ""reserve"" with little bit of protection",1,-1500,3.48,1.06,1.06,Yes,Siganus sutor,-1500,
1525,Northeast Monsoon,Catch,Individual species,Siganidae,Siganus,sutor,NA,Catch per unit effort (CPUE),Standard error,NTZ,Malindi. National Marine Park,"Outside is ""reserve"" with little bit of protection",2,-1000,5.81,1.31,1.31,Yes,Siganus sutor,-1000,
1525,Northeast Monsoon,Catch,Individual species,Siganidae,Siganus,sutor,NA,Catch per unit effort (CPUE),Standard error,NTZ,Malindi. National Marine Park,"Outside is ""reserve"" with little bit of protection",3,-495,1.45,1.25,1.25,Yes,Siganus sutor,-495,
1525,Northeast Monsoon,Catch,Individual species,Siganidae,Siganus,sutor,NA,Catch per unit effort (CPUE),Standard error,NTZ,Malindi. National Marine Park,"Outside is ""reserve"" with little bit of protection",4,-80,2.39,0.79,0.79,Yes,Siganus sutor,-80,
1525,Northeast Monsoon,Catch,Individual species,Siganidae,Siganus,sutor,NA,Catch per unit effort (CPUE),Standard error,NTZ,Malindi. National Marine Park,"Outside is ""reserve"" with little bit of protection",5,0,2.58,0.71,0.71,Yes,Siganus sutor,0,
1525,Northeast Monsoon,Catch,Individual species,Siganidae,Siganus,sutor,NA,Catch per unit effort (CPUE),Standard error,NTZ,Malindi National Marine Park,"Outside is ""reserve"" with little bit of protection",1,300,1.52,0.89,0.89,Yes,Siganus sutor,300,
1525,Northeast Monsoon,Catch,Individual species,Siganidae,Siganus,sutor,NA,Catch per unit effort (CPUE),Standard error,NTZ,Malindi National Marine Park,"Outside is ""reserve"" with little bit of protection",2,700,1.76,0.66,0.66,Yes,Siganus sutor,700,
1525,Northeast Monsoon,Catch,Individual species,Siganidae,Siganus,sutor,NA,Catch per unit effort (CPUE),Standard error,NTZ,Malindi National Marine Park,"Outside is ""reserve"" with little bit of protection",3,1500,0.51,2.01,2.01,Yes,Siganus sutor,1500,
1525,Southeast Monsoon,Catch,Individual species,Siganidae,Siganus,sutor,NA,Catch per unit effort (CPUE),Standard error,NTZ,Malindi National Marine Park,"Outside is ""reserve"" with little bit of protection",1,-1100,16.15,0.58,0.58,Yes,Siganus sutor,-1100,
1525,Southeast Monsoon,Catch,Individual species,Siganidae,Siganus,sutor,NA,Catch per unit effort (CPUE),Standard error,NTZ,Malindi National Marine Park,"Outside is ""reserve"" with little bit of protection",2,-800,4.76,1.3,1.3,Yes,Siganus sutor,-800,
1525,Southeast Monsoon,Catch,Individual species,Siganidae,Siganus,sutor,NA,Catch per unit effort (CPUE),Standard error,NTZ,Malindi National Marine Park,"Outside is ""reserve"" with little bit of protection",3,-350,2.3,0.51,0.51,Yes,Siganus sutor,-350,
1525,Southeast Monsoon,Catch,Individual species,Siganidae,Siganus,sutor,NA,Catch per unit effort (CPUE),Standard error,NTZ,Malindi National Marine Park,"Outside is ""reserve"" with little bit of protection",4,-50,2.34,0.61,0.61,Yes,Siganus sutor,-50,
1525,Southeast Monsoon,Catch,Individual species,Siganidae,Siganus,sutor,NA,Catch per unit effort (CPUE),Standard error,NTZ,Malindi National Marine Park,"Outside is ""reserve"" with little bit of protection",5,0,1.29,0.41,0.41,Yes,Siganus sutor,0,
1525,Southeast Monsoon,Catch,Individual species,Siganidae,Siganus,sutor,NA,Catch per unit effort (CPUE),Standard error,NTZ,Malindi National Marine Park,"Outside is ""reserve"" with little bit of protection",1,300,2.93,1.13,1.13,Yes,Siganus sutor,300,
1525,Southeast Monsoon,Catch,Individual species,Siganidae,Siganus,sutor,NA,Catch per unit effort (CPUE),Standard error,NTZ,Malindi National Marine Park,"Outside is ""reserve"" with little bit of protection",2,600,1.36,0.49,0.49,Yes,Siganus sutor,600,
1525,Southeast Monsoon,Catch,Individual species,Siganidae,Siganus,sutor,NA,Catch per unit effort (CPUE),Standard error,NTZ,Malindi National Marine Park,"Outside is ""reserve"" with little bit of protection",3,1200,2.8,1.41,1.41,Yes,Siganus sutor,1200,
1525,Southeast Monsoon,Catch,Individual species,Siganidae,Siganus,sutor,NA,Catch per unit effort (CPUE),Standard error,NTZ,Malindi National Marine Park,"Outside is ""reserve"" with little bit of protection",4,2400,0.44,0.56,0.56,Yes,Siganus sutor,2400,
1525,Northeast Monsoon,Catch,Target species as a group,NA,NA,NA,All other species caught in trap,Catch per unit effort (CPUE),Standard error,NTZ,Malindi National Marine Park,"Outside is ""reserve"" with little bit of protection",1,-1500,2.25,0.36,0.36,No,NA,-1500,
1525,Northeast Monsoon,Catch,Target species as a group,NA,NA,NA,All other species caught in trap,Catch per unit effort (CPUE),Standard error,NTZ,Malindi National Marine Park,"Outside is ""reserve"" with little bit of protection",2,-1100,3,0.4,0.4,No,NA,-1100,
1525,Northeast Monsoon,Catch,Target species as a group,NA,NA,NA,All other species caught in trap,Catch per unit effort (CPUE),Standard error,NTZ,Malindi National Marine Park,"Outside is ""reserve"" with little bit of protection",3,-500,0.7,0.23,0.23,No,NA,-500,
1525,Northeast Monsoon,Catch,Target species as a group,NA,NA,NA,All other species caught in trap,Catch per unit effort (CPUE),Standard error,NTZ,Malindi National Marine Park,"Outside is ""reserve"" with little bit of protection",4,-100,1.17,0.29,0.29,No,NA,-100,
1525,Northeast Monsoon,Catch,Target species as a group,NA,NA,NA,All other species caught in trap,Catch per unit effort (CPUE),Standard error,NTZ,Malindi National Marine Park,"Outside is ""reserve"" with little bit of protection",5,0,0.95,0.27,0.27,No,NA,0,
1525,Northeast Monsoon,Catch,Target species as a group,NA,NA,NA,All other fish caught in trap,Catch per unit effort (CPUE),Standard error,NTZ,Malindi National Marine Park,"Outside is ""reserve"" with little bit of protection",1,300,1.87,0.76,0.76,No,NA,300,
1525,Northeast Monsoon,Catch,Target species as a group,NA,NA,NA,All other fish caught in trap,Catch per unit effort (CPUE),Standard error,NTZ,Malindi National Marine Park,"Outside is ""reserve"" with little bit of protection",2,700,2.74,0.51,0.51,No,NA,700,
1525,Northeast Monsoon,Catch,Target species as a group,NA,NA,NA,All other fish caught in trap,Catch per unit effort (CPUE),Standard error,NTZ,Malindi National Marine Park,"Outside is ""reserve"" with little bit of protection",3,1500,2.12,0.62,0.62,No,NA,1500,
1525,Northeast Monsoon,Catch,Target species as a group,NA,NA,NA,All other fish caught in trap,Catch per unit effort (CPUE),Standard error,NTZ,Malindi National Marine Park,"Outside is ""reserve"" with little bit of protection",4,3200,2.48,0.21,0.21,No,NA,3200,
1525,Southeast Monsoon,Catch,Target species as a group,NA,NA,NA,All other fish caught in trap,Catch per unit effort (CPUE),Standard error,NTZ,Malindi National Marine Park,"Outside is ""reserve"" with little bit of protection",1,-1500,1.98,0.12,0.12,No,NA,-1500,
1525,Southeast Monsoon,Catch,Target species as a group,NA,NA,NA,All other fish caught in trap,Catch per unit effort (CPUE),Standard error,NTZ,Malindi National Marine Park,"Outside is ""reserve"" with little bit of protection",2,-1100,1.26,0.26,0.26,No,NA,-1100,
1525,Southeast Monsoon,Catch,Target species as a group,NA,NA,NA,All other fish caught in trap,Catch per unit effort (CPUE),Standard error,NTZ,Malindi National Marine Park,"Outside is ""reserve"" with little bit of protection",3,-500,0.64,0.35,0.35,No,NA,-500,
1525,Southeast Monsoon,Catch,Target species as a group,NA,NA,NA,All other fish caught in trap,Catch per unit effort (CPUE),Standard error,NTZ,Malindi National Marine Park,"Outside is ""reserve"" with little bit of protection",4,-100,0.3,0.12,0.12,No,NA,-100,
1525,Southeast Monsoon,Catch,Target species as a group,NA,NA,NA,All other fish caught in trap,Catch per unit effort (CPUE),Standard error,NTZ,Malindi National Marine Park,"Outside is ""reserve"" with little bit of protection",5,0,0.58,0.11,0.11,No,NA,0,
1525,Southeast Monsoon,Catch,Target species as a group,NA,NA,NA,All other fish caught in trap,Catch per unit effort (CPUE),Standard error,NTZ,Malindi National Marine Park,"Outside is ""reserve"" with little bit of protection",1,300,0.56,0.2,0.2,No,NA,300,
1525,Southeast Monsoon,Catch,Target species as a group,NA,NA,NA,All other fish caught in trap,Catch per unit effort (CPUE),Standard error,NTZ,Malindi National Marine Park,"Outside is ""reserve"" with little bit of protection",2,700,1.18,0.22,0.22,No,NA,700,
1525,Southeast Monsoon,Catch,Target species as a group,NA,NA,NA,All other fish caught in trap,Catch per unit effort (CPUE),Standard error,NTZ,Malindi National Marine Park,"Outside is ""reserve"" with little bit of protection",3,1500,0.53,0.2,0.2,No,NA,1500,
1525,Southeast Monsoon,Catch,Target species as a group,NA,NA,NA,All other fish caught in trap,Catch per unit effort (CPUE),Standard error,NTZ,Malindi National Marine Park,"Outside is ""reserve"" with little bit of protection",4,3100,0.58,0.12,0.12,No,NA,3100,
1525,Northeast Monsoon,Catch,Target species as a group,NA,NA,NA,All fish caught in traps,Total catch on patch reef,Standard error,NTZ,Malindi National Marine Park,"Outside is ""reserve"" with little bit of protection",1,-1500,6.77,1.45,1.45,Yes,NA,-1500,
1525,Northeast Monsoon,Catch,Target species as a group,NA,NA,NA,All fish caught in traps,Total catch on patch reef,Standard error,NTZ,Malindi National Marine Park,"Outside is ""reserve"" with little bit of protection",2,-1100,15.29,2.27,2.27,Yes,NA,-1100,
1525,Northeast Monsoon,Catch,Target species as a group,NA,NA,NA,All fish caught in traps,Total catch on patch reef,Standard error,NTZ,Malindi National Marine Park,"Outside is ""reserve"" with little bit of protection",3,-500,4.6,1.02,10.2,Yes,NA,-500,
1525,Northeast Monsoon,Catch,Target species as a group,NA,NA,NA,All fish caught in traps,Total catch on patch reef,Standard error,NTZ,Malindi National Marine Park,"Outside is ""reserve"" with little bit of protection",4,-90,3.94,0.73,0.73,Yes,NA,-90,
1525,Northeast Monsoon,Catch,Target species as a group,NA,NA,NA,All fish caught in traps,Total catch on patch reef,Standard error,NTZ,Malindi National Marine Park,"Outside is ""reserve"" with little bit of protection",5,0,2.75,0.47,0.47,Yes,NA,0,
1525,Northeast Monsoon,Catch,Target species as a group,NA,NA,NA,All fish caught in trap,Total catch on patch reef,Standard error,NTZ,Malindi National Marine Park,"Outside is ""reserve"" with little bit of protection",1,300,4.2,1.09,10.09,Yes,NA,300,
1525,Northeast Monsoon,Catch,Target species as a group,NA,NA,NA,All fish caught in trap,Total catch on patch reef,Standard error,NTZ,Malindi National Marine Park,"Outside is ""reserve"" with little bit of protection",2,700,4.78,1.19,1.19,Yes,NA,700,
1525,Northeast Monsoon,Catch,Target species as a group,NA,NA,NA,All fish caught in trap,Total catch on patch reef,Standard error,NTZ,Malindi National Marine Park,"Outside is ""reserve"" with little bit of protection",3,1500,3.22,1.29,1.29,Yes,NA,1500,
1525,Northeast Monsoon,Catch,Target species as a group,NA,NA,NA,All fish caught in trap,Total catch on patch reef,Standard error,NTZ,Malindi National Marine Park,"Outside is ""reserve"" with little bit of protection",4,3100,2.47,1.3,1.3,Yes,NA,3100,
1525,Southeast Monsoon,Catch,Target species as a group,NA,NA,NA,All fish caught in traps,Total catch on patch reef,Standard error,NTZ,Malindi National Marine Park,"Outside is ""reserve"" with little bit of protection",1,-1500,17.95,0.59,0.59,Yes,NA,-1500,
1525,Southeast Monsoon,Catch,Target species as a group,NA,NA,NA,All fish caught in traps,Total catch on patch reef,Standard error,NTZ,Malindi National Marine Park,"Outside is ""reserve"" with little bit of protection",2,-1100,11.08,3.4,3.4,Yes,NA,-1100,
1525,Southeast Monsoon,Catch,Target species as a group,NA,NA,NA,All fish caught in traps,Total catch on patch reef,Standard error,NTZ,Malindi National Marine Park,"Outside is ""reserve"" with little bit of protection",3,-500,2.92,0.73,0.73,Yes,NA,-500,
1525,Southeast Monsoon,Catch,Target species as a group,NA,NA,NA,All fish caught in traps,Total catch on patch reef,Standard error,NTZ,Malindi National Marine Park,"Outside is ""reserve"" with little bit of protection",4,-90,2.83,0.61,0.61,Yes,NA,-90,
1525,Southeast Monsoon,Catch,Target species as a group,NA,NA,NA,All fish caught in traps,Total catch on patch reef,Standard error,NTZ,Malindi National Marine Park,"Outside is ""reserve"" with little bit of protection",5,0,1.84,0.49,0.49,Yes,NA,0,
1525,Southeast Monsoon,Catch,Target species as a group,NA,NA,NA,All fish caught in trap,Total catch on patch reef,Standard error,NTZ,Malindi National Marine Park,"Outside is ""reserve"" with little bit of protection",1,300,3.96,1.23,1.23,Yes,NA,300,
1525,Southeast Monsoon,Catch,Target species as a group,NA,NA,NA,All fish caught in trap,Total catch on patch reef,Standard error,NTZ,Malindi National Marine Park,"Outside is ""reserve"" with little bit of protection",2,700,1.99,0.67,0.67,Yes,NA,700,
1525,Southeast Monsoon,Catch,Target species as a group,NA,NA,NA,All fish caught in trap,Total catch on patch reef,Standard error,NTZ,Malindi National Marine Park,"Outside is ""reserve"" with little bit of protection",3,1500,4.22,0.6,0.6,Yes,NA,1500,
1525,Southeast Monsoon,Catch,Target species as a group,NA,NA,NA,All fish caught in trap,Total catch on patch reef,Standard error,NTZ,Malindi National Marine Park,"Outside is ""reserve"" with little bit of protection",4,3100,0.24,0.35,0.35,Yes,NA,3100,
1525,Northeast Monsoon,Catch,Target species as a group,NA,NA,NA,All fish caught in trap,Total catch on fringing reef,Standard error,NTZ,Malindi National Marine Park,"Outside is ""reserve"" with little bit of protection",1,-1500,8.32,5.13,5.13,No,NA,-1500,
1525,Northeast Monsoon,Catch,Target species as a group,NA,NA,NA,All fish caught in trap,Total catch on fringing reef,Standard error,NTZ,Malindi National Marine Park,"Outside is ""reserve"" with little bit of protection",2,-700,7.74,3.15,3.15,No,NA,-700,
1525,Northeast Monsoon,Catch,Target species as a group,NA,NA,NA,All fish caught in trap,Total catch on fringing reef,Standard error,NTZ,Malindi National Marine Park,"Outside is ""reserve"" with little bit of protection",3,0,12.02,0.64,0.64,No,NA,0,
1525,Northeast Monsoon,Catch,Target species as a group,NA,NA,NA,All fish caught in trap,Total catch on fringing reef,Standard error,NTZ,Malindi National Marine Park,"Outside is ""reserve"" with little bit of protection",4,300,9.54,1.04,1.04,No,NA,300,
1525,Northeast Monsoon,Catch,Target species as a group,NA,NA,NA,All fish caught in trap,Total catch on fringing reef,Standard error,NTZ,Malindi National Marine Park,"Outside is ""reserve"" with little bit of protection",5,1200,0.67,0.67,0.67,No,NA,1200,
1525,Northeast Monsoon,Catch,Target species as a group,NA,NA,NA,All fish caught in trap,Total catch on fringing reef,Standard error,NTZ,Malindi National Marine Park,"Outside is ""reserve"" with little bit of protection",1,2500,3.38,1.06,1.06,No,NA,2500,
1525,Northeast Monsoon,Catch,Target species as a group,NA,NA,NA,All fish caught in trap,Total catch on fringing reef,Standard error,NTZ,Malindi National Marine Park,"Outside is ""reserve"" with little bit of protection",2,5000,2.47,1.32,1.32,No,NA,5000,
1525,Southeast Monsoon,Catch,Target species as a group,NA,NA,NA,All fish caught in trap,Total catch on fringing reef,Standard error,NTZ,Malindi National Marine Park,"Outside is ""reserve"" with little bit of protection",1,-1000,9.97,1.93,1.93,Yes,NA,-1000,
1525,Southeast Monsoon,Catch,Target species as a group,NA,NA,NA,All fish caught in trap,Total catch on fringing reef,Standard error,NTZ,Malindi National Marine Park,"Outside is ""reserve"" with little bit of protection",2,-500,8.85,1.84,1.84,Yes,NA,-500,
1525,Southeast Monsoon,Catch,Target species as a group,NA,NA,NA,All fish caught in trap,Total catch on fringing reef,Standard error,NTZ,Malindi National Marine Park,"Outside is ""reserve"" with little bit of protection",3,0,2.28,0.64,0.64,Yes,NA,0,
1525,Southeast Monsoon,Catch,Target species as a group,NA,NA,NA,All fish caught in trap,Total catch on fringing reef,Standard error,NTZ,Malindi National Marine Park,"Outside is ""reserve"" with little bit of protection",4,200,1.33,0.67,0.67,Yes,NA,200,
1525,Southeast Monsoon,Catch,Target species as a group,NA,NA,NA,All fish caught in trap,Total catch on fringing reef,Standard error,NTZ,Malindi National Marine Park,"Outside is ""reserve"" with little bit of protection",5,800,0.51,0.54,0.54,Yes,NA,800,
1525,Southeast Monsoon,Catch,Target species as a group,NA,NA,NA,All fish caught in trap,Total catch on fringing reef,Standard error,NTZ,Malindi National Marine Park,"Outside is ""reserve"" with little bit of protection",1,1600,0.66,0.64,0.64,Yes,NA,1600,
1525,Southeast Monsoon,Catch,Target species as a group,NA,NA,NA,All fish caught in trap,Total catch on fringing reef,Standard error,NTZ,Malindi National Marine Park,"Outside is ""reserve"" with little bit of protection",2,3200,0.67,0.53,0.53,Yes,NA,3200,
1535,1983-1987,Transect count,Individual species,Acanthuridae,Naso,vlamingii,NA,Density,Standard error,NTZ,Apo Island Marine Reserve,Yes,1,200-300,3.27,1.39,1.39,No,Naso vlamingii,250,250
1535,1983-1987,Transect count,Individual species,Acanthuridae,Naso,vlamingii,NA,Density,Standard error,NTZ,Apo Island Marine Reserve,Yes,2,300-400,1.25,0.84,0.84,No,Naso vlamingii,350,250
1535,1983-1987,Transect count,Individual species,Acanthuridae,Naso,vlamingii,NA,Density,Standard error,NTZ,Apo Island Marine Reserve,Yes,3,400-500,0.32,0.26,0.26,No,Naso vlamingii,450,250
1535,1988-1992,Transect count,Individual species,Acanthuridae,Naso,vlamingii,NA,Density,Standard error,NTZ,Apo Island Marine Reserve,Yes,1,200-300,7.51,5.58,5.58,Yes,Naso vlamingii,250,250
1535,1988-1992,Transect count,Individual species,Acanthuridae,Naso,vlamingii,NA,Density,Standard error,NTZ,Apo Island Marine Reserve,Yes,2,300-400,0.22,0.36,0.36,Yes,Naso vlamingii,350,250
1535,1988-1992,Transect count,Individual species,Acanthuridae,Naso,vlamingii,NA,Density,Standard error,NTZ,Apo Island Marine Reserve,Yes,3,400-500,0.86,0.33,0.33,Yes,Naso vlamingii,450,250
1535,1993-1997,Transect count,Individual species,Acanthuridae,Naso,vlamingii,NA,Density,Standard error,NTZ,Apo Island Marine Reserve,Yes,1,200-300,10.4,4.1,4.1,Yes,Naso vlamingii,250,250
1535,1993-1997,Transect count,Individual species,Acanthuridae,Naso,vlamingii,NA,Density,Standard error,NTZ,Apo Island Marine Reserve,Yes,2,300-400,1.78,0.75,0.75,Yes,Naso vlamingii,350,250
1535,1993-1997,Transect count,Individual species,Acanthuridae,Naso,vlamingii,NA,Density,Standard error,NTZ,Apo Island Marine Reserve,Yes,3,400-500,1.37,0.79,0.79,Yes,Naso vlamingii,450,250
1535,1998-2003,Transect count,Individual species,Acanthuridae,Naso,vlamingii,NA,Density,Standard error,NTZ,Apo Island Marine Reserve,Yes,1,200-300,5.4,1.98,1.98,No,Naso vlamingii,250,250
1535,1998-2003,Transect count,Individual species,Acanthuridae,Naso,vlamingii,NA,Density,Standard error,NTZ,Apo Island Marine Reserve,Yes,2,300-400,2.62,0.52,0.52,No,Naso vlamingii,350,250
1535,1998-2003,Transect count,Individual species,Acanthuridae,Naso,vlamingii,NA,Density,Standard error,NTZ,Apo Island Marine Reserve,Yes,3,400-500,2.73,0.55,0.55,No,Naso vlamingii,450,250
1535,Experimental line fishing outside the reserve,Catch,Individual species,Acanthuridae,Naso,vlamingii,NA,Catch per unit effort (CPUE),Standard error,NTZ,Apo Island Marine Reserve,Yes,1,50-100,0.16,0.07,0.07,Yes,Naso vlamingii,75,250
1535,Experimental line fishing outside the reserve,Catch,Individual species,Acanthuridae,Naso,vlamingii,NA,Catch per unit effort (CPUE),Standard error,NTZ,Apo Island Marine Reserve,Yes,2,150-200,0.69,0.13,0.13,Yes,Naso vlamingii,175,250
1535,Experimental line fishing outside the reserve,Catch,Individual species,Acanthuridae,Naso,vlamingii,NA,Catch per unit effort (CPUE),Standard error,NTZ,Apo Island Marine Reserve,Yes,3,250-300,0.34,0.11,0.11,Yes,Naso vlamingii,275,250
1535,Experimental line fishing outside the reserve,Catch,Individual species,Acanthuridae,Naso,vlamingii,NA,Catch per unit effort (CPUE),Standard error,NTZ,Apo Island Marine Reserve,Yes,4,400,0,0,0,Yes,Naso vlamingii,400,250
1535,Experimental line fishing outside the reserve,Catch,Individual species,Acanthuridae,Naso,vlamingii,NA,Catch per unit effort (CPUE),Standard error,NTZ,Apo Island Marine Reserve,Yes,5,500,0,0,0,Yes,Naso vlamingii,500,250
1535,Experimental fishing outside the reserve,Catch,Individual species,Acanthuridae,Naso,vlamingii,NA,Fish size,Standard error,NTZ,Apo Island Marine Reserve,Yes,1,50-100,34.47,1.39,1.39,Yes,Naso vlamingii,75,250
1535,Experimental fishing outside the reserve,Catch,Individual species,Acanthuridae,Naso,vlamingii,NA,Fish size,Standard error,NTZ,Apo Island Marine Reserve,Yes,2,150-200,30.9,1.22,1.22,Yes,Naso vlamingii,175,250
1535,Experimental fishing outside the reserve,Catch,Individual species,Acanthuridae,Naso,vlamingii,NA,Fish size,Standard error,NTZ,Apo Island Marine Reserve,Yes,3,250-300,31.97,0.72,0.72,Yes,Naso vlamingii,275,250
1535,Experimental fishing outside the reserve,Catch,Individual species,Acanthuridae,Naso,vlamingii,NA,Fish size,Standard error,NTZ,Apo Island Marine Reserve,Yes,1,50-100,36.53,0.5,0.5,Yes,Naso vlamingii,75,250
1535,Experimental fishing outside the reserve,Catch,Individual species,Acanthuridae,Naso,vlamingii,NA,Fish size,Standard error,NTZ,Apo Island Marine Reserve,Yes,2,150-200,34.3,0.76,0.76,Yes,Naso vlamingii,175,250
1535,Experimental fishing outside the reserve,Catch,Individual species,Acanthuridae,Naso,vlamingii,NA,Fish size,Standard error,NTZ,Apo Island Marine Reserve,Yes,3,250-300,31.42,1.32,1.32,Yes,Naso vlamingii,275,250
1550,Dec-90,Transect count,Individual species,Palinuridae,Jasus,edwardsii,NA,Abundance,NA,NTZ,Tonga Island Marine Reserve,Yes,1,100,3.07,NA,NA,NA,Jasus edwardsii,100,
1550,Dec-90,Transect count,Individual species,Palinuridae,Jasus,edwardsii,NA,Abundance,NA,NTZ,Tonga Island Marine Reserve,Yes,2,300,5.05,NA,NA,NA,Jasus edwardsii,300,
1550,Dec-90,Transect count,Individual species,Palinuridae,Jasus,edwardsii,NA,Abundance,NA,NTZ,Tonga Island Marine Reserve,Yes,3,500,0,0,0,NA,Jasus edwardsii,500,
1550,Dec-90,Transect count,Individual species,Palinuridae,Jasus,edwardsii,NA,Abundance,NA,NTZ,Tonga Island Marine Reserve,Yes,4,700,1.07,NA,NA,NA,Jasus edwardsii,700,
1550,Dec-90,Transect count,Individual species,Palinuridae,Jasus,edwardsii,NA,Abundance,NA,NTZ,Tonga Island Marine Reserve,Yes,5,900,0,0,0,NA,Jasus edwardsii,900,
1550,Dec-99,Transect count,Individual species,Palinuridae,Jasus,edwardsii,NA,Abundance,NA,NTZ,Tonga Island Marine Reserve,Yes,1,1100,14.02,0,0,NA,Jasus edwardsii,1100,
1550,Mar-00,Transect count,Individual species,Palinuridae,Jasus,edwardsii,NA,Abundance,NA,NTZ,Tonga Island Marine Reserve,Yes,1,100,0,NA,NA,NA,Jasus edwardsii,100,
1550,Mar-00,Transect count,Individual species,Palinuridae,Jasus,edwardsii,NA,Abundance,NA,NTZ,Tonga Island Marine Reserve,Yes,2,300,1.05,NA,NA,NA,Jasus edwardsii,300,
1550,Mar-00,Transect count,Individual species,Palinuridae,Jasus,edwardsii,NA,Abundance,NA,NTZ,Tonga Island Marine Reserve,Yes,3,500,4.07,NA,NA,NA,Jasus edwardsii,500,
1550,Mar-00,Transect count,Individual species,Palinuridae,Jasus,edwardsii,NA,Abundance,NA,NTZ,Tonga Island Marine Reserve,Yes,4,700,19.1,NA,NA,NA,Jasus edwardsii,700,
1550,Mar-00,Transect count,Individual species,Palinuridae,Jasus,edwardsii,NA,Abundance,NA,NTZ,Tonga Island Marine Reserve,Yes,5,900,6.06,NA,NA,NA,Jasus edwardsii,900,
1550,Mar-00,Transect count,Individual species,Palinuridae,Jasus,edwardsii,NA,Abundance,NA,NTZ,Tonga Island Marine Reserve,Yes,1,1100,20.05,NA,NA,NA,Jasus edwardsii,1100,
1550,Axis didn't really line up with what the described so the distances are approximate,Catch,Individual species,Palinuridae,Jasus,edwardsii,NA,Catch per unit effort (CPUE),NA,NTZ,Tonga Island Marine Reserve,Catches were from the boundary in,1,-117,1,NA,NA,NA,Jasus edwardsii,-117,
1550,Axis didn't really line up with what the described so the distances are approximate,Catch,Individual species,Palinuridae,Jasus,edwardsii,NA,Catch per unit effort (CPUE),NA,NTZ,Tonga Island Marine Reserve,Catches were from the boundary in,2,-197,3,NA,NA,NA,Jasus edwardsii,-197,
1550,Axis didn't really line up with what the described so the distances are approximate,Catch,Individual species,Palinuridae,Jasus,edwardsii,NA,Catch per unit effort (CPUE),NA,NTZ,Tonga Island Marine Reserve,Catches were from the boundary in,3,-237,1,NA,NA,NA,Jasus edwardsii,-237,
1550,Axis didn't really line up with what the described so the distances are approximate,Catch,Individual species,Palinuridae,Jasus,edwardsii,NA,Catch per unit effort (CPUE),NA,NTZ,Tonga Island Marine Reserve,Catches were from the boundary in,4,-277,1,NA,NA,NA,Jasus edwardsii,-277,
1550,Axis didn't really line up with what the described so the distances are approximate,Catch,Individual species,Palinuridae,Jasus,edwardsii,NA,Catch per unit effort (CPUE),NA,NTZ,Tonga Island Marine Reserve,Catches were from the boundary in,5,-318,1,NA,NA,NA,Jasus edwardsii,-318,
1550,Axis didn't really line up with what the described so the distances are approximate,Catch,Individual species,Palinuridae,Jasus,edwardsii,NA,Catch per unit effort (CPUE),NA,NTZ,Tonga Island Marine Reserve,Catches were from boundary into the reserve,1,-483,3,NA,NA,NA,Jasus edwardsii,-483,
1550,Axis didn't really line up with what the described so the distances are approximate,Catch,Individual species,Palinuridae,Jasus,edwardsii,NA,Catch per unit effort (CPUE),NA,NTZ,Tonga Island Marine Reserve,Catches were from boundary into the reserve,2,-517,1,NA,NA,NA,Jasus edwardsii,-517,
1550,Axis didn't really line up with what the described so the distances are approximate,Catch,Individual species,Palinuridae,Jasus,edwardsii,NA,Catch per unit effort (CPUE),NA,NTZ,Tonga Island Marine Reserve,Catches were from boundary into the reserve,3,-558,2,NA,NA,NA,Jasus edwardsii,-558,
1550,Axis didn't really line up with what the described so the distances are approximate,Catch,Individual species,Palinuridae,Jasus,edwardsii,NA,Catch per unit effort (CPUE),NA,NTZ,Tonga Island Marine Reserve,Catches were from boundary into the reserve,4,-599,3,NA,NA,NA,Jasus edwardsii,-599,
1550,Axis didn't really line up with what the described so the distances are approximate,Catch,Individual species,Palinuridae,Jasus,edwardsii,NA,Catch per unit effort (CPUE),NA,NTZ,Tonga Island Marine Reserve,Catches were from boundary into the reserve,5,-638,1,NA,NA,NA,Jasus edwardsii,-638,
1550,Axis didn't really line up with what the described so the distances are approximate,Catch,Individual species,Palinuridae,Jasus,edwardsii,NA,Catch per unit effort (CPUE),NA,NTZ,Tonga Island Marine Reserve,Catches were from reserve boundary in,1,-678,2,NA,NA,NA,Jasus edwardsii,-678,
1550,Axis didn't really line up with what the described so the distances are approximate,Catch,Individual species,Palinuridae,Jasus,edwardsii,NA,Catch per unit effort (CPUE),NA,NTZ,Tonga Island Marine Reserve,Catches were from reserve boundary in,2,-719,2,NA,NA,NA,Jasus edwardsii,-719,
1550,Axis didn't really line up with what the described so the distances are approximate,Catch,Individual species,Palinuridae,Jasus,edwardsii,NA,Catch per unit effort (CPUE),NA,NTZ,Tonga Island Marine Reserve,Catches were from reserve boundary in,3,-758,4,NA,NA,NA,Jasus edwardsii,-758,
1550,Axis didn't really line up with what the described so the distances are approximate,Catch,Individual species,Palinuridae,Jasus,edwardsii,NA,Catch per unit effort (CPUE),NA,NTZ,Tonga Island Marine Reserve,Catches were from reserve boundary in,4,-799,2,NA,NA,NA,Jasus edwardsii,-799,
1550,Axis didn't really line up with what the described so the distances are approximate,Catch,Individual species,Palinuridae,Jasus,edwardsii,NA,Catch per unit effort (CPUE),NA,NTZ,Tonga Island Marine Reserve,Catches were from reserve boundary in,5,-879,5,NA,NA,NA,Jasus edwardsii,-879,
1552,Results are from joint modelling of UVCs and artisanal fishing using an exponential model,Transect count and catch,Genus group,Sparidae,Diplodus,spp.,NA,Abundance,NA,NTZ,Carry-le-Rouet Marine Reserve,Yes,1,-350,23.52,NA,NA,Yes,Diplodus spp.,-350,1000
1552,Results are from joint modelling of UVCs and artisanal fishing using an exponential model,Transect count and catch,Genus group,Sparidae,Diplodus,spp.,NA,Abundance,NA,NTZ,Carry-le-Rouet Marine Reserve,Yes,2,0,7.41,NA,NA,Yes,Diplodus spp.,0,1000
1552,Results are from joint modelling of UVCs and artisanal fishing using an exponential model,Transect count and catch,Genus group,Sparidae,Diplodus,spp.,NA,Abundance,NA,NTZ,Carry-le-Rouet Marine Reserve,Yes,3,500,3.74,NA,NA,Yes,Diplodus spp.,500,1000
1552,Results are from joint modelling of UVCs and artisanal fishing using an exponential model,Transect count and catch,Genus group,Sparidae,Diplodus,spp.,NA,Abundance,NA,NTZ,Carry-le-Rouet Marine Reserve,Yes,4,1000,3.09,NA,NA,Yes,Diplodus spp.,1000,1000
1552,Results are from joint modelling of UVCs and artisanal fishing using an exponential model,Transect count and catch,Genus group,Sparidae,Diplodus,spp.,NA,Abundance,NA,NTZ,Carry-le-Rouet Marine Reserve,Yes,5,1500,2.93,NA,NA,Yes,Diplodus spp.,1500,1000
1552,Results are from joint modelling of UVCs and artisanal fishing using an exponential model,Transect count and catch,Genus group,Sparidae,Diplodus,spp.,NA,Abundance,NA,NTZ,Carry-le-Rouet Marine Reserve,Yes,1,2000,2.73,NA,NA,Yes,Diplodus spp.,2000,1000
1552,Results are from joint modelling of UVCs and artisanal fishing using an exponential model,Transect count and catch,Genus group,Sparidae,Diplodus,spp.,NA,Abundance,NA,NTZ,Carry-le-Rouet Marine Reserve,Yes,2,2500,2.68,NA,NA,Yes,Diplodus spp.,2500,1000
1552,Results are from joint modelling of UVCs and artisanal fishing using an exponential model,Transect count and catch,Genus group,Sparidae,Diplodus,spp.,NA,Abundance,NA,NTZ,Carry-le-Rouet Marine Reserve,Yes,3,3000,2.69,NA,NA,Yes,Diplodus spp.,3000,1000
1605,Summer Posidonia oceanica ,Catch,Target species as a group,NA,NA,NA,NA,Catch (numbers or weight),Standard error,NTZ,Tabarca Marine Reserve,Buffer zone then transitional area then open,1,<500,2.39,0.15,0.15,Yes,NA,500,
1605,Summer Posidonia oceanica ,Catch,Target species as a group,NA,NA,NA,NA,Catch (numbers or weight),Standard error,NTZ,Tabarca Marine Reserve,Buffer zone then transitional area then open,2,500-1000,1.98,0.19,0.19,Yes,NA,750,
1605,Summer Posidonia oceanica ,Catch,Target species as a group,NA,NA,NA,NA,Catch (numbers or weight),Standard error,NTZ,Tabarca Marine Reserve,Buffer zone then transitional area then open,3,2000-3000,2.07,0.27,0.27,Yes,NA,2500,
1605,Winter Posidonia oceanica,Catch,Target species as a group,NA,NA,NA,NA,Catch (numbers or weight),Standard error,NTZ,Tabarca Marine Reserve,Buffer zone then transitional zone then open,1,<500,4.12,0.3,0.3,Yes,NA,500,
1605,Winter Posidonia oceanica,Catch,Target species as a group,NA,NA,NA,NA,Catch (numbers or weight),Standard error,NTZ,Tabarca Marine Reserve,Buffer zone then transitional zone then open,2,500-1000,3.22,0.32,0.32,Yes,NA,750,
1605,Winter Posidonia oceanica,Catch,Target species as a group,NA,NA,NA,NA,Catch (numbers or weight),Standard error,NTZ,Tabarca Marine Reserve,Buffer zone then transitional zone then open,3,2000-3000,2.86,0.3,0.3,Yes,NA,2500,
1605,Spring Posidonia oceanica,Catch,Target species as a group,NA,NA,NA,NA,Catch (numbers or weight),Standard error,NTZ,Tabarca Marine Reserve,Buffer zone then transitional zone then open,1,<500,0.2,0.19,0.19,Yes,NA,500,
1605,Spring Posidonia oceanica,Catch,Target species as a group,NA,NA,NA,NA,Catch (numbers or weight),Standard error,NTZ,Tabarca Marine Reserve,Buffer zone then transitional zone then open,2,500-1000,1.89,0.16,0.16,Yes,NA,750,
1605,Spring Posidonia oceanica,Catch,Target species as a group,NA,NA,NA,NA,Catch (numbers or weight),Standard error,NTZ,Tabarca Marine Reserve,Buffer zone then transitional zone then open,3,2000-3000,2.79,0.25,0.25,Yes,NA,2500,
1605,Summer Posidonia oceanica,Catch,Target species as a group,NA,NA,NA,NA,Catch (numbers or weight),Standard error,NTZ,Carry-le-Rouet Marine Reserve,Yes,1,<500,2.58,0.29,0.29,Yes,NA,500,
1605,Summer Posidonia oceanica,Catch,Target species as a group,NA,NA,NA,NA,Catch (numbers or weight),Standard error,NTZ,Carry-le-Rouet Marine Reserve,Yes,2,500-1000,0.97,0.15,0.15,Yes,NA,750,
1605,Summer Posidonia oceanica,Catch,Target species as a group,NA,NA,NA,NA,Catch (numbers or weight),Standard error,NTZ,Carry-le-Rouet Marine Reserve,Yes,3,2000-3000,1.58,0.21,0.21,Yes,NA,2500,
1605,Winter Posidonia oceanica,Catch,Target species as a group,NA,NA,NA,NA,Catch (numbers or weight),Standard error,NTZ,Carry-le-Rouet Marine Reserve,Yes,1,<500,1.93,0.27,0.27,No,NA,500,
1605,Winter Posidonia oceanica,Catch,Target species as a group,NA,NA,NA,NA,Catch (numbers or weight),Standard error,NTZ,Carry-le-Rouet Marine Reserve,Yes,2,500-1000,1.39,0.14,0.14,No,NA,750,
1605,Winter Posidonia oceanica,Catch,Target species as a group,NA,NA,NA,NA,Catch (numbers or weight),Standard error,NTZ,Carry-le-Rouet Marine Reserve,Yes,3,2000-3000,1.92,0.33,0.33,No,NA,2500,
1605,Spring Posidonia oceanica,Catch,Target species as a group,NA,NA,NA,NA,Catch (numbers or weight),Standard error,NTZ,Carry-le-Rouet Marine Reserve,Yes,1,<500,2.04,0.16,0.16,Yes,NA,500,
1605,Spring Posidonia oceanica,Catch,Target species as a group,NA,NA,NA,NA,Catch (numbers or weight),Standard error,NTZ,Carry-le-Rouet Marine Reserve,Yes,2,500-1000,1.29,0.22,0.22,Yes,NA,750,
1605,Spring Posidonia oceanica,Catch,Target species as a group,NA,NA,NA,NA,Catch (numbers or weight),Standard error,NTZ,Carry-le-Rouet Marine Reserve,Yes,3,2000-3000,1.32,0.13,0.13,Yes,NA,2500,
1605,Summer Sandy Bottoms,Catch,Target species as a group,NA,NA,NA,NA,Catch (numbers or weight),Standard error,NTZ,Tabarca Marine Reserve,Buffer zone then transitional zone then open,1,<500,1.4,0.24,0.24,No,NA,500,
1605,Summer Sandy Bottoms,Catch,Target species as a group,NA,NA,NA,NA,Catch (numbers or weight),Standard error,NTZ,Tabarca Marine Reserve,Buffer zone then transitional zone then open,2,500-1000,2,0.32,0.32,No,NA,750,
1605,Summer Sandy Bottoms,Catch,Target species as a group,NA,NA,NA,NA,Catch (numbers or weight),Standard error,NTZ,Tabarca Marine Reserve,Buffer zone then transitional zone then open,3,2000-3000,1.44,0.22,0.22,No,NA,2500,
1605,Winter Sandy bottoms,Catch,Target species as a group,NA,NA,NA,NA,Catch (numbers or weight),Standard error,NTZ,Tabarca Marine Reserve,Buffer zone then transitional zone then open,1,<500,0.82,0.1,0.1,No,NA,500,
1605,Winter Sandy bottoms,Catch,Target species as a group,NA,NA,NA,NA,Catch (numbers or weight),Standard error,NTZ,Tabarca Marine Reserve,Buffer zone then transitional zone then open,2,500-1000,2.15,0.33,0.33,No,NA,750,
1605,Winter Sandy bottoms,Catch,Target species as a group,NA,NA,NA,NA,Catch (numbers or weight),Standard error,NTZ,Tabarca Marine Reserve,Buffer zone then transitional zone then open,3,2000-3000,1.28,0.23,0.23,No,NA,2500,
1605,Spring Sandy bottoms,Catch,Target species as a group,NA,NA,NA,NA,Catch (numbers or weight),Standard error,NTZ,Tabarca Marine Reserve,Buffer zone then transitional zone then open,1,>500,1.06,0.18,0.18,No,NA,500,
1605,Spring Sandy bottoms,Catch,Target species as a group,NA,NA,NA,NA,Catch (numbers or weight),Standard error,NTZ,Tabarca Marine Reserve,Buffer zone then transitional zone then open,2,500-1000,1.38,0.13,0.13,No,NA,750,
1605,Spring Sandy bottoms,Catch,Target species as a group,NA,NA,NA,NA,Catch (numbers or weight),Standard error,NTZ,Tabarca Marine Reserve,Buffer zone then transitional zone then open,3,2000-3000,0.88,0.12,0.12,No,NA,2500,
1605,Winter Sandy bottoms,Catch,Target species as a group,NA,NA,NA,NA,Catch (numbers or weight),Standard error,NTZ,Cerbère-Banyuls Marine Reserve,Buffer zone then open,1,<500,0.49,0.11,0.11,No,NA,500,
1605,Winter Sandy bottoms,Catch,Target species as a group,NA,NA,NA,NA,Catch (numbers or weight),Standard error,NTZ,Cerbère-Banyuls Marine Reserve,Buffer zone then open,2,500-1000,0.65,0.11,0.11,No,NA,750,
1605,Winter Sandy bottoms,Catch,Target species as a group,NA,NA,NA,NA,Catch (numbers or weight),Standard error,NTZ,Cerbère-Banyuls Marine Reserve,Buffer zone then open,3,2000-3000,0.56,0.11,0.11,No,NA,2500,
1605,Spring Sandy bottoms,Catch,Target species as a group,NA,NA,NA,NA,Catch (numbers or weight),Standard error,NTZ,Cerbère-Banyuls Marine Reserve,Buffer zone then open,1,<500,1.11,0.21,0.21,No,NA,500,
1605,Spring Sandy bottoms,Catch,Target species as a group,NA,NA,NA,NA,Catch (numbers or weight),Standard error,NTZ,Cerbère-Banyuls Marine Reserve,Buffer zone then open,2,500-1000,0.52,0.11,0.11,No,NA,750,
1605,Spring Sandy bottoms,Catch,Target species as a group,NA,NA,NA,NA,Catch (numbers or weight),Standard error,NTZ,Cerbère-Banyuls Marine Reserve,Buffer zone then open,3,2000-3000,1.6,0.33,0.33,No,NA,2500,
1605,Summer Posidonia oceanica,Catch,Individual species,Scorpaenidae,Scorpaena,porcus,NA,Catch (numbers or weight),Standard error,NTZ,Tabarca Marine Reserve,Buffer zone then transitional zone then open,1,<500,32.19,32.19,32.19,Yes,Scorpaena porcus,500,
1605,Summer Posidonia oceanica,Catch,Individual species,Scorpaenidae,Scorpaena,porcus,NA,Catch (numbers or weight),Standard error,NTZ,Tabarca Marine Reserve,Buffer zone then transitional zone then open,2,500-1000,234.04,34.58,34.58,Yes,Scorpaena porcus,750,
1605,Summer Posidonia oceanica,Catch,Individual species,Scorpaenidae,Scorpaena,porcus,NA,Catch (numbers or weight),Standard error,NTZ,Tabarca Marine Reserve,Buffer zone then transitional zone then open,3,2000-3000,155.95,31.69,31.69,Yes,Scorpaena porcus,2500,
1605,Posidonia oceanica Winter,Catch,Target species as a group,Scorpaenidae,Scorpaena,porcus,NA,Catch (numbers or weight),Standard error,NTZ,Tabarca Marine Reserve,Buffer zone then transitional zone then open,1,<500,727.15,77.16,77.16,Yes,Scorpaena porcus,500,
1605,Posidonia oceanica Winter,Catch,Target species as a group,Scorpaenidae,Scorpaena,porcus,NA,Catch (numbers or weight),Standard error,NTZ,Tabarca Marine Reserve,Buffer zone then transitional zone then open,2,500-1000,670.36,111.76,111.76,Yes,Scorpaena porcus,750,
1605,Posidonia oceanica Winter,Catch,Target species as a group,Scorpaenidae,Scorpaena,porcus,NA,Catch (numbers or weight),Standard error,NTZ,Tabarca Marine Reserve,Buffer zone then transitional zone then open,3,2000-3000,266.21,38.23,38.23,Yes,Scorpaena porcus,2500,
1605,Posidonia oceanica Spring,Catch,Individual species,Scorpaenidae,Scorpaena,porcus,NA,Catch (numbers or weight),Standard error,NTZ,Tabarca Marine Reserve,Buffer zone then transitional zone then open,1,<500,377.12,57.4,57.4,Yes,Scorpaena porcus,500,
1605,Posidonia oceanica Spring,Catch,Individual species,Scorpaenidae,Scorpaena,porcus,NA,Catch (numbers or weight),Standard error,NTZ,Tabarca Marine Reserve,Buffer zone then transitional zone then open,2,500-1000,320.46,39.42,39.42,Yes,Scorpaena porcus,750,
1605,Posidonia oceanica Spring,Catch,Individual species,Scorpaenidae,Scorpaena,porcus,NA,Catch (numbers or weight),Standard error,NTZ,Tabarca Marine Reserve,Buffer zone then transitional zone then open,3,2000-3000,174.85,30.79,30.79,Yes,Scorpaena porcus,2500,
1605,Posidonia oceanica Summer,Catch,Individual species,Scorpaenidae,Scorpaena,porcus,NA,Catch (numbers or weight),Standard error,NTZ,Carry-le-Rouet Marine Reserve,Yes,1,<500,877.02,113.09,113.09,Yes,Scorpaena porcus,500,
1605,Posidonia oceanica Summer,Catch,Individual species,Scorpaenidae,Scorpaena,porcus,NA,Catch (numbers or weight),Standard error,NTZ,Carry-le-Rouet Marine Reserve,Yes,2,500-1000,350.93,55.41,55.41,Yes,Scorpaena porcus,750,
1605,Posidonia oceanica Summer,Catch,Individual species,Scorpaenidae,Scorpaena,porcus,NA,Catch (numbers or weight),Standard error,NTZ,Carry-le-Rouet Marine Reserve,Yes,3,2000-3000,274.55,46.56,46.56,Yes,Scorpaena porcus,2500,
1605,Posidonia oceanica Winter,Catch,Individual species,Scorpaenidae,Scorpaena,porcus,NA,Catch (numbers or weight),Standard error,NTZ,Carry-le-Rouet Marine Reserve,Yes,1,<500,157.59,42.68,42.68,No,Scorpaena porcus,500,
1605,Posidonia oceanica Winter,Catch,Individual species,Scorpaenidae,Scorpaena,porcus,NA,Catch (numbers or weight),Standard error,NTZ,Carry-le-Rouet Marine Reserve,Yes,2,500-1000,137.55,26.1,26.1,No,Scorpaena porcus,750,
1605,Posidonia oceanica Winter,Catch,Individual species,Scorpaenidae,Scorpaena,porcus,NA,Catch (numbers or weight),Standard error,NTZ,Carry-le-Rouet Marine Reserve,Yes,3,2000-3000,111.35,25.72,25.72,No,Scorpaena porcus,2500,
1605,Posidonia oceanica Spring,Catch,Individual species,Scorpaenidae,Scorpaena,porcus,NA,Catch (numbers or weight),Standard error,NTZ,Carry-le-Rouet Marine Reserve,Yes,1,<500,180.63,44.65,44.65,No,Scorpaena porcus,500,
1605,Posidonia oceanica Spring,Catch,Individual species,Scorpaenidae,Scorpaena,porcus,NA,Catch (numbers or weight),Standard error,NTZ,Carry-le-Rouet Marine Reserve,Yes,2,500-1000,209.71,61.53,61.53,No,Scorpaena porcus,750,
1605,Posidonia oceanica Spring,Catch,Individual species,Scorpaenidae,Scorpaena,porcus,NA,Catch (numbers or weight),Standard error,NTZ,Carry-le-Rouet Marine Reserve,Yes,3,2000-3000,122.38,25.82,25.82,No,Scorpaena porcus,2500,
1605,Posidonia oceanica Summer,Catch,Individual species,Labridae,Labrus,merula,NA,Catch (numbers or weight),Standard error,NTZ,Tabarca Marine Reserve,Buffer zone then transitional zone then open,1,<500,1033.46,94.49,94.49,Yes,Labrus merula,500,
1605,Posidonia oceanica Summer,Catch,Individual species,Labridae,Labrus,merula,NA,Catch (numbers or weight),Standard error,NTZ,Tabarca Marine Reserve,Buffer zone then transitional zone then open,2,500-1000,886.52,118.49,118.49,Yes,Labrus merula,750,
1605,Posidonia oceanica Summer,Catch,Individual species,Labridae,Labrus,merula,NA,Catch (numbers or weight),Standard error,NTZ,Tabarca Marine Reserve,Buffer zone then transitional zone then open,3,2000-3000,696.98,108.65,108.65,Yes,Labrus merula,2500,
1605,Posidonia oceanica Winter,Catch,Individual species,Labridae,Labrus,merula,NA,Catch (numbers or weight),Standard error,NTZ,Tabarca Marine Reserve,Buffer zone then transitional zone then open,1,<500,799.8,103.71,103.71,Yes,Labrus merula,500,
1605,Posidonia oceanica Winter,Catch,Individual species,Labridae,Labrus,merula,NA,Catch (numbers or weight),Standard error,NTZ,Tabarca Marine Reserve,Buffer zone then transitional zone then open,2,500-1000,431.95,83.46,83.46,Yes,Labrus merula,750,
1605,Posidonia oceanica Winter,Catch,Individual species,Labridae,Labrus,merula,NA,Catch (numbers or weight),Standard error,NTZ,Tabarca Marine Reserve,Buffer zone then transitional zone then open,3,2000-3000,355.74,87.37,87.37,Yes,Labrus merula,2500,
1605,Posidonia oceanica Spring,Catch,Individual species,Labridae,Labrus,merula,NA,Catch (numbers or weight),Standard error,NTZ,Tabarca Marine Reserve,Buffer zone then transitional zone then open,1,<500,699.98,105.68,105.68,Yes,Labrus merula,500,
1605,Posidonia oceanica Spring,Catch,Individual species,Labridae,Labrus,merula,NA,Catch (numbers or weight),Standard error,NTZ,Tabarca Marine Reserve,Buffer zone then transitional zone then open,2,500-1000,634.53,83.28,83.28,Yes,Labrus merula,750,
1605,Posidonia oceanica Spring,Catch,Individual species,Labridae,Labrus,merula,NA,Catch (numbers or weight),Standard error,NTZ,Tabarca Marine Reserve,Buffer zone then transitional zone then open,3,2000-3000,534.05,84.94,84.94,Yes,Labrus merula,2500,
1605,Posidonia oceanica Summer,Catch,Individual species,Labridae,Labrus,merula,NA,Catch (numbers or weight),Standard error,NTZ,Carry-le-Rouet Marine Reserve,Yes,1,<500,150.92,43.62,43.62,No,Labrus merula,500,
1605,Posidonia oceanica Summer,Catch,Individual species,Labridae,Labrus,merula,NA,Catch (numbers or weight),Standard error,NTZ,Carry-le-Rouet Marine Reserve,Yes,2,500-1000,26.49,14.27,14.27,No,Labrus merula,750,
1605,Posidonia oceanica Summer,Catch,Individual species,Labridae,Labrus,merula,NA,Catch (numbers or weight),Standard error,NTZ,Carry-le-Rouet Marine Reserve,Yes,3,2000-3000,36.93,19.81,19.81,No,Labrus merula,2500,
1605,Posidonia oceanica Winter,Catch,Individual species,Labridae,Labrus,merula,NA,Catch (numbers or weight),Standard error,NTZ,Carry-le-Rouet Marine Reserve,Yes,1,<500,258.68,58.11,58.11,No,Labrus merula,500,
1605,Posidonia oceanica Winter,Catch,Individual species,Labridae,Labrus,merula,NA,Catch (numbers or weight),Standard error,NTZ,Carry-le-Rouet Marine Reserve,Yes,2,500-1000,98.6,31.32,31.32,No,Labrus merula,750,
1605,Posidonia oceanica Winter,Catch,Individual species,Labridae,Labrus,merula,NA,Catch (numbers or weight),Standard error,NTZ,Carry-le-Rouet Marine Reserve,Yes,3,2000-3000,150.03,35.46,35.46,No,Labrus merula,2500,
1605,Posidonia oceanica Spring,Catch,Individual species,Labridae,Labrus,merula,NA,Catch (numbers or weight),Standard error,NTZ,Carry-le-Rouet Marine Reserve,Yes,1,<500,165.97,47.69,47.69,No,Labrus merula,500,
1605,Posidonia oceanica Spring,Catch,Individual species,Labridae,Labrus,merula,NA,Catch (numbers or weight),Standard error,NTZ,Carry-le-Rouet Marine Reserve,Yes,2,500-1000,25.72,13.09,13.09,No,Labrus merula,750,
1605,Posidonia oceanica Spring,Catch,Individual species,Labridae,Labrus,merula,NA,Catch (numbers or weight),Standard error,NTZ,Carry-le-Rouet Marine Reserve,Yes,3,2000-3000,71.29,27.4,27.4,No,Labrus merula,2500,
1605,Posidonia oceanica Summer,Catch,Target species as a group,Mullidae,Mullus,surmuletus,NA,Catch (numbers or weight),Standard error,NTZ,Tabarca Marine Reserve,Buffer zone then transitional zone then open,1,<500,14.66,11.84,11.84,No,Mullus surmuletus,500,
1605,Posidonia oceanica Summer,Catch,Target species as a group,Mullidae,Mullus,surmuletus,NA,Catch (numbers or weight),Standard error,NTZ,Tabarca Marine Reserve,Buffer zone then transitional zone then open,2,500-1000,16.98,9.48,9.48,No,Mullus surmuletus,750,
1605,Posidonia oceanica Summer,Catch,Target species as a group,Mullidae,Mullus,surmuletus,NA,Catch (numbers or weight),Standard error,NTZ,Tabarca Marine Reserve,Buffer zone then transitional zone then open,3,2000-3000,11.46,7.71,7.71,No,Mullus surmuletus,2500,
1605,Posidonia oceanica Winter,Catch,Individual species,Mullidae,Mullus,surmuletus,NA,Catch (numbers or weight),Standard error,NTZ,Tabarca Marine Reserve,Buffer zone then transitional zone then open,1,<500,178.51,40.63,40.63,Yes,Mullus surmuletus,500,
1605,Posidonia oceanica Winter,Catch,Individual species,Mullidae,Mullus,surmuletus,NA,Catch (numbers or weight),Standard error,NTZ,Tabarca Marine Reserve,Buffer zone then transitional zone then open,2,500-1000,69.55,26.03,26.03,Yes,Mullus surmuletus,750,
1605,Posidonia oceanica Winter,Catch,Individual species,Mullidae,Mullus,surmuletus,NA,Catch (numbers or weight),Standard error,NTZ,Tabarca Marine Reserve,Buffer zone then transitional zone then open,3,2000-3000,30.42,11.81,11.81,Yes,Mullus surmuletus,2500,
1605,Posidonia oceanica Spring,Catch,Individual species,Mullidae,Mullus,surmuletus,NA,Catch (numbers or weight),Standard error,NTZ,Tabarca Marine Reserve,Buffer zone then transitional zone then open,1,<500,47.79,19.7,19.7,No,Mullus surmuletus,500,
1605,Posidonia oceanica Spring,Catch,Individual species,Mullidae,Mullus,surmuletus,NA,Catch (numbers or weight),Standard error,NTZ,Tabarca Marine Reserve,Buffer zone then transitional zone then open,2,500-1000,51.09,21.12,21.12,No,Mullus surmuletus,750,
1605,Posidonia oceanica Spring,Catch,Individual species,Mullidae,Mullus,surmuletus,NA,Catch (numbers or weight),Standard error,NTZ,Tabarca Marine Reserve,Buffer zone then transitional zone then open,3,2000-3000,4.39,3.68,3.68,No,Mullus surmuletus,2500,
1605,Posidonia oceanica Summer,Catch,Individual species,Mullidae,Mullus,surmuletus,NA,Catch (numbers or weight),Standard error,NTZ,Carry-le-Rouet Marine Reserve,Yes,1,<500,0,0,0,No,Mullus surmuletus,500,
1605,Posidonia oceanica Summer,Catch,Individual species,Mullidae,Mullus,surmuletus,NA,Catch (numbers or weight),Standard error,NTZ,Carry-le-Rouet Marine Reserve,Yes,2,500-1000,0,0,0,No,Mullus surmuletus,750,
1605,Posidonia oceanica Summer,Catch,Individual species,Mullidae,Mullus,surmuletus,NA,Catch (numbers or weight),Standard error,NTZ,Carry-le-Rouet Marine Reserve,Yes,3,2000-3000,11.2,11.01,11.01,No,Mullus surmuletus,2500,
1605,Posidonia oceanica Winter,Catch,Individual species,Mullidae,Mullus,surmuletus,NA,Catch (numbers or weight),Standard error,NTZ,Carry-le-Rouet Marine Reserve,Yes,1,<500,48.12,18.47,18.47,No,Mullus surmuletus,500,
1605,Posidonia oceanica Winter,Catch,Individual species,Mullidae,Mullus,surmuletus,NA,Catch (numbers or weight),Standard error,NTZ,Carry-le-Rouet Marine Reserve,Yes,2,500-1000,36.21,15.52,15.52,No,Mullus surmuletus,750,
1605,Posidonia oceanica Winter,Catch,Individual species,Mullidae,Mullus,surmuletus,NA,Catch (numbers or weight),Standard error,NTZ,Carry-le-Rouet Marine Reserve,Yes,3,2000-3000,31.45,16.67,16.67,No,Mullus surmuletus,2500,
1605,Posidonia oceanica Spring,Catch,Individual species,Mullidae,Mullus,surmuletus,NA,Catch (numbers or weight),Standard error,NTZ,Carry-le-Rouet Marine Reserve,Yes,1,<500,35.52,19.18,19.18,No,Mullus surmuletus,500,
1605,Posidonia oceanica Spring,Catch,Individual species,Mullidae,Mullus,surmuletus,NA,Catch (numbers or weight),Standard error,NTZ,Carry-le-Rouet Marine Reserve,Yes,2,500-1000,0,0,0,No,Mullus surmuletus,750,
1605,Posidonia oceanica Spring,Catch,Individual species,Mullidae,Mullus,surmuletus,NA,Catch (numbers or weight),Standard error,NTZ,Carry-le-Rouet Marine Reserve,Yes,3,2000-30000,0,0,0,No,Mullus surmuletus,16000,
1605,Posidonia oceanica Summer,Catch,Individual species,Labridae,Symphodus,tinca,NA,Catch (numbers or weight),Standard error,NTZ,Tabarca Marine Reserve,Buffer zone then transitional zone then open,1,<500,171.05,77.94,77.94,No,Symphodus tinca,500,
1605,Posidonia oceanica Summer,Catch,Individual species,Labridae,Symphodus,tinca,NA,Catch (numbers or weight),Standard error,NTZ,Tabarca Marine Reserve,Buffer zone then transitional zone then open,2,500-1000,210.76,53.27,53.27,No,Symphodus tinca,750,
1605,Posidonia oceanica Summer,Catch,Individual species,Labridae,Symphodus,tinca,NA,Catch (numbers or weight),Standard error,NTZ,Tabarca Marine Reserve,Buffer zone then transitional zone then open,3,2000-3000,296.01,45.91,45.91,No,Symphodus tinca,2500,
1605,Posidonia oceanica Winter,Catch,Individual species,Labridae,Symphodus,tinca,NA,Catch (numbers or weight),Standard error,NTZ,Tabarca Marine Reserve,Buffer zone then transitional zone then open,1,<500,430.17,62.36,62.36,No,Symphodus tinca,500,
1605,Posidonia oceanica Winter,Catch,Individual species,Labridae,Symphodus,tinca,NA,Catch (numbers or weight),Standard error,NTZ,Tabarca Marine Reserve,Buffer zone then transitional zone then open,2,500-1000,170.82,42.25,42.25,No,Symphodus tinca,750,
1605,Posidonia oceanica Winter,Catch,Individual species,Labridae,Symphodus,tinca,NA,Catch (numbers or weight),Standard error,NTZ,Tabarca Marine Reserve,Buffer zone then transitional zone then open,3,2000-3000,220.91,55.85,55.85,No,Symphodus tinca,2500,
1605,Posidonia oceanica Spring,Catch,Individual species,Labridae,Symphodus,tinca,NA,Catch (numbers or weight),Standard error,NTZ,Tabarca Marine Reserve,Buffer zone then transitional zone then open,1,<500,259.22,45.04,45.04,No,Symphodus tinca,500,
1605,Posidonia oceanica Spring,Catch,Individual species,Labridae,Symphodus,tinca,NA,Catch (numbers or weight),Standard error,NTZ,Tabarca Marine Reserve,Buffer zone then transitional zone then open,2,500-1000,230.7,44.3,44.3,No,Symphodus tinca,750,
1605,Posidonia oceanica Spring,Catch,Individual species,Labridae,Symphodus,tinca,NA,Catch (numbers or weight),Standard error,NTZ,Tabarca Marine Reserve,Buffer zone then transitional zone then open,3,2000-3000,931.37,142.73,142.73,No,Symphodus tinca,2500,
1605,Posidonia oceanica Summer,Catch,Individual species,Labridae,Symphodus ,tinca,NA,Catch (numbers or weight),Standard error,NTZ,Carry-le-Rouet Marine Reserve,Yes,1,<500,310.75,54.04,54.04,Yes,Symphodus  tinca,500,
1605,Posidonia oceanica Summer,Catch,Individual species,Labridae,Symphodus ,tinca,NA,Catch (numbers or weight),Standard error,NTZ,Carry-le-Rouet Marine Reserve,Yes,2,500-1000,108.73,21.52,21.52,Yes,Symphodus  tinca,750,
1605,Posidonia oceanica Summer,Catch,Individual species,Labridae,Symphodus ,tinca,NA,Catch (numbers or weight),Standard error,NTZ,Carry-le-Rouet Marine Reserve,Yes,3,2000-3000,134.37,29.71,29.71,Yes,Symphodus  tinca,2500,
1605,Posidonia oceanica Winter,Catch,Individual species,Labridae,Symphodus,tinca,NA,Catch (numbers or weight),Standard error,NTZ,Carry-le-Rouet Marine Reserve,Yes,1,<500,399.46,66.38,66.38,No,Symphodus tinca,500,
1605,Posidonia oceanica Winter,Catch,Individual species,Labridae,Symphodus,tinca,NA,Catch (numbers or weight),Standard error,NTZ,Carry-le-Rouet Marine Reserve,Yes,2,500-1000,285.74,48.97,48.97,No,Symphodus tinca,750,
1605,Posidonia oceanica Winter,Catch,Individual species,Labridae,Symphodus,tinca,NA,Catch (numbers or weight),Standard error,NTZ,Carry-le-Rouet Marine Reserve,Yes,3,2000-3000,235.21,38.27,38.27,No,Symphodus tinca,2500,
1605,Posidonia oceanica Spring,Catch,Individual species,Labridae,Symphodus,tinca,NA,Catch (numbers or weight),Standard error,NTZ,Carry-le-Rouet Marine Reserve,Yes,1,<500,511.25,86.08,86.08,Yes,Symphodus tinca,500,
1605,Posidonia oceanica Spring,Catch,Individual species,Labridae,Symphodus,tinca,NA,Catch (numbers or weight),Standard error,NTZ,Carry-le-Rouet Marine Reserve,Yes,2,500-1000,165.14,29.05,29.05,Yes,Symphodus tinca,750,
1605,Posidonia oceanica Spring,Catch,Individual species,Labridae,Symphodus,tinca,NA,Catch (numbers or weight),Standard error,NTZ,Carry-le-Rouet Marine Reserve,Yes,3,2000-3000,235.88,42.83,42.83,Yes,Symphodus tinca,2500,
1605,Posidonia oceanica Summer,Catch,Individual species,Sparidae,Diplodus,vulgaris,NA,Catch (numbers or weight),Standard error,NTZ,Tabarca Marine Reserve,Yes,1,<500,86.54,NA,NA,Yes,Diplodus vulgaris,500,
1605,Posidonia oceanica Summer,Catch,Individual species,Sparidae,Diplodus,vulgaris,NA,Catch (numbers or weight),Standard error,NTZ,Tabarca Marine Reserve,Yes,2,500-1000,60,13.98,13.98,Yes,Diplodus vulgaris,750,
1605,Posidonia oceanica Summer,Catch,Individual species,Sparidae,Diplodus,vulgaris,NA,Catch (numbers or weight),Standard error,NTZ,Tabarca Marine Reserve,Yes,3,2000-3000,44,11.3,11.3,Yes,Diplodus vulgaris,2500,
1605,Posidonia oceanica Winter,Catch,Individual species,Sparidae,Diplodus,vulgaris,NA,Catch (numbers or weight),Standard error,NTZ,Tabarca Marine Reserve,Buffer zone then transitional zone then open,1,<500,104.62,82.03,82.03,No,Diplodus vulgaris,500,
1605,Posidonia oceanica Winter,Catch,Individual species,Sparidae,Diplodus,vulgaris,NA,Catch (numbers or weight),Standard error,NTZ,Tabarca Marine Reserve,Buffer zone then transitional zone then open,2,500-1000,58.22,41.76,41.76,No,Diplodus vulgaris,750,
1605,Posidonia oceanica Winter,Catch,Individual species,Sparidae,Diplodus,vulgaris,NA,Catch (numbers or weight),Standard error,NTZ,Tabarca Marine Reserve,Buffer zone then transitional zone then open,3,2000-3000,132.37,25.95,25.95,No,Diplodus vulgaris,2500,
1605,Posidonia oceanica Spring,Catch,Individual species,Sparidae,Diplodus,vulgaris,NA,Catch (numbers or weight),Standard error,NTZ,Tabarca Marine Reserve,Buffer zone then transitional zone then open,1,<500,9.22,30.71,30.71,No,Diplodus vulgaris,500,
1605,Posidonia oceanica Spring,Catch,Individual species,Sparidae,Diplodus,vulgaris,NA,Catch (numbers or weight),Standard error,NTZ,Tabarca Marine Reserve,Buffer zone then transitional zone then open,2,500-1000,72.62,23.82,23.82,No,Diplodus vulgaris,750,
1605,Posidonia oceanica Spring,Catch,Individual species,Sparidae,Diplodus,vulgaris,NA,Catch (numbers or weight),Standard error,NTZ,Tabarca Marine Reserve,Buffer zone then transitional zone then open,3,500-1000,58.32,14.3,14.3,No,Diplodus vulgaris,750,
1605,Posidonia oceanica Summer,Catch,Individual species,Sparidae,Diplodus,vulgaris,NA,Catch (numbers or weight),Standard error,NTZ,Carry-le-Rouet Marine Reserve,Yes,1,<500,0,0,0,No,Diplodus vulgaris,500,
1605,Posidonia oceanica Summer,Catch,Individual species,Sparidae,Diplodus,vulgaris,NA,Catch (numbers or weight),Standard error,NTZ,Carry-le-Rouet Marine Reserve,Yes,2,500-1000,0,0,0,No,Diplodus vulgaris,750,
1605,Posidonia oceanica Summer,Catch,Individual species,Sparidae,Diplodus,vulgaris,NA,Catch (numbers or weight),Standard error,NTZ,Carry-le-Rouet Marine Reserve,Yes,3,2000-3000,3.55,2.34,2.34,No,Diplodus vulgaris,2500,
1605,Posidonia oceanica Winter,Catch,Individual species,Sparidae,Diplodus,vulgaris,NA,Catch (numbers or weight),Standard error,NTZ,Carry-le-Rouet Marine Reserve,Yes,1,<500,38.3,14.72,15.72,No,Diplodus vulgaris,500,
1605,Posidonia oceanica Winter,Catch,Individual species,Sparidae,Diplodus,vulgaris,NA,Catch (numbers or weight),Standard error,NTZ,Carry-le-Rouet Marine Reserve,Yes,2,500-1000,18.53,6.6,6.6,No,Diplodus vulgaris,750,
1605,Posidonia oceanica Winter,Catch,Individual species,Sparidae,Diplodus,vulgaris,NA,Catch (numbers or weight),Standard error,NTZ,Carry-le-Rouet Marine Reserve,Yes,3,2000-3000,13.49,6.99,6.99,No,Diplodus vulgaris,2500,
1605,Posidonia oceanica Spring,Catch,Individual species,Sparidae,Diplodus,vulgaris,NA,Catch (numbers or weight),Standard error,NTZ,Carry-le-Rouet Marine Reserve,Yes,1,<500,26.49,9.93,9.93,No,Diplodus vulgaris,500,
1605,Posidonia oceanica Spring,Catch,Individual species,Sparidae,Diplodus,vulgaris,NA,Catch (numbers or weight),Standard error,NTZ,Carry-le-Rouet Marine Reserve,Yes,2,500-1000,6.63,3.52,3.52,No,Diplodus vulgaris,750,
1605,Posidonia oceanica Spring,Catch,Individual species,Sparidae,Diplodus,vulgaris,NA,Catch (numbers or weight),Standard error,NTZ,Carry-le-Rouet Marine Reserve,Yes,3,2000-3000,4.76,2.89,2.89,No,Diplodus vulgaris,2500,
1605,Posidonia oceanica Summer,Catch,Individual species,Sciaenidae,Sciaena,umbra,NA,Catch (numbers or weight),Standard error,NTZ,Tabarca Marine Reserve,Buffer zone then transitional zone then open,1,<500,321.33,61.09,61.09,Yes,Sciaena umbra,500,
1605,Posidonia oceanica Summer,Catch,Individual species,Sciaenidae,Sciaena,umbra,NA,Catch (numbers or weight),Standard error,NTZ,Tabarca Marine Reserve,Buffer zone then transitional zone then open,2,500-1000,180.48,39.18,39.18,Yes,Sciaena umbra,750,
1605,Posidonia oceanica Summer,Catch,Individual species,Sciaenidae,Sciaena,umbra,NA,Catch (numbers or weight),Standard error,NTZ,Tabarca Marine Reserve,Buffer zone then transitional zone then open,3,2000-3000,236.67,44.34,44.34,Yes,Sciaena umbra,2500,
1605,Posidonia oceanica Winter,Catch,Individual species,Sciaenidae,Sciaena,umbra,NA,Catch (numbers or weight),Standard error,NTZ,Tabarca Marine Reserve,Buffer zone then transitional zone then open,1,<500,6.99,129.42,129.42,Yes,Sciaena umbra,500,
1605,Posidonia oceanica Winter,Catch,Individual species,Sciaenidae,Sciaena,umbra,NA,Catch (numbers or weight),Standard error,NTZ,Tabarca Marine Reserve,Buffer zone then transitional zone then open,2,500-1000,508.31,87.65,87.65,Yes,Sciaena umbra,750,
1605,Posidonia oceanica Winter,Catch,Individual species,Sciaenidae,Sciaena,umbra,NA,Catch (numbers or weight),Standard error,NTZ,Tabarca Marine Reserve,Buffer zone then transitional zone then open,3,2000-3000,185.66,38.36,38.36,Yes,Sciaena umbra,2500,
1605,Posidonia oceanica Spring,Catch,Individual species,Sciaenidae,Sciaena,umbra,NA,Catch (numbers or weight),Standard error,NTZ,Tabarca Marine Reserve,Buffer zone then transitional zone then open,1,<500,135.1,47.56,47.56,Yes,Sciaena umbra,500,
1605,Posidonia oceanica Spring,Catch,Individual species,Sciaenidae,Sciaena,umbra,NA,Catch (numbers or weight),Standard error,NTZ,Tabarca Marine Reserve,Buffer zone then transitional zone then open,2,500-1000,109.78,40.91,40.91,Yes,Sciaena umbra,750,
1605,Posidonia oceanica Spring,Catch,Individual species,Sciaenidae,Sciaena,umbra,NA,Catch (numbers or weight),Standard error,NTZ,Tabarca Marine Reserve,Buffer zone then transitional zone then open,3,2000-3000,107.47,52.12,52.12,Yes,Sciaena umbra,2500,
1605,Posidonia oceanica Summer,Catch,Individual species,Sparidae,Dentex,dentex,NA,Catch (numbers or weight),Standard error,NTZ,Tabarca Marine Reserve,Buffer zone then transitional zone then open,1,<500,46.29,25.36,25.36,Yes,Dentex dentex,500,
1605,Posidonia oceanica Summer,Catch,Individual species,Sparidae,Dentex,dentex,NA,Catch (numbers or weight),Standard error,NTZ,Tabarca Marine Reserve,Buffer zone then transitional zone then open,2,500-1000,51.73,23.4,23.4,Yes,Dentex dentex,750,
1605,Posidonia oceanica Summer,Catch,Individual species,Sparidae,Dentex,dentex,NA,Catch (numbers or weight),Standard error,NTZ,Tabarca Marine Reserve,Buffer zone then transitional zone then open,3,2000-3000,15.67,11.04,11.04,Yes,Dentex dentex,2500,
1605,Posidonia oceanica Winter,Catch,Individual species,Sparidae,Dentex,dentex,NA,Catch (numbers or weight),Standard error,NTZ,Tabarca Marine Reserve,Buffer zone then transitional zone then open,1,<500,241.87,55.88,55.88,Yes,Dentex dentex,500,
1605,Posidonia oceanica Winter,Catch,Individual species,Sparidae,Dentex,dentex,NA,Catch (numbers or weight),Standard error,NTZ,Tabarca Marine Reserve,Buffer zone then transitional zone then open,2,500-1000,92.61,37.55,37.55,Yes,Dentex dentex,750,
1605,Posidonia oceanica Winter,Catch,Individual species,Sparidae,Dentex,dentex,NA,Catch (numbers or weight),Standard error,NTZ,Tabarca Marine Reserve,Buffer zone then transitional zone then open,3,2000-3000,128.94,62.17,62.17,Yes,Dentex dentex,2500,
1605,Posidonia oceanica Spring,Catch,Individual species,Sparidae,Dentex,dentex,NA,Catch (numbers or weight),Standard error,NTZ,Tabarca Marine Reserve,Buffer zone then transitional zone then open,1,<500,92.58,32.54,32.54,Yes,Dentex dentex,500,
1605,Posidonia oceanica Spring,Catch,Individual species,Sparidae,Dentex,dentex,NA,Catch (numbers or weight),Standard error,NTZ,Tabarca Marine Reserve,Buffer zone then transitional zone then open,2,500-1000,0,0,0,Yes,Dentex dentex,750,
1605,Posidonia oceanica Spring,Catch,Individual species,Sparidae,Dentex,dentex,NA,Catch (numbers or weight),Standard error,NTZ,Tabarca Marine Reserve,Buffer zone then transitional zone then open,3,2000-3000,12.16,8.04,8.04,Yes,Dentex dentex,2500,
1605,Posidonia oceanica Summer,Catch,Individual species,Congridae,Conger,conger,NA,Catch (numbers or weight),Standard error,NTZ,Carry-le-Rouet Marine Reserve,Yes,1,<500,385.84,161.63,161.63,Yes,Conger conger,500,
1605,Posidonia oceanica Summer,Catch,Individual species,Congridae,Conger,conger,NA,Catch (numbers or weight),Standard error,NTZ,Carry-le-Rouet Marine Reserve,Yes,2,500-1000,23.31,18.63,18.63,Yes,Conger conger,750,
1605,Posidonia oceanica Summer,Catch,Individual species,Congridae,Conger,conger,NA,Catch (numbers or weight),Standard error,NTZ,Carry-le-Rouet Marine Reserve,Yes,3,2000-3000,115.52,84.35,84.35,Yes,Conger conger,2500,
1605,Posidonia oceanica Winter,Catch,Individual species,Congridae,Conger,conger,NA,Catch (numbers or weight),Standard error,NTZ,Carry-le-Rouet Marine Reserve,Yes,1,<500,183.04,117.27,117.27,Yes,Conger conger,500,
1605,Posidonia oceanica Winter,Catch,Individual species,Congridae,Conger,conger,NA,Catch (numbers or weight),Standard error,NTZ,Carry-le-Rouet Marine Reserve,Yes,2,500-1000,0,0,0,Yes,Conger conger,750,
1605,Posidonia oceanica Winter,Catch,Individual species,Congridae,Conger,conger,NA,Catch (numbers or weight),Standard error,NTZ,Carry-le-Rouet Marine Reserve,Yes,3,2000-3000,30.75,28.75,28.75,Yes,Conger conger,2500,
1605,Posidonia oceanica Spring,Catch,Individual species,Congridae,Conger,conger,NA,Catch (numbers or weight),Standard error,NTZ,Carry-le-Rouet Marine Reserve,Yes,1,<500,85.24,67.22,67.22,Yes,Conger conger,500,
1605,Posidonia oceanica Spring,Catch,Individual species,Congridae,Conger,conger,NA,Catch (numbers or weight),Standard error,NTZ,Carry-le-Rouet Marine Reserve,Yes,2,500-1000,0,0,0,Yes,Conger conger,750,
1605,Posidonia oceanica Spring,Catch,Individual species,Congridae,Conger,conger,NA,Catch (numbers or weight),Standard error,NTZ,Carry-le-Rouet Marine Reserve,Yes,3,2000-3000,37.34,35.34,35.34,Yes,Conger conger,2500,
1605,Posidonia oceanica Summer,Catch,Individual species,Phycidae,Phycis,phycis,NA,Catch (numbers or weight),Standard error,NTZ,Carry-le-Rouet Marine Reserve,Yes,1,<500,33.07,14.49,14.49,No,Phycis phycis,500,
1605,Posidonia oceanica Summer,Catch,Individual species,Phycidae,Phycis,phycis,NA,Catch (numbers or weight),Standard error,NTZ,Carry-le-Rouet Marine Reserve,Yes,2,500-1000,0,0,0,No,Phycis phycis,750,
1605,Posidonia oceanica Summer,Catch,Individual species,Phycidae,Phycis,phycis,NA,Catch (numbers or weight),Standard error,NTZ,Carry-le-Rouet Marine Reserve,Yes,3,2000-3000,9.45,7.04,7.04,No,Phycis phycis,2500,
1605,Posidonia oceanica Winter,Catch,Individual species,Phycidae,Phycis,phycis,NA,Catch (numbers or weight),Standard error,NTZ,Carry-le-Rouet Marine Reserve,Yes,1,<500,113.78,45.51,45.51,Yes,Phycis phycis,500,
1605,Posidonia oceanica Winter,Catch,Individual species,Phycidae,Phycis,phycis,NA,Catch (numbers or weight),Standard error,NTZ,Carry-le-Rouet Marine Reserve,Yes,2,500-1000,18.81,12.62,12.62,Yes,Phycis phycis,750,
1605,Posidonia oceanica Winter,Catch,Individual species,Phycidae,Phycis,phycis,NA,Catch (numbers or weight),Standard error,NTZ,Carry-le-Rouet Marine Reserve,Yes,3,2000-3000,35.42,18.67,18.67,Yes,Phycis phycis,2500,
1605,Posidonia oceanica Spring,Catch,Individual species,Phycidae,Phycis,phycis,NA,Catch (numbers or weight),Standard error,NTZ,Carry-le-Rouet Marine Reserve,Yes,1,<500,293.04,86.87,86.87,Yes,Phycis phycis,500,
1605,Posidonia oceanica Spring,Catch,Individual species,Phycidae,Phycis,phycis,NA,Catch (numbers or weight),Standard error,NTZ,Carry-le-Rouet Marine Reserve,Yes,2,500-1000,21.77,14.94,14.94,Yes,Phycis phycis,750,
1605,Posidonia oceanica Spring,Catch,Individual species,Phycidae,Phycis,phycis,NA,Catch (numbers or weight),Standard error,NTZ,Carry-le-Rouet Marine Reserve,Yes,3,2000-3000,15.43,13.31,13.31,Yes,Phycis phycis,2500,
1605,Sandy bottom Summer,Catch,Individual species,Myliobatidae,Myliobatis,aquila,NA,Catch (numbers or weight),Standard error,NTZ,Tabarca Marine Reserve,Buffer zone then transitional zone then open,1,<500,0,0,0,No,Myliobatis aquila,500,
1605,Sandy bottom Summer,Catch,Individual species,Myliobatidae,Myliobatis,aquila,NA,Catch (numbers or weight),Standard error,NTZ,Tabarca Marine Reserve,Buffer zone then transitional zone then open,2,500-1000,3-3.76,234.52,234.52,No,Myliobatis aquila,750,
1605,Sandy bottom Summer,Catch,Individual species,Myliobatidae,Myliobatis,aquila,NA,Catch (numbers or weight),Standard error,NTZ,Tabarca Marine Reserve,Buffer zone then transitional zone then open,3,2000-3000,0,0,0,No,Myliobatis aquila,2500,
1605,Sandy bottom Winter,Catch,Individual species,Myliobatidae,Myliobatis,aquila,NA,Catch (numbers or weight),Standard error,NTZ,Tabarca Marine Reserve,Buffer zone then transitional zone then open,1,<500,0,0,0,No,Myliobatis aquila,500,
1605,Sandy bottom Winter,Catch,Individual species,Myliobatidae,Myliobatis,aquila,NA,Catch (numbers or weight),Standard error,NTZ,Tabarca Marine Reserve,Buffer zone then transitional zone then open,2,500-1000,442.77,274.75,274.75,No,Myliobatis aquila,750,
1605,Sandy bottom Winter,Catch,Individual species,Myliobatidae,Myliobatis,aquila,NA,Catch (numbers or weight),Standard error,NTZ,Tabarca Marine Reserve,Buffer zone then transitional zone then open,3,2000-3000,0,0,0,No,Myliobatis aquila,2500,
1605,Sandy bottom Spring,Catch,Individual species,Myliobatidae,Myliobatis,aquila,NA,Catch (numbers or weight),Standard error,NTZ,Tabarca Marine Reserve,Buffer zone then transitional zone then open,1,<500,15.33,7.84,7.84,No,Myliobatis aquila,500,
1605,Sandy bottom Spring,Catch,Individual species,Myliobatidae,Myliobatis,aquila,NA,Catch (numbers or weight),Standard error,NTZ,Tabarca Marine Reserve,Buffer zone then transitional zone then open,2,500-1000,0,0,0,No,Myliobatis aquila,750,
1605,Sandy bottom Spring,Catch,Individual species,Myliobatidae,Myliobatis,aquila,NA,Catch (numbers or weight),Standard error,NTZ,Tabarca Marine Reserve,Buffer zone then transitional zone then open,3,2000-3000,0,0,0,No,Myliobatis aquila,2500,
1605,Sandy bottom Summer,Catch,Genus group,Rajidae,Raja,spp.,NA,Catch (numbers or weight),Standard error,NTZ,Tabarca Marine Reserve,Buffer zone then transitional zone then open,1,<500,5.14,4.73,4.73,No,Raja spp.,500,
1605,Sandy bottom Summer,Catch,Genus group,Rajidae,Raja,spp.,NA,Catch (numbers or weight),Standard error,NTZ,Tabarca Marine Reserve,Buffer zone then transitional zone then open,2,500-1000,70.69,49.29,49.29,No,Raja spp.,750,
1605,Sandy bottom Summer,Catch,Genus group,Rajidae,Raja,spp.,NA,Catch (numbers or weight),Standard error,NTZ,Tabarca Marine Reserve,Buffer zone then transitional zone then open,3,2000-3000,2.9,3.12,3.12,No,Raja spp.,2500,
1605,Sandy bottom Spring,Catch,Genus group,Rajidae,Raja,spp.,NA,Catch (numbers or weight),Standard error,NTZ,Tabarca Marine Reserve,Buffer zone then transitional zone then open,1,<500,35.57,23.24,23.24,No,Raja spp.,500,
1605,Sandy bottom Spring,Catch,Genus group,Rajidae,Raja,spp.,NA,Catch (numbers or weight),Standard error,NTZ,Tabarca Marine Reserve,Buffer zone then transitional zone then open,2,500-1000,190.38,99.8,99.8,No,Raja spp.,750,
1605,Sandy bottom Spring,Catch,Genus group,Rajidae,Raja,spp.,NA,Catch (numbers or weight),Standard error,NTZ,Tabarca Marine Reserve,Buffer zone then transitional zone then open,3,2000-3000,14.55,17.76,7.76,No,Raja spp.,2500,
1605,Sandy bottom Summer,Catch,Individual species,Uranoscopidae,Uranoscopus,scaber,NA,Catch (numbers or weight),Standard error,NTZ,Tabarca Marine Reserve,Buffer zone then transitional zone then open,1,<500,0,0,0,No,Uranoscopus scaber,500,
1605,Sandy bottom Summer,Catch,Individual species,Uranoscopidae,Uranoscopus,scaber,NA,Catch (numbers or weight),Standard error,NTZ,Tabarca Marine Reserve,Buffer zone then transitional zone then open,2,500-1000,81.89,45.06,45.06,No,Uranoscopus scaber,750,
1605,Sandy bottom Summer,Catch,Individual species,Uranoscopidae,Uranoscopus,scaber,NA,Catch (numbers or weight),Standard error,NTZ,Tabarca Marine Reserve,Buffer zone then transitional zone then open,3,2000-3000,9.58,7.47,7.47,No,Uranoscopus scaber,2500,
1605,Sandy bottom Winter,Catch,Individual species,Uranoscopidae,Uranoscopus,scaber,NA,Catch (numbers or weight),Standard error,NTZ,Tabarca Marine Reserve,Buffer zone then transitional zone then open,1,<500,9.58,7.47,7.47,No,Uranoscopus scaber,500,
1605,Sandy bottom Winter,Catch,Individual species,Uranoscopidae,Uranoscopus,scaber,NA,Catch (numbers or weight),Standard error,NTZ,Tabarca Marine Reserve,Buffer zone then transitional zone then open,2,500-1000,63.51,24.2,24.2,No,Uranoscopus scaber,750,
1605,Sandy bottom Winter,Catch,Individual species,Uranoscopidae,Uranoscopus,scaber,NA,Catch (numbers or weight),Standard error,NTZ,Tabarca Marine Reserve,Buffer zone then transitional zone then open,3,2000-3000,7.79,5.46,5.36,No,Uranoscopus scaber,2500,
1605,Sandy bottom Spring,Catch,Individual species,Uranoscopidae,Uranoscopus,scaber,NA,Catch (numbers or weight),Standard error,NTZ,Tabarca Marine Reserve,Buffer zone then transitional zone then open,1,<500,9.88,9.71,9.71,No,Uranoscopus scaber,500,
1605,Sandy bottom Spring,Catch,Individual species,Uranoscopidae,Uranoscopus,scaber,NA,Catch (numbers or weight),Standard error,NTZ,Tabarca Marine Reserve,Buffer zone then transitional zone then open,2,500-1000,57.39,2.12,27.13,No,Uranoscopus scaber,750,
1605,Sandy bottom Spring,Catch,Individual species,Uranoscopidae,Uranoscopus,scaber,NA,Catch (numbers or weight),Standard error,NTZ,Tabarca Marine Reserve,Buffer zone then transitional zone then open,3,2000-3000,10.09,7.44,7.44,No,Uranoscopus scaber,2500,
1605,Sandy bottom Summer,Catch,Individual species,Sciaenidae,Sciaena,umbra,NA,Catch (numbers or weight),Standard error,NTZ,Tabarca Marine Reserve,Buffer zone then transitional zone then open,1,<500,13.53,11.89,11.89,No,Sciaena umbra,500,
1605,Sandy bottom Summer,Catch,Individual species,Sciaenidae,Sciaena,umbra,NA,Catch (numbers or weight),Standard error,NTZ,Tabarca Marine Reserve,Buffer zone then transitional zone then open,2,500-1000,27.03,17.21,17.21,No,Sciaena umbra,750,
1605,Sandy bottom Summer,Catch,Individual species,Sciaenidae,Sciaena,umbra,NA,Catch (numbers or weight),Standard error,NTZ,Tabarca Marine Reserve,Buffer zone then transitional zone then open,3,2000-3000,64.93,38.76,38.76,No,Sciaena umbra,2500,
1605,Sandy bottom Winter,Catch,Individual species,Sciaenidae,Sciaena,umbra,NA,Catch (numbers or weight),Standard error,NTZ,Tabarca Marine Reserve,Buffer zone then transitional zone then open,1,<500,89.45,26.73,26.73,No,Sciaena umbra,500,
1605,Sandy bottom Winter,Catch,Individual species,Sciaenidae,Sciaena,umbra,NA,Catch (numbers or weight),Standard error,NTZ,Tabarca Marine Reserve,Buffer zone then transitional zone then open,2,500-1000,170.05,56.51,56.51,No,Sciaena umbra,750,
1605,Sandy bottom Winter,Catch,Individual species,Sciaenidae,Sciaena,umbra,NA,Catch (numbers or weight),Standard error,NTZ,Tabarca Marine Reserve,Buffer zone then transitional zone then open,3,2000-3000,280.07,58.75,58.75,No,Sciaena umbra,2500,
1605,Sandy bottom Spring,Catch,Individual species,Sciaenidae,Sciaena,umbra,NNA,Catch (numbers or weight),Standard error,NTZ,Tabarca Marine Reserve,Buffer zone then transitional zone then open,1,<500,24.41,18.53,18.53,No,Sciaena umbra,500,
1605,Sandy bottom Spring,Catch,Individual species,Sciaenidae,Sciaena,umbra,NNA,Catch (numbers or weight),Standard error,NTZ,Tabarca Marine Reserve,Buffer zone then transitional zone then open,2,500-1000,67.67,30.06,30.06,No,Sciaena umbra,750,
1605,Sandy bottom Spring,Catch,Individual species,Sciaenidae,Sciaena,umbra,NNA,Catch (numbers or weight),Standard error,NTZ,Tabarca Marine Reserve,Buffer zone then transitional zone then open,3,2000-3000,65.46,36.49,36.49,No,Sciaena umbra,2500,
1605,Sandy bottom Summer,Catch,Individual species,Sparidae,Pagellus,erythrinus,NA,Catch (numbers or weight),Standard error,NTZ,Tabarca Marine Reserve,Pagellus erythrinus,1,<500,112.72,58.62,58.62,No,Pagellus erythrinus,500,
1605,Sandy bottom Summer,Catch,Individual species,Sparidae,Pagellus,erythrinus,NA,Catch (numbers or weight),Standard error,NTZ,Tabarca Marine Reserve,Pagellus erythrinus,2,500-1000,37.04,13.63,13.63,No,Pagellus erythrinus,750,
1605,Sandy bottom Summer,Catch,Individual species,Sparidae,Pagellus,erythrinus,NA,Catch (numbers or weight),Standard error,NTZ,Tabarca Marine Reserve,Pagellus erythrinus,3,2000-3000,12.55,7.32,7.32,No,Pagellus erythrinus,2500,
1605,Sandy bottoms Winter,Catch,Individual species,Sparidae,Pagellus,erythrinus,NA,Catch (numbers or weight),Standard error,NTZ,Tabarca Marine Reserve,Pagellus erythrinus,1,<100,41.25,20.52,20.52,No,Pagellus erythrinus,100,
1605,Sandy bottoms Winter,Catch,Individual species,Sparidae,Pagellus,erythrinus,NA,Catch (numbers or weight),Standard error,NTZ,Tabarca Marine Reserve,Pagellus erythrinus,2,500-1000,31.09,14.62,14.62,No,Pagellus erythrinus,750,
1605,Sandy bottoms Winter,Catch,Individual species,Sparidae,Pagellus,erythrinus,NA,Catch (numbers or weight),Standard error,NTZ,Tabarca Marine Reserve,Pagellus erythrinus,3,2000-3000,2.73,3.48,3.48,No,Pagellus erythrinus,2500,
1605,Sandy bottom Spring,Catch,Individual species,Sparidae,Pagellus ,erythrinus,NA,Catch (numbers or weight),Standard error,NTZ,Tabarca Marine Reserve,Pagellus erythrinus,1,<500,40.85,14.52,14.52,No,Pagellus  erythrinus,500,
1605,Sandy bottom Spring,Catch,Individual species,Sparidae,Pagellus ,erythrinus,NA,Catch (numbers or weight),Standard error,NTZ,Tabarca Marine Reserve,Pagellus erythrinus,2,500-1000,72.52,27.94,27.92,No,Pagellus  erythrinus,750,
1605,Sandy bottom Spring,Catch,Individual species,Sparidae,Pagellus ,erythrinus,NA,Catch (numbers or weight),Standard error,NTZ,Tabarca Marine Reserve,Pagellus erythrinus,3,2000-3000,40.57,17.52,17.52,No,Pagellus  erythrinus,2500,
1605,Sandy bottom Summer,Catch,Individual species,Scorpaenidae,Scorpaena,porcus,NA,Catch (numbers or weight),Standard error,NTZ,Tabarca Marine Reserve,Buffer zone then transitional zone then open,1,<500,691.76,152.7,152.7,No,Scorpaena porcus,500,
1605,Sandy bottom Summer,Catch,Individual species,Scorpaenidae,Scorpaena,porcus,NA,Catch (numbers or weight),Standard error,NTZ,Tabarca Marine Reserve,Buffer zone then transitional zone then open,2,500-1000,360.01,110.41,110.41,No,Scorpaena porcus,750,
1605,Sandy bottom Summer,Catch,Individual species,Scorpaenidae,Scorpaena,porcus,NA,Catch (numbers or weight),Standard error,NTZ,Tabarca Marine Reserve,Buffer zone then transitional zone then open,3,2000-3000,583.45,124.46,124.46,No,Scorpaena porcus,2500,
1605,Sandy bottom Winter,Catch,Individual species,Scorpaenidae,Scorpaena,porcus,NA,Catch (numbers or weight),Standard error,NTZ,Tabarca Marine Reserve,Buffer zone then transitional zone then open,1,<500,18.5,12.3,12.3,No,Scorpaena porcus,500,
1605,Sandy bottom Winter,Catch,Individual species,Scorpaenidae,Scorpaena,porcus,NA,Catch (numbers or weight),Standard error,NTZ,Tabarca Marine Reserve,Buffer zone then transitional zone then open,2,500-1000,36.45,18.26,18.26,No,Scorpaena porcus,750,
1605,Sandy bottom Winter,Catch,Individual species,Scorpaenidae,Scorpaena,porcus,NA,Catch (numbers or weight),Standard error,NTZ,Tabarca Marine Reserve,Buffer zone then transitional zone then open,3,2000-3000,65.58,22.56,22.56,No,Scorpaena porcus,2500,
1605,Sandy bottom Spring,Catch,Individual species,Scorpaenidae,Scorpaena,porcus,NA,Catch (numbers or weight),Standard error,NTZ,Tabarca Marine Reserve,Buffer zone then transitional zone then open,1,<500,3.11,12.07,12.07,No,Scorpaena porcus,500,
1605,Sandy bottom Spring,Catch,Individual species,Scorpaenidae,Scorpaena,porcus,NA,Catch (numbers or weight),Standard error,NTZ,Tabarca Marine Reserve,Buffer zone then transitional zone then open,2,500-1000,9.08,7.94,7.94,No,Scorpaena porcus,750,
1605,Sandy bottom Spring,Catch,Individual species,Scorpaenidae,Scorpaena,porcus,NA,Catch (numbers or weight),Standard error,NTZ,Tabarca Marine Reserve,Buffer zone then transitional zone then open,3,2000-3000,1.82,10.25,10.25,No,Scorpaena porcus,2500,
1605,Sandy bottom Summer,Catch,Individual species,Sparidae,Spicara,maena,NA,Catch (numbers or weight),Standard error,NTZ,Tabarca Marine Reserve,Buffer zone then transitional zone then open,1,<500,94.67,35.97,35.97,No,Spicara maena,500,
1605,Sandy bottom Summer,Catch,Individual species,Sparidae,Spicara,maena,NA,Catch (numbers or weight),Standard error,NTZ,Tabarca Marine Reserve,Buffer zone then transitional zone then open,2,500-1000,36.48,15.34,15.34,No,Spicara maena,750,
1605,Sandy bottom Summer,Catch,Individual species,Sparidae,Spicara,maena,NA,Catch (numbers or weight),Standard error,NTZ,Tabarca Marine Reserve,Buffer zone then transitional zone then open,3,2000-3000,67.19,28.82,28.82,No,Spicara maena,2500,
1605,Sandy bottom Winter,Catch,Individual species,Sparidae,Spicara,maena,NA,Catch (numbers or weight),Standard error,NTZ,Tabarca Marine Reserve,Buffer zone then transitional zone then open,1,<500,0,0,0,No,Spicara maena,500,
1605,Sandy bottom Winter,Catch,Individual species,Sparidae,Spicara,maena,NA,Catch (numbers or weight),Standard error,NTZ,Tabarca Marine Reserve,Buffer zone then transitional zone then open,2,500-1000,2.07,1.75,1.75,No,Spicara maena,750,
1605,Sandy bottom Winter,Catch,Individual species,Sparidae,Spicara,maena,NA,Catch (numbers or weight),Standard error,NTZ,Tabarca Marine Reserve,Buffer zone then transitional zone then open,3,2000-3000,32.59,9.57,9.57,No,Spicara maena,2500,
1605,Sandy bottom Spring,Catch,Individual species,Sparidae,Spicara,maena,NA,Catch (numbers or weight),Standard error,NTZ,Tabarca Marine Reserve,Buffer zone then transitional zone then open,1,<500,0,0,0,No,Spicara maena,500,
1605,Sandy bottom Spring,Catch,Individual species,Sparidae,Spicara,maena,NA,Catch (numbers or weight),Standard error,NTZ,Tabarca Marine Reserve,Buffer zone then transitional zone then open,2,500-1000,0,0,0,No,Spicara maena,750,
1605,Sandy bottom Spring,Catch,Individual species,Sparidae,Spicara,maena,NA,Catch (numbers or weight),Standard error,NTZ,Tabarca Marine Reserve,Buffer zone then transitional zone then open,3,2000-3000,2.1,1.41,1.41,No,Spicara maena,2500,
1605,Sandy bottom Summer,Catch,Individual species,Torpedinidae,Torpedo,marmorata,NA,Catch (numbers or weight),Standard error,NTZ,Tabarca Marine Reserve,Buffer zone then transitional zone then open,1,<500,73.58,27.6,27.6,No,Torpedo marmorata,500,
1605,Sandy bottom Summer,Catch,Individual species,Torpedinidae,Torpedo,marmorata,NA,Catch (numbers or weight),Standard error,NTZ,Tabarca Marine Reserve,Buffer zone then transitional zone then open,2,500-1000,51.48,24.83,24.83,No,Torpedo marmorata,750,
1605,Sandy bottom Summer,Catch,Individual species,Torpedinidae,Torpedo,marmorata,NA,Catch (numbers or weight),Standard error,NTZ,Tabarca Marine Reserve,Buffer zone then transitional zone then open,3,2000-3000,42.24,22.41,22.41,No,Torpedo marmorata,2500,
1605,Sandy bottom Winter,Catch,Individual species,Torpedinidae,Torpedo,marmorata,NA,Catch (numbers or weight),Standard error,NTZ,Tabarca Marine Reserve,Buffer zone then transitional zone then open,1,<500,202.4,60.72,60.72,No,Torpedo marmorata,500,
1605,Sandy bottom Winter,Catch,Individual species,Torpedinidae,Torpedo,marmorata,NA,Catch (numbers or weight),Standard error,NTZ,Tabarca Marine Reserve,Buffer zone then transitional zone then open,2,500-1000,159.72,47.11,47.11,No,Torpedo marmorata,750,
1605,Sandy bottom Winter,Catch,Individual species,Torpedinidae,Torpedo,marmorata,NA,Catch (numbers or weight),Standard error,NTZ,Tabarca Marine Reserve,Buffer zone then transitional zone then open,3,2000-3000,100.81,34.36,34.36,No,Torpedo marmorata,2500,
1605,Sandy bottom Spring,Catch,Individual species,Torpedinidae,Torpedo,marmorata,NA,Catch (numbers or weight),Standard error,NTZ,Tabarca Marine Reserve,Buffer zone then transitional zone then open,1,<500,78.84,42.93,42.93,No,Torpedo marmorata,500,
1605,Sandy bottom Spring,Catch,Individual species,Torpedinidae,Torpedo,marmorata,NA,Catch (numbers or weight),Standard error,NTZ,Tabarca Marine Reserve,Buffer zone then transitional zone then open,2,500-1000,100.83,34.24,34.24,No,Torpedo marmorata,750,
1605,Sandy bottom Spring,Catch,Individual species,Torpedinidae,Torpedo,marmorata,NA,Catch (numbers or weight),Standard error,NTZ,Tabarca Marine Reserve,Buffer zone then transitional zone then open,3,2000-3000,67.3,30.52,30.52,No,Torpedo marmorata,2500,
1605,Sandy bottom Winter,Catch,Individual species,Sparidae,Pagellus,acarne,NA,Catch (numbers or weight),Standard error,NTZ,Cerbère-Banyuls Marine Reserve,Restricted use area then open,1,<500,133.04,39.2,39.2,No,Pagellus acarne,500,
1605,Sandy bottom Winter,Catch,Individual species,Sparidae,Pagellus,acarne,NA,Catch (numbers or weight),Standard error,NTZ,Cerbère-Banyuls Marine Reserve,Restricted use area then open,2,500-1000,83.25,38.5,38.5,No,Pagellus acarne,750,
1605,Sandy bottom Winter,Catch,Individual species,Sparidae,Pagellus,acarne,NA,Catch (numbers or weight),Standard error,NTZ,Cerbère-Banyuls Marine Reserve,Restricted use area then open,3,2000-3000,43.53,16.44,16.44,No,Pagellus acarne,2500,
1605,Sandy bottom Spring,Catch,Individual species,Sparidae,Pagellus,acarne,NA,Catch (numbers or weight),Standard error,NTZ,Cerbère-Banyuls Marine Reserve,Restricted use area then open,1,<500,134.08,45.05,45.05,No,Pagellus acarne,500,
1605,Sandy bottom Spring,Catch,Individual species,Sparidae,Pagellus,acarne,NA,Catch (numbers or weight),Standard error,NTZ,Cerbère-Banyuls Marine Reserve,Restricted use area then open,2,500-1000,21.15,13.08,13.08,No,Pagellus acarne,750,
1605,Sandy bottom Spring,Catch,Individual species,Sparidae,Pagellus,acarne,NA,Catch (numbers or weight),Standard error,NTZ,Cerbère-Banyuls Marine Reserve,Restricted use area then open,3,2000-3000,44.09,19.53,19.52,No,Pagellus acarne,2500,
1605,Sandy bottom Winter,Catch,Individual species,Palinuridae,Palinurus,elephas,NA,Catch (numbers or weight),Standard error,NTZ,Cerbère-Banyuls Marine Reserve,Restricted use area then open,1,<500,17.97,13.14,13.14,Yes,Palinurus elephas,500,
1605,Sandy bottom Winter,Catch,Individual species,Palinuridae,Palinurus,elephas,NA,Catch (numbers or weight),Standard error,NTZ,Cerbère-Banyuls Marine Reserve,Restricted use area then open,2,500-1000,8.23,8.2,8.2,Yes,Palinurus elephas,750,
1605,Sandy bottom Winter,Catch,Individual species,Palinuridae,Palinurus,elephas,NA,Catch (numbers or weight),Standard error,NTZ,Cerbère-Banyuls Marine Reserve,Restricted use area then open,3,2000-3000,0,0,0,Yes,Palinurus elephas,2500,
1605,Sandy bottom Spring,Catch,Individual species,Palinuridae,Palinurus,elephas,NA,Catch (numbers or weight),Standard error,NTZ,Cerbère-Banyuls Marine Reserve,Restricted use area then open,1,<500,25.36,12.02,12.02,Yes,Palinurus elephas,500,
1605,Sandy bottom Spring,Catch,Individual species,Palinuridae,Palinurus,elephas,NA,Catch (numbers or weight),Standard error,NTZ,Cerbère-Banyuls Marine Reserve,Restricted use area then open,2,500-1000,17.43,17.33,17.33,Yes,Palinurus elephas,750,
1605,Sandy bottom Spring,Catch,Individual species,Palinuridae,Palinurus,elephas,NA,Catch (numbers or weight),Standard error,NTZ,Cerbère-Banyuls Marine Reserve,Restricted use area then open,3,2000-3000,15.06,15.41,15.41,Yes,Palinurus elephas,2500,
1605,Sandy bottom Summer,Catch,Individual species,Mullidae,Mullus,surmuletus,NA,Catch (numbers or weight),Standard error,NTZ,Cerbère-Banyuls Marine Reserve,Restricted use area then open,1,<500,33.29,17.13,17.13,No,Mullus surmuletus,500,
1605,Sandy bottom Summer,Catch,Individual species,Mullidae,Mullus,surmuletus,NA,Catch (numbers or weight),Standard error,NTZ,Cerbère-Banyuls Marine Reserve,Restricted use area then open,2,500-1000,82.67,31.51,31.51,No,Mullus surmuletus,750,
1605,Sandy bottom Summer,Catch,Individual species,Mullidae,Mullus,surmuletus,NA,Catch (numbers or weight),Standard error,NTZ,Cerbère-Banyuls Marine Reserve,Restricted use area then open,3,2000-3000,7.72,6.84,6.84,No,Mullus surmuletus,2500,
1605,Sandy bottom Spring,Catch,Individual species,Mullidae,Mullus,surmuletus,NA,Catch (numbers or weight),Standard error,NTZ,Cerbère-Banyuls Marine Reserve,Restricted use area then open,1,<500,22.89,11.21,11.21,Yes,Mullus surmuletus,500,
1605,Sandy bottom Spring,Catch,Individual species,Mullidae,Mullus,surmuletus,NA,Catch (numbers or weight),Standard error,NTZ,Cerbère-Banyuls Marine Reserve,Restricted use area then open,2,500-1000,0,0,0,Yes,Mullus surmuletus,750,
1605,Sandy bottom Spring,Catch,Individual species,Mullidae,Mullus,surmuletus,NA,Catch (numbers or weight),Standard error,NTZ,Cerbère-Banyuls Marine Reserve,Restricted use area then open,3,2000-3000,7.92,5.61,5.61,Yes,Mullus surmuletus,2500,
1605,Sandy bottom Winter,Catch,Individual species,Sepiidae,Sepia,officinalis,NA,Catch (numbers or weight),Standard error,NTZ,Cerbère-Banyuls Marine Reserve,Restricted use area then open,1,<500,74.74,37.26,37.26,Yes,Sepia officinalis,500,
1605,Sandy bottom Winter,Catch,Individual species,Sepiidae,Sepia,officinalis,NA,Catch (numbers or weight),Standard error,NTZ,Cerbère-Banyuls Marine Reserve,Restricted use area then open,2,500-1000,40.29,30.37,30.37,Yes,Sepia officinalis,750,
1605,Sandy bottom Winter,Catch,Individual species,Sepiidae,Sepia,officinalis,NA,Catch (numbers or weight),Standard error,NTZ,Cerbère-Banyuls Marine Reserve,Restricted use area then open,3,2000-3000,54.08,28.19,28.19,Yes,Sepia officinalis,2500,
1605,Sandy bottom Spring,Catch,Individual species,Sepiidae,Sepia,officinalis,NA,Catch (numbers or weight),Standard error,NTZ,Cerbère-Banyuls Marine Reserve,Restricted use area then open,1,<500,55.66,30.76,30.76,No,Sepia officinalis,500,
1605,Sandy bottom Spring,Catch,Individual species,Sepiidae,Sepia,officinalis,NA,Catch (numbers or weight),Standard error,NTZ,Cerbère-Banyuls Marine Reserve,Restricted use area then open,2,500-1000,18.33,11.29,11.29,No,Sepia officinalis,750,
1605,Sandy bottom Spring,Catch,Individual species,Sepiidae,Sepia,officinalis,NA,Catch (numbers or weight),Standard error,NTZ,Cerbère-Banyuls Marine Reserve,Restricted use area then open,3,2000-3000,148.2,77.98,77.98,No,Sepia officinalis,2500,
1605,Sandy bottom Winter,Catch,Individual species,Uranoscopidae,Uranoscopus,scaber,NA,Catch (numbers or weight),Standard error,NTZ,Cerbère-Banyuls Marine Reserve,Restricted use area then open,1,<500,38.14,17.06,17.06,Yes,Uranoscopus scaber,500,
1605,Sandy bottom Winter,Catch,Individual species,Uranoscopidae,Uranoscopus,scaber,NA,Catch (numbers or weight),Standard error,NTZ,Cerbère-Banyuls Marine Reserve,Restricted use area then open,2,500-1000,18.55,18.69,18.69,Yes,Uranoscopus scaber,750,
1605,Sandy bottom Winter,Catch,Individual species,Uranoscopidae,Uranoscopus,scaber,NA,Catch (numbers or weight),Standard error,NTZ,Cerbère-Banyuls Marine Reserve,Restricted use area then open,3,2000-3000,9.8,6.63,6.63,Yes,Uranoscopus scaber,2500,
1605,Sandy bottom Spring,Catch,Individual species,Uranoscopidae,Uranoscopus,scaber,NA,Catch (numbers or weight),Standard error,NTZ,Cerbère-Banyuls Marine Reserve,Restricted use area then open,1,<500,56.85,20.95,20.95,No,Uranoscopus scaber,500,
1605,Sandy bottom Spring,Catch,Individual species,Uranoscopidae,Uranoscopus,scaber,NA,Catch (numbers or weight),Standard error,NTZ,Cerbère-Banyuls Marine Reserve,Restricted use area then open,2,500-1000,107.23,39.12,39.12,No,Uranoscopus scaber,750,
1605,Sandy bottom Spring,Catch,Individual species,Uranoscopidae,Uranoscopus,scaber,NA,Catch (numbers or weight),Standard error,NTZ,Cerbère-Banyuls Marine Reserve,Restricted use area then open,3,2000-3000,30.42,16.64,16.64,No,Uranoscopus scaber,2500,
1616,Distances are combined for north and south of the NTZ,Catch,Genus group,Holocentridae,Holocentrus,spp.,NA,Catch (numbers or weight),NA,NTZ,Barabdos Marine Reserve,Yes,1,-745,1.28,NA,NA,No,Holocentrus spp.,-745,
1616,Distances are combined for north and south of the NTZ,Catch,Genus group,Holocentridae,Holocentrus,spp.,NA,Catch (numbers or weight),NA,NTZ,Barabdos Marine Reserve,Yes,2,-550,4.51,NA,NA,No,Holocentrus spp.,-550,
1616,Distances are combined for north and south of the NTZ,Catch,Genus group,Holocentridae,Holocentrus,spp.,NA,Catch (numbers or weight),NA,NTZ,Barabdos Marine Reserve,Yes,3,-200,0.99,NA,NA,No,Holocentrus spp.,-200,
1616,Distances are combined for north and south of the NTZ,Catch,Genus group,Holocentridae,Holocentrus,spp.,NA,Catch (numbers or weight),NA,NTZ,Barabdos Marine Reserve,Yes,4,-100,1.51,NA,NA,No,Holocentrus spp.,-100,
1616,Distances are combined for north and south of the NTZ,Catch,Genus group,Holocentridae,Holocentrus,spp.,NA,Catch (numbers or weight),NA,NTZ,Barabdos Marine Reserve,Yes,5,0,0.41,NA,NA,No,Holocentrus spp.,0,
1616,NA,Catch,Genus group,Holocentridae,Holocentrus,spp.,NA,Catch (numbers or weight),NA,NTZ,Barbados Marine Reserve,Yes,1,145,0.46,NA,NA,No,Holocentrus spp.,145,
1616,NA,Catch,Genus group,Holocentridae,Holocentrus,spp.,NA,Catch (numbers or weight),NA,NTZ,Barbados Marine Reserve,Yes,2,400,0.05,NA,NA,No,Holocentrus spp.,400,
1616,NA,Catch,Genus group,Holocentridae,Holocentrus,spp.,NA,Catch (numbers or weight),NA,NTZ,Barbados Marine Reserve,Yes,3,600,0.48,NA,NA,No,Holocentrus spp.,600,
1616,NA,Catch,Genus group,Holocentridae,Holocentrus,spp.,NA,Catch (numbers or weight),NA,NTZ,Barbados Marine Reserve,Yes,4,750,0.49,NA,NA,No,Holocentrus spp.,750,
1616,NA,Catch,Genus group,Holocentridae,Holocentrus,spp.,NA,Catch (numbers or weight),NA,NTZ,Barbados Marine Reserve,Yes,5,1000,1.63,NA,NA,No,Holocentrus spp.,1000,
1616,NA,Catch,Genus group,Holocentridae,Holocentrus,spp.,NA,Catch (numbers or weight),NA,NTZ,Barbados Marine Reserve,Yes,1,1350,0,NA,NA,No,Holocentrus spp.,1350,
1616,NA,Catch,Genus group,Holocentridae,Holocentrus,spp.,NA,Catch (numbers or weight),NA,NTZ,Barbados Marine Reserve,Yes,2,2100,1.27,NA,NA,No,Holocentrus spp.,2100,
1616,NA,Catch,Individual species,Haemulidae,Haemulon,flavolineatum,NA,Catch (numbers or weight),NA,NTZ,Barbados Marine Reserve,Yes,1,-745,5.77,NA,NA,No,Haemulon flavolineatum,-745,
1616,NA,Catch,Individual species,Haemulidae,Haemulon,flavolineatum,NA,Catch (numbers or weight),NA,NTZ,Barbados Marine Reserve,Yes,2,-550,1.23,NA,NA,No,Haemulon flavolineatum,-550,
1616,NA,Catch,Individual species,Haemulidae,Haemulon,flavolineatum,NA,Catch (numbers or weight),NA,NTZ,Barbados Marine Reserve,Yes,3,-200,0.5,NA,NA,No,Haemulon flavolineatum,-200,
1616,NA,Catch,Individual species,Haemulidae,Haemulon,flavolineatum,NA,Catch (numbers or weight),NA,NTZ,Barbados Marine Reserve,Yes,4,-100,3.49,NA,NA,No,Haemulon flavolineatum,-100,
1616,NA,Catch,Individual species,Haemulidae,Haemulon,flavolineatum,NA,Catch (numbers or weight),NA,NTZ,Barbados Marine Reserve,Yes,5,0,2,NA,NA,No,Haemulon flavolineatum,0,
1616,NA,Catch,Individual species,Haemulidae,Haemulon,flavolineatum,NA,Catch (numbers or weight),NA,NTZ,Barbados Marine Reserve,Yes,1,145,5.02,NA,NA,No,Haemulon flavolineatum,145,
1616,NA,Catch,Individual species,Haemulidae,Haemulon,flavolineatum,NA,Catch (numbers or weight),NA,NTZ,Barbados Marine Reserve,Yes,2,400,1.75,NA,NA,No,Haemulon flavolineatum,400,
1616,NA,Catch,Individual species,Haemulidae,Haemulon,flavolineatum,NA,Catch (numbers or weight),NA,NTZ,Barbados Marine Reserve,Yes,3,600,3.74,NA,NA,No,Haemulon flavolineatum,600,
1616,NA,Catch,Individual species,Haemulidae,Haemulon,flavolineatum,NA,Catch (numbers or weight),NA,NTZ,Barbados Marine Reserve,Yes,4,750,0.54,NA,NA,No,Haemulon flavolineatum,750,
1616,NA,Catch,Individual species,Haemulidae,Haemulon,flavolineatum,NA,Catch (numbers or weight),NA,NTZ,Barbados Marine Reserve,Yes,5,1000,0.69,NA,NA,No,Haemulon flavolineatum,1000,
1616,NA,Catch,Individual species,Haemulidae,Haemulon,flavolineatum,NA,Catch (numbers or weight),NA,NTZ,Barbados Marine Reserve,Yes,1,1350,3.32,NA,NA,No,Haemulon flavolineatum,1350,
1616,NA,Catch,Individual species,Haemulidae,Haemulon,flavolineatum,NA,Catch (numbers or weight),NA,NTZ,Barbados Marine Reserve,Yes,2,2100,1.06,NA,NA,No,Haemulon flavolineatum,2100,
1616,NA,Catch,Individual species,Chaetodontidae,Chaetodon,striatus,NA,Catch (numbers or weight),NA,NTZ,Barbados Marine Reserve,Yes,1,-745,5.42,NA,NA,Yes,Chaetodon striatus,-745,
1616,NA,Catch,Individual species,Chaetodontidae,Chaetodon,striatus,NA,Catch (numbers or weight),NA,NTZ,Barbados Marine Reserve,Yes,2,-550,11.44,NA,NA,Yes,Chaetodon striatus,-550,
1616,NA,Catch,Individual species,Chaetodontidae,Chaetodon,striatus,NA,Catch (numbers or weight),NA,NTZ,Barbados Marine Reserve,Yes,3,-200,5.92,NA,NA,Yes,Chaetodon striatus,-200,
1616,NA,Catch,Individual species,Chaetodontidae,Chaetodon,striatus,NA,Catch (numbers or weight),NA,NTZ,Barbados Marine Reserve,Yes,4,-100,7.94,NA,NA,Yes,Chaetodon striatus,-100,
1616,NA,Catch,Individual species,Chaetodontidae,Chaetodon,striatus,NA,Catch (numbers or weight),NA,NTZ,Barbados Marine Reserve,Yes,5,0,5.36,NA,NA,Yes,Chaetodon striatus,0,
1616,NA,Catch,Individual species,Chaetodontidae,Chaetodon,striatus,NA,Catch (numbers or weight),NA,NTZ,Barbados Marine Reserve,Yes,1,145,0.57,NA,NA,Yes,Chaetodon striatus,145,
1616,NA,Catch,Individual species,Chaetodontidae,Chaetodon,striatus,NA,Catch (numbers or weight),NA,NTZ,Barbados Marine Reserve,Yes,2,400,3.24,NA,NA,Yes,Chaetodon striatus,400,
1616,NA,Catch,Individual species,Chaetodontidae,Chaetodon,striatus,NA,Catch (numbers or weight),NA,NTZ,Barbados Marine Reserve,Yes,3,600,0.23,NA,NA,Yes,Chaetodon striatus,600,
1616,NA,Catch,Individual species,Chaetodontidae,Chaetodon,striatus,NA,Catch (numbers or weight),NA,NTZ,Barbados Marine Reserve,Yes,4,740,0.73,NA,NA,Yes,Chaetodon striatus,740,
1616,NA,Catch,Individual species,Chaetodontidae,Chaetodon,striatus,NA,Catch (numbers or weight),NA,NTZ,Barbados Marine Reserve,Yes,5,1000,3.95,NA,NA,Yes,Chaetodon striatus,1000,
1616,NA,Catch,Individual species,Chaetodontidae,Chaetodon,striatus,NA,Catch (numbers or weight),NA,NTZ,Barbados Marine Reserve,Yes,1,1350,1.02,NA,NA,Yes,Chaetodon striatus,1350,
1616,NA,Catch,Individual species,Chaetodontidae,Chaetodon,striatus,NA,Catch (numbers or weight),NA,NTZ,Barbados Marine Reserve,Yes,2,2100,0.02,NA,NA,Yes,Chaetodon striatus,2100,
1616,NA,Catch,Individual species,Pomacentridae,Microspathodon,chrysurus,NA,Catch (numbers or weight),NA,NTZ,Barbados Marine Reserve,Yes,1,-745,1.72,NA,NA,No,Microspathodon chrysurus,-745,
1616,NA,Catch,Individual species,Pomacentridae,Microspathodon,chrysurus,NA,Catch (numbers or weight),NA,NTZ,Barbados Marine Reserve,Yes,2,-550,0.71,NA,NA,No,Microspathodon chrysurus,-550,
1616,NA,Catch,Individual species,Pomacentridae,Microspathodon,chrysurus,NA,Catch (numbers or weight),NA,NTZ,Barbados Marine Reserve,Yes,3,-200,4.93,NA,NA,No,Microspathodon chrysurus,-200,
1616,NA,Catch,Individual species,Pomacentridae,Microspathodon,chrysurus,NA,Catch (numbers or weight),NA,NTZ,Barbados Marine Reserve,Yes,4,-100,0,NA,NA,No,Microspathodon chrysurus,-100,
1616,NA,Catch,Individual species,Pomacentridae,Microspathodon,chrysurus,NA,Catch (numbers or weight),NA,NTZ,Barbados Marine Reserve,Yes,5,0,1.75,NA,NA,No,Microspathodon chrysurus,0,
1616,NA,Catch,Individual species,Pomacentridae,Microspathodon,chrysurus,NA,Catch (numbers or weight),NA,NTZ,Barbados Marine Reserve,Yes,1,145,2.4,NA,NA,No,Microspathodon chrysurus,145,
1616,NA,Catch,Individual species,Pomacentridae,Microspathodon,chrysurus,NA,Catch (numbers or weight),NA,NTZ,Barbados Marine Reserve,Yes,2,400,1.09,NA,NA,No,Microspathodon chrysurus,400,
1616,NA,Catch,Individual species,Pomacentridae,Microspathodon,chrysurus,NA,Catch (numbers or weight),NA,NTZ,Barbados Marine Reserve,Yes,3,600,5.65,NA,NA,No,Microspathodon chrysurus,600,
1616,NA,Catch,Individual species,Pomacentridae,Microspathodon,chrysurus,NA,Catch (numbers or weight),NA,NTZ,Barbados Marine Reserve,Yes,4,750,2.65,NA,NA,No,Microspathodon chrysurus,750,
1616,NA,Catch,Individual species,Pomacentridae,Microspathodon,chrysurus,NA,Catch (numbers or weight),NA,NTZ,Barbados Marine Reserve,Yes,5,1000,0.67,NA,NA,No,Microspathodon chrysurus,1000,
1616,NA,Catch,Individual species,Pomacentridae,Microspathodon,chrysurus,NA,Catch (numbers or weight),NA,NTZ,Barbados Marine Reserve,Yes,1,1350,1.91,NA,NA,No,Microspathodon chrysurus,1350,
1616,NA,Catch,Individual species,Pomacentridae,Microspathodon,chrysurus,NA,Catch (numbers or weight),NA,NTZ,Barbados Marine Reserve,Yes,2,2100,3.87,NA,NA,No,Microspathodon chrysurus,2100,
1616,NA,Catch,Genus group,Scaridae,Scarus,spp.,NA,Catch (numbers or weight),NA,NTZ,Barbados Marine Reserve,Yes,1,-745,6.45,NA,NA,No,Scarus spp.,-745,
1616,NA,Catch,Genus group,Scaridae,Scarus,spp.,NA,Catch (numbers or weight),NA,NTZ,Barbados Marine Reserve,Yes,2,-550,0.29,NA,NA,No,Scarus spp.,-550,
1616,NA,Catch,Genus group,Scaridae,Scarus,spp.,NA,Catch (numbers or weight),NA,NTZ,Barbados Marine Reserve,Yes,3,-200,1.5,NA,NA,No,Scarus spp.,-200,
1616,NA,Catch,Genus group,Scaridae,Scarus,spp.,NA,Catch (numbers or weight),NA,NTZ,Barbados Marine Reserve,Yes,4,-100,5.52,NA,NA,No,Scarus spp.,-100,
1616,NA,Catch,Genus group,Scaridae,Scarus,spp.,NA,Catch (numbers or weight),NA,NTZ,Barbados Marine Reserve,Yes,5,0,6.22,NA,NA,No,Scarus spp.,0,
1616,NA,Catch,Individual species,Scaridae,Scarus,spp.,NA,Catch (numbers or weight),NA,NTZ,Barbados Marine Reserve,Yes,1,145,0.99,NA,NA,No,Scarus spp.,145,
1616,NA,Catch,Individual species,Scaridae,Scarus,spp.,NA,Catch (numbers or weight),NA,NTZ,Barbados Marine Reserve,Yes,2,400,3.76,NA,NA,No,Scarus spp.,400,
1616,NA,Catch,Individual species,Scaridae,Scarus,spp.,NA,Catch (numbers or weight),NA,NTZ,Barbados Marine Reserve,Yes,3,600,0.49,NA,NA,No,Scarus spp.,600,
1616,NA,Catch,Individual species,Scaridae,Scarus,spp.,NA,Catch (numbers or weight),NA,NTZ,Barbados Marine Reserve,Yes,4,750,0.49,NA,NA,No,Scarus spp.,750,
1616,NA,Catch,Individual species,Scaridae,Scarus,spp.,NA,Catch (numbers or weight),NA,NTZ,Barbados Marine Reserve,Yes,5,1000,1.36,NA,NA,No,Scarus spp.,1000,
1616,NA,Catch,Genus group,Scaridae,Scarus,spp.,NA,Catch (numbers or weight),NA,NTZ,Barbados Marine Reserve,Yes,1,1350,0.68,NA,NA,No,Scarus spp.,1350,
1616,NA,Catch,Genus group,Scaridae,Scarus,spp.,NA,Catch (numbers or weight),NA,NTZ,Barbados Marine Reserve,Yes,2,2100,0.36,NA,NA,No,Scarus spp.,2100,
1616,NA,Catch,Individual species,Acanthuridae,Acanthurus,bahianus,NA,Catch (numbers or weight),NA,NTZ,Barbados Marine Reserve,Yes,1,-745,3.46,NA,NA,No,Acanthurus bahianus,-745,
1616,NA,Catch,Individual species,Acanthuridae,Acanthurus,bahianus,NA,Catch (numbers or weight),NA,NTZ,Barbados Marine Reserve,Yes,2,-550,2.71,NA,NA,No,Acanthurus bahianus,-550,
1616,NA,Catch,Individual species,Acanthuridae,Acanthurus,bahianus,NA,Catch (numbers or weight),NA,NTZ,Barbados Marine Reserve,Yes,3,-200,4.46,NA,NA,No,Acanthurus bahianus,-200,
1616,NA,Catch,Individual species,Acanthuridae,Acanthurus,bahianus,NA,Catch (numbers or weight),NA,NTZ,Barbados Marine Reserve,Yes,4,-100,4.71,NA,NA,No,Acanthurus bahianus,-100,
1616,NA,Catch,Individual species,Acanthuridae,Acanthurus,bahianus,NA,Catch (numbers or weight),NA,NTZ,Barbados Marine Reserve,Yes,5,0,7,NA,NA,No,Acanthurus bahianus,0,
1616,NA,Catch,Individual species,Acanthuridae,Acanthurus,bahianus,NA,Catch (numbers or weight),NA,NTZ,Barbados Marine Reserve,Yes,1,145,15.47,NA,NA,No,Acanthurus bahianus,145,
1616,NA,Catch,Individual species,Acanthuridae,Acanthurus,bahianus,NA,Catch (numbers or weight),NA,NTZ,Barbados Marine Reserve,Yes,2,400,1.95,NA,NA,No,Acanthurus bahianus,400,
1616,NA,Catch,Individual species,Acanthuridae,Acanthurus,bahianus,NA,Catch (numbers or weight),NA,NTZ,Barbados Marine Reserve,Yes,3,600,8.67,NA,NA,No,Acanthurus bahianus,600,
1616,NA,Catch,Individual species,Acanthuridae,Acanthurus,bahianus,NA,Catch (numbers or weight),NA,NTZ,Barbados Marine Reserve,Yes,4,750,6.48,NA,NA,No,Acanthurus bahianus,750,
1616,NA,Catch,Individual species,Acanthuridae,Acanthurus,bahianus,NA,Catch (numbers or weight),NA,NTZ,Barbados Marine Reserve,Yes,5,1000,0,NA,NA,No,Acanthurus bahianus,1000,
1616,NA,Catch,Individual species,Acanthuridae,Acanthurus,bahianus,NA,Catch (numbers or weight),NA,NTZ,Barbados Marine Reserve,Yes,1,1350,1.59,NA,NA,No,Acanthurus bahianus,1350,
1616,NA,Catch,Individual species,Acanthuridae,Acanthurus,bahianus,NA,Catch (numbers or weight),NA,NTZ,Barbados Marine Reserve,Yes,2,2100,2.93,NA,NA,No,Acanthurus bahianus,2100,
1616,Backreef,Transect count,Trappable size fish (Backreef),NA,NA,NA,NA,Density,NA,NTZ,Barbados Marine Reserve,Yes,1,-750,77.18,NA,NA,No,NA,-750,
1616,Backreef,Transect count,Trappable size fish (Backreef),NA,NA,NA,NA,Density,NA,NTZ,Barbados Marine Reserve,Yes,2,-550,131.26,NA,NA,No,NA,-550,
1616,Backreef,Transect count,Trappable size fish (Backreef),NA,NA,NA,NA,Density,NA,NTZ,Barbados Marine Reserve,Yes,3,-200,184.09,NA,NA,No,NA,-200,
1616,Backreef,Transect count,Trappable size fish (Backreef),NA,NA,NA,NA,Density,NA,NTZ,Barbados Marine Reserve,Yes,4,-100,153.51,NA,NA,No,NA,-100,
1616,Backreef,Transect count,Trappable size fish (Backreef),NA,NA,NA,NA,Density,NA,NTZ,Barbados Marine Reserve,Yes,5,0,177.42,NA,NA,No,NA,0,
1616,Backreef,Transect count,Trappable size fish (Backreef),NA,NA,NA,NA,Density,NA,NTZ,Barbados Marine Reserve,Yes,1,135,82.37,NA,NA,No,NA,135,
1616,Backreef,Transect count,Trappable size fish (Backreef),NA,NA,NA,NA,Density,NA,NTZ,Barbados Marine Reserve,Yes,2,400,126.36,NA,NA,No,NA,400,
1616,Backreef,Transect count,Trappable size fish (Backreef),NA,NA,NA,NA,Density,NA,NTZ,Barbados Marine Reserve,Yes,3,600,54.26,NA,NA,No,NA,600,
1616,Backreef,Transect count,Trappable size fish (Backreef),NA,NA,NA,NA,Density,NA,NTZ,Barbados Marine Reserve,Yes,4,750,39.72,NA,NA,No,NA,750,
1616,Backreef,Transect count,Trappable size fish (Backreef),NA,NA,NA,NA,Density,NA,NTZ,Barbados Marine Reserve,Yes,5,1000,59.33,NA,NA,No,NA,1000,
1616,Backreef,Transect count,Trappable size fish (Backreef),NA,NA,NA,NA,Density,NA,NTZ,Barbados Marine Reserve,Yes,1,1300,32.62,NA,NA,No,NA,1300,
1616,Backreef,Transect count,Trappable size fish (Backreef),NA,NA,NA,NA,Density,NA,NTZ,Barbados Marine Reserve,Yes,2,2100,34.89,NA,NA,No,NA,2100,
1616,Backreef,Transect count,Trappable size fish (Backreef),NA,NA,NA,NA,Density,NA,NTZ,Barbados Marine Reserve,Yes,3,2600,45.95,NA,NA,No,NA,2600,
1616,Crest-spur zone,Transect count,Trappable size fish (Crest-spur zone),NA,NA,NA,NA,Density,NA,NTZ,Barbados Marine Reserve,Yes,1,-750,206.72,NA,NA,No,NA,-750,
1616,Crest-spur zone,Transect count,Trappable size fish (Crest-spur zone),NA,NA,NA,NA,Density,NA,NTZ,Barbados Marine Reserve,Yes,2,-550,153.42,NA,NA,No,NA,-550,
1616,Crest-spur zone,Transect count,Trappable size fish (Crest-spur zone),NA,NA,NA,NA,Density,NA,NTZ,Barbados Marine Reserve,Yes,3,-200,159.33,NA,NA,No,NA,-200,
1616,Crest-spur zone,Transect count,Trappable size fish (Crest-spur zone),NA,NA,NA,NA,Density,NA,NTZ,Barbados Marine Reserve,Yes,4,-100,175.75,NA,NA,No,NA,-100,
1616,Crest-spur zone,Transect count,Trappable size fish (Crest-spur zone),NA,NA,NA,NA,Density,NA,NTZ,Barbados Marine Reserve,Yes,5,0,132.85,NA,NA,No,NA,0,
1616,Crest-spur zone,Transect count,Trappable size fish (Crest-spur zone),NA,NA,NA,NA,Density,NA,NTZ,Barbados Marine Reserve,Yes,1,135,72.35,NA,NA,No,NA,135,
1616,Crest-spur zone,Transect count,Trappable size fish (Crest-spur zone),NA,NA,NA,NA,Density,NA,NTZ,Barbados Marine Reserve,Yes,2,400,79.2,NA,NA,No,NA,400,
1616,Crest-spur zone,Transect count,Trappable size fish (Crest-spur zone),NA,NA,NA,NA,Density,NA,NTZ,Barbados Marine Reserve,Yes,3,600,106.53,NA,NA,No,NA,600,
1616,Crest-spur zone,Transect count,Trappable size fish (Crest-spur zone),NA,NA,NA,NA,Density,NA,NTZ,Barbados Marine Reserve,Yes,4,750,84.03,NA,NA,No,NA,750,
1616,Crest-spur zone,Transect count,Trappable size fish (Crest-spur zone),NA,NA,NA,NA,Density,NA,NTZ,Barbados Marine Reserve,Yes,5,1000,110.49,NA,NA,No,NA,1000,
1616,Crest-spur zone,Transect count,Trappable size fish (Crest-spur zone),NA,NA,NA,NA,Density,NA,NTZ,Barbados Marine Reserve,Yes,1,1300,94.2,NA,NA,No,NA,1300,
1616,Crest-spur zone,Transect count,Trappable size fish (Crest-spur zone),NA,NA,NA,NA,Density,NA,NTZ,Barbados Marine Reserve,Yes,2,2100,94.96,NA,NA,No,NA,2100,
1616,Crest-spur zone,Transect count,Trappable size fish (Crest-spur zone),NA,NA,NA,NA,Density,NA,NTZ,Barbados Marine Reserve,Yes,3,2600,176.59,NA,NA,No,NA,2600,
1616,Backreef,Transect count,Non-trappable size fish (Backreef),NA,NA,NA,NA,Density,NA,NTZ,Barbados Marine Reserve,Yes,1,-750,160.53,NA,NA,No,NA,-750,
1616,Backreef,Transect count,Non-trappable size fish (Backreef),NA,NA,NA,NA,Density,NA,NTZ,Barbados Marine Reserve,Yes,2,-550,131.45,NA,NA,No,NA,-550,
1616,Backreef,Transect count,Non-trappable size fish (Backreef),NA,NA,NA,NA,Density,NA,NTZ,Barbados Marine Reserve,Yes,3,-200,203.93,NA,NA,No,NA,-200,
1616,Backreef,Transect count,Non-trappable size fish (Backreef),NA,NA,NA,NA,Density,NA,NTZ,Barbados Marine Reserve,Yes,4,-100,121.9,NA,NA,No,NA,-100,
1616,Backreef,Transect count,Non-trappable size fish (Backreef),NA,NA,NA,NA,Density,NA,NTZ,Barbados Marine Reserve,Yes,5,0,125.2,NA,NA,No,NA,0,
1616,Backreef,Stationary count,Non-trappable size fish (Backreef),NA,NA,NA,NA,Density,NA,NTZ,Barbados Marine Reserve,Yes,1,135,147.11,NA,NA,No,NA,135,
1616,Backreef,Stationary count,Non-trappable size fish (Backreef),NA,NA,NA,NA,Density,NA,NTZ,Barbados Marine Reserve,Yes,2,400,170.02,NA,NA,No,NA,400,
1616,Backreef,Stationary count,Non-trappable size fish (Backreef),NA,NA,NA,NA,Density,NA,NTZ,Barbados Marine Reserve,Yes,3,600,204.55,NA,NA,No,NA,600,
1616,Backreef,Stationary count,Non-trappable size fish (Backreef),NA,NA,NA,NA,Density,NA,NTZ,Barbados Marine Reserve,Yes,4,750,166.73,NA,NA,No,NA,750,
1616,Backreef,Stationary count,Non-trappable size fish (Backreef),NA,NA,NA,NA,Density,NA,NTZ,Barbados Marine Reserve,Yes,5,1000,199.08,NA,NA,No,NA,1000,
1616,Backreef,Transect count,Non-trappable size fish (Backreef),NA,NA,NA,NA,Density,NA,NTZ,Barbados Marine Reserve,Yes,1,1300,143.12,NA,NA,No,NA,1300,
1616,Backreef,Transect count,Non-trappable size fish (Backreef),NA,NA,NA,NA,Density,NA,NTZ,Barbados Marine Reserve,Yes,2,2100,195.07,NA,NA,No,NA,2100,
1616,Backreef,Transect count,Non-trappable size fish (Backreef),NA,NA,NA,NA,Density,NA,NTZ,Barbados Marine Reserve,Yes,3,2600,206.07,NA,NA,No,NA,2600,
1616,Crest-spur zone,Transect count,Non-trappable size fish (Crest-spur zone),NA,NA,NA,NA,Density,NA,NTZ,Barbados Marine Reserve,Yes,1,-750,275.59,NA,NA,No,NA,-750,
1616,Crest-spur zone,Transect count,Non-trappable size fish (Crest-spur zone),NA,NA,NA,NA,Density,NA,NTZ,Barbados Marine Reserve,Yes,2,-550,252.24,NA,NA,No,NA,-550,
1616,Crest-spur zone,Transect count,Non-trappable size fish (Crest-spur zone),NA,NA,NA,NA,Density,NA,NTZ,Barbados Marine Reserve,Yes,3,-200,168.92,NA,NA,No,NA,-200,
1616,Crest-spur zone,Transect count,Non-trappable size fish (Crest-spur zone),NA,NA,NA,NA,Density,NA,NTZ,Barbados Marine Reserve,Yes,4,-100,194.7,NA,NA,No,NA,-100,
1616,Crest-spur zone,Transect count,Non-trappable size fish (Crest-spur zone),NA,NA,NA,NA,Density,NA,NTZ,Barbados Marine Reserve,Yes,5,0,228.35,NA,NA,No,NA,0,
1616,Crest-spur zone,Transect count,Non-trappable size fish (Crest-spur zone),NA,NA,NA,NA,Density,NA,NTZ,Barbados Marine Reserve,Yes,1,135,185.08,NA,NA,No,NA,135,
1616,Crest-spur zone,Transect count,Non-trappable size fish (Crest-spur zone),NA,NA,NA,NA,Density,NA,NTZ,Barbados Marine Reserve,Yes,2,400,205.56,NA,NA,No,NA,400,
1616,Crest-spur zone,Transect count,Non-trappable size fish (Crest-spur zone),NA,NA,NA,NA,Density,NA,NTZ,Barbados Marine Reserve,Yes,3,600,264.85,NA,NA,No,NA,600,
1616,Crest-spur zone,Transect count,Non-trappable size fish (Crest-spur zone),NA,NA,NA,NA,Density,NA,NTZ,Barbados Marine Reserve,Yes,4,750,232.94,NA,NA,No,NA,750,
1616,Crest-spur zone,Transect count,Non-trappable size fish (Crest-spur zone),NA,NA,NA,NA,Density,NA,NTZ,Barbados Marine Reserve,Yes,5,1000,290.64,NA,NA,No,NA,1000,
1616,Crest-spur zone,Transect count,Non-trappable size fish (Crest-reef spur),NA,NA,NA,NA,Density,NA,NTZ,Barbados Marine Reserve,Yes,1,1300,224.91,NA,NA,No,NA,1300,
1616,Crest-spur zone,Transect count,Non-trappable size fish (Crest-reef spur),NA,NA,NA,NA,Density,NA,NTZ,Barbados Marine Reserve,Yes,2,2100,279.85,NA,NA,No,NA,2100,
1616,Crest-spur zone,Transect count,Non-trappable size fish (Crest-reef spur),NA,NA,NA,NA,Density,NA,NTZ,Barbados Marine Reserve,Yes,3,2600,332.15,NA,NA,No,NA,2600,
1616,Crest-spur zone,Transect count,Number of trappable size fish (Crest-spur zone_,Haemulidae,Haemulon,chrysargyreum,NA,Density,NA,NTZ,Barbados Marine Reserve,Yes,1,-750,56.06,NA,NA,No,Haemulon chrysargyreum,-750,
1616,Crest-spur zone,Transect count,Number of trappable size fish (Crest-spur zone_,Haemulidae,Haemulon,chrysargyreum,NA,Density,NA,NTZ,Barbados Marine Reserve,Yes,2,-550,19.72,NA,NA,No,Haemulon chrysargyreum,-550,
1616,Crest-spur zone,Transect count,Number of trappable size fish (Crest-spur zone_,Haemulidae,Haemulon,chrysargyreum,NA,Density,NA,NTZ,Barbados Marine Reserve,Yes,3,-200,3.34,NA,NA,No,Haemulon chrysargyreum,-200,
1616,Crest-spur zone,Transect count,Number of trappable size fish (Crest-spur zone_,Haemulidae,Haemulon,chrysargyreum,NA,Density,NA,NTZ,Barbados Marine Reserve,Yes,4,-100,12.81,NA,NA,No,Haemulon chrysargyreum,-100,
1616,Crest-spur zone,Transect count,Number of trappable size fish (Crest-spur zone_,Haemulidae,Haemulon,chrysargyreum,NA,Density,NA,NTZ,Barbados Marine Reserve,Yes,5,0,5.05,NA,NA,No,Haemulon chrysargyreum,0,
1616,Crest-spur zone,Transect count,Trappable size fish (Crest-spur zone),Haemulidae,Haemulon,chrysargyreum,NA,Density,NA,NTZ,Barbados Marine Reserve,Yes,1,135,5.44,NA,NA,No,Haemulon chrysargyreum,135,
1616,Crest-spur zone,Transect count,Trappable size fish (Crest-spur zone),Haemulidae,Haemulon,chrysargyreum,NA,Density,NA,NTZ,Barbados Marine Reserve,Yes,2,400,2.53,NA,NA,No,Haemulon chrysargyreum,400,
1616,Crest-spur zone,Transect count,Trappable size fish (Crest-spur zone),Haemulidae,Haemulon,chrysargyreum,NA,Density,NA,NTZ,Barbados Marine Reserve,Yes,3,600,17.84,NA,NA,No,Haemulon chrysargyreum,600,
1616,Crest-spur zone,Transect count,Trappable size fish (Crest-spur zone),Haemulidae,Haemulon,chrysargyreum,NA,Density,NA,NTZ,Barbados Marine Reserve,Yes,4,750,4.97,NA,NA,No,Haemulon chrysargyreum,750,
1616,Crest-spur zone,Transect count,Trappable size fish (Crest-spur zone),Haemulidae,Haemulon,chrysargyreum,NA,Density,NA,NTZ,Barbados Marine Reserve,Yes,5,1000,12.96,NA,NA,No,Haemulon chrysargyreum,1000,
1616,Crest-spur zone,Transect count,Trappable size fish (Crest-spur zone),Haemulidae,Haemulon,chrysargyreum,NA,Density,NA,NTZ,Barbados Marine Reserve,Yes,1,1300,3.33,NA,NA,No,Haemulon chrysargyreum,1300,
1616,Crest-spur zone,Transect count,Trappable size fish (Crest-spur zone),Haemulidae,Haemulon,chrysargyreum,NA,Density,NA,NTZ,Barbados Marine Reserve,Yes,2,2100,7.05,NA,NA,No,Haemulon chrysargyreum,2100,
1616,Crest-spur zone,Transect count,Trappable size fish (Crest-spur zone),Haemulidae,Haemulon,chrysargyreum,NA,Density,NA,NTZ,Barbados Marine Reserve,Yes,3,2600,32.42,NA,NA,No,Haemulon chrysargyreum,2600,
1616,Crest-spur zone,Transect count,Trappable size fish (Crest-spur zone),Pomacentridae,Microspathodon,chrysurus,NA,Density,NA,NTZ,Barbados Marine Reserve,Yes,1,-750,44.35,NA,NA,No,Microspathodon chrysurus,-750,
1616,Crest-spur zone,Transect count,Trappable size fish (Crest-spur zone),Pomacentridae,Microspathodon,chrysurus,NA,Density,NA,NTZ,Barbados Marine Reserve,Yes,2,-550,45.1,NA,NA,No,Microspathodon chrysurus,-550,
1616,Crest-spur zone,Transect count,Trappable size fish (Crest-spur zone),Pomacentridae,Microspathodon,chrysurus,NA,Density,NA,NTZ,Barbados Marine Reserve,Yes,3,-200,27.45,NA,NA,No,Microspathodon chrysurus,-200,
1616,Crest-spur zone,Transect count,Trappable size fish (Crest-spur zone),Pomacentridae,Microspathodon,chrysurus,NA,Density,NA,NTZ,Barbados Marine Reserve,Yes,4,-100,26.59,NA,NA,No,Microspathodon chrysurus,-100,
1616,Crest-spur zone,Transect count,Trappable size fish (Crest-spur zone),Pomacentridae,Microspathodon,chrysurus,NA,Density,NA,NTZ,Barbados Marine Reserve,Yes,5,0,25.85,NA,NA,No,Microspathodon chrysurus,0,
1616,Crest-spur zone,Transect count,Trappable size fish (Crest-spur zone),Pomacentridae,Microspathodon,chrysurus,NA,Density,NA,NTZ,Barbados Marine Reserve,Yes,1,135,23.79,NA,NA,No,Microspathodon chrysurus,135,
1616,Crest-spur zone,Transect count,Trappable size fish (Crest-spur zone),Pomacentridae,Microspathodon,chrysurus,NA,Density,NA,NTZ,Barbados Marine Reserve,Yes,2,400,16.02,NA,NA,No,Microspathodon chrysurus,400,
1616,Crest-spur zone,Transect count,Trappable size fish (Crest-spur zone),Pomacentridae,Microspathodon,chrysurus,NA,Density,NA,NTZ,Barbados Marine Reserve,Yes,3,600,38.86,NA,NA,No,Microspathodon chrysurus,600,
1616,Crest-spur zone,Transect count,Trappable size fish (Crest-spur zone),Pomacentridae,Microspathodon,chrysurus,NA,Density,NA,NTZ,Barbados Marine Reserve,Yes,4,750,27,NA,NA,No,Microspathodon chrysurus,750,
1616,Crest-spur zone,Transect count,Trappable size fish (Crest-spur zone),Pomacentridae,Microspathodon,chrysurus,NA,Density,NA,NTZ,Barbados Marine Reserve,Yes,5,1000,29.93,NA,NA,No,Microspathodon chrysurus,1000,
1616,Crest-spur zone,Transect count,Trappable size fish (Crest-spur zone),Pomacentridae,Microspathodon,chrysurus,NA,Density,NA,NTZ,Barbados Marine Reserve,Yes,1,1300,18.55,NA,NA,No,Microspathodon chrysurus,1300,
1616,Crest-spur zone,Transect count,Trappable size fish (Crest-spur zone),Pomacentridae,Microspathodon,chrysurus,NA,Density,NA,NTZ,Barbados Marine Reserve,Yes,2,2100,22.95,NA,NA,No,Microspathodon chrysurus,2100,
1616,Crest-spur zone,Transect count,Trappable size fish (Crest-spur zone),Pomacentridae,Microspathodon,chrysurus,NA,Density,NA,NTZ,Barbados Marine Reserve,Yes,3,2600,31.92,NA,NA,No,Microspathodon chrysurus,2600,
1616,Crest-spur zone,Transect count,Trappable size fish (Crest-spur zone),Acanthuridae,Acanthurus,bahianus,NA,Density,NA,NTZ,Barbados Marine Reserve,Yes,1,-750,15.36,NA,NA,No,Acanthurus bahianus,-750,
1616,Crest-spur zone,Transect count,Trappable size fish (Crest-spur zone),Acanthuridae,Acanthurus,bahianus,NA,Density,NA,NTZ,Barbados Marine Reserve,Yes,2,-550,21.11,NA,NA,No,Acanthurus bahianus,-550,
1616,Crest-spur zone,Transect count,Trappable size fish (Crest-spur zone),Acanthuridae,Acanthurus,bahianus,NA,Density,NA,NTZ,Barbados Marine Reserve,Yes,3,-200,59.17,NA,NA,No,Acanthurus bahianus,-200,
1616,Crest-spur zone,Transect count,Trappable size fish (Crest-spur zone),Acanthuridae,Acanthurus,bahianus,NA,Density,NA,NTZ,Barbados Marine Reserve,Yes,4,-100,62.02,NA,NA,No,Acanthurus bahianus,-100,
1616,Crest-spur zone,Transect count,Trappable size fish (Crest-spur zone),Acanthuridae,Acanthurus,bahianus,NA,Density,NA,NTZ,Barbados Marine Reserve,Yes,5,0,44.73,NA,NA,No,Acanthurus bahianus,0,
1616,Crest-spur zone,Transect count,Trappable size fish (Crest-spur zone),Acanthuridae,Acanthurus,bahianus,NA,Density,NA,NTZ,Barbados Marine Reserve,Yes,1,135,10.63,NA,NA,No,Acanthurus bahianus,135,
1616,Crest-spur zone,Transect count,Trappable size fish (Crest-spur zone),Acanthuridae,Acanthurus,bahianus,NA,Density,NA,NTZ,Barbados Marine Reserve,Yes,2,400,16.29,NA,NA,No,Acanthurus bahianus,400,
1616,Crest-spur zone,Transect count,Trappable size fish (Crest-spur zone),Acanthuridae,Acanthurus,bahianus,NA,Density,NA,NTZ,Barbados Marine Reserve,Yes,3,600,0,NA,NA,No,Acanthurus bahianus,600,
1616,Crest-spur zone,Transect count,Trappable size fish (Crest-spur zone),Acanthuridae,Acanthurus,bahianus,NA,Density,NA,NTZ,Barbados Marine Reserve,Yes,4,750,26.62,NA,NA,No,Acanthurus bahianus,750,
1616,Crest-spur zone,Transect count,Trappable size fish (Crest-spur zone),Acanthuridae,Acanthurus,bahianus,NA,Density,NA,NTZ,Barbados Marine Reserve,Yes,5,1000,13.63,NA,NA,No,Acanthurus bahianus,1000,
1616,Crest-spur zone,Transect count,Trappable size fish (Crest-spur zone),Acanthuridae,Acanthurus,bahianus,NA,Density,NA,NTZ,Barbados Marine Reserve,Yes,1,1300,23.8,NA,NA,No,Acanthurus bahianus,1300,
1616,Crest-spur zone,Transect count,Trappable size fish (Crest-spur zone),Acanthuridae,Acanthurus,bahianus,NA,Density,NA,NTZ,Barbados Marine Reserve,Yes,2,2100,34.47,NA,NA,No,Acanthurus bahianus,2100,
1616,Crest-spur zone,Transect count,Trappable size fish (Crest-spur zone),Acanthuridae,Acanthurus,bahianus,NA,Density,NA,NTZ,Barbados Marine Reserve,Yes,3,2600,72.84,NA,NA,No,Acanthurus bahianus,2600,
1616,Crest-spur zone,Transect count,Trappable size fish (Crest-spur zone),Haemulidae,Haemulon,aurolineatum,NA,Density,NA,NTZ,Barbados Marine Reserve,Yes,1,-750,9.34,NA,NA,No,Haemulon aurolineatum,-750,
1616,Crest-spur zone,Transect count,Trappable size fish (Crest-spur zone),Haemulidae,Haemulon,aurolineatum,NA,Density,NA,NTZ,Barbados Marine Reserve,Yes,2,-550,1.35,NA,NA,No,Haemulon aurolineatum,-550,
1616,Crest-spur zone,Transect count,Trappable size fish (Crest-spur zone),Haemulidae,Haemulon,aurolineatum,NA,Density,NA,NTZ,Barbados Marine Reserve,Yes,3,-200,0,NA,NA,No,Haemulon aurolineatum,-200,
1616,Crest-spur zone,Transect count,Trappable size fish (Crest-spur zone),Haemulidae,Haemulon,aurolineatum,NA,Density,NA,NTZ,Barbados Marine Reserve,Yes,4,-100,0.56,NA,NA,No,Haemulon aurolineatum,-100,
1616,Crest-spur zone,Transect count,Trappable size fish (Crest-spur zone),Haemulidae,Haemulon,aurolineatum,NA,Density,NA,NTZ,Barbados Marine Reserve,Yes,5,0,0.57,NA,NA,No,Haemulon aurolineatum,0,
1616,Crest-spur zone,Transect count,Trappable size fish (Crest-spur zone),Haemulidae,Haemulon,aurolineatum,NA,Density,NA,NTZ,Barbados Marine Reserve,Yes,1,135,2.22,NA,NA,No,Haemulon aurolineatum,135,
1616,Crest-spur zone,Transect count,Trappable size fish (Crest-spur zone),Haemulidae,Haemulon,aurolineatum,NA,Density,NA,NTZ,Barbados Marine Reserve,Yes,2,400,0.94,NA,NA,No,Haemulon aurolineatum,400,
1616,Crest-spur zone,Transect count,Trappable size fish (Crest-spur zone),Haemulidae,Haemulon,aurolineatum,NA,Density,NA,NTZ,Barbados Marine Reserve,Yes,3,600,13.06,NA,NA,No,Haemulon aurolineatum,600,
1616,Crest-spur zone,Transect count,Trappable size fish (Crest-spur zone),Haemulidae,Haemulon,aurolineatum,NA,Density,NA,NTZ,Barbados Marine Reserve,Yes,4,750,1.12,NA,NA,No,Haemulon aurolineatum,750,
1616,Crest-spur zone,Transect count,Trappable size fish (Crest-spur zone),Haemulidae,Haemulon,aurolineatum,NA,Density,NA,NTZ,Barbados Marine Reserve,Yes,5,1000,2.47,NA,NA,No,Haemulon aurolineatum,1000,
1616,Crest-spur zone,Transect count,Trappable size fish (Crest-spur zone),Haemulidae,Haemulon,aurolineatum,NA,Density,NA,NTZ,Barbados Marine Reserve,Yes,1,1300,4.48,NA,NA,No,Haemulon aurolineatum,1300,
1616,Crest-spur zone,Transect count,Trappable size fish (Crest-spur zone),Haemulidae,Haemulon,aurolineatum,NA,Density,NA,NTZ,Barbados Marine Reserve,Yes,2,2100,1.71,NA,NA,No,Haemulon aurolineatum,2100,
1616,Crest-spur zone,Transect count,Trappable size fish (Crest-spur zone),Haemulidae,Haemulon,aurolineatum,NA,Density,NA,NTZ,Barbados Marine Reserve,Yes,3,2600,13.17,NA,NA,No,Haemulon aurolineatum,2600,
1616,Crest-spur zone,Transect count,Trappable size fish (Crest-spur zone),Pomacentridae,Pomacentrus,spp.,NA,Density,NA,NTZ,Barbados Marine Reserve,Yes,1,-750,3.69,NA,NA,No,Pomacentrus spp.,-750,
1616,Crest-spur zone,Transect count,Trappable size fish (Crest-spur zone),Pomacentridae,Pomacentrus,spp.,NA,Density,NA,NTZ,Barbados Marine Reserve,Yes,2,-550,7.58,NA,NA,No,Pomacentrus spp.,-550,
1616,Crest-spur zone,Transect count,Trappable size fish (Crest-spur zone),Pomacentridae,Pomacentrus,spp.,NA,Density,NA,NTZ,Barbados Marine Reserve,Yes,3,-200,8.13,NA,NA,No,Pomacentrus spp.,-200,
1616,Crest-spur zone,Transect count,Trappable size fish (Crest-spur zone),Pomacentridae,Pomacentrus,spp.,NA,Density,NA,NTZ,Barbados Marine Reserve,Yes,4,-100,3.86,NA,NA,No,Pomacentrus spp.,-100,
1616,Crest-spur zone,Transect count,Trappable size fish (Crest-spur zone),Pomacentridae,Pomacentrus,spp.,NA,Density,NA,NTZ,Barbados Marine Reserve,Yes,5,0,6.59,NA,NA,No,Pomacentrus spp.,0,
1616,Crest-spur zone,Transect count,Trappable size fish,Pomacentridae,Pomacentrus,spp.,NA,Density,NA,NTZ,Barbados Marine Reserve,Yes,1,135,5.61,NA,NA,No,Pomacentrus spp.,135,
1616,Crest-spur zone,Transect count,Trappable size fish,Pomacentridae,Pomacentrus,spp.,NA,Density,NA,NTZ,Barbados Marine Reserve,Yes,2,400,13.07,NA,NA,No,Pomacentrus spp.,400,
1616,Crest-spur zone,Transect count,Trappable size fish,Pomacentridae,Pomacentrus,spp.,NA,Density,NA,NTZ,Barbados Marine Reserve,Yes,3,600,4.75,NA,NA,No,Pomacentrus spp.,600,
1616,Crest-spur zone,Transect count,Trappable size fish,Pomacentridae,Pomacentrus,spp.,NA,Density,NA,NTZ,Barbados Marine Reserve,Yes,4,750,2.4,NA,NA,No,Pomacentrus spp.,750,
1616,Crest-spur zone,Transect count,Trappable size fish,Pomacentridae,Pomacentrus,spp.,NA,Density,NA,NTZ,Barbados Marine Reserve,Yes,5,1000,0.73,NA,NA,No,Pomacentrus spp.,1000,
1616,Crest-spur zone,Transect count,Trappable size fish (Crest-spur zone),Pomacentridae,Pomacentrus,spp.,NA,Density,NA,NTZ,Barbados Marine Reserve,Yes,1,1300,0.9,NA,NA,No,Pomacentrus spp.,1300,
1616,Crest-spur zone,Transect count,Trappable size fish (Crest-spur zone),Pomacentridae,Pomacentrus,spp.,NA,Density,NA,NTZ,Barbados Marine Reserve,Yes,2,2100,0.8,NA,NA,No,Pomacentrus spp.,2100,
1616,Crest-spur zone,Transect count,Trappable size fish (Crest-spur zone),Pomacentridae,Pomacentrus,spp.,NA,Density,NA,NTZ,Barbados Marine Reserve,Yes,3,2600,0.55,NA,NA,No,Pomacentrus spp.,2600,
1616,Crest-spur zone,Transect count,Trappable size fish (Crest-spur zone),Acanthuridae,Acanthurus,coeruleus,NA,Density,NA,NTZ,Barbados Marine Reserve,Yes,1,-750,9.28,NA,NA,No,Acanthurus coeruleus,-750,
1616,Crest-spur zone,Transect count,Trappable size fish (Crest-spur zone),Acanthuridae,Acanthurus,coeruleus,NA,Density,NA,NTZ,Barbados Marine Reserve,Yes,2,-550,2.38,NA,NA,No,Acanthurus coeruleus,-550,
1616,Crest-spur zone,Transect count,Trappable size fish (Crest-spur zone),Acanthuridae,Acanthurus,coeruleus,NA,Density,NA,NTZ,Barbados Marine Reserve,Yes,3,-200,1.4,NA,NA,No,Acanthurus coeruleus,-200,
1616,Crest-spur zone,Transect count,Trappable size fish (Crest-spur zone),Acanthuridae,Acanthurus,coeruleus,NA,Density,NA,NTZ,Barbados Marine Reserve,Yes,4,-100,17.66,NA,NA,No,Acanthurus coeruleus,-100,
1616,Crest-spur zone,Transect count,Trappable size fish (Crest-spur zone),Acanthuridae,Acanthurus,coeruleus,NA,Density,NA,NTZ,Barbados Marine Reserve,Yes,5,0,15.76,NA,NA,No,Acanthurus coeruleus,0,
1616,Crest-spur zone,Transect count,Trappable size fish (Crest-spur zone),Acanthuridae,Acanthurus,coeruleus,NA,Density,NA,NTZ,Barbados Marine Reserve,Yes,1,135,0.95,NA,NA,No,Acanthurus coeruleus,135,
1616,Crest-spur zone,Transect count,Trappable size fish (Crest-spur zone),Acanthuridae,Acanthurus,coeruleus,NA,Density,NA,NTZ,Barbados Marine Reserve,Yes,2,400,0.75,NA,NA,No,Acanthurus coeruleus,400,
1616,Crest-spur zone,Transect count,Trappable size fish (Crest-spur zone),Acanthuridae,Acanthurus,coeruleus,NA,Density,NA,NTZ,Barbados Marine Reserve,Yes,3,600,2.13,NA,NA,No,Acanthurus coeruleus,600,
1616,Crest-spur zone,Transect count,Trappable size fish (Crest-spur zone),Acanthuridae,Acanthurus,coeruleus,NA,Density,NA,NTZ,Barbados Marine Reserve,Yes,4,750,8.12,NA,NA,No,Acanthurus coeruleus,750,
1616,Crest-spur zone,Transect count,Trappable size fish (Crest-spur zone),Acanthuridae,Acanthurus,coeruleus,NA,Density,NA,NTZ,Barbados Marine Reserve,Yes,5,1000,3.17,NA,NA,No,Acanthurus coeruleus,1000,
1616,Crest-spur zone,Transect count,Trappable size fish (Crest-spur zone),Acanthuridae ,Acanthurus,coeruleus,NA,Density,NA,NTZ,Barbados Marine Reserve,Yes,1,1300,5.23,NA,NA,No,Acanthurus coeruleus,1300,
1616,Crest-spur zone,Transect count,Trappable size fish (Crest-spur zone),Acanthuridae ,Acanthurus,coeruleus,NA,Density,NA,NTZ,Barbados Marine Reserve,Yes,2,2100,6.96,NA,NA,No,Acanthurus coeruleus,2100,
1616,Crest-spur zone,Transect count,Trappable size fish (Crest-spur zone),Acanthuridae ,Acanthurus,coeruleus,NA,Density,NA,NTZ,Barbados Marine Reserve,Yes,3,2600,1.66,NA,NA,No,Acanthurus coeruleus,2600,
1616,Crest-spur zone,Transect count,Trappable size fish (Crest-spur zone),Haemulidae,Haemulon,flavolineatum,NA,Density,NA,NTZ,Barbados Marine Reserve,Yes,1,-750,7,NA,NA,No,Haemulon flavolineatum,-750,
1616,Crest-spur zone,Transect count,Trappable size fish (Crest-spur zone),Haemulidae,Haemulon,flavolineatum,NA,Density,NA,NTZ,Barbados Marine Reserve,Yes,2,-550,6.68,NA,NA,No,Haemulon flavolineatum,-550,
1616,Crest-spur zone,Transect count,Trappable size fish (Crest-spur zone),Haemulidae,Haemulon,flavolineatum,NA,Density,NA,NTZ,Barbados Marine Reserve,Yes,3,-200,1.4,NA,NA,No,Haemulon flavolineatum,-200,
1616,Crest-spur zone,Transect count,Trappable size fish (Crest-spur zone),Haemulidae,Haemulon,flavolineatum,NA,Density,NA,NTZ,Barbados Marine Reserve,Yes,4,-100,10.74,NA,NA,No,Haemulon flavolineatum,-100,
1616,Crest-spur zone,Transect count,Trappable size fish (Crest-spur zone),Haemulidae,Haemulon,flavolineatum,NA,Density,NA,NTZ,Barbados Marine Reserve,Yes,5,0,3.41,NA,NA,No,Haemulon flavolineatum,0,
1616,Crest-spur zone,Transect count,Trappable size fish (Crest-spur zone),Haemulidae,Haemulon,flavolineatum,NA,Density,NA,NTZ,Barbados Marine Reserve,Yes,1,135,6.73,NA,NA,No,Haemulon flavolineatum,135,
1616,Crest-spur zone,Transect count,Trappable size fish (Crest-spur zone),Haemulidae,Haemulon,flavolineatum,NA,Density,NA,NTZ,Barbados Marine Reserve,Yes,2,400,0.43,NA,NA,No,Haemulon flavolineatum,400,
1616,Crest-spur zone,Transect count,Trappable size fish (Crest-spur zone),Haemulidae,Haemulon,flavolineatum,NA,Density,NA,NTZ,Barbados Marine Reserve,Yes,3,600,4.75,NA,NA,No,Haemulon flavolineatum,600,
1616,Crest-spur zone,Transect count,Trappable size fish (Crest-spur zone),Haemulidae,Haemulon,flavolineatum,NA,Density,NA,NTZ,Barbados Marine Reserve,Yes,4,750,1.97,NA,NA,No,Haemulon flavolineatum,750,
1616,Crest-spur zone,Transect count,Trappable size fish (Crest-spur zone),Haemulidae,Haemulon,flavolineatum,NA,Density,NA,NTZ,Barbados Marine Reserve,Yes,5,1000,3.15,NA,NA,No,Haemulon flavolineatum,1000,
1616,Crest-spur zone,Transect count,Trappable size fish (Crest-spur zone),Haemulidae,Haemulon,flavolineatum,NA,Density,NA,NTZ,Barbados Marine Reserve,Yes,1,1300,3.16,NA,NA,No,Haemulon flavolineatum,1300,
1616,Crest-spur zone,Transect count,Trappable size fish (Crest-spur zone),Haemulidae,Haemulon,flavolineatum,NA,Density,NA,NTZ,Barbados Marine Reserve,Yes,2,2100,3.05,NA,NA,No,Haemulon flavolineatum,2100,
1616,Crest-spur zone,Transect count,Trappable size fish (Crest-spur zone),Haemulidae,Haemulon,flavolineatum,NA,Density,NA,NTZ,Barbados Marine Reserve,Yes,3,2600,1.19,NA,NA,No,Haemulon flavolineatum,2600,
1616,Crest-spur zone,Transect count,Trappable size fish (Crest-spur zone),Scaridae,Scarus,vetula,NA,Density,NA,NTZ,Barbados Marine Reserve,Yes,1,-750,9.63,NA,NA,No,Scarus vetula,-750,
1616,Crest-spur zone,Transect count,Trappable size fish (Crest-spur zone),Scaridae,Scarus,vetula,NA,Density,NA,NTZ,Barbados Marine Reserve,Yes,2,-500,6.01,NA,NA,No,Scarus vetula,-500,
1616,Crest-spur zone,Transect count,Trappable size fish (Crest-spur zone),Scaridae,Scarus,vetula,NA,Density,NA,NTZ,Barbados Marine Reserve,Yes,3,-200,15.37,NA,NA,No,Scarus vetula,-200,
1616,Crest-spur zone,Transect count,Trappable size fish (Crest-spur zone),Scaridae,Scarus,vetula,NA,Density,NA,NTZ,Barbados Marine Reserve,Yes,4,-100,11.22,NA,NA,No,Scarus vetula,-100,
1616,Crest-spur zone,Transect count,Trappable size fish (Crest-spur zone),Scaridae,Scarus,vetula,NA,Density,NA,NTZ,Barbados Marine Reserve,Yes,5,0,4.08,NA,NA,No,Scarus vetula,0,
1616,Crest-spur zone,Transect count,Trappable size fish (Crest-spur zone),Scaridae,Scarus,vetula,NA,Density,NA,NTZ,Barbados Marine Reserve,Yes,1,135,5.05,NA,NA,No,Scarus vetula,135,
1616,Crest-spur zone,Transect count,Trappable size fish (Crest-spur zone),Scaridae,Scarus,vetula,NA,Density,NA,NTZ,Barbados Marine Reserve,Yes,2,400,3.91,NA,NA,No,Scarus vetula,400,
1616,Crest-spur zone,Transect count,Trappable size fish (Crest-spur zone),Scaridae,Scarus,vetula,NA,Density,NA,NTZ,Barbados Marine Reserve,Yes,3,600,0.13,NA,NA,No,Scarus vetula,600,
1616,Crest-spur zone,Transect count,Trappable size fish (Crest-spur zone),Scaridae,Scarus,vetula,NA,Density,NA,NTZ,Barbados Marine Reserve,Yes,4,750,1.29,NA,NA,No,Scarus vetula,750,
1616,Crest-spur zone,Transect count,Trappable size fish (Crest-spur zone),Scaridae,Scarus,vetula,NA,Density,NA,NTZ,Barbados Marine Reserve,Yes,5,1000,0.49,NA,NA,No,Scarus vetula,1000,
1616,Crest-spur zone,Transect count,Trappable size fish (Crest-spur zone),Scaridae,Scarus,vetula,NA,Density,NA,NTZ,Barbados Marine Reserve,Yes,1,1300,1.15,NA,NA,No,Scarus vetula,1300,
1616,Crest-spur zone,Transect count,Trappable size fish (Crest-spur zone),Scaridae,Scarus,vetula,NA,Density,NA,NTZ,Barbados Marine Reserve,Yes,2,2100,0.72,NA,NA,No,Scarus vetula,2100,
1616,Crest-spur zone,Transect count,Trappable size fish (Crest-spur zone),Scaridae,Scarus,vetula,NA,Density,NA,NTZ,Barbados Marine Reserve,Yes,3,2600,0.59,NA,NA,No,Scarus vetula,2600,
1616,Crest-spur zone,Transect count,Trappable size fish (Crest-spur zone),Mullidae,Mulloidichthys,martinicus,NA,Density,NA,NTZ,Barbados Marine Reserve,Yes,1,-750,14.36,NA,NA,No,Mulloidichthys martinicus,-750,
1616,Crest-spur zone,Transect count,Trappable size fish (Crest-spur zone),Mullidae,Mulloidichthys,martinicus,NA,Density,NA,NTZ,Barbados Marine Reserve,Yes,2,-550,10.68,NA,NA,No,Mulloidichthys martinicus,-550,
1616,Crest-spur zone,Transect count,Trappable size fish (Crest-spur zone),Mullidae,Mulloidichthys,martinicus,NA,Density,NA,NTZ,Barbados Marine Reserve,Yes,3,-200,0,NA,NA,No,Mulloidichthys martinicus,-200,
1616,Crest-spur zone,Transect count,Trappable size fish (Crest-spur zone),Mullidae,Mulloidichthys,martinicus,NA,Density,NA,NTZ,Barbados Marine Reserve,Yes,4,-100,1.19,NA,NA,No,Mulloidichthys martinicus,-100,
1616,Crest-spur zone,Transect count,Trappable size fish (Crest-spur zone),Mullidae,Mulloidichthys,martinicus,NA,Density,NA,NTZ,Barbados Marine Reserve,Yes,5,0,3.41,NA,NA,No,Mulloidichthys martinicus,0,
1616,Crest-spur zone,Transect count,Trappable size fish (Crest-spur zone),Mullidae,Mulloidichthys,martinicus,NA,Density,NA,NTZ,Barbados Marine Reserve,Yes,1,135,0.91,NA,NA,No,Mulloidichthys martinicus,135,
1616,Crest-spur zone,Transect count,Trappable size fish (Crest-spur zone),Mullidae,Mulloidichthys,martinicus,NA,Density,NA,NTZ,Barbados Marine Reserve,Yes,2,400,2.89,NA,NA,No,Mulloidichthys martinicus,400,
1616,Crest-spur zone,Transect count,Trappable size fish (Crest-spur zone),Mullidae,Mulloidichthys,martinicus,NA,Density,NA,NTZ,Barbados Marine Reserve,Yes,3,600,6.75,NA,NA,No,Mulloidichthys martinicus,600,
1616,Crest-spur zone,Transect count,Trappable size fish (Crest-spur zone),Mullidae,Mulloidichthys,martinicus,NA,Density,NA,NTZ,Barbados Marine Reserve,Yes,4,750,0.9,NA,NA,No,Mulloidichthys martinicus,750,
1616,Crest-spur zone,Transect count,Trappable size fish (Crest-spur zone),Mullidae,Mulloidichthys,martinicus,NA,Density,NA,NTZ,Barbados Marine Reserve,Yes,5,1000,1.06,NA,NA,No,Mulloidichthys martinicus,1000,
1616,Crest-spur zone,Transect count,Trappable size fish (Crest-spur zone),Mullidae,Mulloidichthys,martinicus,NA,Density,NA,NTZ,Barbados Marine Reserve,Yes,1,1300,3.44,NA,NA,No,Mulloidichthys martinicus,1300,
1616,Crest-spur zone,Transect count,Trappable size fish (Crest-spur zone),Mullidae,Mulloidichthys,martinicus,NA,Density,NA,NTZ,Barbados Marine Reserve,Yes,2,2100,0.42,NA,NA,No,Mulloidichthys martinicus,2100,
1616,Crest-spur zone,Transect count,Trappable size fish (Crest-spur zone),Mullidae,Mulloidichthys,martinicus,NA,Density,NA,NTZ,Barbados Marine Reserve,Yes,3,2600,4.14,NA,NA,No,Mulloidichthys martinicus,2600,
1616,NA,Catch,Target species as a group,NA,NA,NA,NA,Catch (numbers or weight),NA,NTZ,Barbados Marine Reserve,Yes,1,-745,43.81,NA,NA,Yes,NA,-745,
1616,NA,Catch,Target species as a group,NA,NA,NA,NA,Catch (numbers or weight),NA,NTZ,Barbados Marine Reserve,Yes,2,-550,34.74,NA,NA,Yes,NA,-550,
1616,NA,Catch,Target species as a group,NA,NA,NA,NA,Catch (numbers or weight),NA,NTZ,Barbados Marine Reserve,Yes,3,-200,38.51,NA,NA,Yes,NA,-200,
1616,NA,Catch,Target species as a group,NA,NA,NA,NA,Catch (numbers or weight),NA,NTZ,Barbados Marine Reserve,Yes,4,-100,32.48,NA,NA,Yes,NA,-100,
1616,NA,Catch,Target species as a group,NA,NA,NA,NA,Catch (numbers or weight),NA,NTZ,Barbados Marine Reserve,Yes,5,0,31,NA,NA,Yes,NA,0,
1616,NA,Catch,Target species as a group,NA,NA,NA,NA,Catch (numbers or weight),NA,NTZ,Barbados Marine Reserve,Yes,1,145,35.47,NA,NA,Yes,NA,145,
1616,NA,Catch,Target species as a group,NA,NA,NA,NA,Catch (numbers or weight),NA,NTZ,Barbados Marine Reserve,Yes,2,400,24.99,NA,NA,Yes,NA,400,
1616,NA,Catch,Target species as a group,NA,NA,NA,NA,Catch (numbers or weight),NA,NTZ,Barbados Marine Reserve,Yes,3,600,31.3,NA,NA,Yes,NA,600,
1616,NA,Catch,Target species as a group,NA,NA,NA,NA,Catch (numbers or weight),NA,NTZ,Barbados Marine Reserve,Yes,4,750,22.59,NA,NA,Yes,NA,750,
1616,NA,Catch,Target species as a group,NA,NA,NA,NA,Catch (numbers or weight),NA,NTZ,Barbados Marine Reserve,Yes,5,1000,15.34,NA,NA,Yes,NA,1000,
1616,NA,Catch,Target species as a group,NA,NA,NA,NA,Catch (numbers or weight),NA,NTZ,Barbados Marine Reserve,Yes,1,1350,13.77,NA,NA,Yes,NA,1350,
1616,NA,Catch,Target species as a group,NA,NA,NA,NA,Catch (numbers or weight),NA,NTZ,Barbados Marine Reserve,Yes,2,2100,16.35,NA,NA,Yes,NA,2100,
1617,South transect from ranger station,Transect count,Individual species,Epinephelidae,Epinephelus,striatus,NA,Biomass,Standard error,NTZ,Exuma Cays Land and Sea Park,Yes,1,-7500,497.08,140.17,140.17,Yes,Epinephelus striatus,-7500,5000
1617,South transect from ranger station,Transect count,Individual species,Epinephelidae,Epinephelus,striatus,NA,Biomass,Standard error,NTZ,Exuma Cays Land and Sea Park,Yes,2,-2500,431.4,135.46,135.46,Yes,Epinephelus striatus,-2500,5000
1617,South transect from ranger station,Transect count,Individual species,Epinephelidae,Epinephelus,striatus,NA,Biomass,Standard error,NTZ,Exuma Cays Land and Sea Park,Yes,3,2500,234.97,21.92,21.92,Yes,Epinephelus striatus,2500,5000
1617,South transect from ranger station,Transect count,Individual species,Epinephelidae,Epinephelus,striatus,NA,Biomass,Standard error,NTZ,Exuma Cays Land and Sea Park,Yes,4,7500,113.01,65.5,65.5,Yes,Epinephelus striatus,7500,5000
1617,South transect from ranger station,Transect count,Individual species,Epinephelidae,Epinephelus,striatus,NA,Biomass,Standard error,NTZ,Exuma Cays Land and Sea Park,Yes,5,12500,113.01,41.88,41.88,Yes,Epinephelus striatus,12500,5000
1617,Southern transect from ranger station,Transect count,Individual species,Epinephelidae,Epinephelus,striatus,NA,Biomass,Standard error,NTZ,Exuma Cays Land and Sea Park,Yes,1,17500,75.77,38.21,38.21,Yes,Epinephelus striatus,17500,5000
1617,Northern transect from the ranger station,Transect count,Individual species,Epinephelidae,Epinephelus,striatus,NA,Biomass,Standard error,NTZ,Exuma Cays Land and Sea Park,Yes,1,-12500,604.14,64.36,65.36,Yes,Epinephelus striatus,-12500,5000
1617,Northern transect from the ranger station,Transect count,Individual species,Epinephelidae,Epinephelus,striatus,NA,Biomass,Standard error,NTZ,Exuma Cays Land and Sea Park,Yes,2,-7500,273.08,32.34,32.34,Yes,Epinephelus striatus,-7500,5000
1617,Northern transect from the ranger station,Transect count,Individual species,Epinephelidae,Epinephelus,striatus,NA,Biomass,Standard error,NTZ,Exuma Cays Land and Sea Park,Yes,3,-2500,1295.6,NA,NA,Yes,Epinephelus striatus,-2500,5000
1617,Northern transect from the ranger station,Transect count,Individual species,Epinephelidae,Epinephelus,striatus,NA,Biomass,Standard error,NTZ,Exuma Cays Land and Sea Park,Yes,4,2500,278.7,118.21,118.21,Yes,Epinephelus striatus,2500,5000
1617,Northern transect from the ranger station,Transect count,Individual species,Epinephelidae,Epinephelus,striatus,NA,Biomass,Standard error,NTZ,Exuma Cays Land and Sea Park,Yes,5,7500,169.55,120.19,120.19,Yes,Epinephelus striatus,7500,5000
1617,Northern transect from ranger station,Transect count,Individual species,Epinephelidae,Epinephelus,striatus,NA,Biomass,Standard error,NTZ,Exuma Cays Land and Sea Park,Yes,1,12500,178.28,108.05,108.05,Yes,Epinephelus striatus,12500,5000
1617,Northern transect from ranger station,Transect count,Individual species,Epinephelidae,Epinephelus,striatus,NA,Biomass,Standard error,NTZ,Exuma Cays Land and Sea Park,Yes,2,17500,189.81,115.82,115.82,Yes,Epinephelus striatus,17500,5000
1617,Northern transect from ranger station,Transect count,Individual species,Epinephelidae,Epinephelus,striatus,NA,Biomass,Standard error,NTZ,Exuma Cays Land and Sea Park,Yes,3,22500,123.24,95.92,95.92,Yes,Epinephelus striatus,22500,5000
1617,Northern transect from ranger station,Transect count,Individual species,Epinephelidae,Epinephelus,striatus,NA,Biomass,Standard error,NTZ,Exuma Cays Land and Sea Park,Yes,4,27500,67.89,26.71,26.71,Yes,Epinephelus striatus,27500,5000
1618,"Northern boundary (B5 reef 0% protected, Whangara 40% protected, Pariokonohi 100%)",Catch,Individual species,Palinuridae,Jasus,edwardsii,NA,Catch per unit effort (CPUE),NA,NTZ,Te Tapuwae o Rongokako Marine Reserve,Yes,2,2000,1.15,NA,NA,NA,Jasus edwardsii,2000,
1618,"Northern boundary (B5 reef 0% protected, Whangara 40% protected, Pariokonohi 100%)",Catch,Individual species,Palinuridae,Jasus,edwardsii,NA,Catch per unit effort (CPUE),NA,NTZ,Te Tapuwae o Rongokako Marine Reserve,Yes,3,1000,1.38,NA,NA,NA,Jasus edwardsii,1000,
1618,"Northern boundary (B5 reef 0% protected, Whangara 40% protected, Pariokonohi 100%)",Catch,Individual species,Palinuridae,Jasus,edwardsii,NA,Catch per unit effort (CPUE),NA,NTZ,Te Tapuwae o Rongokako Marine Reserve,Yes,4,0,2.57,NA,NA,NA,Jasus edwardsii,0,
1618,"Northern boundary (B5 reef 0% protected, Whangara 40% protected, Pariokonohi 100%)",Catch,Individual species,Palinuridae,Jasus,edwardsii,NA,Catch per unit effort (CPUE),NA,NTZ,Te Tapuwae o Rongokako Marine Reserve,Yes,5,-1000,13.2,NA,NA,NA,Jasus edwardsii,-1000,
1618,"Northern boundary (B5 reef 0% protected, Whangara 40% protected, Pariokonohi 100%)",Catch,Individual species,Palinuridae,Jasus,edwardsii,NA,Catch per unit effort (CPUE),NA,NTZ,Te Tapuwae o Rongokako Marine Reserve,Yes,1,-2000,23.58,NA,NA,NA,Jasus edwardsii,-2000,
1618,"Northern boundary (B5 reef 0% protected, Whangara 40% protected, Pariokonohi 100%)",Catch,Individual species,Palinuridae,Jasus,edwardsii,NA,Catch per unit effort (CPUE),NA,NTZ,Te Tapuwae o Rongokako Marine Reserve,Yes,2,-3000,21.11,NA,NA,NA,Jasus edwardsii,-3000,
1618,"Southern boundary (Pariokonohi 100% protected, Turihaua 9% protected)",Catch,Individual species,Palinuridae,Jasus,edwardsii,NA,Catch per unit effort (CPUE),NA,NTZ,Te Tapuwae o Rongokako Marine Reserve,Yes,1,-3000,23.35,NA,NA,NA,Jasus edwardsii,-3000,
1618,"Southern boundary (Pariokonohi 100% protected, Turihaua 9% protected)",Catch,Individual species,Palinuridae,Jasus,edwardsii,NA,Catch per unit effort (CPUE),NA,NTZ,Te Tapuwae o Rongokako Marine Reserve,Yes,2,-2000,18.8,NA,NA,NA,Jasus edwardsii,-2000,
1618,"Southern boundary (Pariokonohi 100% protected, Turihaua 9% protected)",Catch,Individual species,Palinuridae,Jasus,edwardsii,NA,Catch per unit effort (CPUE),NA,NTZ,Te Tapuwae o Rongokako Marine Reserve,Yes,3,-1000,14.87,NA,NA,NA,Jasus edwardsii,-1000,
1618,"Southern boundary (Pariokonohi 100% protected, Turihaua 9% protected)",Catch,Individual species,Palinuridae,Jasus,edwardsii,NA,Catch per unit effort (CPUE),NA,NTZ,Te Tapuwae o Rongokako Marine Reserve,Yes,4,0,1.4,NA,NA,NA,Jasus edwardsii,0,
1618,"Southern boundary (Pariokonohi 100% protected, Turihaua 9% protected)",Catch,Individual species,Palinuridae,Jasus,edwardsii,NA,Catch per unit effort (CPUE),NA,NTZ,Te Tapuwae o Rongokako Marine Reserve,Yes,5,1000,0.85,NA,NA,NA,Jasus edwardsii,1000,
1618,"Southern boundary (Pariokonohi 100% protected, Turihaua 9% protected)",Catch,Individual species,Palinuridae,Jasus,edwardsii,NA,Catch per unit effort (CPUE),NA,NTZ,Te Tapuwae o Rongokako Marine Reserve,Yes,1,2000,0.9,NA,NA,NA,Jasus edwardsii,2000,
1618,"Southern boundary (Pariokonohi 100% protected, Turihaua 9% protected)",Catch,Individual species,Palinuridae,Jasus,edwardsii,NA,Catch per unit effort (CPUE),NA,NTZ,Te Tapuwae o Rongokako Marine Reserve,Yes,2,3000,3.44,NA,NA,NA,Jasus edwardsii,3000,
1618,"Northern boundary (B5 reef 0% protected, Whangara 40% protected, Pariokonohi 100%)",Catch,Individual species,Palinuridae,Jasus,edwardsii,NA,Fish size,NA,NTZ,Te Tapuwae o Rongokako Marine Reserve,Yes,1,3000,54.15,NA,NA,NA,Jasus edwardsii,3000,
1618,"Northern boundary (B5 reef 0% protected, Whangara 40% protected, Pariokonohi 100%)",Catch,Individual species,Palinuridae,Jasus,edwardsii,NA,Fish size,NA,NTZ,Te Tapuwae o Rongokako Marine Reserve,Yes,2,2000,55.44,NA,NA,NA,Jasus edwardsii,2000,
1618,"Northern boundary (B5 reef 0% protected, Whangara 40% protected, Pariokonohi 100%)",Catch,Individual species,Palinuridae,Jasus,edwardsii,NA,Fish size,NA,NTZ,Te Tapuwae o Rongokako Marine Reserve,Yes,3,1000,55.87,NA,NA,NA,Jasus edwardsii,1000,
1618,"Northern boundary (B5 reef 0% protected, Whangara 40% protected, Pariokonohi 100%)",Catch,Individual species,Palinuridae,Jasus,edwardsii,NA,Fish size,NA,NTZ,Te Tapuwae o Rongokako Marine Reserve,Yes,4,0,57.09,NA,NA,NA,Jasus edwardsii,0,
1618,"Northern boundary (B5 reef 0% protected, Whangara 40% protected, Pariokonohi 100%)",Catch,Individual species,Palinuridae,Jasus,edwardsii,NA,Fish size,NA,NTZ,Te Tapuwae o Rongokako Marine Reserve,Yes,5,-1000,58.3,NA,NA,NA,Jasus edwardsii,-1000,
1618,"Northern boundary (B5 reef 0% protected, Whangara 40% protected, Pariokonohi 100%)",Catch,Individual species,Palinuridae,Jasus,edwardsii,NA,Fish size,NA,NTZ,Te Tapuwae o Rongokako Marine Reserve,Yes,1,-2000,60.89,NA,NA,NA,Jasus edwardsii,-2000,
1618,"Northern boundary (B5 reef 0% protected, Whangara 40% protected, Pariokonohi 100%)",Catch,Individual species,Palinuridae,Jasus,edwardsii,NA,Fish size,NA,NTZ,Te Tapuwae o Rongokako Marine Reserve,Yes,2,-3000,60.5,NA,NA,NA,Jasus edwardsii,-3000,
1618,"Southern boundary (Pariokonohi 100% protected, Turihaua 9% protected)",Catch,Individual species,Palinuridae,Jasus,edwardsii,NA,Fish size,NA,NTZ,Te Tapuwae o Rongokako Marine Reserve,Yes,1,-3000,60.82,NA,NA,NA,Jasus edwardsii,-3000,
1618,"Southern boundary (Pariokonohi 100% protected, Turihaua 9% protected)",Catch,Individual species,Palinuridae,Jasus,edwardsii,NA,Fish size,NA,NTZ,Te Tapuwae o Rongokako Marine Reserve,Yes,2,-2000,60.52,NA,NA,NA,Jasus edwardsii,-2000,
1618,"Southern boundary (Pariokonohi 100% protected, Turihaua 9% protected)",Catch,Individual species,Palinuridae,Jasus,edwardsii,NA,Fish size,NA,NTZ,Te Tapuwae o Rongokako Marine Reserve,Yes,3,-1000,60.64,NA,NA,NA,Jasus edwardsii,-1000,
1618,"Southern boundary (Pariokonohi 100% protected, Turihaua 9% protected)",Catch,Individual species,Palinuridae,Jasus,edwardsii,NA,Fish size,NA,NTZ,Te Tapuwae o Rongokako Marine Reserve,Yes,4,0,56.95,NA,NA,NA,Jasus edwardsii,0,
1618,"Southern boundary (Pariokonohi 100% protected, Turihaua 9% protected)",Catch,Individual species,Palinuridae,Jasus,edwardsii,NA,Fish size,NA,NTZ,Te Tapuwae o Rongokako Marine Reserve,Yes,5,1000,56.2,NA,NA,NA,Jasus edwardsii,1000,
1618,"Southern boundary (Pariokonohi 100% protected, Turihaua 9% protected)",Catch,Individual species,Palinuridae,Jasus,edwardsii,NA,Fish size,NA,NTZ,Te Tapuwae o Rongokako Marine Reserve,Yes,1,2000,57.52,NA,NA,NA,Jasus edwardsii,2000,
1618,"Southern boundary (Pariokonohi 100% protected, Turihaua 9% protected)",Catch,Individual species,Palinuridae,Jasus,edwardsii,NA,Fish size,NA,NTZ,Te Tapuwae o Rongokako Marine Reserve,Yes,2,3000,59.92,NA,NA,NA,Jasus edwardsii,3000,
398,"Before MPA implementation, June",Catch,Individual species,Plainuridae,Homarus,gammarus,NA,Catch per unit effort (CPUE),95% confidence intervals,NTZ,Flamanville Marine Protected Area,Yes,1,610,0.24,0.06,0.06,Yes,Homarus gammarus,610,
398,"Before MPA implementation, June",Catch,Individual species,Plainuridae,Homarus,gammarus,NA,Catch per unit effort (CPUE),95% confidence intervals,NTZ,Flamanville Marine Protected Area,Yes,2,950,0.24,0.06,0.06,Yes,Homarus gammarus,950,
398,"Before MPA implementation, June",Catch,Individual species,Plainuridae,Homarus,gammarus,NA,Catch per unit effort (CPUE),95% confidence intervals,NTZ,Flamanville Marine Protected Area,Yes,3,1140,0.23,0.06,0.06,Yes,Homarus gammarus,1140,
398,"Before MPA implementation, June",Catch,Individual species,Plainuridae,Homarus,gammarus,NA,Catch per unit effort (CPUE),95% confidence intervals,NTZ,Flamanville Marine Protected Area,Yes,4,1250,0.23,0.06,0.06,Yes,Homarus gammarus,1250,
398,"Before MPA implementation, June",Catch,Individual species,Plainuridae,Homarus,gammarus,NA,Catch per unit effort (CPUE),95% confidence intervals,NTZ,Flamanville Marine Protected Area,Yes,5,1530,0.23,0.05,0.05,Yes,Homarus gammarus,1530,
398,"Before MPA implementation, June",Catch,Individual species,Palinuridae,Homarus,gammarus,NA,Catch per unit effort (CPUE),95% confidence intervals,NTZ,Flamanville Marine Protected Area,Yes,1,1620,0.22,0.05,0.05,Yes,Homarus gammarus,1620,
398,"Before MPA implementation, June",Catch,Individual species,Palinuridae,Homarus,gammarus,NA,Catch per unit effort (CPUE),95% confidence intervals,NTZ,Flamanville Marine Protected Area,Yes,2,1730,0.22,0.04,0.04,Yes,Homarus gammarus,1730,
398,"Before MPA implementation, June",Catch,Individual species,Palinuridae,Homarus,gammarus,NA,Catch per unit effort (CPUE),95% confidence intervals,NTZ,Flamanville Marine Protected Area,Yes,3,2220,0.21,0.04,0.04,Yes,Homarus gammarus,2220,
398,"Before MPA implementation, June",Catch,Individual species,Palinuridae,Homarus,gammarus,NA,Catch per unit effort (CPUE),95% confidence intervals,NTZ,Flamanville Marine Protected Area,Yes,4,3480,0.19,0.05,0.05,Yes,Homarus gammarus,3480,
398,"Before MPA implementation, June",Catch,Individual species,Palinuridae,Homarus,gammarus,NA,Catch per unit effort (CPUE),95% confidence intervals,NTZ,Flamanville Marine Protected Area,Yes,5,4150,0.18,0.06,0.06,Yes,Homarus gammarus,4150,
398,"Before MPA implementation, June",Catch,Individual species,Palinuridae,Homarus,gammarus,NA,Catch per unit effort (CPUE),95% confidence intervals,NTZ,Flamanville Marine Protected Area,Yes,1,5400,0.17,0.07,0.07,Yes,Homarus gammarus,5400,
398,"Before MPA implementation, June",Catch,Individual species,Palinuridae,Homarus,gammarus,NA,Catch per unit effort (CPUE),95% confidence intervals,NTZ,Flamanville Marine Protected Area,Yes,2,6330,0.16,0.08,0.08,Yes,Homarus gammarus,6330,
398,"Before MPA implementation, September",Catch,Individual species,Palinuridae,Homarus,gammarus,NA,Catch per unit effort (CPUE),95% confidence intervals,NTZ,Flamanville Marine Protected Area,Yes,1,610,0.17,0.06,0.06,Yes,Homarus gammarus,610,
398,"Before MPA implementation, September",Catch,Individual species,Palinuridae,Homarus,gammarus,NA,Catch per unit effort (CPUE),95% confidence intervals,NTZ,Flamanville Marine Protected Area,Yes,2,950,0.17,0.06,0.06,Yes,Homarus gammarus,950,
398,"Before MPA implementation, September",Catch,Individual species,Palinuridae,Homarus,gammarus,NA,Catch per unit effort (CPUE),95% confidence intervals,NTZ,Flamanville Marine Protected Area,Yes,3,1140,0.17,0.06,0.06,Yes,Homarus gammarus,1140,
398,"Before MPA implementation, September",Catch,Individual species,Palinuridae,Homarus,gammarus,NA,Catch per unit effort (CPUE),95% confidence intervals,NTZ,Flamanville Marine Protected Area,Yes,4,1250,0.17,0.06,0.06,Yes,Homarus gammarus,1250,
398,"Before MPA implementation, September",Catch,Individual species,Palinuridae,Homarus,gammarus,NA,Catch per unit effort (CPUE),95% confidence intervals,NTZ,Flamanville Marine Protected Area,Yes,5,1530,0.17,0.05,0.05,Yes,Homarus gammarus,1530,
398,"Before MPA implementation, September",Catch,Individual species,Palinuridae,Homarus,gammarus,NA,Catch per unit effort (CPUE),95% confidence intervals,NTZ,Flamanville Marine Protected Area,Yes,1,1620,0.17,0.04,0.04,Yes,Homarus gammarus,1620,
398,"Before MPA implementation, September",Catch,Individual species,Palinuridae,Homarus,gammarus,NA,Catch per unit effort (CPUE),95% confidence intervals,NTZ,Flamanville Marine Protected Area,Yes,2,1730,0.16,0.04,0.04,Yes,Homarus gammarus,1730,
398,"Before MPA implementation, September",Catch,Individual species,Palinuridae,Homarus,gammarus,NA,Catch per unit effort (CPUE),95% confidence intervals,NTZ,Flamanville Marine Protected Area,Yes,3,2220,0.16,0.04,0.04,Yes,Homarus gammarus,2220,
398,"Before MPA implementation, September",Catch,Individual species,Palinuridae,Homarus,gammarus,NA,Catch per unit effort (CPUE),95% confidence intervals,NTZ,Flamanville Marine Protected Area,Yes,4,3480,0.15,0.04,0.04,Yes,Homarus gammarus,3480,
398,"Before MPA implementation, September",Catch,Individual species,Palinuridae,Homarus,gammarus,NA,Catch per unit effort (CPUE),95% confidence intervals,NTZ,Flamanville Marine Protected Area,Yes,5,4150,0.15,0.05,0.05,Yes,Homarus gammarus,4150,
398,"Before MPA implementation, September",Catch,Individual species,Palinuridae,Homarus,gammarus,NA,Catch per unit effort (CPUE),95% confidence intervals,NTZ,Flamanville Marine Protected Area,Yes,1,5400,0.13,0.06,0.06,Yes,Homarus gammarus,5400,
398,"Before MPA implementation, September",Catch,Individual species,Palinuridae,Homarus,gammarus,NA,Catch per unit effort (CPUE),95% confidence intervals,NTZ,Flamanville Marine Protected Area,Yes,2,6330,0.12,0.07,0.07,Yes,Homarus gammarus,6330,
398,"After MPA implementation, June",Catch,Individual species,Palinuridae,Homarus,gammarus,NA,Catch per unit effort (CPUE),95% confidence intervals,NTZ,Flamanville Marine Protected Area,Yes,1,610,0.63,0.17,0.17,Yes,Homarus gammarus,610,
398,"After MPA implementation, June",Catch,Individual species,Palinuridae,Homarus,gammarus,NA,Catch per unit effort (CPUE),95% confidence intervals,NTZ,Flamanville Marine Protected Area,Yes,2,950,0.53,0.14,0.14,Yes,Homarus gammarus,950,
398,"After MPA implementation, June",Catch,Individual species,Palinuridae,Homarus,gammarus,NA,Catch per unit effort (CPUE),95% confidence intervals,NTZ,Flamanville Marine Protected Area,Yes,3,1140,0.77,0.14,0.14,Yes,Homarus gammarus,1140,
398,"After MPA implementation, June",Catch,Individual species,Palinuridae,Homarus,gammarus,NA,Catch per unit effort (CPUE),95% confidence intervals,NTZ,Flamanville Marine Protected Area,Yes,4,1250,0.89,0.16,0.16,Yes,Homarus gammarus,1250,
398,"After MPA implementation, June",Catch,Individual species,Palinuridae,Homarus,gammarus,NA,Catch per unit effort (CPUE),95% confidence intervals,NTZ,Flamanville Marine Protected Area,Yes,5,1530,0.63,0.11,0.11,Yes,Homarus gammarus,1530,
398,"After MPA implementation, June",Catch,Individual species,Palinuridae,Homarus,gammarus,NA,Catch per unit effort (CPUE),95% confidence intervals,NTZ,Flamanville Marine Protected Area,Yes,1,1620,0.45,0.1,0.1,Yes,Homarus gammarus,1620,
398,"After MPA implementation, June",Catch,Individual species,Palinuridae,Homarus,gammarus,NA,Catch per unit effort (CPUE),95% confidence intervals,NTZ,Flamanville Marine Protected Area,Yes,2,1730,0.36,0.1,0.1,Yes,Homarus gammarus,1730,
398,"After MPA implementation, June",Catch,Individual species,Palinuridae,Homarus,gammarus,NA,Catch per unit effort (CPUE),95% confidence intervals,NTZ,Flamanville Marine Protected Area,Yes,3,2220,0.81,0.16,0.16,Yes,Homarus gammarus,2220,
398,"After MPA implementation, June",Catch,Individual species,Palinuridae,Homarus,gammarus,NA,Catch per unit effort (CPUE),95% confidence intervals,NTZ,Flamanville Marine Protected Area,Yes,4,3480,0.23,0.11,0.11,Yes,Homarus gammarus,3480,
398,"After MPA implementation, June",Catch,Individual species,Palinuridae,Homarus,gammarus,NA,Catch per unit effort (CPUE),95% confidence intervals,NTZ,Flamanville Marine Protected Area,Yes,5,4150,0.4,0.14,0.14,Yes,Homarus gammarus,4150,
398,"After MPA implementation, June",Catch,Individual species,Palinuridae,Homarus,gammarus,NA,Catch per unit effort (CPUE),95% confidence intervals,NTZ,Flamanville Marine Protected Area,Yes,1,5400,0.24,0.11,0.11,Yes,Homarus gammarus,5400,
398,"After MPA implementation, June",Catch,Individual species,Palinuridae,Homarus,gammarus,NA,Catch per unit effort (CPUE),95% confidence intervals,NTZ,Flamanville Marine Protected Area,Yes,2,6330,0.35,0.13,0.13,Yes,Homarus gammarus,6330,
398,"After MPA implementation, September",Catch,Individual species,Palinuridae,Homarus,gammarus,NA,Catch per unit effort (CPUE),95% confidence intervals,NTZ,Flamanville Marine Protected Area,Yes,1,610,0.58,-0.16,0.16,Yes,Homarus gammarus,610,
398,"After MPA implementation, September",Catch,Individual species,Palinuridae,Homarus,gammarus,NA,Catch per unit effort (CPUE),95% confidence intervals,NTZ,Flamanville Marine Protected Area,Yes,2,950,0.48,0.14,0.14,Yes,Homarus gammarus,950,
398,"After MPA implementation, September",Catch,Individual species,Palinuridae,Homarus,gammarus,NA,Catch per unit effort (CPUE),95% confidence intervals,NTZ,Flamanville Marine Protected Area,Yes,3,1140,-0.75,0.12,0.12,Yes,Homarus gammarus,1140,
398,"After MPA implementation, September",Catch,Individual species,Palinuridae,Homarus,gammarus,NA,Catch per unit effort (CPUE),95% confidence intervals,NTZ,Flamanville Marine Protected Area,Yes,4,1250,0.83,0.15,0.15,Yes,Homarus gammarus,1250,
398,"After MPA implementation, September",Catch,Individual species,Palinuridae,Homarus,gammarus,NA,Catch per unit effort (CPUE),95% confidence intervals,NTZ,Flamanville Marine Protected Area,Yes,5,1530,0.46,0.1,0.1,Yes,Homarus gammarus,1530,
398,"After MPA implementation, September",Catch,Individual species,Palinuridae,Homarus,gammarus,NA,Catch per unit effort (CPUE),95% confidence intervals,NTZ,Flamanville Marine Protected Area,Yes,1,1620,0.32,0.06,0.06,Yes,Homarus gammarus,1620,
398,"After MPA implementation, September",Catch,Individual species,Palinuridae,Homarus,gammarus,NA,Catch per unit effort (CPUE),95% confidence intervals,NTZ,Flamanville Marine Protected Area,Yes,2,1730,0.25,0.09,0.09,Yes,Homarus gammarus,1730,
398,"After MPA implementation, September",Catch,Individual species,Palinuridae,Homarus,gammarus,NA,Catch per unit effort (CPUE),95% confidence intervals,NTZ,Flamanville Marine Protected Area,Yes,3,2220,0.72,0.15,0.15,Yes,Homarus gammarus,2220,
398,"After MPA implementation, September",Catch,Individual species,Palinuridae,Homarus,gammarus,NA,Catch per unit effort (CPUE),95% confidence intervals,NTZ,Flamanville Marine Protected Area,Yes,4,3480,0.19,0.1,0.1,Yes,Homarus gammarus,3480,
398,"After MPA implementation, September",Catch,Individual species,Palinuridae,Homarus,gammarus,NA,Catch per unit effort (CPUE),95% confidence intervals,NTZ,Flamanville Marine Protected Area,Yes,5,4150,0.34,0.13,0.13,Yes,Homarus gammarus,4150,
398,"After MPA implementation, September",Catch,Individual species,Palinuridae,Homarus,gammarus,NA,Catch per unit effort (CPUE),95% confidence intervals,NTZ,Flamanville Marine Protected Area,Yes,1,5400,0.16,0.1,0.1,Yes,Homarus gammarus,5400,
398,"After MPA implementation, September",Catch,Individual species,Palinuridae,Homarus,gammarus,NA,Catch per unit effort (CPUE),95% confidence intervals,NTZ,Flamanville Marine Protected Area,Yes,2,6330,0.32,0.12,0.12,Yes,Homarus gammarus,6330,
398,"Before MPA implementation, June",Catch,Individual species,Cancridae,Cancer,pagurus,NA,Catch per unit effort (CPUE),95% confidence intervals,NTZ,Flamanville Marine Protected Area,Yes,1,610,0.94,0.15,0.15,No,Cancer pagurus,610,
398,"Before MPA implementation, June",Catch,Individual species,Cancridae,Cancer,pagurus,NA,Catch per unit effort (CPUE),95% confidence intervals,NTZ,Flamanville Marine Protected Area,Yes,2,950,0.86,0.12,0.12,No,Cancer pagurus,950,
398,"Before MPA implementation, June",Catch,Individual species,Cancridae,Cancer,pagurus,NA,Catch per unit effort (CPUE),95% confidence intervals,NTZ,Flamanville Marine Protected Area,Yes,3,1140,0.81,0.1,0.1,No,Cancer pagurus,1140,
398,"Before MPA implementation, June",Catch,Individual species,Cancridae,Cancer,pagurus,NA,Catch per unit effort (CPUE),95% confidence intervals,NTZ,Flamanville Marine Protected Area,Yes,4,1250,0.8,0.09,0.09,No,Cancer pagurus,1250,
398,"Before MPA implementation, June",Catch,Individual species,Cancridae,Cancer,pagurus,NA,Catch per unit effort (CPUE),95% confidence intervals,NTZ,Flamanville Marine Protected Area,Yes,5,1530,0.75,0.09,0.09,No,Cancer pagurus,1530,
398,"Before MPA implementation, June",Catch,Individual species,Cancridae,Cancer,pagurus,NA,Catch per unit effort (CPUE),95% confidence intervals,NTZ,Flamanville Marine Protected Area,Yes,1,1620,0.73,0.08,0.08,No,Cancer pagurus,1620,
398,"Before MPA implementation, June",Catch,Individual species,Cancridae,Cancer,pagurus,NA,Catch per unit effort (CPUE),95% confidence intervals,NTZ,Flamanville Marine Protected Area,Yes,2,1730,0.72,0.08,0.08,No,Cancer pagurus,1730,
398,"Before MPA implementation, June",Catch,Individual species,Cancridae,Cancer,pagurus,NA,Catch per unit effort (CPUE),95% confidence intervals,NTZ,Flamanville Marine Protected Area,Yes,3,2220,0.63,0.08,0.08,No,Cancer pagurus,2220,
398,"Before MPA implementation, June",Catch,Individual species,Cancridae,Cancer,pagurus,NA,Catch per unit effort (CPUE),95% confidence intervals,NTZ,Flamanville Marine Protected Area,Yes,4,3480,0.48,0.09,0.09,No,Cancer pagurus,3480,
398,"Before MPA implementation, June",Catch,Individual species,Cancridae,Cancer,pagurus,NA,Catch per unit effort (CPUE),95% confidence intervals,NTZ,Flamanville Marine Protected Area,Yes,5,4150,0.42,0.08,0.08,No,Cancer pagurus,4150,
398,"Before MPA implementation, June",Catch,Individual species,Cancridae,Cancer,pagurus,NA,Catch per unit effort (CPUE),95% confidence intervals,NTZ,Flamanville Marine Protected Area,Yes,1,5400,0.33,0.1,0.1,No,Cancer pagurus,5400,
398,"Before MPA implementation, June",Catch,Individual species,Cancridae,Cancer,pagurus,NA,Catch per unit effort (CPUE),95% confidence intervals,NTZ,Flamanville Marine Protected Area,Yes,2,6330,0.28,0.11,0.11,No,Cancer pagurus,6330,
398,"Before MPA implementation, September",Catch,Individual species,Cancridae,Cancer,pagurus,NA,Catch per unit effort (CPUE),95% confidence intervals,NTZ,Flamanville Marine Protected Area,Yes,1,610,0.75,0.14,0.14,No,Cancer pagurus,610,
398,"Before MPA implementation, September",Catch,Individual species,Cancridae,Cancer,pagurus,NA,Catch per unit effort (CPUE),95% confidence intervals,NTZ,Flamanville Marine Protected Area,Yes,2,950,0.7,0.1,0.1,No,Cancer pagurus,950,
398,"Before MPA implementation, September",Catch,Individual species,Cancridae,Cancer,pagurus,NA,Catch per unit effort (CPUE),95% confidence intervals,NTZ,Flamanville Marine Protected Area,Yes,3,1140,0.69,0.09,0.09,No,Cancer pagurus,1140,
398,"Before MPA implementation, September",Catch,Individual species,Cancridae,Cancer,pagurus,NA,Catch per unit effort (CPUE),95% confidence intervals,NTZ,Flamanville Marine Protected Area,Yes,4,1250,0.68,0.09,0.09,No,Cancer pagurus,1250,
398,"Before MPA implementation, September",Catch,Individual species,Cancridae,Cancer,pagurus,NA,Catch per unit effort (CPUE),95% confidence intervals,NTZ,Flamanville Marine Protected Area,Yes,5,1530,0.65,0.08,0.08,No,Cancer pagurus,1530,
398,"Before MPA implementation, September",Catch,Individual species,Cancridae,Cancer,pagurus,NA,Catch per unit effort (CPUE),95% confidence intervals,NTZ,Flamanville Marine Protected Area,Yes,1,1620,0.64,0.07,0.07,No,Cancer pagurus,1620,
398,"Before MPA implementation, September",Catch,Individual species,Cancridae,Cancer,pagurus,NA,Catch per unit effort (CPUE),95% confidence intervals,NTZ,Flamanville Marine Protected Area,Yes,2,1730,0.63,0.08,0.08,No,Cancer pagurus,1730,
398,"Before MPA implementation, September",Catch,Individual species,Cancridae,Cancer,pagurus,NA,Catch per unit effort (CPUE),95% confidence intervals,NTZ,Flamanville Marine Protected Area,Yes,3,2220,0.58,0.08,0.08,No,Cancer pagurus,2220,
398,"Before MPA implementation, September",Catch,Individual species,Cancridae,Cancer,pagurus,NA,Catch per unit effort (CPUE),95% confidence intervals,NTZ,Flamanville Marine Protected Area,Yes,4,3480,0.51,0.09,0.09,No,Cancer pagurus,3480,
398,"Before MPA implementation, September",Catch,Individual species,Cancridae,Cancer,pagurus,NA,Catch per unit effort (CPUE),95% confidence intervals,NTZ,Flamanville Marine Protected Area,Yes,5,4150,0.47,0.09,0.09,No,Cancer pagurus,4150,
398,"Before MPA implementation, September",Catch,Individual species,Cancridae,Cancer,pagurus,NA,Catch per unit effort (CPUE),95% confidence intervals,NTZ,Flamanville Marine Protected Area,Yes,1,5400,0.42,0.1,0.1,No,Cancer pagurus,5400,
398,"Before MPA implementation, September",Catch,Individual species,Cancridae,Cancer,pagurus,NA,Catch per unit effort (CPUE),95% confidence intervals,NTZ,Flamanville Marine Protected Area,Yes,2,6330,0.39,0.13,0.13,No,Cancer pagurus,6330,
398,"After MPA implementation, June",Catch,Individual species,Cancridae,Cancer,pagurus,NA,Catch per unit effort (CPUE),95% confidence intervals,NTZ,Flamanville Marine Protected Area,Yes,1,610,1.15,0.17,0.17,No,Cancer pagurus,610,
398,"After MPA implementation, June",Catch,Individual species,Cancridae,Cancer,pagurus,NA,Catch per unit effort (CPUE),95% confidence intervals,NTZ,Flamanville Marine Protected Area,Yes,2,950,1.02,0.1,0.1,No,Cancer pagurus,950,
398,"After MPA implementation, June",Catch,Individual species,Cancridae,Cancer,pagurus,NA,Catch per unit effort (CPUE),95% confidence intervals,NTZ,Flamanville Marine Protected Area,Yes,3,1140,0.95,0.09,0.09,No,Cancer pagurus,1140,
398,"After MPA implementation, June",Catch,Individual species,Cancridae,Cancer,pagurus,NA,Catch per unit effort (CPUE),95% confidence intervals,NTZ,Flamanville Marine Protected Area,Yes,4,1250,0.93,0.09,0.09,No,Cancer pagurus,1250,
398,"After MPA implementation, June",Catch,Individual species,Cancridae,Cancer,pagurus,NA,Catch per unit effort (CPUE),95% confidence intervals,NTZ,Flamanville Marine Protected Area,Yes,5,1530,0.85,0.08,0.08,No,Cancer pagurus,1530,
398,"Before MPA implementation, June",Catch,Individual species,Cancridae,Cancer,pagurus,NA,Catch per unit effort (CPUE),95% confidence intervals,NTZ,Flamanville Marine Protected Area,Yes,1,1620,0.82,0.08,0.08,No,Cancer pagurus,1620,
398,"Before MPA implementation, June",Catch,Individual species,Cancridae,Cancer,pagurus,NA,Catch per unit effort (CPUE),95% confidence intervals,NTZ,Flamanville Marine Protected Area,Yes,2,1730,0.79,0.08,0.08,No,Cancer pagurus,1730,
398,"Before MPA implementation, June",Catch,Individual species,Cancridae,Cancer,pagurus,NA,Catch per unit effort (CPUE),95% confidence intervals,NTZ,Flamanville Marine Protected Area,Yes,3,2220,0.68,0.08,0.08,No,Cancer pagurus,2220,
398,"Before MPA implementation, June",Catch,Individual species,Cancridae,Cancer,pagurus,NA,Catch per unit effort (CPUE),95% confidence intervals,NTZ,Flamanville Marine Protected Area,Yes,4,3480,0.51,0.08,0.08,No,Cancer pagurus,3480,
398,"Before MPA implementation, June",Catch,Individual species,Cancridae,Cancer,pagurus,NA,Catch per unit effort (CPUE),95% confidence intervals,NTZ,Flamanville Marine Protected Area,Yes,5,4150,0.45,0.09,0.09,No,Cancer pagurus,4150,
398,"After MPA implementation, June",Catch,Individual species,Cancridae,Cancer,pagurus,NA,Catch per unit effort (CPUE),95% confidence intervals,NTZ,Flamanville Marine Protected Area,Yes,1,5400,0.38,0.08,0.08,No,Cancer pagurus,5400,
398,"After MPA implementation, June",Catch,Individual species,Cancridae,Cancer,pagurus,NA,Catch per unit effort (CPUE),95% confidence intervals,NTZ,Flamanville Marine Protected Area,Yes,2,6330,0.34,0.11,0.11,No,Cancer pagurus,6330,
398,"After MPA implementation, September",Catch,Individual species,Cancridae,Cancer,pagurus,NA,Catch per unit effort (CPUE),95% confidence intervals,NTZ,Flamanville Marine Protected Area,Yes,1,610,1.06,0.11,0.11,No,Cancer pagurus,610,
398,"After MPA implementation, September",Catch,Individual species,Cancridae,Cancer,pagurus,NA,Catch per unit effort (CPUE),95% confidence intervals,NTZ,Flamanville Marine Protected Area,Yes,2,950,0.98,0.09,0.09,No,Cancer pagurus,950,
398,"After MPA implementation, September",Catch,Individual species,Cancridae,Cancer,pagurus,NA,Catch per unit effort (CPUE),95% confidence intervals,NTZ,Flamanville Marine Protected Area,Yes,3,1140,0.94,0.09,0.09,No,Cancer pagurus,1140,
398,"After MPA implementation, September",Catch,Individual species,Cancridae,Cancer,pagurus,NA,Catch per unit effort (CPUE),95% confidence intervals,NTZ,Flamanville Marine Protected Area,Yes,4,1250,0.91,0.08,0.08,No,Cancer pagurus,1250,
398,"After MPA implementation, September",Catch,Individual species,Cancridae,Cancer,pagurus,NA,Catch per unit effort (CPUE),95% confidence intervals,NTZ,Flamanville Marine Protected Area,Yes,5,1530,0.86,0.07,0.07,No,Cancer pagurus,1530,
398,"After MPA implementation, September",Catch,Individual species,Cancridae,Cancer,pagurus,NA,Catch per unit effort (CPUE),95% confidence intervals,NTZ,Flamanville Marine Protected Area,Yes,1,1620,0.84,0.06,0.06,No,Cancer pagurus,1620,
398,"After MPA implementation, September",Catch,Individual species,Cancridae,Cancer,pagurus,NA,Catch per unit effort (CPUE),95% confidence intervals,NTZ,Flamanville Marine Protected Area,Yes,2,1730,0.82,0.06,0.06,No,Cancer pagurus,1730,
398,"After MPA implementation, September",Catch,Individual species,Cancridae,Cancer,pagurus,NA,Catch per unit effort (CPUE),95% confidence intervals,NTZ,Flamanville Marine Protected Area,Yes,3,2220,0.73,0.06,0.06,No,Cancer pagurus,2220,
398,"After MPA implementation, September",Catch,Individual species,Cancridae,Cancer,pagurus,NA,Catch per unit effort (CPUE),95% confidence intervals,NTZ,Flamanville Marine Protected Area,Yes,4,3480,0.55,0.06,0.06,No,Cancer pagurus,3480,
398,"After MPA implementation, September",Catch,Individual species,Cancridae,Cancer,pagurus,NA,Catch per unit effort (CPUE),95% confidence intervals,NTZ,Flamanville Marine Protected Area,Yes,5,4150,0.47,0.07,0.07,No,Cancer pagurus,4150,
398,"After MPA implementation, September",Catch,Individual species,Cancridae,Cancer,pagurus,NA,Catch per unit effort (CPUE),95% confidence intervals,NTZ,Flamanville Marine Protected Area,Yes,1,5400,0.35,0.07,0.07,No,Cancer pagurus,5400,
398,"After MPA implementation, September",Catch,Individual species,Cancridae,Cancer,pagurus,NA,Catch per unit effort (CPUE),95% confidence intervals,NTZ,Flamanville Marine Protected Area,Yes,2,6330,0.29,0.07,0.07,No,Cancer pagurus,6330,
398,"Before MPA implementation, June",Catch,Individual species,Majidae,Maja,brachydactyla,NA,Catch per unit effort (CPUE),95% confidence intervals,NTZ,Flamanville Marine Protected Area,Yes,1,0.13,0.05,0.05,0.05,No,Maja brachydactyla,0.13,
398,"Before MPA implementation, June",Catch,Individual species,Majidae,Maja,brachydactyla,NA,Catch per unit effort (CPUE),95% confidence intervals,NTZ,Flamanville Marine Protected Area,Yes,2,950,0.13,0.05,0.05,No,Maja brachydactyla,950,
398,"Before MPA implementation, June",Catch,Individual species,Majidae,Maja,brachydactyla,NA,Catch per unit effort (CPUE),95% confidence intervals,NTZ,Flamanville Marine Protected Area,Yes,3,1140,0.14,0.05,0.05,No,Maja brachydactyla,1140,
398,"Before MPA implementation, June",Catch,Individual species,Majidae,Maja,brachydactyla,NA,Catch per unit effort (CPUE),95% confidence intervals,NTZ,Flamanville Marine Protected Area,Yes,4,1250,0.14,0.05,0.05,No,Maja brachydactyla,1250,
398,"Before MPA implementation, June",Catch,Individual species,Majidae,Maja,brachydactyla,NA,Catch per unit effort (CPUE),95% confidence intervals,NTZ,Flamanville Marine Protected Area,Yes,5,1530,0.15,0.05,0.05,No,Maja brachydactyla,1530,
398,"Before MPA implementation, June",Catch,Individual species,Majidae,Maja,brachydactyla,NA,Catch per unit effort (CPUE),95% confidence intervals,NTZ,Flamanville Marine Protected Area,Yes,1,1620,0.15,0.05,0.05,No,Maja brachydactyla,1620,
398,"Before MPA implementation, June",Catch,Individual species,Majidae,Maja,brachydactyla,NA,Catch per unit effort (CPUE),95% confidence intervals,NTZ,Flamanville Marine Protected Area,Yes,2,1730,0.15,0.05,0.05,No,Maja brachydactyla,1730,
398,"Before MPA implementation, June",Catch,Individual species,Majidae,Maja,brachydactyla,NA,Catch per unit effort (CPUE),95% confidence intervals,NTZ,Flamanville Marine Protected Area,Yes,3,2220,0.16,0.05,0.05,No,Maja brachydactyla,2220,
398,"Before MPA implementation, June",Catch,Individual species,Majidae,Maja,brachydactyla,NA,Catch per unit effort (CPUE),95% confidence intervals,NTZ,Flamanville Marine Protected Area,Yes,4,3480,0.2,0.05,0.05,No,Maja brachydactyla,3480,
398,"Before MPA implementation, June",Catch,Individual species,Majidae,Maja,brachydactyla,NA,Catch per unit effort (CPUE),95% confidence intervals,NTZ,Flamanville Marine Protected Area,Yes,5,4150,0.22,0.05,0.05,No,Maja brachydactyla,4150,
398,"Before MPA implementation, June",Catch,Individual species,Majidae,Maja,brachydactyla,NA,Catch per unit effort (CPUE),95% confidence intervals,NTZ,Flamanville Marine Protected Area,Yes,1,5400,0.26,0.09,0.09,No,Maja brachydactyla,5400,
398,"Before MPA implementation, June",Catch,Individual species,Majidae,Maja,brachydactyla,NA,Catch per unit effort (CPUE),95% confidence intervals,NTZ,Flamanville Marine Protected Area,Yes,2,6330,0.3,0.12,0.12,No,Maja brachydactyla,6330,
398,"Before MPA implementation, September",Catch,Individual species,Majidae,Maja,brachydactyla,NA,Catch per unit effort (CPUE),95% confidence intervals,NTZ,Flamanville Marine Protected Area,Yes,1,610,0.16,0.12,0.12,No,Maja brachydactyla,610,
398,"Before MPA implementation, September",Catch,Individual species,Majidae,Maja,brachydactyla,NA,Catch per unit effort (CPUE),95% confidence intervals,NTZ,Flamanville Marine Protected Area,Yes,2,950,0.19,0.09,0.09,No,Maja brachydactyla,950,
398,"Before MPA implementation, September",Catch,Individual species,Majidae,Maja,brachydactyla,NA,Catch per unit effort (CPUE),95% confidence intervals,NTZ,Flamanville Marine Protected Area,Yes,3,1140,0.2,0.08,0.08,No,Maja brachydactyla,1140,
398,"Before MPA implementation, September",Catch,Individual species,Majidae,Maja,brachydactyla,NA,Catch per unit effort (CPUE),95% confidence intervals,NTZ,Flamanville Marine Protected Area,Yes,4,1250,0.21,0.08,0.08,No,Maja brachydactyla,1250,
398,"Before MPA implementation, September",Catch,Individual species,Majidae,Maja,brachydactyla,NA,Catch per unit effort (CPUE),95% confidence intervals,NTZ,Flamanville Marine Protected Area,Yes,5,1530,0.24,0.07,0.07,No,Maja brachydactyla,1530,
398,"Before MPA implementation, September",Catch,Individual species,Majidae,Maja,brachydactyla,NA,Catch per unit effort (CPUE),95% confidence intervals,NTZ,Flamanville Marine Protected Area,Yes,1,1620,0.24,0.07,0.07,No,Maja brachydactyla,1620,
398,"Before MPA implementation, September",Catch,Individual species,Majidae,Maja,brachydactyla,NA,Catch per unit effort (CPUE),95% confidence intervals,NTZ,Flamanville Marine Protected Area,Yes,2,1730,0.25,0.08,0.08,No,Maja brachydactyla,1730,
398,"Before MPA implementation, September",Catch,Individual species,Majidae,Maja,brachydactyla,NA,Catch per unit effort (CPUE),95% confidence intervals,NTZ,Flamanville Marine Protected Area,Yes,3,2220,0.25,0.09,0.09,No,Maja brachydactyla,2220,
398,"Before MPA implementation, September",Catch,Individual species,Majidae,Maja,brachydactyla,NA,Catch per unit effort (CPUE),95% confidence intervals,NTZ,Flamanville Marine Protected Area,Yes,4,3480,0.41,0.15,0.15,No,Maja brachydactyla,3480,
398,"Before MPA implementation, September",Catch,Individual species,Majidae,Maja,brachydactyla,NA,Catch per unit effort (CPUE),95% confidence intervals,NTZ,Flamanville Marine Protected Area,Yes,5,4150,0.78,0.23,0.23,No,Maja brachydactyla,4150,
398,"Before MPA implementation, September",Catch,Individual species,Majidae,Maja,brachydactyla,NA,Catch per unit effort (CPUE),95% confidence intervals,NTZ,Flamanville Marine Protected Area,Yes,1,5400,0.78,0.24,0.24,No,Maja brachydactyla,5400,
398,"Before MPA implementation, September",Catch,Individual species,Majidae,Maja,brachydactyla,NA,Catch per unit effort (CPUE),95% confidence intervals,NTZ,Flamanville Marine Protected Area,Yes,2,6330,0.72,0.25,0.25,No,Maja brachydactyla,6330,
398,"After MPA implementation, June",Catch,Individual species,Majidae,Maja,brachydactyla,NA,Catch per unit effort (CPUE),95% confidence intervals,NTZ,Flamanville Marine Protected Area,Yes,1,610,0.24,0.05,0.05,No,Maja brachydactyla,610,
398,"After MPA implementation, June",Catch,Individual species,Majidae,Maja,brachydactyla,NA,Catch per unit effort (CPUE),95% confidence intervals,NTZ,Flamanville Marine Protected Area,Yes,2,950,0.26,0.05,0.05,No,Maja brachydactyla,950,
398,"After MPA implementation, June",Catch,Individual species,Majidae,Maja,brachydactyla,NA,Catch per unit effort (CPUE),95% confidence intervals,NTZ,Flamanville Marine Protected Area,Yes,3,1140,0.26,0.04,0.04,No,Maja brachydactyla,1140,
398,"After MPA implementation, June",Catch,Individual species,Majidae,Maja,brachydactyla,NA,Catch per unit effort (CPUE),95% confidence intervals,NTZ,Flamanville Marine Protected Area,Yes,4,1250,0.27,0.04,0.04,No,Maja brachydactyla,1250,
398,"After MPA implementation, June",Catch,Individual species,Majidae,Maja,brachydactyla,NA,Catch per unit effort (CPUE),95% confidence intervals,NTZ,Flamanville Marine Protected Area,Yes,5,1530,0.27,0.04,0.04,No,Maja brachydactyla,1530,
398,"After MPA implementation, June",Catch,Individual species,Majidae,Maja,brachydactyla,NA,Catch per unit effort (CPUE),95% confidence intervals,NTZ,Flamanville Marine Protected Area,Yes,1,1620,0.28,0.04,0.04,No,Maja brachydactyla,1620,
398,"After MPA implementation, June",Catch,Individual species,Majidae,Maja,brachydactyla,NA,Catch per unit effort (CPUE),95% confidence intervals,NTZ,Flamanville Marine Protected Area,Yes,2,1730,0.28,0.04,0.04,No,Maja brachydactyla,1730,
398,"After MPA implementation, June",Catch,Individual species,Majidae,Maja,brachydactyla,NA,Catch per unit effort (CPUE),95% confidence intervals,NTZ,Flamanville Marine Protected Area,Yes,3,2220,0.31,0.04,0.04,No,Maja brachydactyla,2220,
398,"After MPA implementation, June",Catch,Individual species,Majidae,Maja,brachydactyla,NA,Catch per unit effort (CPUE),95% confidence intervals,NTZ,Flamanville Marine Protected Area,Yes,4,3480,0.38,0.05,0.05,No,Maja brachydactyla,3480,
398,"After MPA implementation, June",Catch,Individual species,Majidae,Maja,brachydactyla,NA,Catch per unit effort (CPUE),95% confidence intervals,NTZ,Flamanville Marine Protected Area,Yes,5,4150,0.42,0.05,0.05,No,Maja brachydactyla,4150,
398,"After MPA implementation, June",Catch,Individual species,Majida,Maja,brachydactyla,NA,Catch per unit effort (CPUE),95% confidence intervals,NTZ,Flamanville Marine Protected Area,Yes,1,5400,0.52,0.09,0.09,No,Maja brachydactyla,5400,
398,"After MPA implementation, June",Catch,Individual species,Majida,Maja,brachydactyla,NA,Catch per unit effort (CPUE),95% confidence intervals,NTZ,Flamanville Marine Protected Area,Yes,2,6330,0.6,0.13,0.13,No,Maja brachydactyla,6330,
398,"After MPA implementation, September",Catch,Individual species,Majidae,Maja,brachydactyla,NA,Catch per unit effort (CPUE),95% confidence intervals,NTZ,Flamanville Marine Protected Area,Yes,1,610,0.09,0.06,0.06,No,Maja brachydactyla,610,
398,"After MPA implementation, September",Catch,Individual species,Majidae,Maja,brachydactyla,NA,Catch per unit effort (CPUE),95% confidence intervals,NTZ,Flamanville Marine Protected Area,Yes,2,950,0.14,0.06,0.06,No,Maja brachydactyla,950,
398,"After MPA implementation, September",Catch,Individual species,Majidae,Maja,brachydactyla,NA,Catch per unit effort (CPUE),95% confidence intervals,NTZ,Flamanville Marine Protected Area,Yes,3,1140,0.17,0.06,0.06,No,Maja brachydactyla,1140,
398,"After MPA implementation, September",Catch,Individual species,Majidae,Maja,brachydactyla,NA,Catch per unit effort (CPUE),95% confidence intervals,NTZ,Flamanville Marine Protected Area,Yes,4,1250,0.19,0.06,0.06,No,Maja brachydactyla,1250,
398,"After MPA implementation, September",Catch,Individual species,Majidae,Maja,brachydactyla,NA,Catch per unit effort (CPUE),95% confidence intervals,NTZ,Flamanville Marine Protected Area,Yes,5,1250,0.19,0.06,0.06,No,Maja brachydactyla,1250,
398,"After MPA implementation, September",Catch,Individual species,Majidae,Maja,brachydactyla,NA,Catch per unit effort (CPUE),95% confidence intervals,NTZ,Flamanville Marine Protected Area,Yes,1,1620,0.32,0.07,0.07,No,Maja brachydactyla,1620,
398,"After MPA implementation, September",Catch,Individual species,Majidae,Maja,brachydactyla,NA,Catch per unit effort (CPUE),95% confidence intervals,NTZ,Flamanville Marine Protected Area,Yes,2,1730,0.34,0.07,0.07,No,Maja brachydactyla,1730,
398,"After MPA implementation, September",Catch,Individual species,Majidae,Maja,brachydactyla,NA,Catch per unit effort (CPUE),95% confidence intervals,NTZ,Flamanville Marine Protected Area,Yes,3,2220,0.43,0.11,0.11,No,Maja brachydactyla,2220,
398,"After MPA implementation, September",Catch,Individual species,Majidae,Maja,brachydactyla,NA,Catch per unit effort (CPUE),95% confidence intervals,NTZ,Flamanville Marine Protected Area,Yes,4,3480,0.57,0.14,0.14,No,Maja brachydactyla,3480,
398,"After MPA implementation, September",Catch,Individual species,Majidae,Maja,brachydactyla,NA,Catch per unit effort (CPUE),95% confidence intervals,NTZ,Flamanville Marine Protected Area,Yes,5,4150,0.8,0.18,0.18,No,Maja brachydactyla,4150,
398,"After MPA implementation, September",Catch,Individual species,Majidae,Maja,brachydactyla,NA,Catch per unit effort (CPUE),95% confidence intervals,NTZ,Flamanville Marine Protected Area,Yes,1,5400,0.8,0.19,0.19,No,Maja brachydactyla,5400,
398,"After MPA implementation, September",Catch,Individual species,Majidae,Maja,brachydactyla,NA,Catch per unit effort (CPUE),95% confidence intervals,NTZ,Flamanville Marine Protected Area,Yes,2,6330,0.65,0.19,0.19,No,Maja brachydactyla,6330,
1020,"Northern boundary, Fig. 9a, inside MPA, adult",Transect count,Individual species,Strombidae,Strombus,Strombus gigas,NA,Density,NA,PPO,East Harbour Lobster and Conch Reserve,Yes,1,-2152,3.56,NA,NA,No,Strombus Strombus gigas,-2152,
1020,"Northern boundary, Fig. 9a, inside MPA, adult",Transect count,Individual species,Strombidae,Strombus,Strombus gigas,NA,Density,NA,PPO,East Harbour Lobster and Conch Reserve,Yes,2,-1896,2.99,NA,NA,No,Strombus Strombus gigas,-1896,
1020,"Northern boundary, Fig. 9a, inside MPA, adult",Transect count,Individual species,Strombidae,Strombus,Strombus gigas,NA,Density,NA,PPO,East Harbour Lobster and Conch Reserve,Yes,3,-1262,1.42,NA,NA,No,Strombus Strombus gigas,-1262,
1020,"Northern boundary, Fig. 9a, inside MPA, adult",Transect count,Individual species,Strombidae,Strombus,Strombus gigas,NA,Density,NA,PPO,East Harbour Lobster and Conch Reserve,Yes,4,-517,0.74,NA,NA,No,Strombus Strombus gigas,-517,
1020,"Northern boundary, Fig. 9a, inside MPA, adult",Transect count,Individual species,Strombidae,Strombus,Strombus gigas,NA,Density,NA,PPO,East Harbour Lobster and Conch Reserve,Yes,5,-68,0.27,NA,NA,No,Strombus Strombus gigas,-68,
1020,"Northern boundary, Fig. 9a, outside MPA, adult",Transect count,Individual species,Strombidae,Strombus,Strombus gigas,NA,Density,NA,PPO,East Harbour Lobster and Conch Reserve,Yes,1,20,0.27,NA,NA,No,Strombus Strombus gigas,20,
1020,"Northern boundary, Fig. 9a, outside MPA, adult",Transect count,Individual species,Strombidae,Strombus,Strombus gigas,NA,Density,NA,PPO,East Harbour Lobster and Conch Reserve,Yes,2,90,0.14,NA,NA,No,Strombus Strombus gigas,90,
1020,"Northern boundary, Fig. 9a, outside MPA, adult",Transect count,Individual species,Strombidae,Strombus,Strombus gigas,NA,Density,NA,PPO,East Harbour Lobster and Conch Reserve,Yes,3,193,0.04,NA,NA,No,Strombus Strombus gigas,193,
1020,"Northern boundary, Fig. 9a, outside MPA, adult",Transect count,Individual species,Strombidae,Strombus,Strombus gigas,NA,Density,NA,PPO,East Harbour Lobster and Conch Reserve,Yes,4,751,0.03,NA,NA,No,Strombus Strombus gigas,751,
1020,"Northern boundary, Fig. 9a, outside MPA, adult",Transect count,Individual species,Strombidae,Strombus,Strombus gigas,NA,Density,NA,PPO,East Harbour Lobster and Conch Reserve,Yes,5,1151,0.03,NA,NA,No,Strombus Strombus gigas,1151,
1020,"Northern boundary, Fig. 9a, inside MPA, juvenile",Transect count,Individual species,Strombidae,Strombus,Strombus gigas,NA,Density,NA,PPO,East Harbour Lobster and Conch Reserve,Yes,1,-2282,2.08,NA,NA,No,Strombus Strombus gigas,-2282,
1020,"Northern boundary, Fig. 9a, inside MPA, juvenile",Transect count,Individual species,Strombidae,Strombus,Strombus gigas,NA,Density,NA,PPO,East Harbour Lobster and Conch Reserve,Yes,2,-1986,3.58,NA,NA,No,Strombus Strombus gigas,-1986,
1020,"Northern boundary, Fig. 9a, inside MPA, juvenile",Transect count,Individual species,Strombidae,Strombus,Strombus gigas,NA,Density,NA,PPO,East Harbour Lobster and Conch Reserve,Yes,3,-1510,2.33,NA,NA,No,Strombus Strombus gigas,-1510,
1020,"Northern boundary, Fig. 9a, inside MPA, juvenile",Transect count,Individual species,Strombidae,Strombus,Strombus gigas,NA,Density,NA,PPO,East Harbour Lobster and Conch Reserve,Yes,4,-551,2.1,NA,NA,No,Strombus Strombus gigas,-551,
1020,"Northern boundary, Fig. 9a, inside MPA, juvenile",Transect count,Individual species,Strombidae,Strombus,Strombus gigas,NA,Density,NA,PPO,East Harbour Lobster and Conch Reserve,Yes,5,-89,1.32,NA,NA,No,Strombus Strombus gigas,-89,
1020,"Northern boundary, Fig. 9a, outside MPA, juvenile",Transect count,Individual species,Strombidae,Strombus,Strombus gigas,NA,Density,NA,PPO,East Harbour Lobster and Conch Reserve,Yes,1,34,1.12,NA,NA,No,Strombus Strombus gigas,34,
1020,"Northern boundary, Fig. 9a, outside MPA, juvenile",Transect count,Individual species,Strombidae,Strombus,Strombus gigas,NA,Density,NA,PPO,East Harbour Lobster and Conch Reserve,Yes,2,386,1.05,NA,NA,No,Strombus Strombus gigas,386,
1020,"Northern boundary, Fig. 9a, outside MPA, juvenile",Transect count,Individual species,Strombidae,Strombus,Strombus gigas,NA,Density,NA,PPO,East Harbour Lobster and Conch Reserve,Yes,3,662,0.59,NA,NA,No,Strombus Strombus gigas,662,
1020,"Northern boundary, Fig. 9a, outside MPA, juvenile",Transect count,Individual species,Strombidae,Strombus,Strombus gigas,NA,Density,NA,PPO,East Harbour Lobster and Conch Reserve,Yes,4,868,0.27,NA,NA,No,Strombus Strombus gigas,868,
1020,"Northern boundary, Fig. 9a, outside MPA, juvenile",Transect count,Individual species,Strombidae,Strombus,Strombus gigas,NA,Density,NA,PPO,East Harbour Lobster and Conch Reserve,Yes,5,1282,0.82,NA,NA,No,Strombus Strombus gigas,1282,
1020,"Southern boundary, Fig 9b, inside MPA, adult",Transect count,Individual species,Strombidae,Strombus,Strombus gigas,NA,Density,NA,PPO,East Harbour Lobster and Conch Reserve,Yes,1,-3000,2.99,NA,NA,No,Strombus Strombus gigas,-3000,
1020,"Southern boundary, Fig 9b, inside MPA, adult",Transect count,Individual species,Strombidae,Strombus,Strombus gigas,NA,Density,NA,PPO,East Harbour Lobster and Conch Reserve,Yes,2,-2428,2.26,NA,NA,No,Strombus Strombus gigas,-2428,
1020,"Southern boundary, Fig 9b, inside MPA, adult",Transect count,Individual species,Strombidae,Strombus,Strombus gigas,NA,Density,NA,PPO,East Harbour Lobster and Conch Reserve,Yes,3,-1948,1.75,NA,NA,No,Strombus Strombus gigas,-1948,
1020,"Southern boundary, Fig 9b, inside MPA, adult",Transect count,Individual species,Strombidae,Strombus,Strombus gigas,NA,Density,NA,PPO,East Harbour Lobster and Conch Reserve,Yes,4,-877,0.76,NA,NA,No,Strombus Strombus gigas,-877,
1020,"Southern boundary, Fig 9b, inside MPA, adult",Transect count,Individual species,Strombidae,Strombus,Strombus gigas,NA,Density,NA,PPO,East Harbour Lobster and Conch Reserve,Yes,5,-244,0.26,NA,NA,No,Strombus Strombus gigas,-244,
1020,"Southern boundary, Fig 9b, outside MPA, adult",Transect count,Individual species,Strombidae,Strombus,Strombus gigas,NA,Density,NA,PPO,East Harbour Lobster and Conch Reserve,Yes,1,71,0.23,NA,NA,No,Strombus Strombus gigas,71,
1020,"Southern boundary, Fig 9b, outside MPA, adult",Transect count,Individual species,Strombidae,Strombus,Strombus gigas,NA,Density,NA,PPO,East Harbour Lobster and Conch Reserve,Yes,2,387,0,NA,NA,No,Strombus Strombus gigas,387,
1020,"Southern boundary, Fig 9b, outside MPA, adult",Transect count,Individual species,Strombidae,Strombus,Strombus gigas,NA,Density,NA,PPO,East Harbour Lobster and Conch Reserve,Yes,3,1316,1.24,NA,NA,No,Strombus Strombus gigas,1316,
1020,"Southern boundary, Fig 9b, outside MPA, adult",Transect count,Individual species,Strombidae,Strombus,Strombus gigas,NA,Density,NA,PPO,East Harbour Lobster and Conch Reserve,Yes,4,2571,1.25,NA,NA,No,Strombus Strombus gigas,2571,
1020,"Southern boundary, Fig 9b, outside MPA, adult",Transect count,Individual species,Strombidae,Strombus,Strombus gigas,NA,Density,NA,PPO,East Harbour Lobster and Conch Reserve,Yes,5,3336,1.98,NA,NA,No,Strombus Strombus gigas,3336,
1020,"Southern boundary, Fig 9b, inside MPA, juvenile",Transect count,Individual species,Strombidae,Strombus,Strombus gigas,NA,Density,NA,PPO,East Harbour Lobster and Conch Reserve,Yes,1,-3459,1.99,NA,NA,No,Strombus Strombus gigas,-3459,
1020,"Southern boundary, Fig 9b, inside MPA, juvenile",Transect count,Individual species,Strombidae,Strombus,Strombus gigas,NA,Density,NA,PPO,East Harbour Lobster and Conch Reserve,Yes,2,-3112,3.58,NA,NA ,No,Strombus Strombus gigas,-3112,
1020,"Southern boundary, Fig 9b, inside MPA, juvenile",Transect count,Individual species,Strombidae,Strombus,Strombus gigas,NA,Density,NA,PPO,East Harbour Lobster and Conch Reserve,Yes,3,-1755,2.29,NA,NA,No,Strombus Strombus gigas,-1755,
1020,"Southern boundary, Fig 9b, inside MPA, juvenile",Transect count,Individual species,Strombidae,Strombus,Strombus gigas,NA,Density,NA,PPO,East Harbour Lobster and Conch Reserve,Yes,4,-1418,1.27,NA,NA,No,Strombus Strombus gigas,-1418,
1020,"Southern boundary, Fig 9b, inside MPA, juvenile",Transect count,Individual species,Strombidae,Strombus,Strombus gigas,NA,Density,NA,PPO,East Harbour Lobster and Conch Reserve,Yes,5,-153,2.37,NA,NA,No,Strombus Strombus gigas,-153,
1020,"Southern boundary, Fig 9b, outside MPA, juvenile",Transect count,Individual species,Strombidae,Strombus,Strombus gigas,NA,Density,NA,PPO,East Harbour Lobster and Conch Reserve,Yes,1,102,2.8,NA,NA,No,Strombus Strombus gigas,102,
1020,"Southern boundary, Fig 9b, outside MPA, juvenile",Transect count,Individual species,Strombidae,Strombus,Strombus gigas,NA,Density,NA,PPO,East Harbour Lobster and Conch Reserve,Yes,2,897,3.29,NA,NA,No,Strombus Strombus gigas,897,
1020,"Southern boundary, Fig 9b, outside MPA, juvenile",Transect count,Individual species,Strombidae,Strombus,Strombus gigas,NA,Density,NA,PPO,East Harbour Lobster and Conch Reserve,Yes,3,1989,2.55,NA,NA,No,Strombus Strombus gigas,1989,
1020,"Southern boundary, Fig 9b, outside MPA, juvenile",Transect count,Individual species,Strombidae,Strombus,Strombus gigas,NA,Density,NA,PPO,East Harbour Lobster and Conch Reserve,Yes,4,2846,1.76,NA,NA,No,Strombus Strombus gigas,2846,
1020,"Southern boundary, Fig 9b, outside MPA, juvenile",Transect count,Individual species,Strombidae,Strombus,Strombus gigas,NA,Density,NA,PPO,East Harbour Lobster and Conch Reserve,Yes,5,3336,2.3,NA,NA,No,Strombus Strombus gigas,3336,
61,"South-west - CPUE standardised using GAM, results read from line",Catch,Individual species,Sparidae,Chrysoblephus,laticeps,NA,Catch per unit effort (CPUE),95% confidence intervals,PPG,Goukamma Marine Protected Area,Yes,1,1995,3.61,0.28,0.42,Yes,Chrysoblephus laticeps,1995,
61,"South-west - CPUE standardised using GAM, results read from line",Catch,Individual species,Sparidae,Chrysoblephus,laticeps,NA,Catch per unit effort (CPUE),95% confidence intervals,PPG,Goukamma Marine Protected Area,Yes,2,1996,3.76,0.31,0.41,Yes,Chrysoblephus laticeps,1996,
61,"South-west - CPUE standardised using GAM, results read from line",Catch,Individual species,Sparidae,Chrysoblephus,laticeps,NA,Catch per unit effort (CPUE),95% confidence intervals,PPG,Goukamma Marine Protected Area,Yes,3,1997,3.73,0.39,0.39,Yes,Chrysoblephus laticeps,1997,
61,"South-west - CPUE standardised using GAM, results read from line",Catch,Individual species,Sparidae,Chrysoblephus,laticeps,NA,Catch per unit effort (CPUE),95% confidence intervals,PPG,Goukamma Marine Protected Area,Yes,4,1998,4.18,0.32,0.38,Yes,Chrysoblephus laticeps,1998,
61,"South-west - CPUE standardised using GAM, results read from line",Catch,Individual species,Sparidae,Chrysoblephus,laticeps,NA,Catch per unit effort (CPUE),95% confidence intervals,PPG,Goukamma Marine Protected Area,Yes,5,1999,4.73,0.29,0.49,Yes,Chrysoblephus laticeps,1999,
72,"Results from plot of GAM on mean residuals of biomass with biomass scaled so that zero corresponds to the mean in the log scale: North orientation, buffer zone boundary at 2472 m, spillover extent 1011 m ",Transect count,Family group,Serranidae,NA,NA,Big Serranids,Biomass,2 SE,NTZ,Cebères-Banyuls Marine Reserve,Buffer zone at 2472 m then open,1,-272,2.12,0.81,0.81,Yes,NA,-272,1011
72,"Results from plot of GAM on mean residuals of biomass with biomass scaled so that zero corresponds to the mean in the log scale: North orientation, buffer zone boundary at 2472 m, spillover extent 1011 m ",Transect count,Family group,Serranidae,NA,NA,Big Serranids,Biomass,2 SE,NTZ,Cerbère-Banyuls Marine Reserve,Buffer zone at 2472 m then open,2,425,0,0.7,0.7,Yes,NA,425,1011
72,"Results from plot of GAM on mean residuals of biomass with biomass scaled so that zero corresponds to the mean in the log scale: North orientation, buffer zone boundary at 2472 m, spillover extent 1011 m ",Transect count,Family group,Serranidae,NA,NA,Big Serranids,Biomass,2 SE,NTZ,Cerbère-Banyuls Marine Reserve,Buffer zone at 2472 m then open,3,573,-0.4,0.66,0.66,Yes,NA,573,1011
72,"Results from plot of GAM on mean residuals of biomass with biomass scaled so that zero corresponds to the mean in the log scale: North orientation, buffer zone boundary at 2472 m, spillover extent 1011 m ",Transect count,Family group,Serranidae,NA,NA,Big Serranids,Biomass,2 SE,NTZ,Cerbère-Banyuls Marine Reserve,Buffer zone at 2472 m then open,4,658,-0.42,0.55,0.55,Yes,NA,658,1011
72,"Results from plot of GAM on mean residuals of biomass with biomass scaled so that zero corresponds to the mean in the log scale: North orientation, buffer zone boundary at 2472 m, spillover extent 1011 m ",Transect count,Family group,Serranidae,NA,NA,Big Serranids,Biomass,2 SE,NTZ,Cerbère-Banyuls Marine Reserve,Buffer zone at 2472 m then open,5,824,-0.55,0.52,0.52,Yes,NA,824,1011
72,"Results from plot of GAM on mean residuals of biomass with biomass scaled so that zero corresponds to the mean in the log scale: North orientation, buffer zone boundary at 2472 m, spillover extent 1011 m ",Transect count,Family group,Serranidae,NA,NA,Big Serranids,Biomass,2 SE,NTZ,Cerbère-Banyuls Marine Reserve,Buffer zone at 2472 m then open,1,969,-0.66,0.62,0.62,Yes,NA,969,1011
72,"Results from plot of GAM on mean residuals of biomass with biomass scaled so that zero corresponds to the mean in the log scale: North orientation, buffer zone boundary at 2472 m, spillover extent 1011 m ",Transect count,Family group,Serranidae,NA,NA,Big Serranids,Biomass,2 SE,NTZ,Cerbère-Banyuls Marine Reserve,Buffer zone at 2472 m then open,2,1246,-0.88,1.14,1.14,Yes,NA,1246,1011
72,"Results from plot of GAM on mean residuals of biomass with biomass scaled so that zero corresponds to the mean in the log scale: North orientation, buffer zone boundary at 2472 m, spillover extent 1011 m ",Transect count,Family group,Serranidae,NA,NA,Big Serranids,Biomass,2 SE,NTZ,Cerbère-Banyuls Marine Reserve,Buffer zone at 2472 m then open,3,3265,-0.03,0.82,0.82,Yes,NA,3265,1011
72,"Results from plot of GAM on mean residuals of biomass with biomass scaled so that zero corresponds to the mean in the log scale: North orientation, buffer zone boundary at 2472 m, spillover extent 1011 m ",Transect count,Family group,Serranidae,NA,NA,Big Serranids,Biomass,2 SE,NTZ,Cerbère-Banyuls Marine Reserve,Buffer zone at 2472 m then open,4,3507,-0.08,0.53,0.53,Yes,NA,3507,1011
72,"Results from plot of GAM on mean residuals of biomass with biomass scaled so that zero corresponds to the mean in the log scale: North orientation, buffer zone boundary at 2472 m, spillover extent 1011 m ",Transect count,Family group,Serranidae,NA,NA,Big Serranids,Biomass,2 SE,NTZ,Cerbère-Banyuls Marine Reserve,Buffer zone at 2472 m then open,5,3733,-0.14,0.52,0.52,Yes,NA,3733,1011
72,"Results from plot of GAM on mean residuals of biomass with biomass scaled so that zero corresponds to the mean in the log scale: North orientation, buffer zone boundary at 2472 m, spillover extent 1011 m ",Transect count,Family group,Serranidae,NA,NA,Big Serranids,Biomass,2 SE,NTZ,Cerbère-Banyuls Marine Reserve,Buffer zone at 2472 then open,1,3849,-0.17,0.63,0.63,Yes,NA,3849,1011
72,"Results from plot of GAM on mean residuals of biomass with biomass scaled so that zero corresponds to the mean in the log scale: North orientation, buffer zone boundary at 2472 m, spillover extent 1011 m ",Transect count,Family group,Serranidae,NA,NA,Big Serranids,Biomass,2 SE,NTZ,Cerbère-Banyuls Marine Reserve,Buffer zone at 2472 then open,2,4148,-0.32,1.11,1.11,Yes,NA,4148,1011
72,"Results from plot of GAM on mean residuals of biomass with biomass scaled so that zero corresponds to the mean in the log scale: North orientation, buffer zone boundary at 2472 m, spillover extent 1011 m ",Transect count,Family group,Serranidae,NA,NA,Big Serranids,Biomass,2 SE,NTZ,Cerbère-Banyuls Marine Reserve,Buffer zone at 2472 then open,3,5370,-0.77,0.71,0.71,Yes,NA,5370,1011
72,"Results from plot of GAM on mean residuals of biomass with biomass scaled so that zero corresponds to the mean in the log scale: North orientation, buffer zone boundary at 2472 m, spillover extent 1011 m ",Transect count,Small Serranids,Serranidae,NA,NA,Small Serranids,Biomass,2 SE,NTZ,Cerbère-Banyuls Marine Reserve,Buffer zone at 2472 m then open,1,-230,0.62,0.53,0.53,Yes,NA,-230,1011
72,"Results from plot of GAM on mean residuals of biomass with biomass scaled so that zero corresponds to the mean in the log scale: North orientation, buffer zone boundary at 2472 m, spillover extent 1011 m ",Transect count,Small Serranids,Serranidae,NA,NA,Small Serranids,Biomass,2 SE,NTZ,Cerbère-Banyuls Marine Reserve,Buffer zone at 2472 m then open,2,438,0.26,0.51,0.51,Yes,NA,438,1011
72,"Results from plot of GAM on mean residuals of biomass with biomass scaled so that zero corresponds to the mean in the log scale: North orientation, buffer zone boundary at 2472 m, spillover extent 1011 m ",Transect count,Small Serranids,Serranidae,NA,NA,Small Serranids,Biomass,2 SE,NTZ,Cerbère-Banyuls Marine Reserve,Buffer zone at 2472 m then open,3,570,0.15,0.48,0.48,Yes,NA,570,1011
72,"Results from plot of GAM on mean residuals of biomass with biomass scaled so that zero corresponds to the mean in the log scale: North orientation, buffer zone boundary at 2472 m, spillover extent 1011 m ",Transect count,Small Serranids,Serranidae,NA,NA,Small Serranids,Biomass,2 SE,NTZ,Cerbère-Banyuls Marine Reserve,Buffer zone at 2472 m then open,4,652,-0.01,0.4,0.4,Yes,NA,652,1011
72,"Results from plot of GAM on mean residuals of biomass with biomass scaled so that zero corresponds to the mean in the log scale: North orientation, buffer zone boundary at 2472 m, spillover extent 1011 m ",Transect count,Small Serranids,Serranidae,NA,NA,Small Serranids,Biomass,2 SE,NTZ,Cerbère-Banyuls Marine Reserve,Buffer zone at 2472 m then open,5,823,-0.26,0.37,0.37,Yes,NA,823,1011
72,"Results from plot of GAM on mean residuals of biomass with biomass scaled so that zero corresponds to the mean in the log scale: North orientation, buffer zone boundary at 2472 m, spillover extent 1011 m ",Transect count,Small serranids,Serranidae,NA,NA,Small Serranids,Biomass,2 SE,NTZ,Cerbère-Banyuls Marine Reserve,Buffer zone at. 2472 m then open,1,973,-0.52,0.48,0.47,Yes,NA,973,1011
72,"Results from plot of GAM on mean residuals of biomass with biomass scaled so that zero corresponds to the mean in the log scale: North orientation, buffer zone boundary at 2472 m, spillover extent 1011 m ",Transect count,Small serranids,Serranidae,NA,NA,Small Serranids,Biomass,2 SE,NTZ,Cerbère-Banyuls Marine Reserve,Buffer zone at. 2472 m then open,2,1246,-0.96,0.81,0.81,Yes,NA,1246,1011
72,"Results from plot of GAM on mean residuals of biomass with biomass scaled so that zero corresponds to the mean in the log scale: North orientation, buffer zone boundary at 2472 m, spillover extent 1011 m ",Transect count,Small serranids,Serranidae,NA,NA,Small Serranids,Biomass,2 SE,NTZ,Cerbère-Banyuls Marine Reserve,Buffer zone at. 2472 m then open,3,3232,0.15,0.57,0.57,Yes,NA,3232,1011
72,"Results from plot of GAM on mean residuals of biomass with biomass scaled so that zero corresponds to the mean in the log scale: North orientation, buffer zone boundary at 2472 m, spillover extent 1011 m ",Transect count,Small serranids,Serranidae,NA,NA,Small Serranids,Biomass,2 SE,NTZ,Cerbère-Banyuls Marine Reserve,Buffer zone at. 2472 m then open,4,3501,0.17,0.37,0.37,Yes,NA,3501,1011
72,"Results from plot of GAM on mean residuals of biomass with biomass scaled so that zero corresponds to the mean in the log scale: North orientation, buffer zone boundary at 2472 m, spillover extent 1011 m ",Transect count,Small serranids,Serranidae,NA,NA,Small Serranids,Biomass,2 SE,NTZ,Cerbère-Banyuls Marine Reserve,Buffer zone at. 2472 m then open,5,3729,0.15,0.38,0.38,Yes,NA,3729,1011
72,"Results from plot of GAM on mean residuals of biomass with biomass scaled so that zero corresponds to the mean in the log scale: North orientation, buffer zone boundary at 2472 m, spillover extent 1011 m ",Transect count,Small serranids,Serranidae,NA,NA,Small Serranids,Biomass,2 SE,NTZ,Cerbère-Banyuls Marine Reserve,Buffer zone at 2472 m then open,1,3847,0.17,0.46,0.46,Yes,NA,3847,1011
72,"Results from plot of GAM on mean residuals of biomass with biomass scaled so that zero corresponds to the mean in the log scale: North orientation, buffer zone boundary at 2472 m, spillover extent 1011 m ",Transect count,Small serranids,Serranidae,NA,NA,Small Serranids,Biomass,2 SE,NTZ,Cerbère-Banyuls Marine Reserve,Buffer zone at 2472 m then open,2,4146,0.22,0.81,0.81,Yes,NA,4146,1011
72,"Results from plot of GAM on mean residuals of biomass with biomass scaled so that zero corresponds to the mean in the log scale: North orientation, buffer zone boundary at 2472 m, spillover extent 1011 m ",Transect count,Small serranids,Serranidae,NA,NA,Small Serranids,Biomass,2 SE,NTZ,Cerbère-Banyuls Marine Reserve,Buffer zone at 2472 m then open,3,5348,-0.52,0.54,0.54,Yes,NA,5348,1011
72,"Results from plot of GAM on mean residuals of biomass with biomass scaled so that zero corresponds to the mean in the log scale: South orientation, buffer zone boundary at 1379 m, spillover extent 553 m ",Transect count,Big Serranids,Serranidae,NA,NA,Big Serranids,Biomass,2 SE,NTZ,Cerbère-Banyuls Marine Reserve,Buffer zone at 1379 m then open,1,-274,2.21,0.81,0.81,Yes,NA,-274,553
72,"Results from plot of GAM on mean residuals of biomass with biomass scaled so that zero corresponds to the mean in the log scale: South orientation, buffer zone boundary at 1379 m, spillover extent 553 m ",Transect count,Big Serranids,Serranidae,NA,NA,Big Serranids,Biomass,2 SE,NTZ,Cerbère-Banyuls Marine Reserve,Buffer zone at 1379 m then open,2,442,0.08,0.71,0.71,Yes,NA,442,553
72,"Results from plot of GAM on mean residuals of biomass with biomass scaled so that zero corresponds to the mean in the log scale: South orientation, buffer zone boundary at 1379 m, spillover extent 553 m ",Transect count,Big Serranids,Serranidae,NA,NA,Big Serranids,Biomass,2 SE,NTZ,Cerbère-Banyuls Marine Reserve,Buffer zone at 1379 m then open,3,572,-0.27,0.64,0.64,Yes,NA,572,553
72,"Results from plot of GAM on mean residuals of biomass with biomass scaled so that zero corresponds to the mean in the log scale: South orientation, buffer zone boundary at 1379 m, spillover extent 553 m ",Transect count,Big Serranids,Serranidae,NA,NA,Big Serranids,Biomass,2 SE,NTZ,Cerbère-Banyuls Marine Reserve,Buffer zone at 1379 m then open,4,651,-0.36,0.57,0.57,Yes,NA,651,553
72,"Results from plot of GAM on mean residuals of biomass with biomass scaled so that zero corresponds to the mean in the log scale: South orientation, buffer zone boundary at 1379 m, spillover extent 553 m ",Transect count,Big Serranids,Serranidae,NA,NA,Big Serranids,Biomass,2 SE,NTZ,Cerbère-Banyuls Marine Reserve,Buffer zone at 1379 m then open,5,830,-0.45,0.54,0.54,Yes,NA,830,553
72,"Results from plot of GAM on mean residuals of biomass with biomass scaled so that zero corresponds to the mean in the log scale: South orientation, buffer zone boundary at 1379 m, spillover extent 553 m ",Transect count,Big Serranids,Serranidae,NA,NA,Big Serranids,Biomass,2 SE,NTZ,Cerbère-Banyuls Marine Reserve,Buffer zone at 1379 then open,1,964,-0.49,0.61,0.61,Yes,NA,964,553
72,"Results from plot of GAM on mean residuals of biomass with biomass scaled so that zero corresponds to the mean in the log scale: South orientation, buffer zone boundary at 1379 m, spillover extent 553 m ",Transect count,Big Serranids,Serranidae,NA,NA,Big Serranids,Biomass,2 SE,NTZ,Cerbère-Banyuls Marine Reserve,Buffer zone at 1379 then open,2,1242,-0.42,0.56,0.45,Yes,NA,1242,553
72,"Results from plot of GAM on mean residuals of biomass with biomass scaled so that zero corresponds to the mean in the log scale: South orientation, buffer zone boundary at 1379 m, spillover extent 553 m ",Transect count,Big Serranids,Serranidae,NA,NA,Big Serranids,Biomass,2 SE,NTZ,Cerbère-Banyuls Marine Reserve,Buffer zone at 1379 then open,3,1591,-0.34,0.6,0.6,Yes,NA,1591,553
72,"Results from plot of GAM on mean residuals of biomass with biomass scaled so that zero corresponds to the mean in the log scale: South orientation, buffer zone boundary at 1379 m, spillover extent 553 m ",Transect count,Big Serranids,Serranidae,NA,NA,Big Serranids,Biomass,2 SE,NTZ,Cerbère-Banyuls Marine Reserve,Buffer zone at 1379 then open,4,1706,-0.31,0.6,0.6,Yes,NA,1706,553
72,"Results from plot of GAM on mean residuals of biomass with biomass scaled so that zero corresponds to the mean in the log scale: South orientation, buffer zone boundary at 1379 m, spillover extent 553 m ",Transect count,Big Serranids,Serranidae,NA,NA,Big Serranids,Biomass,2 SE,NTZ,Cerbère-Banyuls Marine Reserve,Buffer zone at 1379 then open,5,2399,-0.27,0.53,0.53,Yes,NA,2399,553
72,"Results from plot of GAM on mean residuals of biomass with biomass scaled so that zero corresponds to the mean in the log scale: South orientation, buffer zone boundary at 1379 m, spillover extent 553 m ",Transect count,Big Serranids,Serranidae,NA,NA,Big Serranids,Biomass,2 SE,NTZ,Cerbère-Banyuls Marine Reserve,Buffer zone at 1379 then open,1,2604,-0.36,0.55,0.55,Yes,NA,2604,553
72,"Results from plot of GAM on mean residuals of biomass with biomass scaled so that zero corresponds to the mean in the log scale: South orientation, buffer zone boundary at 1379 m, spillover extent 553 m ",Transect count,Big Serranids,Serranidae,NA,NA,Big Serranids,Biomass,2 SE,NTZ,Cerbère-Banyuls Marine Reserve,Buffer zone at 1379 then open,2,2850,-0.4,0.63,0.63,Yes,NA,2850,553
72,"Results from plot of GAM on mean residuals of biomass with biomass scaled so that zero corresponds to the mean in the log scale: South orientation, buffer zone boundary at 1379 m, spillover extent 553 m ",Transect count,Big Serranids,Serranidae,NA,NA,Big Serranids,Biomass,2 SE,NTZ,Cerbère-Banyuls Marine Reserve,Buffer zone at 1379 then open,3,3382,-0.53,0.6,0.6,Yes,NA,3382,553
72,"Results from plot of GAM on mean residuals of biomass with biomass scaled so that zero corresponds to the mean in the log scale: South orientation, buffer zone boundary at 1379 m, spillover extent 553 m ",Transect count,Big Serranids,Serranidae,NA,NA,Big Serranids,Biomass,2 SE,NTZ,Cerbère-Banyuls Marine Reserve,Buffer zone at 1379 then open,4,4261,-0.73,0.83,0.83,Yes,NA,4261,553
72,"Results from plot of GAM on mean residuals of biomass with biomass scaled so that zero corresponds to the mean in the log scale: South orientation, buffer zone boundary at 1379 m, spillover extent 553 m ",Transect count,Big Serranids,Serranidae,NA,NA,Big Serranids,Biomass,2 SE,NTZ,Cerbère-Banyuls Marine Reserve,Buffer zone at 1379 then open,5,4413,-0.78,0.98,0.98,Yes,NA,4413,553
72,"Results from plot of GAM on mean residuals of biomass with biomass scaled so that zero corresponds to the mean in the log scale: South orientation, buffer zone boundary at 1379 m, spillover extent 553 m ",Transect count,Genus group,Sparidae,Diplodus,spp.,NA,Biomass,2 SE,NTZ,Cerbère-Banyuls Marine Reserve,Buffer zone at 1379 m then open,1,-276,0.59,0.4,0.4,Yes,Diplodus spp.,-276,553
72,"Results from plot of GAM on mean residuals of biomass with biomass scaled so that zero corresponds to the mean in the log scale: South orientation, buffer zone boundary at 1379 m, spillover extent 553 m ",Transect count,Genus group,Sparidae,Diplodus,spp.,NA,Biomass,2 SE,NTZ,Cerbère-Banyuls Marine Reserve,Buffer zone at 1379 m then open,2,437,-0.07,0.37,0.37,Yes,Diplodus spp.,437,553
72,"Results from plot of GAM on mean residuals of biomass with biomass scaled so that zero corresponds to the mean in the log scale: South orientation, buffer zone boundary at 1379 m, spillover extent 553 m ",Transect count,Genus group,Sparidae,Diplodus,spp.,NA,Biomass,2 SE,NTZ,Cerbère-Banyuls Marine Reserve,Buffer zone at 1379 m then open,3,577,-0.18,0.35,0.35,Yes,Diplodus spp.,577,553
72,"Results from plot of GAM on mean residuals of biomass with biomass scaled so that zero corresponds to the mean in the log scale: South orientation, buffer zone boundary at 1379 m, spillover extent 553 m ",Transect count,Genus group,Sparidae,Diplodus,spp.,NA,Biomass,2 SE,NTZ,Cerbère-Banyuls Marine Reserve,Buffer zone at 1379 m then open,4,651,-0.12,0.29,0.29,Yes,Diplodus spp.,651,553
72,"Results from plot of GAM on mean residuals of biomass with biomass scaled so that zero corresponds to the mean in the log scale: South orientation, buffer zone boundary at 1379 m, spillover extent 553 m ",Transect count,Genus group,Sparidae,Diplodus,spp.,NA,Biomass,2 SE,NTZ,Cerbère-Banyuls Marine Reserve,Buffer zone at 1379 m then open,5,833,-0.03,0.27,0.27,Yes,Diplodus spp.,833,553
72,"Results from plot of GAM on mean residuals of biomass with biomass scaled so that zero corresponds to the mean in the log scale: South orientation, buffer zone boundary at 1379 m, spillover extent 553 m ",Transect count,Genus group,Sparidae,Diplodus ,spp.,NA,Biomass,2 SE,NTZ,Cerbère-Banyuls Marine Reserve,Buffer zone at 1379 m then open,1,958,0.02,0.32,0.32,Yes,Diplodus  spp.,958,553
72,"Results from plot of GAM on mean residuals of biomass with biomass scaled so that zero corresponds to the mean in the log scale: South orientation, buffer zone boundary at 1379 m, spillover extent 553 m ",Transect count,Genus group,Sparidae,Diplodus ,spp.,NA,Biomass,2 SE,NTZ,Cerbère-Banyuls Marine Reserve,Buffer zone at 1379 m then open,2,1248,-0.06,0.29,0.29,Yes,Diplodus  spp.,1248,553
72,"Results from plot of GAM on mean residuals of biomass with biomass scaled so that zero corresponds to the mean in the log scale: South orientation, buffer zone boundary at 1379 m, spillover extent 553 m ",Transect count,Genus group,Sparidae,Diplodus ,spp.,NA,Biomass,2 SE,NTZ,Cerbère-Banyuls Marine Reserve,Buffer zone at 1379 m then open,3,1627,-0.26,0.32,0.32,Yes,Diplodus  spp.,1627,553
72,"Results from plot of GAM on mean residuals of biomass with biomass scaled so that zero corresponds to the mean in the log scale: South orientation, buffer zone boundary at 1379 m, spillover extent 553 m ",Transect count,Genus group,Sparidae,Diplodus ,spp.,NA,Biomass,2 SE,NTZ,Cerbère-Banyuls Marine Reserve,Buffer zone at 1379 m then open,4,1713,-0.3,0.32,0.32,Yes,Diplodus  spp.,1713,553
72,"Results from plot of GAM on mean residuals of biomass with biomass scaled so that zero corresponds to the mean in the log scale: South orientation, buffer zone boundary at 1379 m, spillover extent 553 m ",Transect count,Genus group,Sparidae,Diplodus ,spp.,NA,Biomass,2 SE,NTZ,Cerbère-Banyuls Marine Reserve,Buffer zone at 1379 m then open,5,2398,-0.17,0.28,0.28,Yes,Diplodus  spp.,2398,553
72,"Results from plot of GAM on mean residuals of biomass with biomass scaled so that zero corresponds to the mean in the log scale: South orientation, buffer zone boundary at 1379 m, spillover extent 553 m ",Transect count,Genus group,Sparidae,Diplodus,spp.,NA,Biomass,2 SE,NTZ,Cerbère-Banyuls Marine Reserve,Buffer zone at 1379 m then open,1,2606,-0.11,0.28,0.28,Yes,Diplodus spp.,2606,553
72,"Results from plot of GAM on mean residuals of biomass with biomass scaled so that zero corresponds to the mean in the log scale: South orientation, buffer zone boundary at 1379 m, spillover extent 553 m ",Transect count,Genus group,Sparidae,Diplodus,spp.,NA,Biomass,2 SE,NTZ,Cerbère-Banyuls Marine Reserve,Buffer zone at 1379 m then open,2,2848,-0.07,0.33,0.33,Yes,Diplodus spp.,2848,553
72,"Results from plot of GAM on mean residuals of biomass with biomass scaled so that zero corresponds to the mean in the log scale: South orientation, buffer zone boundary at 1379 m, spillover extent 553 m ",Transect count,Genus group,Sparidae,Diplodus,spp.,NA,Biomass,2 SE,NTZ,Cerbère-Banyuls Marine Reserve,Buffer zone at 1379 m then open,3,3381,-0.05,0.3,0.3,Yes,Diplodus spp.,3381,553
72,"Results from plot of GAM on mean residuals of biomass with biomass scaled so that zero corresponds to the mean in the log scale: South orientation, buffer zone boundary at 1379 m, spillover extent 553 m ",Transect count,Genus group,Sparidae,Diplodus,spp.,NA,Biomass,2 SE,NTZ,Cerbère-Banyuls Marine Reserve,Buffer zone at 1379 m then open,4,4261,-0.02,0.44,0.44,Yes,Diplodus spp.,4261,553
72,"Results from plot of GAM on mean residuals of biomass with biomass scaled so that zero corresponds to the mean in the log scale: South orientation, buffer zone boundary at 1379 m, spillover extent 553 m ",Transect count,Genus group,Sparidae,Diplodus,spp.,NA,Biomass,2 SE,NTZ,Cerbère-Banyuls Marine Reserve,Buffer zone at 1379 m then open,5,4420,-0.02,0.5,0.5,Yes,Diplodus spp.,4420,553
72,"Results from plot of GAM on mean residuals of biomass with biomass scaled so that zero corresponds to the mean in the log scale: North orientation, buffer zone boudnary at 3192 m, no significant effect of spillover",Transect count,Individual species,Mullidae,Mullus,surmuletus,NA,Biomass,2 SE,NTZ,Cabo de Palos Marine Reserve,Buffer zone at 3192 m then open,1,-943,0.14,0.58,0.58,No,Mullus surmuletus,-943,NA
72,"Results from plot of GAM on mean residuals of biomass with biomass scaled so that zero corresponds to the mean in the log scale: North orientation, buffer zone boudnary at 3192 m, no significant effect of spillover",Transect count,Individual species,Mullidae,Mullus,surmuletus,NA,Biomass,2 SE,NTZ,Cabo de Palos Marine Reserve,Buffer zone at 3192 m then open,2,-420,0.09,0.41,0.41,No,Mullus surmuletus,-420,NA
72,"Results from plot of GAM on mean residuals of biomass with biomass scaled so that zero corresponds to the mean in the log scale: North orientation, buffer zone boudnary at 3192 m, no significant effect of spillover",Transect count,Individual species,Mullidae,Mullus,surmuletus,NA,Biomass,2 SE,NTZ,Cabo de Palos Marine Reserve,Buffer zone at 3192 m then open,3,438,0.04,0.32,0.32,No,Mullus surmuletus,438,NA
72,"Results from plot of GAM on mean residuals of biomass with biomass scaled so that zero corresponds to the mean in the log scale: North orientation, buffer zone boudnary at 3192 m, no significant effect of spillover",Transect count,Individual species,Mullidae,Mullus,surmuletus,NA,Biomass,2 SE,NTZ,Cabo de Palos Marine Reserve,Buffer zone at 3192 m then open,4,896,-0.01,0.36,0.36,No,Mullus surmuletus,896,NA
72,"Results from plot of GAM on mean residuals of biomass with biomass scaled so that zero corresponds to the mean in the log scale: North orientation, buffer zone boudnary at 3192 m, no significant effect of spillover",Transect count,Individual species,Mullidae,Mullus,surmuletus,NA,Biomass,2 SE,NTZ,Cabo de Palos Marine Reserve,Buffer zone at 3192 m then open,5,2066,0.07,0.52,0.52,No,Mullus surmuletus,2066,NA
72,"Results from plot of GAM on mean residuals of biomass with biomass scaled so that zero corresponds to the mean in the log scale: North orientation, buffer zone boudnary at 3192 m, no significant effect of spillover",Transect count,Individual species,Mullidae,Mullus,surmuletus,NA,Biomass,2 SE,NTZ,Cabo de Palos Marine Reserve,Buffer zone at 3192 m then open,1,2261,0.11,0.45,0.45,No,Mullus surmuletus,2261,NA
72,"Results from plot of GAM on mean residuals of biomass with biomass scaled so that zero corresponds to the mean in the log scale: North orientation, buffer zone boudnary at 3192 m, no significant effect of spillover",Transect count,Individual species,Mullidae,Mullus,surmuletus,NA,Biomass,2 SE,NTZ,Cabo de Palos Marine Reserve,Buffer zone at 3192 m then open,2,2868,-0.04,0.47,0.47,No,Mullus surmuletus,2868,NA
72,"Results from plot of GAM on mean residuals of biomass with biomass scaled so that zero corresponds to the mean in the log scale: North orientation, buffer zone boudnary at 3192 m, no significant effect of spillover",Transect count,Individual species,Mullidae,Mullus,surmuletus,NA,Biomass,2 SE,NTZ,Cabo de Palos Marine Reserve,Buffer zone at 3192 m then open,3,3064,-0.11,0.39,0.39,No,Mullus surmuletus,3064,NA
72,"Results from plot of GAM on mean residuals of biomass with biomass scaled so that zero corresponds to the mean in the log scale: North orientation, buffer zone boudnary at 3192 m, no significant effect of spillover",Transect count,Individual species,Mullidae,Mullus,surmuletus,NA,Biomass,2 SE,NTZ,Cabo de Palos Marine Reserve,Buffer zone at 3192 m then open,4,3250,-0.19,0.25,0.25,No,Mullus surmuletus,3250,NA
72,"Results from plot of GAM on mean residuals of biomass with biomass scaled so that zero corresponds to the mean in the log scale: North orientation, buffer zone boudnary at 3192 m, no significant effect of spillover",Transect count,Individual species,Mullidae,Mullus,surmuletus,NA,Biomass,2 SE,NTZ,Cabo de Palos Marine Reserve,Buffer zone at 3192 m then open,5,3423,-0.23,0.23,0.23,No,Mullus surmuletus,3423,NA
72,"Results from plot of GAM on mean residuals of biomass with biomass scaled so that zero corresponds to the mean in the log scale: North orientation, buffer zone boudnary at 3192 m, no significant effect of spillover",Transect count,Individual species,Mullidae,Mullus,surmuletus,NA,Biomass,2 SE,NTZ,Cabo de Palos Marine Reserve,Buffer zone at 3192 m then open,1,3700,-0.3,0.36,0.36,No,Mullus surmuletus,3700,NA
72,"Results from plot of GAM on mean residuals of biomass with biomass scaled so that zero corresponds to the mean in the log scale: North orientation, buffer zone boudnary at 3192 m, no significant effect of spillover",Transect count,Individual species,Mullidae,Mullus,surmuletus,NA,Biomass,2 SE,NTZ,Cabo de Palos Marine Reserve,Buffer zone at 3192 m then open,2,3898,-0.34,0.58,0.58,No,Mullus surmuletus,3898,NA
72,"Results from plot of GAM on mean residuals of biomass with biomass scaled so that zero corresponds to the mean in the log scale: North orientation, buffer zone boudnary at 3192 m, no significant effect of spillover",Transect count,Individual species,Mullidae,Mullus,surmuletus,NA,Biomass,2 SE,NTZ,Cabo de Palos Marine Reserve,Buffer zone at 3192 m then open,3,5130,1.39,0.76,0.76,No,Mullus surmuletus,5130,NA
72,"Results from plot of GAM on mean residuals of biomass with biomass scaled so that zero corresponds to the mean in the log scale: North orientation, buffer zone boudnary at 3192 m, no significant effect of spillover",Transect count,Individual species,Mullidae,Mullus,surmuletus,NA,Biomass,2 SE,NTZ,Cabo de Palos Marine Reserve,Buffer zone at 3192 m then open,4,8365,-0.07,0.39,0.39,No,Mullus surmuletus,8365,NA
72,"Results from plot of GAM on mean residuals of biomass with biomass scaled so that zero corresponds to the mean in the log scale: North orientation, buffer zone boudnary at 3192 m, no significant effect of spillover",Transect count,Individual species,Mullidae,Mullus,surmuletus,NA,Biomass,2 SE,NTZ,Cabo de Palos Marine Reserve,Buffer zone at 3192 m then open,5,8596,-0.14,0.41,0.41,No,Mullus surmuletus,8596,NA
72,"Results from plot of GAM on mean residuals of biomass with biomass scaled so that zero corresponds to the mean in the log scale: North orientation, buffer zone boudnary at 3192 m, no significant effect of spillover",Transect count,Individual species,Mullidae,Mullus,surmuletus,NA,Biomass,2 SE,NTZ,Cabo de Palos Marine Reserve,Buffer zone at 3192 m then open,1,8786,-0.22,0.46,0.46,No,Mullus surmuletus,8786,NA
72,"Results from plot of GAM on mean residuals of biomass with biomass scaled so that zero corresponds to the mean in the log scale: South orientation, buffer zone boudnary at 3028 m, spillover extent 3074 m",Transect count,Big Serranids,Serranidae,NA,NA,Big Serranids,Biomass,2 SE,NTZ,Cabo de Palos Marine Reserve,Buffer zone at 3028 m then open,1,-925,-0.87,1.44,1.44,Yes,NA,-925,3074
72,"Results from plot of GAM on mean residuals of biomass with biomass scaled so that zero corresponds to the mean in the log scale: South orientation, buffer zone boudnary at 3028 m, spillover extent 3074 m",Transect count,Big Serranids,Serranidae,NA,NA,Big Serranids,Biomass,2 SE,NTZ,Cabo de Palos Marine Reserve,Buffer zone at 3028 m then open,2,-416,-0.51,1.07,1.07,Yes,NA,-416,3074
72,"Results from plot of GAM on mean residuals of biomass with biomass scaled so that zero corresponds to the mean in the log scale: South orientation, buffer zone boudnary at 3028 m, spillover extent 3074 m",Transect count,Big Serranids,Serranidae,NA,NA,Big Serranids,Biomass,2 SE,NTZ,Cabo de Palos Marine Reserve,Buffer zone at 3028 m then open,3,431,0.02,0.79,0.79,Yes,NA,431,3074
72,"Results from plot of GAM on mean residuals of biomass with biomass scaled so that zero corresponds to the mean in the log scale: South orientation, buffer zone boudnary at 3028 m, spillover extent 3074 m",Transect count,Big Serranids,Serranidae,NA,NA,Big Serranids,Biomass,2 SE,NTZ,Cabo de Palos Marine Reserve,Buffer zone at 3028 m then open,4,911,0.35,0.88,0.88,Yes,NA,911,3074
72,"Results from plot of GAM on mean residuals of biomass with biomass scaled so that zero corresponds to the mean in the log scale: South orientation, buffer zone boudnary at 3028 m, spillover extent 3074 m",Transect count,Big Serranids,Serranidae,NA,NA,Big Serranids,Biomass,2 SE,NTZ,Cabo de Palos Marine Reserve,Buffer zone at 3028 m then open,5,2071,2.36,1.11,1.11,Yes,NA,2071,3074
72,"Results from plot of GAM on mean residuals of biomass with biomass scaled so that zero corresponds to the mean in the log scale: South orientation, buffer zone boudnary at 3028 m, spillover extent 3074 m",Transect count,Big Serranids,Serranidae,NA,NA,Big Serranids,Biomass,2 SE,NTZ,Cabo de Palos Marine Reserve,Buffer zone at 3028 m then open,1,2274,1.3,1.12,1.12,Yes,NA,2274,3074
72,"Results from plot of GAM on mean residuals of biomass with biomass scaled so that zero corresponds to the mean in the log scale: South orientation, buffer zone boudnary at 3028 m, spillover extent 3074 m",Transect count,Big Serranids,Serranidae,NA,NA,Big Serranids,Biomass,2 SE,NTZ,Cabo de Palos Marine Reserve,Buffer zone at 3028 m then open,2,2890,0.24,0.63,0.63,Yes,NA,2890,3074
72,"Results from plot of GAM on mean residuals of biomass with biomass scaled so that zero corresponds to the mean in the log scale: South orientation, buffer zone boudnary at 3028 m, spillover extent 3074 m",Transect count,Big Serranids,Serranidae,NA,NA,Big Serranids,Biomass,2 SE,NTZ,Cabo de Palos Marine Reserve,Buffer zone at 3028 m then open,3,3071,-0.11,0.61,0.61,Yes,NA,3071,3074
72,"Results from plot of GAM on mean residuals of biomass with biomass scaled so that zero corresponds to the mean in the log scale: South orientation, buffer zone boudnary at 3028 m, spillover extent 3074 m",Transect count,Big Serranids,Serranidae,NA,NA,Big Serranids,Biomass,2 SE,NTZ,Cabo de Palos Marine Reserve,Buffer zone at 3028 m then open,4,3254,-0.42,0.66,0.66,Yes,NA,3254,3074
72,"Results from plot of GAM on mean residuals of biomass with biomass scaled so that zero corresponds to the mean in the log scale: South orientation, buffer zone boudnary at 3028 m, spillover extent 3074 m",Transect count,Big Serranids,Serranidae,NA,NA,Big Serranids,Biomass,2 SE,NTZ,Cabo de Palos Marine Reserve,Buffer zone at 3028 m then open,5,3610,-0.82,0.78,0.78,Yes,NA,3610,3074
72,"Results from plot of GAM on mean residuals of biomass with biomass scaled so that zero corresponds to the mean in the log scale: South orientation, buffer zone boudnary at 3028 m, spillover extent 3074 m",Transect count,Big Serranids,Serranidae,NA,NA,Big Serranids,Biomass,2 SE,NTZ,Cabo de Palos Marine Reserve,Buffer zone at 3028,1,3726,-0.91,0.84,0.84,Yes,NA,3726,3074
72,"Results from plot of GAM on mean residuals of biomass with biomass scaled so that zero corresponds to the mean in the log scale: South orientation, buffer zone boudnary at 3028 m, spillover extent 3074 m",Transect count,Big Serranids,Serranidae,NA,NA,Big Serranids,Biomass,2 SE,NTZ,Cabo de Palos Marine Reserve,Buffer zone at 3028,2,3841,-0.91,0.94,0.94,Yes,NA,3841,3074
72,"Results from plot of GAM on mean residuals of biomass with biomass scaled so that zero corresponds to the mean in the log scale: South orientation, buffer zone boudnary at 3028 m, spillover extent 3074 m",Transect count,Big Serranids,Serranidae,NA,NA,Big Serranids,Biomass,2 SE,NTZ,Cabo de Palos Marine Reserve,Buffer zone at 3028,3,4803,-0.4,1.24,1.24,Yes,NA,4803,3074
72,"Results from plot of GAM on mean residuals of biomass with biomass scaled so that zero corresponds to the mean in the log scale: South orientation, buffer zone boudnary at 3028 m, spillover extent 3074 m",Transect count,Big Serranids,Serranidae,NA,NA,Big Serranids,Biomass,2 SE,NTZ,Cabo de Palos Marine Reserve,Buffer zone at 3028,4,5060,-0.13,0.91,0.91,Yes,NA,5060,3074
72,"Results from plot of GAM on mean residuals of biomass with biomass scaled so that zero corresponds to the mean in the log scale: South orientation, buffer zone boudnary at 3028 m, spillover extent 3074 m",Transect count,Big Serranids,Serranidae,NA,NA,Big Serranids,Biomass,2 SE,NTZ,Cabo de Palos Marine Reserve,Buffer zone at 3028,5,5175,-0.03,0.83,0.83,Yes,NA,5175,3074
72,"Results from plot of GAM on mean residuals of biomass with biomass scaled so that zero corresponds to the mean in the log scale: South orientation, buffer zone boudnary at 3028 m, spillover extent 3074 m",Transect count,Big Serranids,Serranidae,NA,NA,Big Serranids,Biomass,2 SE,NTZ,Cabo de Palos Marine Reserve,Buffer zone at. 3028 then open,1,5605,0.44,0.8,0.8,Yes,NA,5605,3074
72,"Results from plot of GAM on mean residuals of biomass with biomass scaled so that zero corresponds to the mean in the log scale: South orientation, buffer zone boudnary at 3028 m, spillover extent 3074 m",Transect count,Big Serranids,Serranidae,NA,NA,Big Serranids,Biomass,2 SE,NTZ,Cabo de Palos Marine Reserve,Buffer zone at. 3028 then open,2,5898,0.75,1.15,1.15,Yes,NA,5898,3074
72,"Results from plot of GAM on mean residuals of biomass with biomass scaled so that zero corresponds to the mean in the log scale: Buffer zone boundary at 2057 m, spillover extent 286 m ",Transect count,Big Serranids,Serranidae,NA,NA,Big Serranids,Biomass,2 SE,NTZ,Cabrera Marine Reserve,Buffer zone at 2057 m then open,1,-739,0.04,1.42,1.42,Yes,NA,-739,286
72,"Results from plot of GAM on mean residuals of biomass with biomass scaled so that zero corresponds to the mean in the log scale: Buffer zone boundary at 2057 m, spillover extent 286 m ",Transect count,Big Serranids,Serranidae,NA,NA,Big Serranids,Biomass,2 SE,NTZ,Cabrera Marine Reserve,Buffer zone at 2057 m then open,2,-282,0.68,1.3,1.3,Yes,NA,-282,286
72,"Results from plot of GAM on mean residuals of biomass with biomass scaled so that zero corresponds to the mean in the log scale: Buffer zone boundary at 2057 m, spillover extent 286 m ",Transect count,Big Serranids,Serranidae,NA,NA,Big Serranids,Biomass,2 SE,NTZ,Cabrera Marine Reserve,Buffer zone at 2057 m then open,3,-34,1.29,0.71,0.71,Yes,NA,-34,286
72,"Results from plot of GAM on mean residuals of biomass with biomass scaled so that zero corresponds to the mean in the log scale: Buffer zone boundary at 2057 m, spillover extent 286 m ",Transect count,Big Serranids,Serranidae,NA,NA,Big Serranids,Biomass,2 SE,NTZ,Cabrera Marine Reserve,Buffer zone at 2057 m then open,4,351,1.82,1.12,1.12,Yes,NA,351,286
72,"Results from plot of GAM on mean residuals of biomass with biomass scaled so that zero corresponds to the mean in the log scale: Buffer zone boundary at 2057 m, spillover extent 286 m ",Transect count,Big Serranids,Serranidae,NA,NA,Big Serranids,Biomass,2 SE,NTZ,Cabrera Marine Reserve,Buffer zone at 2057 m then open,5,951,1.05,1.02,1.02,Yes,NA,951,286
72,"Results from plot of GAM on mean residuals of biomass with biomass scaled so that zero corresponds to the mean in the log scale: Buffer zone boundary at 2057 m, spillover extent 286 m ",Transect count,Big Serranids,Serranidae,NA,NA,Big Serranids,Biomass,2 SE,NTZ,Cabrera Marine Reserve,Buffer zone at 2057 m then open,1,1287,0.58,1.36,1.36,Yes,NA,1287,286
72,"Results from plot of GAM on mean residuals of biomass with biomass scaled so that zero corresponds to the mean in the log scale: Buffer zone boundary at 2057 m, spillover extent 286 m ",Transect count,Big Serranids,Serranidae,NA,NA,Big Serranids,Biomass,2 SE,NTZ,Cabrera Marine Reserve,Buffer zone at 2057 m then open,2,15619,-2.54,1.09,1.09,Yes,NA,15619,286
72,"Results from plot of GAM on mean residuals of biomass with biomass scaled so that zero corresponds to the mean in the log scale: Buffer zone boundary at 2057 m, spillover extent 286 m ",Transect count,Big Serranids,Serranidae,NA,NA,Big Serranids,Biomass,2 SE,NTZ,Cabrera Marine Reserve,Buffer zone at 2057 m then open,3,16160,-2.49,0.99,0.99,Yes,NA,16160,286
72,"Results from plot of GAM on mean residuals of biomass with biomass scaled so that zero corresponds to the mean in the log scale: Buffer zone boundary at 2057 m, spillover extent 286 m ",Transect count,Big Serranids,Serranidae,NA,NA,Big Serranids,Biomass,2 SE,NTZ,Cabrera Marine Reserve,Buffer zone at 2057 m then open,4,16530,-2.45,0.91,0.91,Yes,NA,16530,286
72,"Results from plot of GAM on mean residuals of biomass with biomass scaled so that zero corresponds to the mean in the log scale: Buffer zone boundary at 2057 m, spillover extent 286 m ",Transect count,Big Serranids,Serranidae,NA,NA,Big Serranids,Biomass,2 SE,NTZ,Cabrera Marine Reserve,Buffer zone at 2057 m then open,5,18413,-2.28,0.6,0.6,Yes,NA,18413,286
72,"Results from plot of GAM on mean residuals of biomass with biomass scaled so that zero corresponds to the mean in the log scale: Buffer zone boundary at 2057 m, spillover extent 286 m ",Transect count,Big Serranids,Serranidae,NA,NA,Big Serranids,Biomass,2 SE,NTZ,Cabrera Marine Reserve,Buffer zone at 2057 m then open,1,21463,-1.95,1.01,0.99,Yes,NA,21463,286
72,"Results from plot of GAM on mean residuals of biomass with biomass scaled so that zero corresponds to the mean in the log scale: Buffer zone boundary at 2057 m, spillover extent 286 m ",Transect count,Big Serranids,Serranidae,NA,NA,Big Serranids,Biomass,2 SE,NTZ,Cabrera Marine Reserve,Buffer zone at 2057 m then open,2,0.99,22034,-1.87,1.14,Yes,NA,0.99,286
72,"Results from plot of GAM on mean residuals of biomass with biomass scaled so that zero corresponds to the mean in the log scale: Buffer zone boundary at 2057 m, spillover extent 286 m ",Transect count,Big Serranids,Serranidae,NA,NA,Big Serranids,Biomass,2 SE,NTZ,Cabrera Marine Reserve,Buffer zone at 2057 m then open,3,1.14,22446,-1.85,1.23,Yes,NA,1.14,286
72,"Results from plot of GAM on mean residuals of biomass with biomass scaled so that zero corresponds to the mean in the log scale: Buffer zone boundary at 2057 m, spillover extent 21975 m ",Transect count,Small Serranids,Serranidae,NA,NA,Small Serranids,Biomass,2 SE,NTZ,Cabrera Marine Reserve,Buffer zone at 2057 m then open,1,-619,0.23,0.36,0.36,Yes,NA,-619,182
72,"Results from plot of GAM on mean residuals of biomass with biomass scaled so that zero corresponds to the mean in the log scale: Buffer zone boundary at 2057 m, spillover extent 21975 m ",Transect count,Small Serranids,Serranidae,NA,NA,Small Serranids,Biomass,2 SE,NTZ,Cabrera Marine Reserve,Buffer zone at 2057 m then open,2,-387,0.16,0.38,0.38,Yes,NA,-387,182
72,"Results from plot of GAM on mean residuals of biomass with biomass scaled so that zero corresponds to the mean in the log scale: Buffer zone boundary at 2057 m, spillover extent 21975 m ",Transect count,Small Serranids,Serranidae,NA,NA,Small Serranids,Biomass,2 SE,NTZ,Cabrera Marine Reserve,Buffer zone at 2057 m then open,3,-125,0.08,0.36,0.36,Yes,NA,-125,182
72,"Results from plot of GAM on mean residuals of biomass with biomass scaled so that zero corresponds to the mean in the log scale: Buffer zone boundary at 2057 m, spillover extent 21975 m ",Transect count,Small Serranids,Serranidae,NA,NA,Small Serranids,Biomass,2 SE,NTZ,Cabrera Marine Reserve,Buffer zone at 2057 m then open,4,162,-0.02,0.38,0.38,Yes,NA,162,182
72,"Results from plot of GAM on mean residuals of biomass with biomass scaled so that zero corresponds to the mean in the log scale: Buffer zone boundary at 2057 m, spillover extent 21975 m ",Transect count,Small Serranids,Serranidae,NA,NA,Small Serranids,Biomass,2 SE,NTZ,Cabrera Marine Reserve,Buffer zone at 2057 m then open,5,434,-0.12,0.4,0.4,Yes,NA,434,182
72,"Results from plot of GAM on mean residuals of biomass with biomass scaled so that zero corresponds to the mean in the log scale: Buffer zone boundary at 2057 m, spillover extent 21975 m ",Transect count,Small Serranids,Serranids,NA,NA,Small Serranids,Biomass,2 SE,NTZ,Cabrera Marine Reserve,Buffer zone 2057 m then open,1,1051,0.22,0.34,0.34,Yes,NA,1051,182
72,"Results from plot of GAM on mean residuals of biomass with biomass scaled so that zero corresponds to the mean in the log scale: Buffer zone boundary at 2057 m, spillover extent 21975 m ",Transect count,Small Serranids,Serranids,NA,NA,Small Serranids,Biomass,2 SE,NTZ,Cabrera Marine Reserve,Buffer zone 2057 m then open,2,1275,0.28,0.41,0.41,Yes,NA,1275,182
72,"Results from plot of GAM on mean residuals of biomass with biomass scaled so that zero corresponds to the mean in the log scale: Buffer zone boundary at 2057 m, spillover extent 21975 m ",Transect count,Small Serranids,Serranids,NA,NA,Small Serranids,Biomass,2 SE,NTZ,Cabrera Marine Reserve,Buffer zone 2057 m then open,3,15603,-0.58,0.34,0.34,Yes,NA,15603,182
72,"Results from plot of GAM on mean residuals of biomass with biomass scaled so that zero corresponds to the mean in the log scale: Buffer zone boundary at 2057 m, spillover extent 21975 m ",Transect count,Small Serranids,Serranids,NA,NA,Small Serranids,Biomass,2 SE,NTZ,Cabrera Marine Reserve,Buffer zone 2057 m then open,4,16121,0.52,0.31,0.31,Yes,NA,16121,182
72,"Results from plot of GAM on mean residuals of biomass with biomass scaled so that zero corresponds to the mean in the log scale: Buffer zone boundary at 2057 m, spillover extent 21975 m ",Transect count,Small Serranids,Serranids,NA,NA,Small Serranids,Biomass,2 SE,NTZ,Cabrera Marine Reserve,Buffer zone 2057 m then open,5,16514,-0.49,0.28,0.28,Yes,NA,16514,182
72,"Results from plot of GAM on mean residuals of biomass with biomass scaled so that zero corresponds to the mean in the log scale: Buffer zone boundary at 2057 m, spillover extent 21975 m ",Transect count,Small Serranids,Serranidae,NA,NA,Small Serranids,Biomass,2 SE,NTZ,Cabrera Marine Reserve,Buffer zone at 2057 m then open,1,18431,-0.27,0.19,0.19,Yes,NA,18431,182
72,"Results from plot of GAM on mean residuals of biomass with biomass scaled so that zero corresponds to the mean in the log scale: Buffer zone boundary at 2057 m, spillover extent 21975 m ",Transect count,Small Serranids,Serranidae,NA,NA,Small Serranids,Biomass,2 SE,NTZ,Cabrera Marine Reserve,Buffer zone at 2057 m then open,2,21475,0.09,0.32,0.32,Yes,NA,21475,182
72,"Results from plot of GAM on mean residuals of biomass with biomass scaled so that zero corresponds to the mean in the log scale: Buffer zone boundary at 2057 m, spillover extent 21975 m ",Transect count,Small Serranids,Serranidae,NA,NA,Small Serranids,Biomass,2 SE,NTZ,Cabrera Marine Reserve,Buffer zone at 2057 m then open,3,22063,0.14,0.36,0.36,Yes,NA,22063,182
72,"Results from plot of GAM on mean residuals of biomass with biomass scaled so that zero corresponds to the mean in the log scale: Buffer zone boundary at 2057 m, spillover extent 21975 m ",Transect count,Small Serranids,Serranidae,NA,NA,Small Serranids,Biomass,2 SE,NTZ,Cabrera Marine Reserve,Buffer zone at 2057 m then open,4,22416,0.18,0.39,0.39,Yes,NA,22416,182
72,"Results from plot of GAM on mean residuals of biomass with biomass scaled so that zero corresponds to the mean in the log scale: Buffer zone boundary at 2057 m, no signifincant effect of spillover",Transect count,Individual species,Mullidae,Mullus,surmuletus,NA,Biomass,2 SE,NTZ,Cabrera Marine Reserve,Buffer zone at 2057 m then open,1,-634,0.92,0.88,0.88,No,Mullus surmuletus,-634,NA
72,"Results from plot of GAM on mean residuals of biomass with biomass scaled so that zero corresponds to the mean in the log scale: Buffer zone boundary at 2057 m, no signifincant effect of spillover",Transect count,Individual species,Mullidae,Mullus,surmuletus,NA,Biomass,2 SE,NTZ,Cabrera Marine Reserve,Buffer zone at 2057 m then open,2,-382,0.15,0.41,0.41,No,Mullus surmuletus,-382,NA
72,"Results from plot of GAM on mean residuals of biomass with biomass scaled so that zero corresponds to the mean in the log scale: Buffer zone boundary at 2057 m, no signifincant effect of spillover",Transect count,Individual species,Mullidae,Mullus,surmuletus,NA,Biomass,2 SE,NTZ,Cabrera Marine Reserve,Buffer zone at 2057 m then open,3,-104,-0.51,0.37,0.37,No,Mullus surmuletus,-104,NA
72,"Results from plot of GAM on mean residuals of biomass with biomass scaled so that zero corresponds to the mean in the log scale: Buffer zone boundary at 2057 m, no signifincant effect of spillover",Transect count,Individual species,Mullidae,Mullus,surmuletus,NA,Biomass,2 SE,NTZ,Cabrera Marine Reserve,Buffer zone at 2057 m then open,4,235,-0.73,0.65,0.65,No,Mullus surmuletus,235,NA
72,"Results from plot of GAM on mean residuals of biomass with biomass scaled so that zero corresponds to the mean in the log scale: Buffer zone boundary at 2057 m, no signifincant effect of spillover",Transect count,Individual species,Mullidae,Mullus,surmuletus,NA,Biomass,2 SE,NTZ,Cabrera Marine Reserve,Buffer zone at 2057 m then open,5,459,-0.71,0.8,0.8,No,Mullus surmuletus,459,NA
72,"Results from plot of GAM on mean residuals of biomass with biomass scaled so that zero corresponds to the mean in the log scale: Buffer zone boundary at 2057 m, no signifincant effect of spillover",Transect count,Individual species,Mullidae,Mullus,surmuletus,NA,Biomass,2 SE,NTZ,Cabrera Marine Reserve,Buffer zone at 2057 m then open,1,1289,-0.39,0.82,0.82,No,Mullus surmuletus,1289,NA
72,"Results from plot of GAM on mean residuals of biomass with biomass scaled so that zero corresponds to the mean in the log scale: Buffer zone boundary at 2057 m, no signifincant effect of spillover",Transect count,Individual species,Mullidae,Mullus,surmuletus,NA,Biomass,2 SE,NTZ,Cabrera Marine Reserve,Buffer zone at 2057 m then open,2,15610,0.71,0.71,0.71,No,Mullus surmuletus,15610,NA
72,"Results from plot of GAM on mean residuals of biomass with biomass scaled so that zero corresponds to the mean in the log scale: Buffer zone boundary at 2057 m, no signifincant effect of spillover",Transect count,Individual species,Mullidae,Mullus,surmuletus,NA,Biomass,2 SE,NTZ,Cabrera Marine Reserve,Buffer zone at 2057 m then open,3,16116,0.69,0.62,0.62,No,Mullus surmuletus,16116,NA
72,"Results from plot of GAM on mean residuals of biomass with biomass scaled so that zero corresponds to the mean in the log scale: Buffer zone boundary at 2057 m, no signifincant effect of spillover",Transect count,Individual species,Mullidae,Mullus,surmuletus,NA,Biomass,2 SE,NTZ,Cabrera Marine Reserve,Buffer zone at 2057 m then open,4,16472,0.69,0.56,0.56,No,Mullus surmuletus,16472,NA
72,"Results from plot of GAM on mean residuals of biomass with biomass scaled so that zero corresponds to the mean in the log scale: Buffer zone boundary at 2057 m, no signifincant effect of spillover",Transect count,Individual species,Mullidae,Mullus,surmuletus,NA,Biomass,2 SE,NTZ,Cabrera Marine Reserve,Buffer zone at 2057 m then open,5,18424,-0.68,0.39,0.39,No,Mullus surmuletus,18424,NA
72,"Results from plot of GAM on mean residuals of biomass with biomass scaled so that zero corresponds to the mean in the log scale: Buffer zone boundary at 2057 m, no signifincant effect of spillover",Transect count,Individual species,Mullidae,Mullus,surmuletus,NA,Biomass,2 SE,NTZ,Cabrera Marine Reserve,Buffer zone at 2057 m then open,1,21447,0.66,0.62,0.62,No,Mullus surmuletus,21447,NA
72,"Results from plot of GAM on mean residuals of biomass with biomass scaled so that zero corresponds to the mean in the log scale: Buffer zone boundary at 2057 m, no signifincant effect of spillover",Transect count,Individual species,Mullidae,Mullus,surmuletus,NA,Biomass,2 SE,NTZ,Cabrera Marine Reserve,Buffer zone at 2057 m then open,2,22080,0.66,0.72,0.72,No,Mullus surmuletus,22080,NA
72,"Results from plot of GAM on mean residuals of biomass with biomass scaled so that zero corresponds to the mean in the log scale: Buffer zone boundary at 2057 m, no signifincant effect of spillover",Transect count,Individual species,Mullidae,Mullus,surmuletus,NA,Biomass,2 SE,NTZ,Cabrera Marine Reserve,Buffer zone at 2057 m then open,3,22452,0.64,0.76,0.76,No,Mullus surmuletus,22452,NA
72,"Results from plot of GAM on mean residuals of biomass with biomass scaled so that zero corresponds to the mean in the log scale: East orientation, no buffer zone, spillover extent 182 m",Transect count,Big Serranids,Serranidae,NA,NA,Big Labrids,Biomass,2 SE,NTZ,Carry-le-Rouet Marine Reserve,Yes,1,-341,0.91,0.7,0.7,Yes,NA,-341,182
72,"Results from plot of GAM on mean residuals of biomass with biomass scaled so that zero corresponds to the mean in the log scale: East orientation, no buffer zone, spillover extent 182 m",Transect count,Big Serranids,Serranidae,NA,NA,Big Labrids,Biomass,2 SE,NTZ,Carry-le-Rouet Marine Reserve,Yes,2,-79,0.81,0.55,0.55,Yes,NA,-79,182
72,"Results from plot of GAM on mean residuals of biomass with biomass scaled so that zero corresponds to the mean in the log scale: East orientation, no buffer zone, spillover extent 182 m",Transect count,Big Serranids,Serranidae,NA,NA,Big Labrids,Biomass,2 SE,NTZ,Carry-le-Rouet Marine Reserve,Yes,3,1,0.49,0.43,0.43,Yes,NA,1,182
72,"Results from plot of GAM on mean residuals of biomass with biomass scaled so that zero corresponds to the mean in the log scale: East orientation, no buffer zone, spillover extent 182 m",Transect count,Big Serranids,Serranidae,NA,NA,Big Labrids,Biomass,2 SE,NTZ,Carry-le-Rouet Marine Reserve,Yes,4,80,0.12,0.42,0.42,Yes,NA,80,182
72,"Results from plot of GAM on mean residuals of biomass with biomass scaled so that zero corresponds to the mean in the log scale: East orientation, no buffer zone, spillover extent 182 m",Transect count,Big Serranids,Serranidae,NA,NA,Big Labrids,Biomass,2 SE,NTZ,Carry-le-Rouet Marine Reserve,Yes,5,204,-0.55,0.57,0.57,Yes,NA,204,182
72,"Results from plot of GAM on mean residuals of biomass with biomass scaled so that zero corresponds to the mean in the log scale: East orientation, no buffer zone, spillover extent 182 m",Transect count,Big Serranids,Serranidae,NA,NA,Big Labrids,Biomass,2 SE,NTZ,Carry-le-Rouet Marine Reserve,Yes,1,272,-0.86,0.77,0.77,Yes,NA,272,182
72,"Results from plot of GAM on mean residuals of biomass with biomass scaled so that zero corresponds to the mean in the log scale: East orientation, no buffer zone, spillover extent 182 m",Transect count,Big Serranids,Serranidae,NA,NA,Big Labrids,Biomass,2 SE,NTZ,Carry-le-Rouet Marine Reserve,Yes,2,1110,0,0.57,0.57,Yes,NA,1110,182
72,"Results from plot of GAM on mean residuals of biomass with biomass scaled so that zero corresponds to the mean in the log scale: East orientation, no buffer zone, spillover extent 182 m",Transect count,Big Serranids,Serranidae,NA,NA,Big Labrids,Biomass,2 SE,NTZ,Carry-le-Rouet Marine Reserve,Yes,3,1206,0.13,0.62,0.62,Yes,NA,1206,182
72,"Results from plot of GAM on mean residuals of biomass with biomass scaled so that zero corresponds to the mean in the log scale: East orientation, no buffer zone, spillover extent 182 m",Transect count,Big Serranids,Serranidae,NA,NA,Big Labrids,Biomass,2 SE,NTZ,Carry-le-Rouet Marine Reserve,Yes,4,2432,-0.81,0.42,0.52,Yes,NA,2432,182
72,"Results from plot of GAM on mean residuals of biomass with biomass scaled so that zero corresponds to the mean in the log scale: East orientation, no buffer zone, spillover extent 182 m",Transect count,Big Serranids,Serranidae,NA,NA,Big Labrids,Biomass,2 SE,NTZ,Carry-le-Rouet Marine Reserve,Yes,5,2520,-0.88,0.57,0.57,Yes,NA,2520,182
72,"Results from plot of GAM on mean residuals of biomass with biomass scaled so that zero corresponds to the mean in the log scale: East orientation, no buffer zone, spillover extent 182 m",Transect count,Big Serranids,Serranidae,NA,NA,Big Labrids,Biomass,2 SE,NTZ,Carry-le-Rouet Marine Reserve,Yes,1,2606,-0.96,0.59,0.59,Yes,NA,2606,182
72,"Results from plot of GAM on mean residuals of biomass with biomass scaled so that zero corresponds to the mean in the log scale: East orientation, no buffer zone, spillover extent 182 m",Transect count,Genus group,Sparidae,Diplodus,spp.,NA,Biomass,2 SE,NTZ,Carry-le-Rouet Marine Reserve,Yes,1,-344,0.91,0.7,0.7,Yes,Diplodus spp.,-344,99
72,"Results from plot of GAM on mean residuals of biomass with biomass scaled so that zero corresponds to the mean in the log scale: East orientation, no buffer zone, spillover extent 182 m",Transect count,Genus group,Sparidae,Diplodus,spp.,NA,Biomass,2 SE,NTZ,Carry-le-Rouet Marine Reserve,Yes,2,-74,0,0.61,0.61,Yes,Diplodus spp.,-74,99
72,"Results from plot of GAM on mean residuals of biomass with biomass scaled so that zero corresponds to the mean in the log scale: East orientation, no buffer zone, spillover extent 182 m",Transect count,Genus group,Sparidae,Diplodus,spp.,NA,Biomass,2 SE,NTZ,Carry-le-Rouet Marine Reserve,Yes,3,1,-0.29,0.44,0.44,Yes,Diplodus spp.,1,99
72,"Results from plot of GAM on mean residuals of biomass with biomass scaled so that zero corresponds to the mean in the log scale: East orientation, no buffer zone, spillover extent 182 m",Transect count,Genus group,Sparidae,Diplodus,spp.,NA,Biomass,2 SE,NTZ,Carry-le-Rouet Marine Reserve,Yes,4,82,-0.54,0.41,0.41,Yes,Diplodus spp.,82,99
72,"Results from plot of GAM on mean residuals of biomass with biomass scaled so that zero corresponds to the mean in the log scale: East orientation, no buffer zone, spillover extent 182 m",Transect count,Genus group,Sparidae,Diplodus,spp.,NA,Biomass,2 SE,NTZ,Carry-le-Rouet Marine Reserve,Yes,5,204,-0.95,0.61,0.61,Yes,Diplodus spp.,204,99
72,"Results from plot of GAM on mean residuals of biomass with biomass scaled so that zero corresponds to the mean in the log scale: East orientation, no buffer zone, spillover extent 182 m",Transect count,Genus group,Sparidae,Diplodus,spp.,NA,Biomass,2 SE,NTZ,Carry-le-Rouet Marine Reserve,Yes,1,268,1.14,0.76,0.76,Yes,Diplodus spp.,268,99
72,"Results from plot of GAM on mean residuals of biomass with biomass scaled so that zero corresponds to the mean in the log scale: East orientation, no buffer zone, spillover extent 182 m",Transect count,Genus group,Sparidae,Diplodus,spp.,NA,Biomass,2 SE,NTZ,Carry-le-Rouet Marine Reserve,Yes,2,1114,0.38,0.56,0.56,Yes,Diplodus spp.,1114,99
72,"Results from plot of GAM on mean residuals of biomass with biomass scaled so that zero corresponds to the mean in the log scale: East orientation, no buffer zone, spillover extent 182 m",Transect count,Genus group,Sparidae,Diplodus,spp.,NA,Biomass,2 SE,NTZ,Carry-le-Rouet Marine Reserve,Yes,3,1208,0.52,0.63,0.63,Yes,Diplodus spp.,1208,99
72,"Results from plot of GAM on mean residuals of biomass with biomass scaled so that zero corresponds to the mean in the log scale: East orientation, no buffer zone, spillover extent 182 m",Transect count,Genus group,Sparidae,Diplodus,spp.,NA,Biomass,2 SE,NTZ,Carry-le-Rouet Marine Reserve,Yes,4,2434,-0.01,0.53,0.53,Yes,Diplodus spp.,2434,99
72,"Results from plot of GAM on mean residuals of biomass with biomass scaled so that zero corresponds to the mean in the log scale: East orientation, no buffer zone, spillover extent 182 m",Transect count,Genus group,Sparidae,Diplodus,spp.,NA,Biomass,2 SE,NTZ,Carry-le-Rouet Marine Reserve,Yes,5,2526,-0.03,0.56,0.56,Yes,Diplodus spp.,2526,99
72,"Results from plot of GAM on mean residuals of biomass with biomass scaled so that zero corresponds to the mean in the log scale: East orientation, no buffer zone, spillover extent 182 m",Transect count,Genus group,Sparidae,Diplodus,spp.,NA,Biomass,2 SE,NTZ,Carry-le-Rouet Marine Reserve,Yes,1,2612,-0.06,0.62,0.62,Yes,Diplodus spp.,2612,99
72,"Results from plot of GAM on mean residuals of biomass with biomass scaled so that zero corresponds to the mean in the log scale: East orientation, no buffer zone, spillover extent 1148 m",Transect count,Individual species,Labridae,Coris,julis,NA,Biomass,2 SE,NTZ,Carry-le-Rouet Marine Reserve,Yes,1,-335,0.38,0.36,0.36,Yes,Coris julis,-335,1148
72,"Results from plot of GAM on mean residuals of biomass with biomass scaled so that zero corresponds to the mean in the log scale: East orientation, no buffer zone, spillover extent 1148 m",Transect count,Individual species,Labridae,Coris,julis,NA,Biomass,2 SE,NTZ,Carry-le-Rouet Marine Reserve,Yes,2,-85,0.43,0.31,0.31,Yes,Coris julis,-85,1148
72,"Results from plot of GAM on mean residuals of biomass with biomass scaled so that zero corresponds to the mean in the log scale: East orientation, no buffer zone, spillover extent 1148 m",Transect count,Individual species,Labridae,Coris,julis,NA,Biomass,2 SE,NTZ,Carry-le-Rouet Marine Reserve,Yes,3,1,0.22,0.24,0.24,Yes,Coris julis,1,1148
72,"Results from plot of GAM on mean residuals of biomass with biomass scaled so that zero corresponds to the mean in the log scale: East orientation, no buffer zone, spillover extent 1148 m",Transect count,Individual species,Labridae,Coris,julis,NA,Biomass,2 SE,NTZ,Carry-le-Rouet Marine Reserve,Yes,4,80,0.19,0.2,0.2,Yes,Coris julis,80,1148
72,"Results from plot of GAM on mean residuals of biomass with biomass scaled so that zero corresponds to the mean in the log scale: East orientation, no buffer zone, spillover extent 1148 m",Transect count,Individual species,Labridae,Coris,julis,NA,Biomass,2 SE,NTZ,Carry-le-Rouet Marine Reserve,Yes,5,203,0.1,0.3,0.3,Yes,Coris julis,203,1148
72,"Results from plot of GAM on mean residuals of biomass with biomass scaled so that zero corresponds to the mean in the log scale: East orientation, no buffer zone, spillover extent 1148 m",Transect count,Individual species,Labridae,Coris,julis,NA,Biomass,2 SE,NTZ,Carry-le-Rouet Marine Reserve,Yes,1,265,0.07,0.39,0.38,Yes,Coris julis,265,1148
72,"Results from plot of GAM on mean residuals of biomass with biomass scaled so that zero corresponds to the mean in the log scale: East orientation, no buffer zone, spillover extent 1148 m",Transect count,Individual species,Labridae,Coris,julis,NA,Biomass,2 SE,NTZ,Carry-le-Rouet Marine Reserve,Yes,2,1108,-0.51,0.27,0.27,Yes,Coris julis,1108,1148
72,"Results from plot of GAM on mean residuals of biomass with biomass scaled so that zero corresponds to the mean in the log scale: East orientation, no buffer zone, spillover extent 1148 m",Transect count,Individual species,Labridae,Coris,julis,NA,Biomass,2 SE,NTZ,Carry-le-Rouet Marine Reserve,Yes,3,1207,-0.59,0.31,0.31,Yes,Coris julis,1207,1148
72,"Results from plot of GAM on mean residuals of biomass with biomass scaled so that zero corresponds to the mean in the log scale: East orientation, no buffer zone, spillover extent 1148 m",Transect count,Individual species,Labridae,Coris,julis,NA,Biomass,2 SE,NTZ,Carry-le-Rouet Marine Reserve,Yes,4,2437,-0.2,0.26,0.26,Yes,Coris julis,2437,1148
72,"Results from plot of GAM on mean residuals of biomass with biomass scaled so that zero corresponds to the mean in the log scale: East orientation, no buffer zone, spillover extent 1148 m",Transect count,Individual species,Labridae,Coris,julis,NA,Biomass,2 SE,NTZ,Carry-le-Rouet Marine Reserve,Yes,5,2528,-0.17,0.28,0.28,Yes,Coris julis,2528,1148
72,"Results from plot of GAM on mean residuals of biomass with biomass scaled so that zero corresponds to the mean in the log scale: East orientation, no buffer zone, spillover extent 1148 m",Transect count,Individual species,Labridae,Coris,julis,NA,Biomass,2 SE,NTZ,Carry-le-Rouet Marine Reserve,Yes,1,2607,-0.15,0.31,0.31,Yes,Coris julis,2607,1148
72,"Results from plot of GAM on mean residuals of biomass with biomass scaled so that zero corresponds to the mean in the log scale: East orientation, no buffer zone, spillover extent 182 m",Transect count,Individual species,Sciaenidae,Sciaena,umbra,NA,Biomass,2 SE,NTZ,Carry-le-Rouet Marine Reserve,Yes,1,-338,1.27,0.58,0.58,Yes,Sciaena umbra,-338,182
72,"Results from plot of GAM on mean residuals of biomass with biomass scaled so that zero corresponds to the mean in the log scale: East orientation, no buffer zone, spillover extent 182 m",Transect count,Individual species,Sciaenidae,Sciaena,umbra,NA,Biomass,2 SE,NTZ,Carry-le-Rouet Marine Reserve,Yes,2,-76,-0.09,0.52,0.52,Yes,Sciaena umbra,-76,182
72,"Results from plot of GAM on mean residuals of biomass with biomass scaled so that zero corresponds to the mean in the log scale: East orientation, no buffer zone, spillover extent 182 m",Transect count,Individual species,Sciaenidae,Sciaena,umbra,NA,Biomass,2 SE,NTZ,Carry-le-Rouet Marine Reserve,Yes,3,1,-0.29,0.34,0.34,Yes,Sciaena umbra,1,182
72,"Results from plot of GAM on mean residuals of biomass with biomass scaled so that zero corresponds to the mean in the log scale: East orientation, no buffer zone, spillover extent 182 m",Transect count,Individual species,Sciaenidae,Sciaena,umbra,NA,Biomass,2 SE,NTZ,Carry-le-Rouet Marine Reserve,Yes,4,84,-0.3,0.3,0.3,Yes,Sciaena umbra,84,182
72,"Results from plot of GAM on mean residuals of biomass with biomass scaled so that zero corresponds to the mean in the log scale: East orientation, no buffer zone, spillover extent 182 m",Transect count,Individual species,Sciaenidae,Sciaena,umbra,NA,Biomass,2 SE,NTZ,Carry-le-Rouet Marine Reserve,Yes,5,206,-0.3,0.44,0.44,Yes,Sciaena umbra,206,182
72,"Results from plot of GAM on mean residuals of biomass with biomass scaled so that zero corresponds to the mean in the log scale: East orientation, no buffer zone, spillover extent 182 m",Transect count,Individual species,Sciaenidae,Sciaena,umbra,NA,Biomass,2 SE,NTZ,Carry-le-Rouet Marine Reserve,Yes,1,274,-0.3,0.6,0.6,Yes,Sciaena umbra,274,182
72,"Results from plot of GAM on mean residuals of biomass with biomass scaled so that zero corresponds to the mean in the log scale: East orientation, no buffer zone, spillover extent 182 m",Transect count,Individual species,Sciaenidae,Sciaena,umbra,NA,Biomass,2 SE,NTZ,Carry-le-Rouet Marine Reserve,Yes,2,1118,-0.2,0.41,0.41,Yes,Sciaena umbra,1118,182
72,"Results from plot of GAM on mean residuals of biomass with biomass scaled so that zero corresponds to the mean in the log scale: East orientation, no buffer zone, spillover extent 182 m",Transect count,Individual species,Sciaenidae,Sciaena,umbra,NA,Biomass,2 SE,NTZ,Carry-le-Rouet Marine Reserve,Yes,3,1208,-0.19,0.48,0.48,Yes,Sciaena umbra,1208,182
72,"Results from plot of GAM on mean residuals of biomass with biomass scaled so that zero corresponds to the mean in the log scale: East orientation, no buffer zone, spillover extent 182 m",Transect count,Individual species,Sciaenidae,Sciaena,umbra,NA,Biomass,2 SE,NTZ,Carry-le-Rouet Marine Reserve,Yes,4,2439,-0.16,0.41,0.41,Yes,Sciaena umbra,2439,182
72,"Results from plot of GAM on mean residuals of biomass with biomass scaled so that zero corresponds to the mean in the log scale: East orientation, no buffer zone, spillover extent 182 m",Transect count,Individual species,Sciaenidae,Sciaena,umbra,NA,Biomass,2 SE,NTZ,Carry-le-Rouet Marine Reserve,Yes,5,2526,-0.16,0.42,0.42,Yes,Sciaena umbra,2526,182
72,"Results from plot of GAM on mean residuals of biomass with biomass scaled so that zero corresponds to the mean in the log scale: East orientation, no buffer zone, spillover extent 182 m",Transect count,Individual species,Sciaenidae,Sciaena,umbra,NA,Biomass,2 SE,NTZ,Carry-le-Rouet Marine Reserve,Yes,1,2608,-0.17,0.46,0.46,Yes,Sciaena umbra,2608,182
72,"Results from plot of GAM on mean residuals of biomass with biomass scaled so that zero corresponds to the mean in the log scale: West orientation, no buffer zone, spillover extent 99 m",Transect count,Genus group,Sparidae,Diplodus,spp.,NA,Biomass,2 SE,NTZ,Carry-le-Rouet Marine Reserve,Yes,1,-390,0.31,0.81,0.81,Yes,Diplodus spp.,-390,99
72,"Results from plot of GAM on mean residuals of biomass with biomass scaled so that zero corresponds to the mean in the log scale: West orientation, no buffer zone, spillover extent 99 m",Transect count,Genus group,Sparidae,Diplodus,spp.,NA,Biomass,2 SE,NTZ,Carry-le-Rouet Marine Reserve,Yes,2,-345,0.32,0.67,0.67,Yes,Diplodus spp.,-345,99
72,"Results from plot of GAM on mean residuals of biomass with biomass scaled so that zero corresponds to the mean in the log scale: West orientation, no buffer zone, spillover extent 99 m",Transect count,Genus group,Sparidae,Diplodus,spp.,NA,Biomass,2 SE,NTZ,Carry-le-Rouet Marine Reserve,Yes,3,-87,0.36,0.58,0.58,Yes,Diplodus spp.,-87,99
72,"Results from plot of GAM on mean residuals of biomass with biomass scaled so that zero corresponds to the mean in the log scale: West orientation, no buffer zone, spillover extent 99 m",Transect count,Genus group,Sparidae,Diplodus,spp.,NA,Biomass,2 SE,NTZ,Carry-le-Rouet Marine Reserve,Yes,4,47,-0.28,0.42,0.42,Yes,Diplodus spp.,47,99
72,"Results from plot of GAM on mean residuals of biomass with biomass scaled so that zero corresponds to the mean in the log scale: West orientation, no buffer zone, spillover extent 99 m",Transect count,Genus group,Sparidae,Diplodus,spp.,NA,Biomass,2 SE,NTZ,Carry-le-Rouet Marine Reserve,Yes,5,201,0.58,0.92,0.92,Yes,Diplodus spp.,201,99
72,"Results from plot of GAM on mean residuals of biomass with biomass scaled so that zero corresponds to the mean in the log scale: West orientation, no buffer zone, spillover extent 99 m",Transect count,Genus group,Sparidae,Diplodus,spp.,NA,Biomass,2 SE,NTZ,Carry-le-Rouet Marine Reserve,Yes,1,457,0.21,0.56,0.56,Yes,Diplodus spp.,457,99
72,"Results from plot of GAM on mean residuals of biomass with biomass scaled so that zero corresponds to the mean in the log scale: West orientation, no buffer zone, spillover extent 99 m",Transect count,Genus group,Sparidae,Diplodus,spp.,NA,Biomass,2 SE,NTZ,Carry-le-Rouet Marine Reserve,Yes,2,592,0.12,0.57,0.57,Yes,Diplodus spp.,592,99
72,"Results from plot of GAM on mean residuals of biomass with biomass scaled so that zero corresponds to the mean in the log scale: West orientation, no buffer zone, spillover extent 99 m",Transect count,Genus group,Sparidae,Diplodus,spp.,NA,Biomass,2 SE,NTZ,Carry-le-Rouet Marine Reserve,Yes,3,874,-0.16,0.94,0.94,Yes,Diplodus spp.,874,99
72,"Results from plot of GAM on mean residuals of biomass with biomass scaled so that zero corresponds to the mean in the log scale: West orientation, no buffer zone, spillover extent 99 m",Transect count,Genus group,Sparidae,Diplodus,spp.,NA,Biomass,2 SE,NTZ,Carry-le-Rouet Marine Reserve,Yes,4,2416,-0.55,0.53,0.53,Yes,Diplodus spp.,2416,99
72,"Results from plot of GAM on mean residuals of biomass with biomass scaled so that zero corresponds to the mean in the log scale: West orientation, no buffer zone, spillover extent 99 m",Transect count,Genus group,Sparidae,Diplodus,spp.,NA,Biomass,2 SE,NTZ,Carry-le-Rouet Marine Reserve,Yes,5,2453,-0.58,0.55,0.55,Yes,Diplodus spp.,2453,99
72,"Results from plot of GAM on mean residuals of biomass with biomass scaled so that zero corresponds to the mean in the log scale: West orientation, no buffer zone, spillover extent 99 m",Transect count,Genus group,Sparidae,Diplodus,spp.,NA,Biomass,2 SE,NTZ,Carry-le-Rouet Marine Reserve,Yes,1,2674,-0.65,0.67,0.67,Yes,Diplodus spp.,2674,99
72,"Results from plot of GAM on mean residuals of biomass with biomass scaled so that zero corresponds to the mean in the log scale: Buffer zone boundary at 788 m, spillover extent 489 m",Transect count,Big Serranids,Serranids,NA,NA,Big Serranids,Biomass,2 SE,NTZ,Medes Islands Marine Reserve,Buffer zone at 788 m then open,1,-1578,2.85,1.31,1.31,Yes,NA,-1578,489
72,"Results from plot of GAM on mean residuals of biomass with biomass scaled so that zero corresponds to the mean in the log scale: Buffer zone boundary at 788 m, spillover extent 489 m",Transect count,Big Serranids,Serranids,NA,NA,Big Serranids,Biomass,2 SE,NTZ,Medes Islands Marine Reserve,Buffer zone at 788 m then open,2,-1444,2.58,1.09,1.09,Yes,NA,-1444,489
72,"Results from plot of GAM on mean residuals of biomass with biomass scaled so that zero corresponds to the mean in the log scale: Buffer zone boundary at 788 m, spillover extent 489 m",Transect count,Big Serranids,Serranids,NA,NA,Big Serranids,Biomass,2 SE,NTZ,Medes Islands Marine Reserve,Buffer zone at 788 m then open,3,-1180,2.03,0.61,0.61,Yes,NA,-1180,489
72,"Results from plot of GAM on mean residuals of biomass with biomass scaled so that zero corresponds to the mean in the log scale: Buffer zone boundary at 788 m, spillover extent 489 m",Transect count,Big Serranids,Serranids,NA,NA,Big Serranids,Biomass,2 SE,NTZ,Medes Islands Marine Reserve,Buffer zone at 788 m then open,4,-1102,1.85,0.68,0.68,Yes,NA,-1102,489
72,"Results from plot of GAM on mean residuals of biomass with biomass scaled so that zero corresponds to the mean in the log scale: Buffer zone boundary at 788 m, spillover extent 489 m",Transect count,Big Serranids,Serranids,NA,NA,Big Serranids,Biomass,2 SE,NTZ,Medes Islands Marine Reserve,Buffer zone at 788 m then open,5,-939,1.48,0.74,0.74,Yes,NA,-939,489
72,"Results from plot of GAM on mean residuals of biomass with biomass scaled so that zero corresponds to the mean in the log scale: Buffer zone boundary at 788 m, spillover extent 489 m",Transect count,Big Serranids,Serranidae,NA,NA,Big Serranids,Biomass,2 SE,NTZ,Medes Islands Marine Reserve,Buffer zone at 788 m then open,1,-605,1.16,1.23,1.23,Yes,NA,-605,489
72,"Results from plot of GAM on mean residuals of biomass with biomass scaled so that zero corresponds to the mean in the log scale: Buffer zone boundary at 788 m, spillover extent 489 m",Transect count,Big Serranids,Serranidae,NA,NA,Big Serranids,Biomass,2 SE,NTZ,Medes Islands Marine Reserve,Buffer zone at 788 m then open,2,295,-1.29,1.21,1.21,Yes,NA,295,489
72,"Results from plot of GAM on mean residuals of biomass with biomass scaled so that zero corresponds to the mean in the log scale: Buffer zone boundary at 788 m, spillover extent 489 m",Transect count,Big Serranids,Serranidae,NA,NA,Big Serranids,Biomass,2 SE,NTZ,Medes Islands Marine Reserve,Buffer zone at 788 m then open,3,529,-1.75,1.01,1.01,Yes,NA,529,489
72,"Results from plot of GAM on mean residuals of biomass with biomass scaled so that zero corresponds to the mean in the log scale: Buffer zone boundary at 788 m, spillover extent 489 m",Transect count,Big Serranids,Serranidae,NA,NA,Big Serranids,Biomass,2 SE,NTZ,Medes Islands Marine Reserve,Buffer zone at 788 m then open,4,658,-1.83,0.95,0.95,Yes,NA,658,489
72,"Results from plot of GAM on mean residuals of biomass with biomass scaled so that zero corresponds to the mean in the log scale: Buffer zone boundary at 788 m, spillover extent 489 m",Transect count,Big Serranids,Serranidae,NA,NA,Big Serranids,Biomass,2 SE,NTZ,Medes Islands Marine Reserve,Buffer zone at 788 m then open,5,906,-2.01,0.85,0.85,Yes,NA,906,489
72,"Results from plot of GAM on mean residuals of biomass with biomass scaled so that zero corresponds to the mean in the log scale: Buffer zone boundary at 788 m, spillover extent 489 m",Transect count,Big Serranids,Serranidae,NA,NA,Big Serranids,Biomass,2 SE,NTZ,Medes Islands Marine Reserve,Buffer zone at 788 m then open,1,1177,-1.92,0.79,0.79,Yes,NA,1177,489
72,"Results from plot of GAM on mean residuals of biomass with biomass scaled so that zero corresponds to the mean in the log scale: Buffer zone boundary at 788 m, spillover extent 489 m",Transect count,Big Serranids,Serranidae,NA,NA,Big Serranids,Biomass,2 SE,NTZ,Medes Islands Marine Reserve,Buffer zone at 788 m then open,2,1387,-1.88,0.9,0.9,Yes,NA,1387,489
72,"Results from plot of GAM on mean residuals of biomass with biomass scaled so that zero corresponds to the mean in the log scale: Buffer zone boundary at 788 m, spillover extent 489 m",Transect count,Big Serranids,Serranidae,NA,NA,Big Serranids,Biomass,2 SE,NTZ,Medes Islands Marine Reserve,Buffer zone at 788 m then open,3,1883,-1.68,1.09,1.09,Yes,NA,1883,489
72,"Results from plot of GAM on mean residuals of biomass with biomass scaled so that zero corresponds to the mean in the log scale: Buffer zone boundary at 788 m, spillover extent 489 m",Transect count,Big Serranids,Serranidae,NA,NA,Big Serranids,Biomass,2 SE,NTZ,Medes Islands Marine Reserve,Buffer zone at 788 m then open,4,2167,-1.46,1.01,1.01,Yes,NA,2167,489
72,"Results from plot of GAM on mean residuals of biomass with biomass scaled so that zero corresponds to the mean in the log scale: Buffer zone boundary at 788 m, spillover extent 489 m",Transect count,Big Serranids,Serranidae,NA,NA,Big Serranids,Biomass,2 SE,NTZ,Medes Islands Marine Reserve,Buffer zone at 788 m then open,5,2338,-1.32,0.84,0.84,Yes,NA,2338,489
72,"Results from plot of GAM on mean residuals of biomass with biomass scaled so that zero corresponds to the mean in the log scale: Buffer zone boundary at 788 m, spillover extent 489 m",Transect count,Big Serranids,Serranidae,NA,NA,Big Serranids,Biomass,2 SE,NTZ,Medes Islands Marine Reserve,Yes,1,2997,-0.72,1.21,1.21,Yes,NA,2997,489
72,"Results from plot of GAM on mean residuals of biomass with biomass scaled so that zero corresponds to the mean in the log scale: Buffer zone boundary at 788 m, spillover extent 489 m",Transect count,Big Serranids,Serranidae,NA,NA,Big Serranids,Biomass,2 SE,NTZ,Medes Islands Marine Reserve,Yes,2,3064,-0.7,1.23,1.23,Yes,NA,3064,489
72,"Results from plot of GAM on mean residuals of biomass with biomass scaled so that zero corresponds to the mean in the log scale: Posidonia meadows, no buffer zone, spillover extent 1956 m",Transect count,Genus group,Sparidae,Diplodus,spp.,NA,Biomass,2 SE,NTZ,Tabarca Marine Reserve,Yes,1,-1047,0.27,0.43,0.43,Yes,Diplodus spp.,-1047,1956
72,"Results from plot of GAM on mean residuals of biomass with biomass scaled so that zero corresponds to the mean in the log scale: Posidonia meadows, no buffer zone, spillover extent 1956 m",Transect count,Genus group,Sparidae,Diplodus,spp.,NA,Biomass,2 SE,NTZ,Tabarca Marine Reserve,Yes,2,-999,0.19,0.36,0.36,Yes,Diplodus spp.,-999,1956
72,"Results from plot of GAM on mean residuals of biomass with biomass scaled so that zero corresponds to the mean in the log scale: Posidonia meadows, no buffer zone, spillover extent 1956 m",Transect count,Genus group,Sparidae,Diplodus,spp.,NA,Biomass,2 SE,NTZ,Tabarca Marine Reserve,Yes,3,-827,0.03,0.23,0.23,Yes,Diplodus spp.,-827,1956
72,"Results from plot of GAM on mean residuals of biomass with biomass scaled so that zero corresponds to the mean in the log scale: Posidonia meadows, no buffer zone, spillover extent 1956 m",Transect count,Genus group,Sparidae,Diplodus,spp.,NA,Biomass,2 SE,NTZ,Tabarca Marine Reserve,Yes,4,-774,-0.01,0.21,0.21,Yes,Diplodus spp.,-774,1956
72,"Results from plot of GAM on mean residuals of biomass with biomass scaled so that zero corresponds to the mean in the log scale: Posidonia meadows, no buffer zone, spillover extent 1956 m",Transect count,Genus group,Sparidae,Diplodus,spp.,NA,Biomass,2 SE,NTZ,Tabarca Marine Reserve,Yes,5,-696,-0.09,0.28,0.28,Yes,Diplodus spp.,-696,1956
72,"Results from plot of GAM on mean residuals of biomass with biomass scaled so that zero corresponds to the mean in the log scale: Posidonia meadows, no buffer zone, spillover extent 1956 m",Transect count,Genus group,Sparidae,Diplodus,spp.,NA,Biomass,2 SE,NTZ,Tabarca Marine Reserve,Yes,1,-608,-0.12,0.37,0.35,Yes,Diplodus spp.,-608,1956
72,"Results from plot of GAM on mean residuals of biomass with biomass scaled so that zero corresponds to the mean in the log scale: Posidonia meadows, no buffer zone, spillover extent 1956 m",Transect count,Genus group,Sparidae,Diplodus,spp.,NA,Biomass,2 SE,NTZ,Tabarca Marine Reserve,Yes,2,-235,0.37,0.38,0.38,Yes,Diplodus spp.,-235,1956
72,"Results from plot of GAM on mean residuals of biomass with biomass scaled so that zero corresponds to the mean in the log scale: Posidonia meadows, no buffer zone, spillover extent 1956 m",Transect count,Genus group,Sparidae,Diplodus,spp.,NA,Biomass,2 SE,NTZ,Tabarca Marine Reserve,Yes,3,-198,0.39,0.38,0.38,Yes,Diplodus spp.,-198,1956
72,"Results from plot of GAM on mean residuals of biomass with biomass scaled so that zero corresponds to the mean in the log scale: Posidonia meadows, no buffer zone, spillover extent 1956 m",Transect count,Genus group,Sparidae,Diplodus,spp.,NA,Biomass,2 SE,NTZ,Tabarca Marine Reserve,Yes,4,-119,0.41,0.39,0.39,Yes,Diplodus spp.,-119,1956
72,"Results from plot of GAM on mean residuals of biomass with biomass scaled so that zero corresponds to the mean in the log scale: Posidonia meadows, no buffer zone, spillover extent 1956 m",Transect count,Genus group,Sparidae,Diplodus,spp.,NA,Biomass,2 SE,NTZ,Tabarca Marine Reserve,Yes,5,195,0.18,0.38,0.38,Yes,Diplodus spp.,195,1956
72,"Results from plot of GAM on mean residuals of biomass with biomass scaled so that zero corresponds to the mean in the log scale: Posidonia meadows, no buffer zone, spillover extent 1956 m",Transect count,Genus group,Sparidae,Diplodus,spp.,NA,Biomass,2 SE,NTZ,Tabarca Marine Reserve,Yes,1,282,0.13,0.45,0.45,Yes,Diplodus spp.,282,1956
72,"Results from plot of GAM on mean residuals of biomass with biomass scaled so that zero corresponds to the mean in the log scale: Posidonia meadows, no buffer zone, spillover extent 1956 m",Transect count,Genus group,Sparidae,Diplodus,spp.,NA,Biomass,2 SE,NTZ,Tabarca Marine Reserve,Yes,2,948,0.28,0.38,0.38,Yes,Diplodus spp.,948,1956
72,"Results from plot of GAM on mean residuals of biomass with biomass scaled so that zero corresponds to the mean in the log scale: Posidonia meadows, no buffer zone, spillover extent 1956 m",Transect count,Genus group,Sparidae,Diplodus,spp.,NA,Biomass,2 SE,NTZ,Tabarca Marine Reserve,Yes,3,1052,0.11,0.35,0.35,Yes,Diplodus spp.,1052,1956
72,"Results from plot of GAM on mean residuals of biomass with biomass scaled so that zero corresponds to the mean in the log scale: Posidonia meadows, no buffer zone, spillover extent 1956 m",Transect count,Genus group,Sparidae,Diplodus,spp.,NA,Biomass,2 SE,NTZ,Tabarca Marine Reserve,Yes,4,1972,-0.85,0.41,0.41,Yes,Diplodus spp.,1972,1956
72,"Results from plot of GAM on mean residuals of biomass with biomass scaled so that zero corresponds to the mean in the log scale: Posidonia meadows, no buffer zone, spillover extent 223 m",Transect count,Other Sparids,Sparidae,NA,NA,Other Sparids,Biomass,2 SE,NTZ,Tabarca Marine Reserve,Yes,1,-1051,-0.01,1.14,1.14,Yes,NA,-1051,223
72,"Results from plot of GAM on mean residuals of biomass with biomass scaled so that zero corresponds to the mean in the log scale: Posidonia meadows, no buffer zone, spillover extent 223 m",Transect count,Other Sparids,Sparidae,NA,NA,Other Sparids,Biomass,2 SE,NTZ,Tabarca Marine Reserve,Yes,2,-989,-0.13,0.9,0.9,Yes,NA,-989,223
72,"Results from plot of GAM on mean residuals of biomass with biomass scaled so that zero corresponds to the mean in the log scale: Posidonia meadows, no buffer zone, spillover extent 223 m",Transect count,Other Sparids,Sparidae,NA,NA,Other Sparids,Biomass,2 SE,NTZ,Tabarca Marine Reserve,Yes,3,-824,-0.4,0.61,0.61,Yes,NA,-824,223
72,"Results from plot of GAM on mean residuals of biomass with biomass scaled so that zero corresponds to the mean in the log scale: Posidonia meadows, no buffer zone, spillover extent 223 m",Transect count,Other Sparids,Sparidae,NA,NA,Other Sparids,Biomass,2 SE,NTZ,Tabarca Marine Reserve,Yes,4,-773,-0.45,0.59,0.59,Yes,NA,-773,223
72,"Results from plot of GAM on mean residuals of biomass with biomass scaled so that zero corresponds to the mean in the log scale: Posidonia meadows, no buffer zone, spillover extent 223 m",Transect count,Other Sparids,Sparidae,NA,NA,Other Sparids,Biomass,2 SE,NTZ,Tabarca Marine Reserve,Yes,5,-701,-0.59,0.7,0.7,Yes,NA,-701,223
72,"Results from plot of GAM on mean residuals of biomass with biomass scaled so that zero corresponds to the mean in the log scale: Posidonia meadows, no buffer zone, spillover extent 223 m",Transect count,Other Sparids,Sparidae,NA,NA,Other Sparids,Biomass,2 SE,NTZ,Tabarca Marine Reserve,Yes,1,-616,-0.44,0.89,0.89,Yes,NA,-616,223
72,"Results from plot of GAM on mean residuals of biomass with biomass scaled so that zero corresponds to the mean in the log scale: Posidonia meadows, no buffer zone, spillover extent 223 m",Transect count,Other Sparids,Sparidae,NA,NA,Other Sparids,Biomass,2 SE,NTZ,Tabarca Marine Reserve,Yes,2,-239,2.05,1.05,1.05,Yes,NA,-239,223
72,"Results from plot of GAM on mean residuals of biomass with biomass scaled so that zero corresponds to the mean in the log scale: Posidonia meadows, no buffer zone, spillover extent 223 m",Transect count,Other Sparids,Sparidae,NA,NA,Other Sparids,Biomass,2 SE,NTZ,Tabarca Marine Reserve,Yes,3,-203,2.15,1.06,1.06,Yes,NA,-203,223
72,"Results from plot of GAM on mean residuals of biomass with biomass scaled so that zero corresponds to the mean in the log scale: Posidonia meadows, no buffer zone, spillover extent 223 m",Transect count,Other Sparids,Sparidae,NA,NA,Other Sparids,Biomass,2 SE,NTZ,Tabarca Marine Reserve,Yes,4,-119,2.12,1.06,1.06,Yes,NA,-119,223
72,"Results from plot of GAM on mean residuals of biomass with biomass scaled so that zero corresponds to the mean in the log scale: Posidonia meadows, no buffer zone, spillover extent 223 m",Transect count,Other Sparids,Sparidae,NA,NA,Other Sparids,Biomass,2 SE,NTZ,Tabarca Marine Reserve,Yes,5,203,1.25,1.03,1.03,Yes,NA,203,223
72,"Results from plot of GAM on mean residuals of biomass with biomass scaled so that zero corresponds to the mean in the log scale: Posidonia meadows, no buffer zone, spillover extent 223 m",Transect count,Other Sparids,Sparidae,NA,NA,Other Sparids,Biomass,2 SE,NTZ,Tabarca Marine Reserve,Yes,1,290,0.99,1.22,1.22,Yes,NA,290,223
72,"Results from plot of GAM on mean residuals of biomass with biomass scaled so that zero corresponds to the mean in the log scale: Posidonia meadows, no buffer zone, spillover extent 223 m",Transect count,Other Sparids,Sparidae,NA,NA,Other Sparids,Biomass,2 SE,NTZ,Tabarca Marine Reserve,Yes,2,949,-0.16,0.99,0.99,Yes,NA,949,223
72,"Results from plot of GAM on mean residuals of biomass with biomass scaled so that zero corresponds to the mean in the log scale: Posidonia meadows, no buffer zone, spillover extent 223 m",Transect count,Other Sparids,Sparidae,NA,NA,Other Sparids,Biomass,2 SE,NTZ,Tabarca Marine Reserve,Yes,3,1050,-0.37,0.93,0.93,Yes,NA,1050,223
72,"Results from plot of GAM on mean residuals of biomass with biomass scaled so that zero corresponds to the mean in the log scale: Posidonia meadows, no buffer zone, spillover extent 223 m",Transect count,Other Sparids,Sparidae,NA,NA,Other Sparids,Biomass,2 SE,NTZ,Tabarca Marine Reserve,Yes,4,1957,-2.11,1.08,1.08,Yes,NA,1957,223
72,"Results from plot of GAM on mean residuals of biomass with biomass scaled so that zero corresponds to the mean in the log scale: Posidonia meadows, no buffer zone, spillover extent 223 m",Transect count,Individual species,Labridae,Coris,julis,NA,Biomass,2 SE,NTZ,Tabarca Marine Reserve,Yes,1,-10.54,-0.44,0.56,0.56,Yes,Coris julis,-10.54,223
72,"Results from plot of GAM on mean residuals of biomass with biomass scaled so that zero corresponds to the mean in the log scale: Posidonia meadows, no buffer zone, spillover extent 223 m",Transect count,Individual species,Labridae,Coris,julis,NA,Biomass,2 SE,NTZ,Tabarca Marine Reserve,Yes,2,-987,-0.37,0.44,0.44,Yes,Coris julis,-987,223
72,"Results from plot of GAM on mean residuals of biomass with biomass scaled so that zero corresponds to the mean in the log scale: Posidonia meadows, no buffer zone, spillover extent 223 m",Transect count,Individual species,Labridae,Coris,julis,NA,Biomass,2 SE,NTZ,Tabarca Marine Reserve,Yes,3,-827,-0.2,0.31,0.31,Yes,Coris julis,-827,223
72,"Results from plot of GAM on mean residuals of biomass with biomass scaled so that zero corresponds to the mean in the log scale: Posidonia meadows, no buffer zone, spillover extent 223 m",Transect count,Individual species,Labridae,Coris,julis,NA,Biomass,2 SE,NTZ,Tabarca Marine Reserve,Yes,4,-774,-0.13,0.29,0.29,Yes,Coris julis,-774,223
72,"Results from plot of GAM on mean residuals of biomass with biomass scaled so that zero corresponds to the mean in the log scale: Posidonia meadows, no buffer zone, spillover extent 223 m",Transect count,Individual species,Labridae,Coris,julis,NA,Biomass,2 SE,NTZ,Tabarca Marine Reserve,Yes,5,-701,-0.04,0.34,0.34,Yes,Coris julis,-701,223
72,"Results from plot of GAM on mean residuals of biomass with biomass scaled so that zero corresponds to the mean in the log scale: Posidonia meadows, no buffer zone, spillover extent 223 m",Transect count,Individual species,Labridae,Coris,julis,NA,Biomass,2 SE,NTZ,Tabarca Marine Reserve,Yes,1,-627,0.01,0.4,0.4,Yes,Coris julis,-627,223
72,"Results from plot of GAM on mean residuals of biomass with biomass scaled so that zero corresponds to the mean in the log scale: Posidonia meadows, no buffer zone, spillover extent 223 m",Transect count,Individual species,Labridae,Coris,julis,NA,Biomass,2 SE,NTZ,Tabarca Marine Reserve,Yes,2,-589,-0.05,0.45,0.45,Yes,Coris julis,-589,223
72,"Results from plot of GAM on mean residuals of biomass with biomass scaled so that zero corresponds to the mean in the log scale: Posidonia meadows, no buffer zone, spillover extent 223 m",Transect count,Individual species,Labridae,Coris,julis,NA,Biomass,2 SE,NTZ,Tabarca Marine Reserve,Yes,3,-243,-0.77,0.49,0.49,Yes,Coris julis,-243,223
72,"Results from plot of GAM on mean residuals of biomass with biomass scaled so that zero corresponds to the mean in the log scale: Posidonia meadows, no buffer zone, spillover extent 223 m",Transect count,Individual species,Labridae,Coris,julis,NA,Biomass,2 SE,NTZ,Tabarca Marine Reserve,Yes,4,-204,-0.82,0.5,0.5,Yes,Coris julis,-204,223
72,"Results from plot of GAM on mean residuals of biomass with biomass scaled so that zero corresponds to the mean in the log scale: Posidonia meadows, no buffer zone, spillover extent 223 m",Transect count,Individual species,Labridae,Coris,julis,NA,Biomass,2 SE,NTZ,Tabarca Marine Reserve,Yes,5,-119,-0.81,0.52,0.52,Yes,Coris julis,-119,223
72,"Results from plot of GAM on mean residuals of biomass with biomass scaled so that zero corresponds to the mean in the log scale: Posidonia meadows, no buffer zone, spillover extent 223 m",Transect count,Individual species,Labridae,Coris,julis,NA,Biomass,2 SE,NTZ,Tabarca Marine Reserve,Yes,1,185,-0.29,0.49,0.49,Yes,Coris julis,185,223
72,"Results from plot of GAM on mean residuals of biomass with biomass scaled so that zero corresponds to the mean in the log scale: Posidonia meadows, no buffer zone, spillover extent 223 m",Transect count,Individual species,Labridae,Coris,julis,NA,Biomass,2 SE,NTZ,Tabarca Marine Reserve,Yes,2,287,-0.12,0.59,0.59,Yes,Coris julis,287,223
72,"Results from plot of GAM on mean residuals of biomass with biomass scaled so that zero corresponds to the mean in the log scale: Posidonia meadows, no buffer zone, spillover extent 223 m",Transect count,Individual species,Labridae,Coris,julis,NA,Biomass,2 SE,NTZ,Tabarca Marine Reserve,Yes,3,947,0.56,0.49,0.49,Yes,Coris julis,947,223
72,"Results from plot of GAM on mean residuals of biomass with biomass scaled so that zero corresponds to the mean in the log scale: Posidonia meadows, no buffer zone, spillover extent 223 m",Transect count,Individual species,Labridae,Coris,julis,NA,Biomass,2 SE,NTZ,Tabarca Marine Reserve,Yes,4,1047,0.57,0.45,0.45,Yes,Coris julis,1047,223
72,"Results from plot of GAM on mean residuals of biomass with biomass scaled so that zero corresponds to the mean in the log scale: Posidonia meadows, no buffer zone, spillover extent 223 m",Transect count,Individual species,Labridae,Coris,julis,NA,Biomass,2 SE,NTZ,Tabarca Marine Reserve,Yes,5,1958,1,0.53,0.53,Yes,Coris julis,1958,223
421,"Results from plot of GAM on mean residuals of biomass with biomass scaled so that zero corresponds to the mean in the log scale: North orientation, buffer zone boudnary at 2515, all fish biomass except Centracanthidae, Pomacentridae and sparid Boops boops",Transect count,"All fish except Centracanthidae, Pomacentridae and sparid Boops boops",NA,NA,NA,NA,Biomass,2 SE,NTZ,Cerbère-Banyuls Marine Reserve,Buffer zone at 2515 m then open,1,-224,0.73,0.42,0.42,Yes,NA,-224,1959
421,"Results from plot of GAM on mean residuals of biomass with biomass scaled so that zero corresponds to the mean in the log scale: North orientation, buffer zone boudnary at 2515, all fish biomass except Centracanthidae, Pomacentridae and sparid Boops boops",Transect count,"All fish except Centracanthidae, Pomacentridae and sparid Boops boops",NA,NA,NA,NA,Biomass,2 SE,NTZ,Cerbère-Banyuls Marine Reserve,Buffer zone at 2515 m then open,2,427,-0.23,0.41,0.41,Yes,NA,427,1959
421,"Results from plot of GAM on mean residuals of biomass with biomass scaled so that zero corresponds to the mean in the log scale: North orientation, buffer zone boudnary at 2515, all fish biomass except Centracanthidae, Pomacentridae and sparid Boops boops",Transect count,"All fish except Centracanthidae, Pomacentridae and sparid Boops boops",NA,NA,NA,NA,Biomass,2 SE,NTZ,Cerbère-Banyuls Marine Reserve,Buffer zone at 2515 m then open,3,566,-0.44,0.38,0.38,Yes,NA,566,1959
421,"Results from plot of GAM on mean residuals of biomass with biomass scaled so that zero corresponds to the mean in the log scale: North orientation, buffer zone boudnary at 2515, all fish biomass except Centracanthidae, Pomacentridae and sparid Boops boops",Transect count,"All fish except Centracanthidae, Pomacentridae and sparid Boops boops",NA,NA,NA,NA,Biomass,2 SE,NTZ,Cerbère-Banyuls Marine Reserve,Buffer zone at 2515 m then open,4,663,-0.28,0.31,0.31,Yes,NA,663,1959
421,"Results from plot of GAM on mean residuals of biomass with biomass scaled so that zero corresponds to the mean in the log scale: North orientation, buffer zone boudnary at 2515, all fish biomass except Centracanthidae, Pomacentridae and sparid Boops boops",Transect count,"All fish except Centracanthidae, Pomacentridae and sparid Boops boops",NA,NA,NA,NA,Biomass,2 SE,NTZ,Cerbère-Banyuls Marine Reserve,Buffer zone at 2515 m then open,5,955,0,0.37,0.37,Yes,NA,955,1959
421,"Results from plot of GAM on mean residuals of biomass with biomass scaled so that zero corresponds to the mean in the log scale: North orientation, buffer zone boudnary at 2515, all fish biomass except Centracanthidae, Pomacentridae and sparid Boops boops",Transect count,"All fish except Centracanthidae, Pomacentridae and sparid Boops boops",NA,NA,NA,NA,Biomass,2 SE,NTZ,Cerbère-Banyuls Marine Reserve,Buffer zone at 2515 m then open,1,1246,0.32,0.64,0.64,Yes,NA,1246,1959
421,"Results from plot of GAM on mean residuals of biomass with biomass scaled so that zero corresponds to the mean in the log scale: North orientation, buffer zone boudnary at 2515, all fish biomass except Centracanthidae, Pomacentridae and sparid Boops boops",Transect count,"All fish except Centracanthidae, Pomacentridae and sparid Boops boops",NA,NA,NA,NA,Biomass,2 SE,NTZ,Cerbère-Banyuls Marine Reserve,Buffer zone at 2515 m then open,2,3222,-0.23,0.47,0.47,Yes,NA,3222,1959
421,"Results from plot of GAM on mean residuals of biomass with biomass scaled so that zero corresponds to the mean in the log scale: North orientation, buffer zone boudnary at 2515, all fish biomass except Centracanthidae, Pomacentridae and sparid Boops boops",Transect count,"All fish except Centracanthidae, Pomacentridae and sparid Boops boops",NA,NA,NA,NA,Biomass,2 SE,NTZ,Cerbère-Banyuls Marine Reserve,Buffer zone at 2515 m then open,3,3504,-0.13,0.3,0.3,Yes,NA,3504,1959
421,"Results from plot of GAM on mean residuals of biomass with biomass scaled so that zero corresponds to the mean in the log scale: North orientation, buffer zone boudnary at 2515, all fish biomass except Centracanthidae, Pomacentridae and sparid Boops boops",Transect count,"All fish except Centracanthidae, Pomacentridae and sparid Boops boops",NA,NA,NA,NA,Biomass,2 SE,NTZ,Cerbère-Banyuls Marine Reserve,Buffer zone at 2515 m then open,4,3720,-0.03,0.31,0.31,Yes,NA,3720,1959
421,"Results from plot of GAM on mean residuals of biomass with biomass scaled so that zero corresponds to the mean in the log scale: North orientation, buffer zone boudnary at 2515, all fish biomass except Centracanthidae, Pomacentridae and sparid Boops boops",Transect count,"All fish except Centracanthidae, Pomacentridae and sparid Boops boops",NA,NA,NA,NA,Biomass,2 SE,NTZ,Cerbère-Banyuls Marine Reserve,Buffer zone at 2515 m then open,5,3837,0.04,0.36,0.36,Yes,NA,3837,1959
421,"Results from plot of GAM on mean residuals of biomass with biomass scaled so that zero corresponds to the mean in the log scale: North orientation, buffer zone boudnary at 2515, all fish biomass except Centracanthidae, Pomacentridae and sparid Boops boops",Transect count,"All fish except Centracanthidae, Pomacentridae and sparid Boops boops",NA,NA,NA,NA,Biomass,2 SE,NTZ,Cerbère-Banyuls Marine Reserve,Buffer zone at 2515 m then open,1,4146,0.22,0.65,0.65,Yes,NA,4146,1959
421,"Results from plot of GAM on mean residuals of biomass with biomass scaled so that zero corresponds to the mean in the log scale: North orientation, buffer zone boudnary at 2515, all fish biomass except Centracanthidae, Pomacentridae and sparid Boops boops",Transect count,"All fish except Centracanthidae, Pomacentridae and sparid Boops boops",NA,NA,NA,NA,Biomass,2 SE,NTZ,Cerbère-Banyuls Marine Reserve,Buffer zone at 2515 m then open,2,5348,-0.35,0.42,0.42,Yes,NA,5348,1959
421,"Results from plot of GAM on mean residuals of biomass with biomass scaled so that zero corresponds to the mean in the log scale: South orientation, buffer zone boundary at 1389 all fish biomass except Centracanthidae, Pomacentridae and sparid Boops boops",Transect count,"All fish except Centracanthidae, Pomacentridae and sparid Boops boops",NA,NA,NA,NA,Biomass,2 SE,NTZ,Cerbère-Banyuls Marine Reserve,Buffer zone at 1389 m then open,1,-213,0.76,0.43,0.43,Yes,NA,-213,
421,"Results from plot of GAM on mean residuals of biomass with biomass scaled so that zero corresponds to the mean in the log scale: South orientation, buffer zone boundary at 1389 all fish biomass except Centracanthidae, Pomacentridae and sparid Boops boops",Transect count,"All fish except Centracanthidae, Pomacentridae and sparid Boops boops",NA,NA,NA,NA,Biomass,2 SE,NTZ,Cerbère-Banyuls Marine Reserve,Buffer zone at 1389 m then open,2,437,-0.2,0.41,0.41,Yes,NA,437,
421,"Results from plot of GAM on mean residuals of biomass with biomass scaled so that zero corresponds to the mean in the log scale: South orientation, buffer zone boundary at 1389 all fish biomass except Centracanthidae, Pomacentridae and sparid Boops boops",Transect count,"All fish except Centracanthidae, Pomacentridae and sparid Boops boops",NA,NA,NA,NA,Biomass,2 SE,NTZ,Cerbère-Banyuls Marine Reserve,Buffer zone at 1389 m then open,3,566,-0.39,0.39,0.39,Yes,NA,566,
421,"Results from plot of GAM on mean residuals of biomass with biomass scaled so that zero corresponds to the mean in the log scale: South orientation, buffer zone boundary at 1389 all fish biomass except Centracanthidae, Pomacentridae and sparid Boops boops",Transect count,"All fish except Centracanthidae, Pomacentridae and sparid Boops boops",NA,NA,NA,NA,Biomass,2 SE,NTZ,Cerbère-Banyuls Marine Reserve,Buffer zone at 1389 m then open,4,643,-0.27,0.32,0.32,Yes,NA,643,
421,"Results from plot of GAM on mean residuals of biomass with biomass scaled so that zero corresponds to the mean in the log scale: South orientation, buffer zone boundary at 1389 all fish biomass except Centracanthidae, Pomacentridae and sparid Boops boops",Transect count,"All fish except Centracanthidae, Pomacentridae and sparid Boops boops",NA,NA,NA,NA,Biomass,2 SE,NTZ,Cerbère-Banyuls Marine Reserve,Buffer zone at 1389 m then open,5,819,-0.11,0.32,0.32,Yes,NA,819,
421,"Results from plot of GAM on mean residuals of biomass with biomass scaled so that zero corresponds to the mean in the log scale: South orientation, buffer zone boundary at 1389 all fish biomass except Centracanthidae, Pomacentridae and sparid Boops boops",Transect count,"Everything except Centracanthidae, Pomacentridae and sparid Boops boops",NA,NA,NA,NA,Biomass,2 SE,NTZ,Cerbère-Banyuls Marine Reserve,Buffer zone at 1389 m then open,1,951,0.02,0.37,0.37,Yes,NA,951,
421,"Results from plot of GAM on mean residuals of biomass with biomass scaled so that zero corresponds to the mean in the log scale: South orientation, buffer zone boundary at 1389 all fish biomass except Centracanthidae, Pomacentridae and sparid Boops boops",Transect count,"Everything except Centracanthidae, Pomacentridae and sparid Boops boops",NA,NA,NA,NA,Biomass,2 SE,NTZ,Cerbère-Banyuls Marine Reserve,Buffer zone at 1389 m then open,2,1238,-0.07,0.33,0.32,Yes,NA,1238,
421,"Results from plot of GAM on mean residuals of biomass with biomass scaled so that zero corresponds to the mean in the log scale: South orientation, buffer zone boundary at 1389 all fish biomass except Centracanthidae, Pomacentridae and sparid Boops boops",Transect count,"Everything except Centracanthidae, Pomacentridae and sparid Boops boops",NA,NA,NA,NA,Biomass,2 SE,NTZ,Cerbère-Banyuls Marine Reserve,Buffer zone at 1389 m then open,3,1601,-0.33,0.34,0.34,Yes,NA,1601,
421,"Results from plot of GAM on mean residuals of biomass with biomass scaled so that zero corresponds to the mean in the log scale: South orientation, buffer zone boundary at 1389 all fish biomass except Centracanthidae, Pomacentridae and sparid Boops boops",Transect count,"Everything except Centracanthidae, Pomacentridae and sparid Boops boops",NA,NA,NA,NA,Biomass,2 SE,NTZ,Cerbère-Banyuls Marine Reserve,Buffer zone at 1389 m then open,4,1714,-0.35,0.34,0.34,Yes,NA,1714,
421,"Results from plot of GAM on mean residuals of biomass with biomass scaled so that zero corresponds to the mean in the log scale: South orientation, buffer zone boundary at 1389 all fish biomass except Centracanthidae, Pomacentridae and sparid Boops boops",Transect count,"Everything except Centracanthidae, Pomacentridae and sparid Boops boops",NA,NA,NA,NA,Biomass,2 SE,NTZ,Cerbère-Banyuls Marine Reserve,Buffer zone at 1389 m then open,5,2398,-0.15,0.31,0.31,Yes,NA,2398,
421,"Results from plot of GAM on mean residuals of biomass with biomass scaled so that zero corresponds to the mean in the log scale: South orientation, buffer zone boundary at 1389 all fish biomass except Centracanthidae, Pomacentridae and sparid Boops boops",Transect count,"Everything except Centracanthidae, Pomacentridae and sparid Boops boops",NA,NA,NA,NA,Biomass,2 SE,NTZ,Cerbère-Banyuls Marine Reserve,Buffer zone at 1389 m then open,1,2610,-0.07,0.33,0.33,Yes,NA,2610,
421,"Results from plot of GAM on mean residuals of biomass with biomass scaled so that zero corresponds to the mean in the log scale: South orientation, buffer zone boundary at 1389 all fish biomass except Centracanthidae, Pomacentridae and sparid Boops boops",Transect count,"Everything except Centracanthidae, Pomacentridae and sparid Boops boops",NA,NA,NA,NA,Biomass,2 SE,NTZ,Cerbère-Banyuls Marine Reserve,Buffer zone at 1389 m then open,2,2846,0.01,0.38,0.38,Yes,NA,2846,
421,"Results from plot of GAM on mean residuals of biomass with biomass scaled so that zero corresponds to the mean in the log scale: South orientation, buffer zone boundary at 1389 all fish biomass except Centracanthidae, Pomacentridae and sparid Boops boops",Transect count,"Everything except Centracanthidae, Pomacentridae and sparid Boops boops",NA,NA,NA,NA,Biomass,2 SE,NTZ,Cerbère-Banyuls Marine Reserve,Buffer zone at 1389 m then open,3,3386,0,0.36,0.36,Yes,NA,3386,
421,"Results from plot of GAM on mean residuals of biomass with biomass scaled so that zero corresponds to the mean in the log scale: South orientation, buffer zone boundary at 1389 all fish biomass except Centracanthidae, Pomacentridae and sparid Boops boops",Transect count,"Everything except Centracanthidae, Pomacentridae and sparid Boops boops",NA,NA,NA,NA,Biomass,2 SE,NTZ,Cerbère-Banyuls Marine Reserve,Buffer zone at 1389 m then open,4,4259,-0.05,0.49,0.49,Yes,NA,4259,
421,"Results from plot of GAM on mean residuals of biomass with biomass scaled so that zero corresponds to the mean in the log scale: South orientation, buffer zone boundary at 1389 all fish biomass except Centracanthidae, Pomacentridae and sparid Boops boops",Transect count,"Everything except Centracanthidae, Pomacentridae and sparid Boops boops",NA,NA,NA,NA,Biomass,2 SE,NTZ,Cerbère-Banyuls Marine Reserve,Buffer zone at 1389 m then open,5,4425,-0.07,0.54,0.54,Yes,NA,4425,
421,"Results from plot of GAM on mean residuals of biomass with biomass scaled so that zero corresponds to the mean in the log scale: North orientation, buffer zone boundary at 3136 all fish biomass except Centracanthidae, Pomacentridae and sparid Boops boops",Transect count,"All fish except Centracanthidae, Pomacentridae and sparid Boops boops",NA,NA,NA,NA,Biomass,2 SE,NTZ,Cabo de Palos Marine Reserve,Buffer zone at 3136 m then opne,1,-937,0.87,0.47,0.47,Yes,NA,-937,
421,"Results from plot of GAM on mean residuals of biomass with biomass scaled so that zero corresponds to the mean in the log scale: North orientation, buffer zone boundary at 3136 all fish biomass except Centracanthidae, Pomacentridae and sparid Boops boops",Transect count,"All fish except Centracanthidae, Pomacentridae and sparid Boops boops",NA,NA,NA,NA,Biomass,2 SE,NTZ,Cabo de Palos Marine Reserve,Buffer zone at 3136 m then opne,2,-438,0.77,0.37,0.37,Yes,NA,-438,
421,"Results from plot of GAM on mean residuals of biomass with biomass scaled so that zero corresponds to the mean in the log scale: North orientation, buffer zone boundary at 3136 all fish biomass except Centracanthidae, Pomacentridae and sparid Boops boops",Transect count,"All fish except Centracanthidae, Pomacentridae and sparid Boops boops",NA,NA,NA,NA,Biomass,2 SE,NTZ,Cabo de Palos Marine Reserve,Buffer zone at 3136 m then opne,3,404,0.63,0.29,0.29,Yes,NA,404,
421,"Results from plot of GAM on mean residuals of biomass with biomass scaled so that zero corresponds to the mean in the log scale: North orientation, buffer zone boundary at 3136 all fish biomass except Centracanthidae, Pomacentridae and sparid Boops boops",Transect count,"All fish except Centracanthidae, Pomacentridae and sparid Boops boops",NA,NA,NA,NA,Biomass,2 SE,NTZ,Cabo de Palos Marine Reserve,Buffer zone at 3136 m then opne,4,902,0.55,0.32,0.32,Yes,NA,902,
421,"Results from plot of GAM on mean residuals of biomass with biomass scaled so that zero corresponds to the mean in the log scale: North orientation, buffer zone boundary at 3136 all fish biomass except Centracanthidae, Pomacentridae and sparid Boops boops",Transect count,"All fish except Centracanthidae, Pomacentridae and sparid Boops boops",NA,NA,NA,NA,Biomass,2 SE,NTZ,Cabo de Palos Marine Reserve,Buffer zone at 3136 m then opne,5,2059,0.22,0.45,0.45,Yes,NA,2059,
421,"Results from plot of GAM on mean residuals of biomass with biomass scaled so that zero corresponds to the mean in the log scale: North orientation, buffer zone boundary at 3136 all fish biomass except Centracanthidae, Pomacentridae and sparid Boops boops",Transect count,"All fish except Centracanthidae, Pomacentridae and sparid Boops boops",NA,NA,NA,NA,Biomass,2 SE,NTZ,Cabo de Palos Marine Reserve,Buffer zone at 3136 m then open,1,2252,0.31,0.4,0.4,Yes,NA,2252,
421,"Results from plot of GAM on mean residuals of biomass with biomass scaled so that zero corresponds to the mean in the log scale: North orientation, buffer zone boundary at 3136 all fish biomass except Centracanthidae, Pomacentridae and sparid Boops boops",Transect count,"All fish except Centracanthidae, Pomacentridae and sparid Boops boops",NA,NA,NA,NA,Biomass,2 SE,NTZ,Cabo de Palos Marine Reserve,Buffer zone at 3136 m then open,2,2860,1.13,0.38,0.38,Yes,NA,2860,
421,"Results from plot of GAM on mean residuals of biomass with biomass scaled so that zero corresponds to the mean in the log scale: North orientation, buffer zone boundary at 3136 all fish biomass except Centracanthidae, Pomacentridae and sparid Boops boops",Transect count,"All fish except Centracanthidae, Pomacentridae and sparid Boops boops",NA,NA,NA,NA,Biomass,2 SE,NTZ,Cabo de Palos Marine Reserve,Buffer zone at 3136 m then open,3,3095,1.26,0.31,0.31,Yes,NA,3095,
421,"Results from plot of GAM on mean residuals of biomass with biomass scaled so that zero corresponds to the mean in the log scale: North orientation, buffer zone boundary at 3136 all fish biomass except Centracanthidae, Pomacentridae and sparid Boops boops",Transect count,"All fish except Centracanthidae, Pomacentridae and sparid Boops boops",NA,NA,NA,NA,Biomass,2 SE,NTZ,Cabo de Palos Marine Reserve,Buffer zone at 3136 m then open,4,3244,1.31,0.2,0.3,Yes,NA,3244,
421,"Results from plot of GAM on mean residuals of biomass with biomass scaled so that zero corresponds to the mean in the log scale: North orientation, buffer zone boundary at 3136 all fish biomass except Centracanthidae, Pomacentridae and sparid Boops boops",Transect count,"All fish except Centracanthidae, Pomacentridae and sparid Boops boops",NA,NA,NA,NA,Biomass,2 SE,NTZ,Cabo de Palos Marine Reserve,Buffer zone at 3136 m then open,5,3429,1.33,0.2,0.2,Yes,NA,3429,
421,"Results from plot of GAM on mean residuals of biomass with biomass scaled so that zero corresponds to the mean in the log scale: North orientation, buffer zone boundary at 3136 all fish biomass except Centracanthidae, Pomacentridae and sparid Boops boops",Transect count,"All fish except Centracanthidae, Pomacentridae and sparid Boops boops",NA,NA,NA,NA,Biomass,2 SE,NTZ,Cabo de Palos Marine Reserve,Buffer zone at 3136 m then open,1,3678,1.38,0.3,0.3,Yes,NA,3678,
421,"Results from plot of GAM on mean residuals of biomass with biomass scaled so that zero corresponds to the mean in the log scale: North orientation, buffer zone boundary at 3136 all fish biomass except Centracanthidae, Pomacentridae and sparid Boops boops",Transect count,"All fish except Centracanthidae, Pomacentridae and sparid Boops boops",NA,NA,NA,NA,Biomass,2 SE,NTZ,Cabo de Palos Marine Reserve,Buffer zone at 3136 m then open,2,3868,1.42,0.49,0.49,Yes,NA,3868,
421,"Results from plot of GAM on mean residuals of biomass with biomass scaled so that zero corresponds to the mean in the log scale: North orientation, buffer zone boundary at 3136 all fish biomass except Centracanthidae, Pomacentridae and sparid Boops boops",Transect count,"All fish except Centracanthidae, Pomacentridae and sparid Boops boops",NA,NA,NA,NA,Biomass,2 SE,NTZ,Cabo de Palos Marine Reserve,Buffer zone at 3136 m then open,3,5130,1.11,0.64,0.64,Yes,NA,5130,
421,"Results from plot of GAM on mean residuals of biomass with biomass scaled so that zero corresponds to the mean in the log scale: North orientation, buffer zone boundary at 3136 all fish biomass except Centracanthidae, Pomacentridae and sparid Boops boops",Transect count,"All fish except Centracanthidae, Pomacentridae and sparid Boops boops",NA,NA,NA,NA,Biomass,2 SE,NTZ,Cabo de Palos Marine Reserve,Buffer zone at 3136 m then open,4,8361,1.05,0.34,0.34,Yes,NA,8361,
421,"Results from plot of GAM on mean residuals of biomass with biomass scaled so that zero corresponds to the mean in the log scale: North orientation, buffer zone boundary at 3136 all fish biomass except Centracanthidae, Pomacentridae and sparid Boops boops",Transect count,"All fish except Centracanthidae, Pomacentridae and sparid Boops boops",NA,NA,NA,NA,Biomass,2 SE,NTZ,Cabo de Palos Marine Reserve,Buffer zone at 3136 m then open,5,8582,1.03,0.36,0.36,Yes,NA,8582,
421,"Results from plot of GAM on mean residuals of biomass with biomass scaled so that zero corresponds to the mean in the log scale: North orientation, buffer zone boundary at 3136 all fish biomass except Centracanthidae, Pomacentridae and sparid Boops boops",Transect count,"All fish except Centracanthidae, Pomacentridae and sparid Boops boops",NA,NA,NA,NA,Biomass,2 SE,NTZ,Cabo de Palos Marine Reserve,Buffer zone at 3136 m then open,1,8870,1.03,0.38,0.38,Yes,NA,8870,
421,"Results from plot of GAM on mean residuals of biomass with biomass scaled so that zero corresponds to the mean in the log scale: South orientation, buffer zone boundary at 3157 all fish biomass except Centracanthidae, Pomacentridae and sparid Boops boops",Transect count,"All fish except Centracanthidae, Pomacentridae and sparid Boops boops",NA,NA,NA,NA,Fish size,2 SE,NTZ,Cabo de Palos Marine Reserve,Buffer zone at 3157 m then open,1,-942,1.1,0.53,0.53,No,NA,-942,
421,"Results from plot of GAM on mean residuals of biomass with biomass scaled so that zero corresponds to the mean in the log scale: South orientation, buffer zone boundary at 3157 all fish biomass except Centracanthidae, Pomacentridae and sparid Boops boops",Transect count,"All fish except Centracanthidae, Pomacentridae and sparid Boops boops",NA,NA,NA,NA,Fish size,2 SE,NTZ,Cabo de Palos Marine Reserve,Buffer zone at 3157 m then open,2,-435,1.04,0.41,0.41,No,NA,-435,
421,"Results from plot of GAM on mean residuals of biomass with biomass scaled so that zero corresponds to the mean in the log scale: South orientation, buffer zone boundary at 3157 all fish biomass except Centracanthidae, Pomacentridae and sparid Boops boops",Transect count,"All fish except Centracanthidae, Pomacentridae and sparid Boops boops",NA,NA,NA,NA,Fish size,2 SE,NTZ,Cabo de Palos Marine Reserve,Buffer zone at 3157 m then open,3,429,0.88,0.32,0.32,No,NA,429,
421,"Results from plot of GAM on mean residuals of biomass with biomass scaled so that zero corresponds to the mean in the log scale: South orientation, buffer zone boundary at 3157 all fish biomass except Centracanthidae, Pomacentridae and sparid Boops boops",Transect count,"All fish except Centracanthidae, Pomacentridae and sparid Boops boops",NA,NA,NA,NA,Fish size,2 SE,NTZ,Cabo de Palos Marine Reserve,Buffer zone at 3157 m then open,4,890,0.8,0.34,0.34,No,NA,890,
421,"Results from plot of GAM on mean residuals of biomass with biomass scaled so that zero corresponds to the mean in the log scale: South orientation, buffer zone boundary at 3157 all fish biomass except Centracanthidae, Pomacentridae and sparid Boops boops",Transect count,"All fish except Centracanthidae, Pomacentridae and sparid Boops boops",NA,NA,NA,NA,Fish size,2 SE,NTZ,Cabo de Palos Marine Reserve,Buffer zone at 3157 m then open,5,2068,0.63,0.43,0.43,No,NA,2068,
421,"Results from plot of GAM on mean residuals of biomass with biomass scaled so that zero corresponds to the mean in the log scale: South orientation, buffer zone boundary at 3157 all fish biomass except Centracanthidae, Pomacentridae and sparid Boops boops",Transect count,"All fish except Centracanthidae, Pomacentridae and sparid Boops boops",NA,NA,NA,NA,Biomass,2 SE,NTZ,Cabo de Palos Marine Reserve,Buffer zone at 3157 m then open,1,2261,0.62,0.43,0.43,No,NA,2261,
421,"Results from plot of GAM on mean residuals of biomass with biomass scaled so that zero corresponds to the mean in the log scale: South orientation, buffer zone boundary at 3157 all fish biomass except Centracanthidae, Pomacentridae and sparid Boops boops",Transect count,"All fish except Centracanthidae, Pomacentridae and sparid Boops boops",NA,NA,NA,NA,Biomass,2 SE,NTZ,Cabo de Palos Marine Reserve,Buffer zone at 3157 m then open,2,2875,1.07,0.24,0.24,No,NA,2875,
421,"Results from plot of GAM on mean residuals of biomass with biomass scaled so that zero corresponds to the mean in the log scale: South orientation, buffer zone boundary at 3157 all fish biomass except Centracanthidae, Pomacentridae and sparid Boops boops",Transect count,"All fish except Centracanthidae, Pomacentridae and sparid Boops boops",NA,NA,NA,NA,Biomass,2 SE,NTZ,Cabo de Palos Marine Reserve,Buffer zone at 3157 m then open,3,3072,1.19,0.24,0.24,No,NA,3072,
421,"Results from plot of GAM on mean residuals of biomass with biomass scaled so that zero corresponds to the mean in the log scale: South orientation, buffer zone boundary at 3157 all fish biomass except Centracanthidae, Pomacentridae and sparid Boops boops",Transect count,"All fish except Centracanthidae, Pomacentridae and sparid Boops boops",NA,NA,NA,NA,Biomass,2 SE,NTZ,Cabo de Palos Marine Reserve,Buffer zone at 3157 m then open,4,3253,1.31,0.25,0.25,No,NA,3253,
421,"Results from plot of GAM on mean residuals of biomass with biomass scaled so that zero corresponds to the mean in the log scale: South orientation, buffer zone boundary at 3157 all fish biomass except Centracanthidae, Pomacentridae and sparid Boops boops",Transect count,"All fish except Centracanthidae, Pomacentridae and sparid Boops boops",NA,NA,NA,NA,Biomass,2 SE,NTZ,Cabo de Palos Marine Reserve,Buffer zone at 3157 m then open,5,3593,1.29,0.3,0.3,No,NA,3593,
421,"Results from plot of GAM on mean residuals of biomass with biomass scaled so that zero corresponds to the mean in the log scale: South orientation, buffer zone boundary at 3157 all fish biomass except Centracanthidae, Pomacentridae and sparid Boops boops",Transect count,"All fish except Centracanthidae, Pomacentridae and sparid Boops boops",NA,NA,NA,NA,Biomass,2 SE,NTZ,Cabo de Palos Marine Reserve,Buffer zone at 3157 m then open,1,3720,1.26,0.32,0.32,No,NA,3720,
421,"Results from plot of GAM on mean residuals of biomass with biomass scaled so that zero corresponds to the mean in the log scale: South orientation, buffer zone boundary at 3157 all fish biomass except Centracanthidae, Pomacentridae and sparid Boops boops",Transect count,"All fish except Centracanthidae, Pomacentridae and sparid Boops boops",NA,NA,NA,NA,Biomass,2 SE,NTZ,Cabo de Palos Marine Reserve,Buffer zone at 3157 m then open,2,3821,1.18,0.36,0.36,No,NA,3821,
421,"Results from plot of GAM on mean residuals of biomass with biomass scaled so that zero corresponds to the mean in the log scale: South orientation, buffer zone boundary at 3157 all fish biomass except Centracanthidae, Pomacentridae and sparid Boops boops",Transect count,"All fish except Centracanthidae, Pomacentridae and sparid Boops boops",NA,NA,NA,NA,Biomass,2 SE,NTZ,Cabo de Palos Marine Reserve,Buffer zone at 3157 m then open,3,4774,1.07,0.47,0.47,No,NA,4774,
421,"Results from plot of GAM on mean residuals of biomass with biomass scaled so that zero corresponds to the mean in the log scale: South orientation, buffer zone boundary at 3157 all fish biomass except Centracanthidae, Pomacentridae and sparid Boops boops",Transect count,"All fish except Centracanthidae, Pomacentridae and sparid Boops boops",NA,NA,NA,NA,Biomass,2 SE,NTZ,Cabo de Palos Marine Reserve,Buffer zone at 3157 m then open,4,5032,1.04,0.35,0.35,No,NA,5032,
421,"Results from plot of GAM on mean residuals of biomass with biomass scaled so that zero corresponds to the mean in the log scale: South orientation, buffer zone boundary at 3157 all fish biomass except Centracanthidae, Pomacentridae and sparid Boops boops",Transect count,"All fish except Centracanthidae, Pomacentridae and sparid Boops boops",NA,NA,NA,NA,Biomass,2 SE,NTZ,Cabo de Palos Marine Reserve,Buffer zone at 3157 m then open,5,5171,1.01,0.31,0.32,No,NA,5171,
421,"Results from plot of GAM on mean residuals of biomass with biomass scaled so that zero corresponds to the mean in the log scale: South orientation, buffer zone boundary at 3157 all fish biomass except Centracanthidae, Pomacentridae and sparid Boops boops",Transect count,"All fish except Centracanthidae, Pomacentridae and sparid Boops boops",NA,NA,NA,NA,Biomass,2 SE,NTZ,Cabo de Palos Marine Reserve,Buffer zone at 3157 m then open,1,5161,0.89,0.3,0.3,No,NA,5161,
421,"Results from plot of GAM on mean residuals of biomass with biomass scaled so that zero corresponds to the mean in the log scale: South orientation, buffer zone boundary at 3157 all fish biomass except Centracanthidae, Pomacentridae and sparid Boops boops",Transect count,"All fish except Centracanthidae, Pomacentridae and sparid Boops boops",NA,NA,NA,NA,Biomass,2 SE,NTZ,Cabo de Palos Marine Reserve,Buffer zone at 3157 m then open,2,5853,0.84,0.43,0.43,No,NA,5853,
421,"Results from plot of GAM on mean residuals of biomass with biomass scaled so that zero corresponds to the mean in the log scale: East orientation, has no buffer zone, all fish biomass except Centracanthidae, Pomacentridae and sparid Boops boops",Transect count,"All fish except Centracanthidae, Pomacentridae and sparid Boops boops",NA,NA,NA,NA,Biomass,2 SE,NTZ,Carry-le-Rouet Marine Reserve,Yes,1,-343,1.24,0.7,0.7,No,NA,-343,
421,"Results from plot of GAM on mean residuals of biomass with biomass scaled so that zero corresponds to the mean in the log scale: East orientation, has no buffer zone, all fish biomass except Centracanthidae, Pomacentridae and sparid Boops boops",Transect count,"All fish except Centracanthidae, Pomacentridae and sparid Boops boops",NA,NA,NA,NA,Biomass,2 SE,NTZ,Carry-le-Rouet Marine Reserve,Yes,2,-76,-0.03,0.59,0.59,No,NA,-76,
421,"Results from plot of GAM on mean residuals of biomass with biomass scaled so that zero corresponds to the mean in the log scale: East orientation, has no buffer zone, all fish biomass except Centracanthidae, Pomacentridae and sparid Boops boops",Transect count,"All fish except Centracanthidae, Pomacentridae and sparid Boops boops",NA,NA,NA,NA,Biomass,2 SE,NTZ,Carry-le-Rouet Marine Reserve,Yes,3,-5,-0.47,0.4,0.4,No,NA,-5,
421,"Results from plot of GAM on mean residuals of biomass with biomass scaled so that zero corresponds to the mean in the log scale: East orientation, has no buffer zone, all fish biomass except Centracanthidae, Pomacentridae and sparid Boops boops",Transect count,"All fish except Centracanthidae, Pomacentridae and sparid Boops boops",NA,NA,NA,NA,Biomass,2 SE,NTZ,Carry-le-Rouet Marine Reserve,Yes,4,73,-0.66,0.36,0.36,No,NA,73,
421,"Results from plot of GAM on mean residuals of biomass with biomass scaled so that zero corresponds to the mean in the log scale: East orientation, has no buffer zone, all fish biomass except Centracanthidae, Pomacentridae and sparid Boops boops",Transect count,"All fish except Centracanthidae, Pomacentridae and sparid Boops boops",NA,NA,NA,NA,Biomass,2 SE,NTZ,Carry-le-Rouet Marine Reserve,Yes,5,201,-0.97,0.53,0.53,No,NA,201,
421,"Results from plot of GAM on mean residuals of biomass with biomass scaled so that zero corresponds to the mean in the log scale: East orientation, has no buffer zone, all fish biomass except Centracanthidae, Pomacentridae and sparid Boops boops",Transect count,"All fish except Centracanthidae, Pomacentridae and sparid Boops boops",NA,NA,NA,NA,Biomass,2 SE,NTZ,Carry-le-Rouet Marine Reserve,Yes,1,263,-1.14,0.7,0.7,No,NA,263,
421,"Results from plot of GAM on mean residuals of biomass with biomass scaled so that zero corresponds to the mean in the log scale: East orientation, has no buffer zone, all fish biomass except Centracanthidae, Pomacentridae and sparid Boops boops",Transect count,"All fish except Centracanthidae, Pomacentridae and sparid Boops boops",NA,NA,NA,NA,Biomass,2 SE,NTZ,Carry-le-Rouet Marine Reserve,Yes,2,1109,0.1,0.49,0.49,No,NA,1109,
421,"Results from plot of GAM on mean residuals of biomass with biomass scaled so that zero corresponds to the mean in the log scale: East orientation, has no buffer zone, all fish biomass except Centracanthidae, Pomacentridae and sparid Boops boops",Transect count,"All fish except Centracanthidae, Pomacentridae and sparid Boops boops",NA,NA,NA,NA,Biomass,2 SE,NTZ,Carry-le-Rouet Marine Reserve,Yes,3,1211,0.22,0.58,0.58,No,NA,1211,
421,"Results from plot of GAM on mean residuals of biomass with biomass scaled so that zero corresponds to the mean in the log scale: East orientation, has no buffer zone, all fish biomass except Centracanthidae, Pomacentridae and sparid Boops boops",Transect count,"All fish except Centracanthidae, Pomacentridae and sparid Boops boops",NA,NA,NA,NA,Biomass,2 SE,NTZ,Carry-le-Rouet Marine Reserve,Yes,4,2436,0.21,0.49,0.49,No,NA,2436,
421,"Results from plot of GAM on mean residuals of biomass with biomass scaled so that zero corresponds to the mean in the log scale: East orientation, has no buffer zone, all fish biomass except Centracanthidae, Pomacentridae and sparid Boops boops",Transect count,"All fish except Centracanthidae, Pomacentridae and sparid Boops boops",NA,NA,NA,NA,Biomass,2 SE,NTZ,Carry-le-Rouet Marine Reserve,Yes,5,2524,0.2,0.53,0.53,No,NA,2524,
421,"Results from plot of GAM on mean residuals of biomass with biomass scaled so that zero corresponds to the mean in the log scale: East orientation, has no buffer zone, all fish biomass except Centracanthidae, Pomacentridae and sparid Boops boops",Transect count,"All fish except Centracanthidae, Pomacentridae and sparid Boops boops",NA,NA,NA,NA,Biomass,2 SE,NTZ,Carry-le-Rouet Marine Reserve,Yes,1,2611,0.2,0.54,0.54,No,NA,2611,
421,"Results from plot of GAM on mean residuals of biomass with biomass scaled so that zero corresponds to the mean in the log scale: West orientation, has no buffer zone, all fish biomass except Centracanthidae, Pomacentridae and sparid Boops boops",Transect count,"All fish except Centracanthidae, Pomacentridae and sparid Boops boops",NA,NA,NA,NA,Biomass,2 SE,NTZ,Carry-le-Rouet Marine Reserve,Yes,1,-397,0.05,0.55,0.55,Yes,NA,-397,107
421,"Results from plot of GAM on mean residuals of biomass with biomass scaled so that zero corresponds to the mean in the log scale: West orientation, has no buffer zone, all fish biomass except Centracanthidae, Pomacentridae and sparid Boops boops",Transect count,"All fish except Centracanthidae, Pomacentridae and sparid Boops boops",NA,NA,NA,NA,Biomass,2 SE,NTZ,Carry-le-Rouet Marine Reserve,Yes,2,-350,0.19,0.53,0.53,Yes,NA,-350,107
421,"Results from plot of GAM on mean residuals of biomass with biomass scaled so that zero corresponds to the mean in the log scale: West orientation, has no buffer zone, all fish biomass except Centracanthidae, Pomacentridae and sparid Boops boops",Transect count,"All fish except Centracanthidae, Pomacentridae and sparid Boops boops",NA,NA,NA,NA,Biomass,2 SE,NTZ,Carry-le-Rouet Marine Reserve,Yes,3,-84,0.99,0.4,0.4,Yes,NA,-84,107
421,"Results from plot of GAM on mean residuals of biomass with biomass scaled so that zero corresponds to the mean in the log scale: West orientation, has no buffer zone, all fish biomass except Centracanthidae, Pomacentridae and sparid Boops boops",Transect count,"All fish except Centracanthidae, Pomacentridae and sparid Boops boops",NA,NA,NA,NA,Biomass,2 SE,NTZ,Carry-le-Rouet Marine Reserve,Yes,4,23,0.09,0.34,0.34,Yes,NA,23,107
421,"Results from plot of GAM on mean residuals of biomass with biomass scaled so that zero corresponds to the mean in the log scale: West orientation, has no buffer zone, all fish biomass except Centracanthidae, Pomacentridae and sparid Boops boops",Transect count,"All fish except Centracanthidae, Pomacentridae and sparid Boops boops",NA,NA,NA,NA,Biomass,2 SE,NTZ,Carry-le-Rouet Marine Reserve,Yes,5,199,-0.36,0.64,0.64,Yes,NA,199,107
421,"Results from plot of GAM on mean residuals of biomass with biomass scaled so that zero corresponds to the mean in the log scale: West orientation, has no buffer zone, all fish biomass except Centracanthidae, Pomacentridae and sparid Boops boops",Transect count,"All fish except Centracanthidae, Pomacentridae and sparid Boops boops",NA,NA,NA,NA,Biomass,2 SE,NTZ,Carry-le-Rouet Marine Reserve,Yes,1,455,-0.33,0.42,0.42,Yes,NA,455,107
421,"Results from plot of GAM on mean residuals of biomass with biomass scaled so that zero corresponds to the mean in the log scale: West orientation, has no buffer zone, all fish biomass except Centracanthidae, Pomacentridae and sparid Boops boops",Transect count,"All fish except Centracanthidae, Pomacentridae and sparid Boops boops",NA,NA,NA,NA,Biomass,2 SE,NTZ,Carry-le-Rouet Marine Reserve,Yes,2,586,-0.31,0.39,0.39,Yes,NA,586,107
421,"Results from plot of GAM on mean residuals of biomass with biomass scaled so that zero corresponds to the mean in the log scale: West orientation, has no buffer zone, all fish biomass except Centracanthidae, Pomacentridae and sparid Boops boops",Transect count,"All fish except Centracanthidae, Pomacentridae and sparid Boops boops",NA,NA,NA,NA,Biomass,2 SE,NTZ,Carry-le-Rouet Marine Reserve,Yes,3,864,-0.28,0.67,0.67,Yes,NA,864,107
421,"Results from plot of GAM on mean residuals of biomass with biomass scaled so that zero corresponds to the mean in the log scale: West orientation, has no buffer zone, all fish biomass except Centracanthidae, Pomacentridae and sparid Boops boops",Transect count,"All fish except Centracanthidae, Pomacentridae and sparid Boops boops",NA,NA,NA,NA,Biomass,2 SE,NTZ,Carry-le-Rouet Marine Reserve,Yes,4,2411,-0.52,0.38,0.38,Yes,NA,2411,107
421,"Results from plot of GAM on mean residuals of biomass with biomass scaled so that zero corresponds to the mean in the log scale: West orientation, has no buffer zone, all fish biomass except Centracanthidae, Pomacentridae and sparid Boops boops",Transect count,"All fish except Centracanthidae, Pomacentridae and sparid Boops boops",NA,NA,NA,NA,Biomass,2 SE,NTZ,Carry-le-Rouet Marine Reserve,Yes,5,2463,-0.54,0.38,0.38,Yes,NA,2463,107
421,"Results from plot of GAM on mean residuals of biomass with biomass scaled so that zero corresponds to the mean in the log scale: West orientation, has no buffer zone, all fish biomass except Centracanthidae, Pomacentridae and sparid Boops boops",Transect count,"All fish except Centracanthidae, Pomacentridae and sparid Boops boops",NA,NA,NA,NA,Biomass,2 SE,NTZ,Carry-le-Rouet Marine Reserve,Yes,1,2659,-0.56,0.47,0.47,Yes,NA,2659,107
421,"Results from plot of GAM on mean residuals of biomass with biomass scaled so that zero corresponds to the mean in the log scale: Buffer zone boundary at 2235, all fish biomass except Centracanthidae, Pomacentridae and sparid Boops boops",Transect count,"All fish except Centracanthidae, Pomacentridae and sparid Boops boops",NA,NA,NA,NA,Biomass,2 SE,NTZ,Cabrera Marine Reserve,Buffer zone at 2235 m then open,1,-615,0.21,0.38,0.38,Yes,NA,-615,
421,"Results from plot of GAM on mean residuals of biomass with biomass scaled so that zero corresponds to the mean in the log scale: Buffer zone boundary at 2235, all fish biomass except Centracanthidae, Pomacentridae and sparid Boops boops",Transect count,"All fish except Centracanthidae, Pomacentridae and sparid Boops boops",NA,NA,NA,NA,Biomass,2 SE,NTZ,Cabrera Marine Reserve,Buffer zone at 2235 m then open,2,-181,0.32,0.32,0.32,Yes,NA,-181,
421,"Results from plot of GAM on mean residuals of biomass with biomass scaled so that zero corresponds to the mean in the log scale: Buffer zone boundary at 2235, all fish biomass except Centracanthidae, Pomacentridae and sparid Boops boops",Transect count,"All fish except Centracanthidae, Pomacentridae and sparid Boops boops",NA,NA,NA,NA,Biomass,2 SE,NTZ,Cabrera Marine Reserve,Buffer zone at 2235 m then open,3,132,0.41,0.33,0.33,Yes,NA,132,
421,"Results from plot of GAM on mean residuals of biomass with biomass scaled so that zero corresponds to the mean in the log scale: Buffer zone boundary at 2235, all fish biomass except Centracanthidae, Pomacentridae and sparid Boops boops",Transect count,"All fish except Centracanthidae, Pomacentridae and sparid Boops boops",NA,NA,NA,NA,Biomass,2 SE,NTZ,Cabrera Marine Reserve,Buffer zone at 2235 m then open,4,460,0.41,0.43,0.43,Yes,NA,460,
421,"Results from plot of GAM on mean residuals of biomass with biomass scaled so that zero corresponds to the mean in the log scale: Buffer zone boundary at 2235, all fish biomass except Centracanthidae, Pomacentridae and sparid Boops boops",Transect count,"All fish except Centracanthidae, Pomacentridae and sparid Boops boops",NA,NA,NA,NA,Biomass,2 SE,NTZ,Cabrera Marine Reserve,Buffer zone at 2235 m then open,5,1288,0.41,0.41,0.41,Yes,NA,1288,
421,"Results from plot of GAM on mean residuals of biomass with biomass scaled so that zero corresponds to the mean in the log scale: Buffer zone boundary at 2235, all fish biomass except Centracanthidae, Pomacentridae and sparid Boops boops",Transect count,"All fish except Centracanthidae, Pomacentridae and sparid Boops boops",NA,NA,NA,NA,Biomass,2 SE,NTZ,Cabrera Marine Reserve,Boundary at 2235 m then open,1,15526,-0.66,0.34,0.34,Yes,NA,15526,
421,"Results from plot of GAM on mean residuals of biomass with biomass scaled so that zero corresponds to the mean in the log scale: Buffer zone boundary at 2235, all fish biomass except Centracanthidae, Pomacentridae and sparid Boops boops",Transect count,"All fish except Centracanthidae, Pomacentridae and sparid Boops boops",NA,NA,NA,NA,Biomass,2 SE,NTZ,Cabrera Marine Reserve,Boundary at 2235 m then open,2,16071,-0.68,0.31,0.31,Yes,NA,16071,
421,"Results from plot of GAM on mean residuals of biomass with biomass scaled so that zero corresponds to the mean in the log scale: Buffer zone boundary at 2235, all fish biomass except Centracanthidae, Pomacentridae and sparid Boops boops",Transect count,"All fish except Centracanthidae, Pomacentridae and sparid Boops boops",NA,NA,NA,NA,Biomass,2 SE,NTZ,Cabrera Marine Reserve,Boundary at 2235 m then open,3,16511,-0.65,0.26,0.26,Yes,NA,16511,
421,"Results from plot of GAM on mean residuals of biomass with biomass scaled so that zero corresponds to the mean in the log scale: Buffer zone boundary at 2235, all fish biomass except Centracanthidae, Pomacentridae and sparid Boops boops",Transect count,"All fish except Centracanthidae, Pomacentridae and sparid Boops boops",NA,NA,NA,NA,Biomass,2 SE,NTZ,Cabrera Marine Reserve,Boundary at 2235 m then open,4,18220,-0.63,0.2,0.2,Yes,NA,18220,
421,"Results from plot of GAM on mean residuals of biomass with biomass scaled so that zero corresponds to the mean in the log scale: Buffer zone boundary at 2235, all fish biomass except Centracanthidae, Pomacentridae and sparid Boops boops",Transect count,"All fish except Centracanthidae, Pomacentridae and sparid Boops boops",NA,NA,NA,NA,Biomass,2 SE,NTZ,Cabrera Marine Reserve,Boundary at 2235 m then open,5,18594,-0.63,0.2,0.2,Yes,NA,18594,
421,"Results from plot of GAM on mean residuals of biomass with biomass scaled so that zero corresponds to the mean in the log scale: Buffer zone boundary at 2235, all fish biomass except Centracanthidae, Pomacentridae and sparid Boops boops",Transect count,"All fish except Centracanthidae, Pomacentridae and sparid Boops boops",NA,NA,NA,NA,Biomass,2 SE,NTZ,Cabrera Marine Reserve,Buffer zone at 2235 m then open,1,21455,-0.56,0.3,0.3,No,NA,21455,
421,"Results from plot of GAM on mean residuals of biomass with biomass scaled so that zero corresponds to the mean in the log scale: Buffer zone boundary at 2235, all fish biomass except Centracanthidae, Pomacentridae and sparid Boops boops",Transect count,"All fish except Centracanthidae, Pomacentridae and sparid Boops boops",NA,NA,NA,NA,Biomass,2 SE,NTZ,Cabrera Marine Reserve,Buffer zone at 2235 m then open,2,22008,-0.56,0.35,0.35,No,NA,22008,
421,"Results from plot of GAM on mean residuals of biomass with biomass scaled so that zero corresponds to the mean in the log scale: Buffer zone boundary at 2235, all fish biomass except Centracanthidae, Pomacentridae and sparid Boops boops",Transect count,"All fish except Centracanthidae, Pomacentridae and sparid Boops boops",NA,NA,NA,NA,Biomass,2 SE,NTZ,Cabrera Marine Reserve,Buffer zone at 2235 m then open,3,22494,-0.56,0.41,0.41,No,NA,22494,
421,"Results from plot of GAM on mean residuals of biomass with biomass scaled so that zero corresponds to the mean in the log scale: Buffer zone boundary at 783, all fish biomass except Centracanthidae, Pomacentridae and sparid Boops boops",Transect count,"All fish except Centracanthidae, Pomacentridae and sparid Boops boops",NA,NA,NA,NA,Biomass,2 SE,NTZ,Medes Islands Marine Reserve,Buffer zone at 783 m then open,1,-1597,0.73,0.44,0.44,No,NA,-1597,
421,"Results from plot of GAM on mean residuals of biomass with biomass scaled so that zero corresponds to the mean in the log scale: Buffer zone boundary at 783, all fish biomass except Centracanthidae, Pomacentridae and sparid Boops boops",Transect count,"All fish except Centracanthidae, Pomacentridae and sparid Boops boops",NA,NA,NA,NA,Biomass,2 SE,NTZ,Medes Islands Marine Reserve,Buffer zone at 783 m then open,2,-1537,0.73,0.41,0.41,No,NA,-1537,
421,"Results from plot of GAM on mean residuals of biomass with biomass scaled so that zero corresponds to the mean in the log scale: Buffer zone boundary at 783, all fish biomass except Centracanthidae, Pomacentridae and sparid Boops boops",Transect count,"All fish except Centracanthidae, Pomacentridae and sparid Boops boops",NA,NA,NA,NA,Biomass,2 SE,NTZ,Medes Islands Marine Reserve,Buffer zone at 783 m then open,3,-1450,0.68,0.37,0.37,No,NA,-1450,
421,"Results from plot of GAM on mean residuals of biomass with biomass scaled so that zero corresponds to the mean in the log scale: Buffer zone boundary at 783, all fish biomass except Centracanthidae, Pomacentridae and sparid Boops boops",Transect count,"All fish except Centracanthidae, Pomacentridae and sparid Boops boops",NA,NA,NA,NA,Biomass,2 SE,NTZ,Medes Islands Marine Reserve,Buffer zone at 783 m then open,4,-1180,0.57,0.25,0.25,No,NA,-1180,
421,"Results from plot of GAM on mean residuals of biomass with biomass scaled so that zero corresponds to the mean in the log scale: Buffer zone boundary at 783, all fish biomass except Centracanthidae, Pomacentridae and sparid Boops boops",Transect count,"All fish except Centracanthidae, Pomacentridae and sparid Boops boops",NA,NA,NA,NA,Biomass,2 SE,NTZ,Medes Islands Marine Reserve,Buffer zone at 783 m then open,5,-1098,0.54,0.24,0.24,No,NA,-1098,
421,"Results from plot of GAM on mean residuals of biomass with biomass scaled so that zero corresponds to the mean in the log scale: Buffer zone boundary at 783, all fish biomass except Centracanthidae, Pomacentridae and sparid Boops boops",Transect count,"All fish except Centracanthidae, Pomacentridae and sparid Boops boops",NA,NA,NA,NA,Biomass,2 SE,NTZ,Medes Islands Marine Reserve,Buffer zone at 783 m then open,1,-937,0.46,0.27,0.27,No,NA,-937,
421,"Results from plot of GAM on mean residuals of biomass with biomass scaled so that zero corresponds to the mean in the log scale: Buffer zone boundary at 783, all fish biomass except Centracanthidae, Pomacentridae and sparid Boops boops",Transect count,"All fish except Centracanthidae, Pomacentridae and sparid Boops boops",NA,NA,NA,NA,Biomass,2 SE,NTZ,Medes Islands Marine Reserve,Buffer zone at 783 m then open,2,-630,0.45,0.39,0.39,No,NA,-630,
421,"Results from plot of GAM on mean residuals of biomass with biomass scaled so that zero corresponds to the mean in the log scale: Buffer zone boundary at 783, all fish biomass except Centracanthidae, Pomacentridae and sparid Boops boops",Transect count,"All fish except Centracanthidae, Pomacentridae and sparid Boops boops",NA,NA,NA,NA,Biomass,2 SE,NTZ,Medes Islands Marine Reserve,Buffer zone at 783 m then open,3,-561,0.39,0.47,0.47,No,NA,-561,
421,"Results from plot of GAM on mean residuals of biomass with biomass scaled so that zero corresponds to the mean in the log scale: Buffer zone boundary at 783, all fish biomass except Centracanthidae, Pomacentridae and sparid Boops boops",Transect count,"All fish except Centracanthidae, Pomacentridae and sparid Boops boops",NA,NA,NA,NA,Biomass,2 SE,NTZ,Medes Islands Marine Reserve,Buffer zone at 783 m then open,4,290,-0.33,0.42,0.42,No,NA,290,
421,"Results from plot of GAM on mean residuals of biomass with biomass scaled so that zero corresponds to the mean in the log scale: Buffer zone boundary at 783, all fish biomass except Centracanthidae, Pomacentridae and sparid Boops boops",Transect count,"All fish except Centracanthidae, Pomacentridae and sparid Boops boops",NA,NA,NA,NA,Biomass,2 SE,NTZ,Medes Islands Marine Reserve,Buffer zone at 783 m then open,5,524,-0.51,0.36,0.36,No,NA,524,
421,"Results from plot of GAM on mean residuals of biomass with biomass scaled so that zero corresponds to the mean in the log scale: Buffer zone boundary at 783, all fish biomass except Centracanthidae, Pomacentridae and sparid Boops boops",Transect count,"All fish except Centracanthidae, Pomacentridae and sparid Boops boops",NA,NA,NA,NA,Biomass,2 SE,NTZ,Medes Islands Marine Reserve,Buffer zone at 783 m then open,1,643,-0.54,0.33,0.33,Yes,NA,643,
421,"Results from plot of GAM on mean residuals of biomass with biomass scaled so that zero corresponds to the mean in the log scale: Buffer zone boundary at 783, all fish biomass except Centracanthidae, Pomacentridae and sparid Boops boops",Transect count,"All fish except Centracanthidae, Pomacentridae and sparid Boops boops",NA,NA,NA,NA,Biomass,2 SE,NTZ,Medes Islands Marine Reserve,Buffer zone at 783 m then open,2,897,-0.53,0.29,0.29,Yes,NA,897,
421,"Results from plot of GAM on mean residuals of biomass with biomass scaled so that zero corresponds to the mean in the log scale: Buffer zone boundary at 783, all fish biomass except Centracanthidae, Pomacentridae and sparid Boops boops",Transect count,"All fish except Centracanthidae, Pomacentridae and sparid Boops boops",NA,NA,NA,NA,Biomass,2 SE,NTZ,Medes Islands Marine Reserve,Buffer zone at 783 m then open,3,1179,-0.51,0.28,0.28,Yes,NA,1179,
421,"Results from plot of GAM on mean residuals of biomass with biomass scaled so that zero corresponds to the mean in the log scale: Buffer zone boundary at 783, all fish biomass except Centracanthidae, Pomacentridae and sparid Boops boops",Transect count,"All fish except Centracanthidae, Pomacentridae and sparid Boops boops",NA,NA,NA,NA,Biomass,2 SE,NTZ,Medes Islands Marine Reserve,Buffer zone at 783 m then open,4,1375,-0.47,0.31,0.31,Yes,NA,1375,
421,"Results from plot of GAM on mean residuals of biomass with biomass scaled so that zero corresponds to the mean in the log scale: Buffer zone boundary at 783, all fish biomass except Centracanthidae, Pomacentridae and sparid Boops boops",Transect count,"All fish except Centracanthidae, Pomacentridae and sparid Boops boops",NA,NA,NA,NA,Biomass,2 SE,NTZ,Medes Islands Marine Reserve,Buffer zone at 783 m then open,5,1883,-0.35,0.38,0.38,Yes,NA,1883,
421,"Results from plot of GAM on mean residuals of biomass with biomass scaled so that zero corresponds to the mean in the log scale: Buffer zone boundary at 783, all fish biomass except Centracanthidae, Pomacentridae and sparid Boops boops",Transect count,"All fish except Centracanthidae, Pomacentridae and sparid Boops boops",NA,NA,NA,NA,Biomass,2 SE,NTZ,Medes Islands Marine Reserve,Yes,1,2166,-0.35,0.37,0.37,Yes,NA,2166,
421,"Results from plot of GAM on mean residuals of biomass with biomass scaled so that zero corresponds to the mean in the log scale: Buffer zone boundary at 783, all fish biomass except Centracanthidae, Pomacentridae and sparid Boops boops",Transect count,"All fish except Centracanthidae, Pomacentridae and sparid Boops boops",NA,NA,NA,NA,Biomass,2 SE,NTZ,Medes Islands Marine Reserve,Yes,2,2331,-0.34,0.31,0.31,Yes,NA,2331,
421,"Results from plot of GAM on mean residuals of biomass with biomass scaled so that zero corresponds to the mean in the log scale: Buffer zone boundary at 783, all fish biomass except Centracanthidae, Pomacentridae and sparid Boops boops",Transect count,"All fish except Centracanthidae, Pomacentridae and sparid Boops boops",NA,NA,NA,NA,Biomass,2 SE,NTZ,Medes Islands Marine Reserve,Yes,3,2987,-0.37,0.41,0.41,Yes,NA,2987,
421,"Results from plot of GAM on mean residuals of biomass with biomass scaled so that zero corresponds to the mean in the log scale: Buffer zone boundary at 783, all fish biomass except Centracanthidae, Pomacentridae and sparid Boops boops",Transect count,"All fish except Centracanthidae, Pomacentridae and sparid Boops boops",NA,NA,NA,NA,Biomass,2 SE,NTZ,Medes Islands Marine Reserve,Yes,4,3051,-0.31,0.42,0.42,Yes,NA,3051,
421,"Results from plot of GAM on mean residuals of biomass with biomass scaled so that zero corresponds to the mean in the log scale: Posidonia oceanica meadows, Buffer zone boundary at 850, all fish biomass except Centracanthidae, Pomacentridae and sparid Boops boops",Transect count,"All fish except Centracanthidae, Pomacentridae and sparid Boops boops",NA,NA,NA,NA,Biomass,2 SE,NTZ,Tabarca Marine Reserve,Buffer zone at 850 m then open,1,-191,0.21,0.43,0.43,Yes,NA,-191,
421,"Results from plot of GAM on mean residuals of biomass with biomass scaled so that zero corresponds to the mean in the log scale: Posidonia oceanica meadows, Buffer zone boundary at 850, all fish biomass except Centracanthidae, Pomacentridae and sparid Boops boops",Transect count,"All fish except Centracanthidae, Pomacentridae and sparid Boops boops",NA,NA,NA,NA,Biomass,2 SE,NTZ,Tabarca Marine Reserve,Buffer zone at 850 m then open,2,-123,0.14,0.36,0.36,Yes,NA,-123,
421,"Results from plot of GAM on mean residuals of biomass with biomass scaled so that zero corresponds to the mean in the log scale: Posidonia oceanica meadows, Buffer zone boundary at 850, all fish biomass except Centracanthidae, Pomacentridae and sparid Boops boops",Transect count,"All fish except Centracanthidae, Pomacentridae and sparid Boops boops",NA,NA,NA,NA,Biomass,2 SE,NTZ,Tabarca Marine Reserve,Buffer zone at 850 m then open,3,22,0.02,0.22,0.22,Yes,NA,22,
421,"Results from plot of GAM on mean residuals of biomass with biomass scaled so that zero corresponds to the mean in the log scale: Posidonia oceanica meadows, Buffer zone boundary at 850, all fish biomass except Centracanthidae, Pomacentridae and sparid Boops boops",Transect count,"All fish except Centracanthidae, Pomacentridae and sparid Boops boops",NA,NA,NA,NA,Biomass,2 SE,NTZ,Tabarca Marine Reserve,Buffer zone at 850 m then open,4,76,-0.02,0.22,0.22,Yes,NA,76,
421,"Results from plot of GAM on mean residuals of biomass with biomass scaled so that zero corresponds to the mean in the log scale: Posidonia oceanica meadows, Buffer zone boundary at 850, all fish biomass except Centracanthidae, Pomacentridae and sparid Boops boops",Transect count,"All fish except Centracanthidae, Pomacentridae and sparid Boops boops",NA,NA,NA,NA,Biomass,2 SE,NTZ,Tabarca Marine Reserve,Buffer zone at 850 m then open,5,160,-0.1,0.23,0.23,Yes,NA,160,
421,"Results from plot of GAM on mean residuals of biomass with biomass scaled so that zero corresponds to the mean in the log scale: Posidonia oceanica meadows, Buffer zone boundary at 850, all fish biomass except Centracanthidae, Pomacentridae and sparid Boops boops",Transect count,"All fish except Centracanthidae, Pomacentridae and sparid Boops boops",NA,NA,NA,NA,Biomass,2 SE,NTZ,Tabarca Marine Reserve,Buffer zone at 850 m then open,1,221,-0.12,0.33,0.33,Yes,NA,221,
421,"Results from plot of GAM on mean residuals of biomass with biomass scaled so that zero corresponds to the mean in the log scale: Posidonia oceanica meadows, Buffer zone boundary at 850, all fish biomass except Centracanthidae, Pomacentridae and sparid Boops boops",Transect count,"All fish except Centracanthidae, Pomacentridae and sparid Boops boops",NA,NA,NA,NA,Biomass,2 SE,NTZ,Tabarca Marine Reserve,Buffer zone at 850 m then open,2,258,-0.04,0.36,0.36,Yes,NA,258,
421,"Results from plot of GAM on mean residuals of biomass with biomass scaled so that zero corresponds to the mean in the log scale: Posidonia oceanica meadows, Buffer zone boundary at 850, all fish biomass except Centracanthidae, Pomacentridae and sparid Boops boops",Transect count,"All fish except Centracanthidae, Pomacentridae and sparid Boops boops",NA,NA,NA,NA,Biomass,2 SE,NTZ,Tabarca Marine Reserve,Buffer zone at 850 m then open,3,612,0.75,0.35,0.35,Yes,NA,612,
421,"Results from plot of GAM on mean residuals of biomass with biomass scaled so that zero corresponds to the mean in the log scale: Posidonia oceanica meadows, Buffer zone boundary at 850, all fish biomass except Centracanthidae, Pomacentridae and sparid Boops boops",Transect count,"All fish except Centracanthidae, Pomacentridae and sparid Boops boops",NA,NA,NA,NA,Biomass,2 SE,NTZ,Tabarca Marine Reserve,Buffer zone at 850 m then open,4,642,0.77,0.37,0.37,Yes,NA,642,
421,"Results from plot of GAM on mean residuals of biomass with biomass scaled so that zero corresponds to the mean in the log scale: Posidonia oceanica meadows, Buffer zone boundary at 850, all fish biomass except Centracanthidae, Pomacentridae and sparid Boops boops",Transect count,"All fish except Centracanthidae, Pomacentridae and sparid Boops boops",NA,NA,NA,NA,Biomass,2 SE,NTZ,Tabarca Marine Reserve,Buffer zone at 850 m then open,5,724,0.78,0.37,0.37,Yes,NA,724,
421,"Results from plot of GAM on mean residuals of biomass with biomass scaled so that zero corresponds to the mean in the log scale: Posidonia oceanica meadows, Buffer zone boundary at 850, all fish biomass except Centracanthidae, Pomacentridae and sparid Boops boops",Transect count,"All fish except Centracanthidae, Pomacentridae and sparid Boops boops",NA,NA,NA,NA,Biomass,2 SE,NTZ,Tabarca Marine Reserve,Buffer zone at 850 m then open,1,1039,0.57,0.39,0.39,Yes,NA,1039,
421,"Results from plot of GAM on mean residuals of biomass with biomass scaled so that zero corresponds to the mean in the log scale: Posidonia oceanica meadows, Buffer zone boundary at 850, all fish biomass except Centracanthidae, Pomacentridae and sparid Boops boops",Transect count,"All fish except Centracanthidae, Pomacentridae and sparid Boops boops",NA,NA,NA,NA,Biomass,2 SE,NTZ,Tabarca Marine Reserve,Buffer zone at 850 m then open,2,1135,0.49,0.46,0.46,Yes,NA,1135,
421,"Results from plot of GAM on mean residuals of biomass with biomass scaled so that zero corresponds to the mean in the log scale: Posidonia oceanica meadows, Buffer zone boundary at 850, all fish biomass except Centracanthidae, Pomacentridae and sparid Boops boops",Transect count,"All fish except Centracanthidae, Pomacentridae and sparid Boops boops",NA,NA,NA,NA,Biomass,2 SE,NTZ,Tabarca Marine Reserve,Buffer zone at 850 m then open,3,1780,-0.14,0.37,0.37,Yes,NA,1780,
421,"Results from plot of GAM on mean residuals of biomass with biomass scaled so that zero corresponds to the mean in the log scale: Posidonia oceanica meadows, Buffer zone boundary at 850, all fish biomass except Centracanthidae, Pomacentridae and sparid Boops boops",Transect count,"All fish except Centracanthidae, Pomacentridae and sparid Boops boops",NA,NA,NA,NA,Biomass,2 SE,NTZ,Tabarca Marine Reserve,Buffer zone at 850 m then open,4,1879,-0.24,0.32,0.32,Yes,NA,1879,
421,"Results from plot of GAM on mean residuals of biomass with biomass scaled so that zero corresponds to the mean in the log scale: Posidonia oceanica meadows, Buffer zone boundary at 850, all fish biomass except Centracanthidae, Pomacentridae and sparid Boops boops",Transect count,"All fish except Centracanthidae, Pomacentridae and sparid Boops boops",NA,NA,NA,NA,Biomass,2 SE,NTZ,Tabarca Marine Reserve,Buffer zone at 850 m then open,5,2773,-1.17,0.4,0.4,Yes,NA,2773,
421,"Results from plot of GAM on mean residuals of biomass with biomass scaled so that zero corresponds to the mean in the log scale: Rocky reefs, Buffer zone boundary at 850, all fish biomass except Centracanthidae, Pomacentridae and sparid Boops boops",Transect count,"Everything except Centracanthidae, Pomacentridae and sparid Boops boops",NA,NA,NA,NA,Biomass,2 SE,NTZ,Tabarca Marine Reserve,Buffer zone at 800 m then open,1,-208,-0.03,0.05,0.05,No,NA,-208,
421,"Results from plot of GAM on mean residuals of biomass with biomass scaled so that zero corresponds to the mean in the log scale: Rocky reefs, Buffer zone boundary at 850, all fish biomass except Centracanthidae, Pomacentridae and sparid Boops boops",Transect count,"Everything except Centracanthidae, Pomacentridae and sparid Boops boops",NA,NA,NA,NA,Biomass,2 SE,NTZ,Tabarca Marine Reserve,Buffer zone at 800 m then open,2,-130,-0.02,0.05,0.05,No,NA,-130,
421,"Results from plot of GAM on mean residuals of biomass with biomass scaled so that zero corresponds to the mean in the log scale: Rocky reefs, Buffer zone boundary at 850, all fish biomass except Centracanthidae, Pomacentridae and sparid Boops boops",Transect count,"Everything except Centracanthidae, Pomacentridae and sparid Boops boops",NA,NA,NA,NA,Biomass,2 SE,NTZ,Tabarca Marine Reserve,Buffer zone at 800 m then open,3,-54,-0.01,0.05,0.05,No,NA,-54,
421,"Results from plot of GAM on mean residuals of biomass with biomass scaled so that zero corresponds to the mean in the log scale: Rocky reefs, Buffer zone boundary at 850, all fish biomass except Centracanthidae, Pomacentridae and sparid Boops boops",Transect count,"Everything except Centracanthidae, Pomacentridae and sparid Boops boops",NA,NA,NA,NA,Biomass,2 SE,NTZ,Tabarca Marine Reserve,Buffer zone at 800 m then open,4,20,-0.01,0.06,0.06,No,NA,20,
421,"Results from plot of GAM on mean residuals of biomass with biomass scaled so that zero corresponds to the mean in the log scale: Rocky reefs, Buffer zone boundary at 850, all fish biomass except Centracanthidae, Pomacentridae and sparid Boops boops",Transect count,"Everything except Centracanthidae, Pomacentridae and sparid Boops boops",NA,NA,NA,NA,Biomass,2 SE,NTZ,Tabarca Marine Reserve,Buffer zone at 800 m then open,5,434,0.02,0.05,0.05,No,NA,434,
421,"Results from plot of GAM on mean residuals of biomass with biomass scaled so that zero corresponds to the mean in the log scale: Rocky reefs, Buffer zone boundary at 850, all fish biomass except Centracanthidae, Pomacentridae and sparid Boops boops",Transect count,"Everything except Centracanthidae, Pomacentridae and sparid Boops boops",NA,NA,NA,NA,Biomass,2 SE,NTZ,Tabarca Marine Reserve,Buffer zone at 800 m then open,1,550,0.03,0.05,0.05,No,NA,550,
421,"Results from plot of GAM on mean residuals of biomass with biomass scaled so that zero corresponds to the mean in the log scale: Rocky reefs, Buffer zone boundary at 850, all fish biomass except Centracanthidae, Pomacentridae and sparid Boops boops",Transect count,"Everything except Centracanthidae, Pomacentridae and sparid Boops boops",NA,NA,NA,NA,Biomass,2 SE,NTZ,Tabarca Marine Reserve,Buffer zone at 800 m then open,2,931,0.03,0.05,0.05,No,NA,931,
421,"Results from plot of GAM on mean residuals of biomass with biomass scaled so that zero corresponds to the mean in the log scale: Rocky reefs, Buffer zone boundary at 850, all fish biomass except Centracanthidae, Pomacentridae and sparid Boops boops",Transect count,"Everything except Centracanthidae, Pomacentridae and sparid Boops boops",NA,NA,NA,NA,Biomass,2 SE,NTZ,Tabarca Marine Reserve,Buffer zone at 800 m then open,3,2236,0.01,0.05,0.05,No,NA,2236,
421,"Results from plot of GAM on mean residuals of biomass with biomass scaled so that zero corresponds to the mean in the log scale: Rocky reefs, Buffer zone boundary at 850, all fish biomass except Centracanthidae, Pomacentridae and sparid Boops boops",Transect count,"Everything except Centracanthidae, Pomacentridae and sparid Boops boops",NA,NA,NA,NA,Biomass,2 SE,NTZ,Tabarca Marine Reserve,Buffer zone at 800 m then open,4,2366,0,0.05,0.05,No,NA,2366,
421,"Results from plot of GAM on mean residuals of biomass with biomass scaled so that zero corresponds to the mean in the log scale: Rocky reefs, Buffer zone boundary at 850, all fish biomass except Centracanthidae, Pomacentridae and sparid Boops boops",Transect count,"Everything except Centracanthidae, Pomacentridae and sparid Boops boops",NA,NA,NA,NA,Biomass,2 SE,NTZ,Tabarca Marine Reserve,Buffer zone at 800 m then open,5,6069,-0.04,0.05,0.05,No,NA,6069,
421,"Results from plot of GAM on mean residuals of biomass with biomass scaled so that zero corresponds to the mean in the log scale: Rocky reefs, Buffer zone boundary at 850, all fish biomass except Centracanthidae, Pomacentridae and sparid Boops boops",Transect count,"Everything except Centracanthidae, Pomacentridae and sparid Boops boops",NA,NA,NA,NA,Biomass,2 SE,NTZ,Tabarca Marine Reserve,Buffer zone at 800 m then open,1,6165,-0.05,0.05,0.05,No,NA,6165,
421,"Results from plot of GAM on mean residuals of biomass with biomass scaled so that zero corresponds to the mean in the log scale: Rocky reefs, Buffer zone boundary at 850, all fish biomass except Centracanthidae, Pomacentridae and sparid Boops boops",Transect count,"Everything except Centracanthidae, Pomacentridae and sparid Boops boops",NA,NA,NA,NA,Biomass,2 SE,NTZ,Tabarca Marine Reserve,Buffer zone at 800 m then open,2,6254,-0.05,0.05,0.05,No,NA,6254,
791,"trap yield, before reserve establishment, Fig. 2",Catch,Individual species,Palinuridae,Panulirus,Panulirus interruptus,NA,Catch (numbers or weight),Standard error,NTZ,Santa Barbara Channel Islands marine reserve network ,Yes,1,0,0.91,0.93,NA,No,Panulirus Panulirus interruptus,0,
791,"trap yield, before reserve establishment, Fig. 2",Catch,Individual species,Palinuridae,Panulirus,Panulirus interruptus,NA,Catch (numbers or weight),Standard error,NTZ,Santa Barbara Channel Islands marine reserve network ,Yes,2,immediately adjacent to reserve boundary,0.91,0.93,NA,No,Panulirus Panulirus interruptus,0,
791,"trap yield, before reserve establishment, Fig. 2",Catch,Individual species,Palinuridae,Panulirus,Panulirus interruptus,NA,Catch (numbers or weight),Standard error,NTZ,Santa Barbara Channel Islands marine reserve network ,Yes,3,~2000-6000,0.67,0.74,NA,No,Panulirus Panulirus interruptus,4000,
791,"trap yield, after reserve establishment, Fig. 2",Catch,Individual species,Palinuridae,Panulirus,Panulirus interruptus,NA,Catch (numbers or weight),Standard error,NTZ,Santa Barbara Channel Islands marine reserve network,Yes,1,0,6.76,8.23,NA,No,Panulirus Panulirus interruptus,0,
791,"trap yield, after reserve establishment, Fig. 2",Catch,Individual species,Palinuridae,Panulirus,Panulirus interruptus,NA,Catch (numbers or weight),Standard error,NTZ,Santa Barbara Channel Islands marine reserve network,Yes,2,immediately adjacent to reserve boundary,1.2,1.45,NA,No,Panulirus Panulirus interruptus,0,
791,"trap yield, after reserve establishment, Fig. 2",Catch,Individual species,Palinuridae,Panulirus,Panulirus interruptus,NA,Catch (numbers or weight),Standard error,NTZ,Santa Barbara Channel Islands marine reserve network,Yes,3,~2000-6000,1.6,1.94,NA,No,Panulirus Panulirus interruptus,4000,
791,"Lobster density, In, near and far from the reserve, Fig. 3b",Catch,Individual species,Palinuridae,Panulirus,Panulirus interruptus,NA,Catch (numbers or weight),Standard error,NTZ,Santa Barbara Channel Islands marine reserve network,Yes,1,0,0.023,0.029,NA,No,Panulirus Panulirus interruptus,0,
791,"Lobster density, In, near and far from the reserve, Fig. 3b",Catch,Individual species,Palinuridae,Panulirus,Panulirus interruptus,NA,Catch (numbers or weight),Standard error,NTZ,Santa Barbara Channel Islands marine reserve network,Yes,2,immediately adjacent to reserve boundary,0.005,0.007,NA,No,Panulirus Panulirus interruptus,0,
791,"Lobster density, In, near and far from the reserve, Fig. 3b",Catch,Individual species,Palinuridae,Panulirus,Panulirus interruptus,NA,Catch (numbers or weight),Standard error,NTZ,Santa Barbara Channel Islands marine reserve network,Yes,3,~2000-6000,0.004,0.005,NA,No,Panulirus Panulirus interruptus,4000,
778,"mean density of large predatory fish, 1-8 years of protection, Fig. 3",Transect count,Functional group,NA,NA,NA,large predatory reef fish,Density,Standard error,NTZ,Apo Island Marine Reserve,Yes,1,200-300,0.253,0.479,NA,No,NA,250,250
778,"mean density of large predatory fish, 1-8 years of protection, Fig. 3",Transect count,Functional group,NA,NA,NA,large predatory reef fish,Density,Standard error,NTZ,Apo Island Marine Reserve,Yes,2,300-400,0.253,0.466,NA,No,NA,350,250
778,"mean density of large predatory fish, 1-8 years of protection, Fig. 3",Transect count,Functional group,NA,NA,NA,large predatory reef fish,Density,Standard error,NTZ,Apo Island Marine Reserve,Yes,3,400-500,0.5,0.801,NA,No,NA,450,250
778,"mean density of large predatory fish, 9-11 years of protection, Fig. 3",Transect count,Functional group,NA,NA,NA,large predatory reef fish,Density,Standard error,NTZ,Apo Island Marine Reserve,Yes,1,200-300,2.329,3.007,NA,Yes,NA,250,250
778,"mean density of large predatory fish, 9-11 years of protection, Fig. 3",Transect count,Functional group,NA,NA,NA,large predatory reef fish,Density,Standard error,NTZ,Apo Island Marine Reserve,Yes,2,300-400,0.829,1.144,NA,Yes,NA,350,250
778,"mean density of large predatory fish, 9-11 years of protection, Fig. 3",Transect count,Functional group,NA,NA,NA,large predatory reef fish,Density,Standard error,NTZ,Apo Island Marine Reserve,Yes,3,400-500,0.836,1.315,NA,Yes,NA,450,250
666,"density of trappable fish, inside -400- -280 m, Fig. 4",Transect count,Target species as a group,NA,NA,NA,trappable (exploited) reef fishes,Density,Standard deviation,PPG,Barbados Marine Reserve,Yes,1,-404,169.822,192.604,140.533,Yes,NA,-404,
666,"density of trappable fish, inside -400- -280 m, Fig. 5",Transect count,Target species as a group,NA,NA,NA,trappable (exploited) reef fishes,Density,Standard deviation,PPG,Barbados Marine Reserve,Yes,2,-360,276.405,285.355,265.828,Yes,NA,-360,
666,"density of trappable fish, inside -400- -280 m, Fig. 6",Transect count,Target species as a group,NA,NA,NA,trappable (exploited) reef fishes,Density,Standard deviation,PPG,Barbados Marine Reserve,Yes,3,-327,138.905,156.805,116.124,Yes,NA,-327,
666,"density of trappable fish, inside -400- -280 m, Fig. 7",Transect count,Target species as a group,NA,NA,NA,trappable (exploited) reef fishes,Density,Standard deviation,PPG,Barbados Marine Reserve,Yes,4,-288,90.089,101.479,78.698,Yes,NA,-288,
666,"density of trappable fish, inside -400- -280 m, Fig. 8",Transect count,Target species as a group,NA,NA,NA,trappable (exploited) reef fishes,Density,Standard deviation,PPG,Barbados Marine Reserve,Yes,5,-280,147.855,173.077,115.311,Yes,NA,-280,
666,"density of trappable fish, inside -255- -148 m, Fig. 4",Transect count,Target species as a group,NA,NA,NA,trappable (exploited) reef fishes,Density,Standard deviation,PPG,Barbados Marine Reserve,Yes,1,-255,112.056,138.905,75.444,Yes,NA,-255,
666,"density of trappable fish, inside -255- -148 m, Fig. 5",Transect count,Target species as a group,NA,NA,NA,trappable (exploited) reef fishes,Density,Standard deviation,PPG,Barbados Marine Reserve,Yes,2,-237,203.994,216.198,190.163,Yes,NA,-237,
666,"density of trappable fish, inside -255- -148 m, Fig. 6",Transect count,Target species as a group,NA,NA,NA,trappable (exploited) reef fishes,Density,Standard deviation,PPG,Barbados Marine Reserve,Yes,3,-178,170.636,183.654,154.364,Yes,NA,-178,
666,"density of trappable fish, inside -255- -148 m, Fig. 7",Transect count,Target species as a group,NA,NA,NA,trappable (exploited) reef fishes,Density,Standard deviation,PPG,Barbados Marine Reserve,Yes,4,-150,133.21,164.127,86.834,Yes,NA,-150,
666,"density of trappable fish, inside -255- -148 m, Fig. 8",Transect count,Target species as a group,NA,NA,NA,trappable (exploited) reef fishes,Density,Standard deviation,PPG,Barbados Marine Reserve,Yes,5,-148,158.432,121.82,184.467,Yes,NA,-148,
666,"density of trappable fish, outside 222-362 m, Fig. 4",Transect count,Target species as a group,NA,NA,NA,trappable (exploited) reef fishes,Density,Standard deviation,PPG,Barbados Marine Reserve,Yes,1,222,113.683,142.973,75.444,Yes,NA,222,
666,"density of trappable fish, outside 222-362 m, Fig. 5",Transect count,Target species as a group,NA,NA,NA,trappable (exploited) reef fishes,Density,Standard deviation,PPG,Barbados Marine Reserve,Yes,2,255,99.038,126.701,61.612,Yes,NA,255,
666,"density of trappable fish, outside 222-362 m, Fig. 6",Transect count,Target species as a group,NA,NA,NA,trappable (exploited) reef fishes,Density,Standard deviation,PPG,Barbados Marine Reserve,Yes,3,288,118.565,132.396,103.92,Yes,NA,288,
666,"density of trappable fish, outside 222-362 m, Fig. 7",Transect count,Target species as a group,NA,NA,NA,trappable (exploited) reef fishes,Density,Standard deviation,PPG,Barbados Marine Reserve,Yes,4,317,142.973,152.737,132.396,Yes,NA,317,
666,"density of trappable fish, outside 222-362 m, Fig. 8",Transect count,Target species as a group,NA,NA,NA,trappable (exploited) reef fishes,Density,Standard deviation,PPG,Barbados Marine Reserve,Yes,5,362,74.631,87.648,59.985,Yes,NA,362,
666,"density of trappable fish, outside 604-675 m, Fig. 4",Transect count,Target species as a group,NA,NA,NA,trappable (exploited) reef fishes,Density,Standard deviation,PPG,Barbados Marine Reserve,Yes,1,604,84.393,106.361,55.917,Yes,NA,604,
666,"density of trappable fish, outside 604-675 m, Fig. 5",Transect count,Target species as a group,NA,NA,NA,trappable (exploited) reef fishes,Density,Standard deviation,PPG,Barbados Marine Reserve,Yes,2,643,132.396,160.059,94.97,Yes,NA,643,
666,"density of trappable fish, outside 604-675 m, Fig. 6",Transect count,Target species as a group,NA,NA,NA,trappable (exploited) reef fishes,Density,Standard deviation,PPG,Barbados Marine Reserve,Yes,3,660,78.698,97.411,55.917,Yes,NA,660,
666,"density of trappable fish, outside 604-675 m, Fig. 7",Transect count,Target species as a group,NA,NA,NA,trappable (exploited) reef fishes,Density,Standard deviation,PPG,Barbados Marine Reserve,Yes,4,678,86.834,95.784,75.444,Yes,NA,678,
666,"density of trappable fish, outside 604-675 m, Fig. 8",Transect count,Target species as a group,NA,NA,NA,trappable (exploited) reef fishes,Density,Standard deviation,PPG,Barbados Marine Reserve,Yes,5,679,44.527,53.476,33.95,Yes,NA,679,
666,"mean fork length of trappable fish, inside -406 - - 284 m, Fig. 4",Transect count,Target species as a group,NA,NA,NA,trappable (exploited) reef fishes,Fish size,NA,PPG,Barbados Marine Reserve,Yes,1,-406,14.689,NA,NA,Yes,NA,-406,
666,"mean fork length of trappable fish, inside -406 - - 284 m, Fig. 4",Transect count,Target species as a group,NA,NA,NA,trappable (exploited) reef fishes,Fish size,NA,PPG,Barbados Marine Reserve,Yes,2,-365,15.83,NA,NA,Yes,NA,-365,
666,"mean fork length of trappable fish, inside -406 - - 284 m, Fig. 4",Transect count,Target species as a group,NA,NA,NA,trappable (exploited) reef fishes,Fish size,NA,PPG,Barbados Marine Reserve,Yes,3,-330,16.335,NA,NA,Yes,NA,-330,
666,"mean fork length of trappable fish, inside -406 - - 284 m, Fig. 4",Transect count,Target species as a group,NA,NA,NA,trappable (exploited) reef fishes,Fish size,NA,PPG,Barbados Marine Reserve,Yes,4,-290,14.755,NA,NA,Yes,NA,-290,
666,"mean fork length of trappable fish, inside -406 - - 284 m, Fig. 4",Transect count,Target species as a group,NA,NA,NA,trappable (exploited) reef fishes,Fish size,NA,PPG,Barbados Marine Reserve,Yes,5,-284,15.355,NA,NA,Yes,NA,-284,
666,"mean fork length of trappable fish, inside -260 - - 147 m, Fig. 4",Transect count,Target species as a group,NA,NA,NA,trappable (exploited) reef fishes,Fish size,NA,PPG,Barbados Marine Reserve,Yes,1,-260,15.406,NA,NA,Yes,NA,-260,
666,"mean fork length of trappable fish, inside -260 - - 147 m, Fig. 4",Transect count,Target species as a group,NA,NA,NA,trappable (exploited) reef fishes,Fish size,NA,PPG,Barbados Marine Reserve,Yes,2,-243,14.996,NA,NA,Yes,NA,-243,
666,"mean fork length of trappable fish, inside -260 - - 147 m, Fig. 4",Transect count,Target species as a group,NA,NA,NA,trappable (exploited) reef fishes,Fish size,NA,PPG,Barbados Marine Reserve,Yes,3,-179,16.159,NA,NA,Yes,NA,-179,
666,"mean fork length of trappable fish, inside -260 - - 147 m, Fig. 4",Transect count,Target species as a group,NA,NA,NA,trappable (exploited) reef fishes,Fish size,NA,PPG,Barbados Marine Reserve,Yes,4,-148.778,14.587,NA,NA,Yes,NA,-148.778,
666,"mean fork length of trappable fish, inside -260 - - 147 m, Fig. 4",Transect count,Target species as a group,NA,NA,NA,trappable (exploited) reef fishes,Fish size,NA,PPG,Barbados Marine Reserve,Yes,5,-146.597,14.455,NA,NA,Yes,NA,-146.597,
666,"mean fork length of trappable fish, outside 217-357 m, Fig. 4",Transect count,Target species as a group,NA,NA,NA,trappable (exploited) reef fishes,Fish size,NA,PPG,Barbados Marine Reserve,Yes,1,217,14.06,NA,NA,Yes,NA,217,
666,"mean fork length of trappable fish, outside 217-357 m, Fig. 4",Transect count,Target species as a group,NA,NA,NA,trappable (exploited) reef fishes,Fish size,NA,PPG,Barbados Marine Reserve,Yes,2,250,14.909,NA,NA,Yes,NA,250,
666,"mean fork length of trappable fish, outside 217-357 m, Fig. 4",Transect count,Target species as a group,NA,NA,NA,trappable (exploited) reef fishes,Fish size,NA,PPG,Barbados Marine Reserve,Yes,3,281,13.841,NA,NA,Yes,NA,281,
666,"mean fork length of trappable fish, outside 217-357 m, Fig. 4",Transect count,Target species as a group,NA,NA,NA,trappable (exploited) reef fishes,Fish size,NA,PPG,Barbados Marine Reserve,Yes,4,309,13.585,NA,NA,Yes,NA,309,
666,"mean fork length of trappable fish, outside 217-357 m, Fig. 4",Transect count,Target species as a group,NA,NA,NA,trappable (exploited) reef fishes,Fish size,NA,PPG,Barbados Marine Reserve,Yes,5,357,13.358,NA,NA,Yes,NA,357,
666,"mean fork length of trappable fish, outside 602-676 m, Fig. 4",Transect count,Target species as a group,NA,NA,NA,trappable (exploited) reef fishes,Fish size,NA,PPG,Barbados Marine Reserve,Yes,1,601,13.563,NA,NA,Yes,NA,601,
666,"mean fork length of trappable fish, outside 602-676 m, Fig. 4",Transect count,Target species as a group,NA,NA,NA,trappable (exploited) reef fishes,Fish size,NA,PPG,Barbados Marine Reserve,Yes,2,640,13.717,NA,NA,Yes,NA,640,
666,"mean fork length of trappable fish, outside 602-676 m, Fig. 4",Transect count,Target species as a group,NA,NA,NA,trappable (exploited) reef fishes,Fish size,NA,PPG,Barbados Marine Reserve,Yes,3,660,14.024,NA,NA,Yes,NA,660,
666,"mean fork length of trappable fish, outside 602-676 m, Fig. 4",Transect count,Target species as a group,NA,NA,NA,trappable (exploited) reef fishes,Fish size,NA,PPG,Barbados Marine Reserve,Yes,4,674,13.936,NA,NA,Yes,NA,674,
666,"mean fork length of trappable fish, outside 602-676 m, Fig. 4",Transect count,Target species as a group,NA,NA,NA,trappable (exploited) reef fishes,Fish size,NA,PPG,Barbados Marine Reserve,Yes,5,676,13.358,NA,NA,Yes,NA,676,
696,Legal 2004,Catch,Individual species,Nephropidae,Homarus,gammarus,NA,Catch (numbers or weight),Standard error,NTZ,Lundy no take zone,Yes,1,Inside,2.94,0.33,0.33,No,Homarus gammarus,0,
696,Legal 2004,Catch,Individual species,Nephropidae,Homarus,gammarus,NA,Catch (numbers or weight),Standard error,NTZ,Lundy no take zone,Yes,2,3750,0.77,0.13,0.13,No,Homarus gammarus,3750,
696,Legal 2004,Catch,Individual species,Nephropidae,Homarus,gammarus,NA,Catch (numbers or weight),Standard error,NTZ,Lundy no take zone,Yes,3,5000,0.97,0.12,0.12,No,Homarus gammarus,5000,
696,Legal 2004,Catch,Individual species,Nephropidae,Homarus,gammarus,NA,Catch (numbers or weight),Standard error,NTZ,Lundy no take zone,Yes,4,30000,1.42,0.23,0.23,No,Homarus gammarus,30000,
696,Legal 2004,Catch,Individual species,Nephropidae,Homarus,gammarus,NA,Catch (numbers or weight),Standard error,NTZ,Lundy no take zone,Yes,5,80000,0.79,0.15,0.15,No,Homarus gammarus,80000,
696,Legal 2005,Catch,Individual species,Nephropidae,Homarus,gammarus,NA,Catch (numbers or weight),Standard error,NTZ,Lundy no take zone,Yes,1,Inside,3.27,0.44,0.44,No,Homarus gammarus,0,
696,Legal 2005,Catch,Individual species,Nephropidae,Homarus,gammarus,NA,Catch (numbers or weight),Standard error,NTZ,Lundy no take zone,Yes,2,3750,1.26,0.17,0.17,No,Homarus gammarus,3750,
696,Legal 2006,Catch,Individual species,Nephropidae,Homarus,gammarus,NA,Catch (numbers or weight),Standard error,NTZ,Lundy no take zone,Yes,3,5000,1.15,0.19,0.19,No,Homarus gammarus,5000,
696,Legal 2007,Catch,Individual species,Nephropidae,Homarus,gammarus,NA,Catch (numbers or weight),Standard error,NTZ,Lundy no take zone,Yes,4,30000,1.34,0.23,0.23,No,Homarus gammarus,30000,
696,Legal 2008,Catch,Individual species,Nephropidae,Homarus,gammarus,NA,Catch (numbers or weight),Standard error,NTZ,Lundy no take zone,Yes,5,80000,0.98,0.2,0.2,No,Homarus gammarus,80000,
696,Legal 2006,Catch,Individual species,Nephropidae,Homarus,gammarus,NA,Catch (numbers or weight),Standard error,NTZ,Lundy no take zone,Yes,1,Inside,7.24,0.67,0.67,No,Homarus gammarus,0,
696,Legal 2006,Catch,Individual species,Nephropidae,Homarus,gammarus,NA,Catch (numbers or weight),Standard error,NTZ,Lundy no take zone,Yes,2,3750,1.69,0.2,0.2,No,Homarus gammarus,3750,
696,Legal 2007,Catch,Individual species,Nephropidae,Homarus,gammarus,NA,Catch (numbers or weight),Standard error,NTZ,Lundy no take zone,Yes,3,5000,1.09,0.17,0.17,No,Homarus gammarus,5000,
696,Legal 2008,Catch,Individual species,Nephropidae,Homarus,gammarus,NA,Catch (numbers or weight),Standard error,NTZ,Lundy no take zone,Yes,4,30000,1.13,0.2,0.2,No,Homarus gammarus,30000,
696,Legal 2009,Catch,Individual species,Nephropidae,Homarus,gammarus,NA,Catch (numbers or weight),Standard error,NTZ,Lundy no take zone,Yes,5,80000,1.05,0.17,0.17,No,Homarus gammarus,80000,
696,Legal 2007,Catch,Individual species,Nephropidae,Homarus,gammarus,NA,Catch (numbers or weight),Standard error,NTZ,Lundy no take zone,Yes,1,Inside,6.71,0.58,0.58,No,Homarus gammarus,0,
696,Legal 2007,Catch,Individual species,Nephropidae,Homarus,gammarus,NA,Catch (numbers or weight),Standard error,NTZ,Lundy no take zone,Yes,2,3750,1.18,0.19,0.19,No,Homarus gammarus,3750,
696,Legal 2007,Catch,Individual species,Nephropidae,Homarus,gammarus,NA,Catch (numbers or weight),Standard error,NTZ,Lundy no take zone,Yes,3,5000,0.85,0.13,0.13,No,Homarus gammarus,5000,
696,Legal 2007,Catch,Individual species,Nephropidae,Homarus,gammarus,NA,Catch (numbers or weight),Standard error,NTZ,Lundy no take zone,Yes,4,30000,1.6,0.24,0.24,No,Homarus gammarus,30000,
696,Legal 2007,Catch,Individual species,Nephropidae,Homarus,gammarus,NA,Catch (numbers or weight),Standard error,NTZ,Lundy no take zone,Yes,5,80000,1.49,0.2,0.2,No,Homarus gammarus,80000,
696,Sublegal 2004,Catch,Individual species,Nephropidae,Homarus,gammarus,NA,Catch (numbers or weight),Standard error,NTZ,Lundy no take zone,Yes,1,Inside,2.85,0.37,0.37,No,Homarus gammarus,0,
696,Sublegal 2004,Catch,Individual species,Nephropidae,Homarus,gammarus,NA,Catch (numbers or weight),Standard error,NTZ,Lundy no take zone,Yes,2,3750,2.08,0.23,0.23,No,Homarus gammarus,3750,
696,Sublegal 2004,Catch,Individual species,Nephropidae,Homarus,gammarus,NA,Catch (numbers or weight),Standard error,NTZ,Lundy no take zone,Yes,3,5000,2.53,0.23,0.23,No,Homarus gammarus,5000,
696,Sublegal 2004,Catch,Individual species,Nephropidae,Homarus,gammarus,NA,Catch (numbers or weight),Standard error,NTZ,Lundy no take zone,Yes,4,30000,3.12,0.34,0.34,No,Homarus gammarus,30000,
696,Sublegal 2004,Catch,Individual species,Nephropidae,Homarus,gammarus,NA,Catch (numbers or weight),Standard error,NTZ,Lundy no take zone,Yes,5,80000,3.66,0.27,0.27,No,Homarus gammarus,80000,
696,Sublegal 2005,Catch,Individual species,Nephropidae,Homarus,gammarus,NA,Catch (numbers or weight),Standard error,NTZ,Lundy no take zone,Yes,1,Inside,4.44,0.4,0.4,No,Homarus gammarus,0,
696,Sublegal 2005,Catch,Individual species,Nephropidae,Homarus,gammarus,NA,Catch (numbers or weight),Standard error,NTZ,Lundy no take zone,Yes,2,3750,3.18,0.44,0.44,No,Homarus gammarus,3750,
696,Sublegal 2006,Catch,Individual species,Nephropidae,Homarus,gammarus,NA,Catch (numbers or weight),Standard error,NTZ,Lundy no take zone,Yes,3,5000,2.09,0.21,0.21,No,Homarus gammarus,5000,
696,Sublegal 2007,Catch,Individual species,Nephropidae,Homarus,gammarus,NA,Catch (numbers or weight),Standard error,NTZ,Lundy no take zone,Yes,4,30000,2.03,0.33,0.33,No,Homarus gammarus,30000,
696,Sublegal 2008,Catch,Individual species,Nephropidae,Homarus,gammarus,NA,Catch (numbers or weight),Standard error,NTZ,Lundy no take zone,Yes,5,80000,3.57,0.33,0.33,No,Homarus gammarus,80000,
696,Sublegal 2006,Catch,Individual species,Nephropidae,Homarus,gammarus,NA,Catch (numbers or weight),Standard error,NTZ,Lundy no take zone,Yes,1,Inside,5.04,0.38,0.38,No,Homarus gammarus,0,
696,Sublegal 2006,Catch,Individual species,Nephropidae,Homarus,gammarus,NA,Catch (numbers or weight),Standard error,NTZ,Lundy no take zone,Yes,2,3750,5.53,0.63,0.63,No,Homarus gammarus,3750,
696,Sublegal 2007,Catch,Individual species,Nephropidae,Homarus,gammarus,NA,Catch (numbers or weight),Standard error,NTZ,Lundy no take zone,Yes,3,5000,3.59,0.4,0.4,No,Homarus gammarus,5000,
696,Sublegal 2008,Catch,Individual species,Nephropidae,Homarus,gammarus,NA,Catch (numbers or weight),Standard error,NTZ,Lundy no take zone,Yes,4,30000,2.32,0.28,0.28,No,Homarus gammarus,30000,
696,Sublegal 2009,Catch,Individual species,Nephropidae,Homarus,gammarus,NA,Catch (numbers or weight),Standard error,NTZ,Lundy no take zone,Yes,5,80000,4.09,0.38,0.38,No,Homarus gammarus,80000,
696,Sublegal 2007,Catch,Individual species,Nephropidae,Homarus,gammarus,NA,Catch (numbers or weight),Standard error,NTZ,Lundy no take zone,Yes,1,Inside,5.61,0.44,0.44,No,Homarus gammarus,0,
696,Sublegal 2007,Catch,Individual species,Nephropidae,Homarus,gammarus,NA,Catch (numbers or weight),Standard error,NTZ,Lundy no take zone,Yes,2,3750,6.48,0.5,0.5,No,Homarus gammarus,3750,
696,Sublegal 2007,Catch,Individual species,Nephropidae,Homarus,gammarus,NA,Catch (numbers or weight),Standard error,NTZ,Lundy no take zone,Yes,3,5000,4.49,0.31,0.31,No,Homarus gammarus,5000,
696,Sublegal 2007,Catch,Individual species,Nephropidae,Homarus,gammarus,NA,Catch (numbers or weight),Standard error,NTZ,Lundy no take zone,Yes,4,30000,2.6,0.35,0.35,No,Homarus gammarus,30000,
696,Sublegal 2007,Catch,Individual species,Nephropidae,Homarus,gammarus,NA,Catch (numbers or weight),Standard error,NTZ,Lundy no take zone,Yes,5,80000,4.11,0.48,0.48,No,Homarus gammarus,80000,
696,2004,Catch,Individual species,Polybiidae,Necora,puber,NA,Catch (numbers or weight),Standard error,NTZ,Lundy no take zone,Yes,1,Inside,2.44,0.36,0.36,No,Necora puber,0,
696,2005,Catch,Individual species,Polybiidae,Necora,puber,NA,Catch (numbers or weight),Standard error,NTZ,Lundy no take zone,Yes,2,3750,6.35,0.69,0.69,No,Necora puber,3750,
696,2006,Catch,Individual species,Polybiidae,Necora,puber,NA,Catch (numbers or weight),Standard error,NTZ,Lundy no take zone,Yes,3,5000,4.92,0.54,0.54,No,Necora puber,5000,
696,2007,Catch,Individual species,Polybiidae,Necora,puber,NA,Catch (numbers or weight),Standard error,NTZ,Lundy no take zone,Yes,4,30000,0.26,0.11,0.11,No,Necora puber,30000,
696,2004,Catch,Individual species,Polybiidae,Necora,puber,NA,Catch (numbers or weight),Standard error,NTZ,Lundy no take zone,Yes,5,80000,6.16,0.9,0.9,No,Necora puber,80000,
696,2005,Catch,Individual species,Polybiidae,Necora,puber,NA,Catch (numbers or weight),Standard error,NTZ,Lundy no take zone,Yes,1,Inside,1.75,0.26,0.26,No,Necora puber,0,
696,2006,Catch,Individual species,Polybiidae,Necora,puber,NA,Catch (numbers or weight),Standard error,NTZ,Lundy no take zone,Yes,2,3750,1.25,0.22,0.22,No,Necora puber,3750,
696,2007,Catch,Individual species,Polybiidae,Necora,puber,NA,Catch (numbers or weight),Standard error,NTZ,Lundy no take zone,Yes,3,5000,2.12,0.3,0.3,No,Necora puber,5000,
696,2004,Catch,Individual species,Polybiidae,Necora,puber,NA,Catch (numbers or weight),Standard error,NTZ,Lundy no take zone,Yes,4,30000,0.36,0.09,0.09,No,Necora puber,30000,
696,2005,Catch,Individual species,Polybiidae,Necora,puber,NA,Catch (numbers or weight),Standard error,NTZ,Lundy no take zone,Yes,5,80000,6.58,0.77,0.77,No,Necora puber,80000,
696,2006,Catch,Individual species,Polybiidae,Necora,puber,NA,Catch (numbers or weight),Standard error,NTZ,Lundy no take zone,Yes,1,Inside,0.63,0.21,0.21,No,Necora puber,0,
696,2007,Catch,Individual species,Polybiidae,Necora,puber,NA,Catch (numbers or weight),Standard error,NTZ,Lundy no take zone,Yes,2,3750,2.53,0.4,0.4,No,Necora puber,3750,
696,2004,Catch,Individual species,Polybiidae,Necora,puber,NA,Catch (numbers or weight),Standard error,NTZ,Lundy no take zone,Yes,3,5000,3.52,0.46,0.46,No,Necora puber,5000,
696,2005,Catch,Individual species,Polybiidae,Necora,puber,NA,Catch (numbers or weight),Standard error,NTZ,Lundy no take zone,Yes,4,30000,2.39,0.55,0.55,No,Necora puber,30000,
696,2006,Catch,Individual species,Polybiidae,Necora,puber,NA,Catch (numbers or weight),Standard error,NTZ,Lundy no take zone,Yes,5,80000,5.32,0.61,0.61,No,Necora puber,80000,
696,2007,Catch,Individual species,Polybiidae,Necora,puber,NA,Catch (numbers or weight),Standard error,NTZ,Lundy no take zone,Yes,1,Inside,0.85,0.16,0.16,No,Necora puber,0,
696,2004,Catch,Individual species,Polybiidae,Necora,puber,NA,Catch (numbers or weight),Standard error,NTZ,Lundy no take zone,Yes,2,3750,1.45,0.27,0.27,No,Necora puber,3750,
696,2005,Catch,Individual species,Polybiidae,Necora,puber,NA,Catch (numbers or weight),Standard error,NTZ,Lundy no take zone,Yes,3,5000,1.37,0.2,0.2,No,Necora puber,5000,
696,2006,Catch,Individual species,Polybiidae,Necora,puber,NA,Catch (numbers or weight),Standard error,NTZ,Lundy no take zone,Yes,4,30000,1.04,0.21,0.21,No,Necora puber,30000,
696,2007,Catch,Individual species,Polybiidae,Necora,puber,NA,Catch (numbers or weight),Standard error,NTZ,Lundy no take zone,Yes,5,80000,7.04,0.54,0.54,No,Necora puber,80000,
696,2004,Catch,Individual species,Cancridae,Cancer,pagurus,NA,Catch (numbers or weight),Standard error,NTZ,Lundy no take zone,Yes,1,Inside,0.25,0.11,0.11,No,Cancer pagurus,0,
696,2005,Catch,Individual species,Cancridae,Cancer,pagurus,NA,Catch (numbers or weight),Standard error,NTZ,Lundy no take zone,Yes,2,3750,1.57,0.26,0.26,No,Cancer pagurus,3750,
696,2006,Catch,Individual species,Cancridae,Cancer,pagurus,NA,Catch (numbers or weight),Standard error,NTZ,Lundy no take zone,Yes,3,5000,1.05,0.21,0.21,No,Cancer pagurus,5000,
696,2007,Catch,Individual species,Cancridae,Cancer,pagurus,NA,Catch (numbers or weight),Standard error,NTZ,Lundy no take zone,Yes,4,30000,0.25,0.09,0.09,No,Cancer pagurus,30000,
696,2004,Catch,Individual species,Cancridae,Cancer,pagurus,NA,Catch (numbers or weight),Standard error,NTZ,Lundy no take zone,Yes,5,80000,0.6,0.11,0.11,No,Cancer pagurus,80000,
696,2005,Catch,Individual species,Cancridae,Cancer,pagurus,NA,Catch (numbers or weight),Standard error,NTZ,Lundy no take zone,Yes,1,Inside,0.22,0.07,0.07,No,Cancer pagurus,0,
696,2006,Catch,Individual species,Cancridae,Cancer,pagurus,NA,Catch (numbers or weight),Standard error,NTZ,Lundy no take zone,Yes,2,3750,0.84,0.14,0.14,No,Cancer pagurus,3750,
696,2007,Catch,Individual species,Cancridae,Cancer,pagurus,NA,Catch (numbers or weight),Standard error,NTZ,Lundy no take zone,Yes,3,5000,1.7,0.24,0.24,No,Cancer pagurus,5000,
696,2004,Catch,Individual species,Cancridae,Cancer,pagurus,NA,Catch (numbers or weight),Standard error,NTZ,Lundy no take zone,Yes,4,30000,0.37,0.09,0.09,No,Cancer pagurus,30000,
696,2005,Catch,Individual species,Cancridae,Cancer,pagurus,NA,Catch (numbers or weight),Standard error,NTZ,Lundy no take zone,Yes,5,80000,0.98,0.29,0.29,No,Cancer pagurus,80000,
696,2006,Catch,Individual species,Cancridae,Cancer,pagurus,NA,Catch (numbers or weight),Standard error,NTZ,Lundy no take zone,Yes,1,Inside,0.12,0.06,0.06,No,Cancer pagurus,0,
696,2007,Catch,Individual species,Cancridae,Cancer,pagurus,NA,Catch (numbers or weight),Standard error,NTZ,Lundy no take zone,Yes,2,3750,0.92,0.16,0.16,No,Cancer pagurus,3750,
696,2004,Catch,Individual species,Cancridae,Cancer,pagurus,NA,Catch (numbers or weight),Standard error,NTZ,Lundy no take zone,Yes,3,5000,1.4,0.22,0.22,No,Cancer pagurus,5000,
696,2005,Catch,Individual species,Cancridae,Cancer,pagurus,NA,Catch (numbers or weight),Standard error,NTZ,Lundy no take zone,Yes,4,30000,2.52,0.37,0.37,No,Cancer pagurus,30000,
696,2006,Catch,Individual species,Cancridae,Cancer,pagurus,NA,Catch (numbers or weight),Standard error,NTZ,Lundy no take zone,Yes,5,80000,0.49,0.16,0.16,No,Cancer pagurus,80000,
696,2007,Catch,Individual species,Cancridae,Cancer,pagurus,NA,Catch (numbers or weight),Standard error,NTZ,Lundy no take zone,Yes,1,Inside,0.25,0.08,0.08,No,Cancer pagurus,0,
696,2004,Catch,Individual species,Cancridae,Cancer,pagurus,NA,Catch (numbers or weight),Standard error,NTZ,Lundy no take zone,Yes,2,3750,1.75,0.25,0.25,No,Cancer pagurus,3750,
696,2005,Catch,Individual species,Cancridae,Cancer,pagurus,NA,Catch (numbers or weight),Standard error,NTZ,Lundy no take zone,Yes,3,5000,1.06,0.17,0.17,No,Cancer pagurus,5000,
696,2006,Catch,Individual species,Cancridae,Cancer,pagurus,NA,Catch (numbers or weight),Standard error,NTZ,Lundy no take zone,Yes,4,30000,0.28,0.09,0.09,No,Cancer pagurus,30000,
696,2007,Catch,Individual species,Cancridae,Cancer,pagurus,NA,Catch (numbers or weight),Standard error,NTZ,Lundy no take zone,Yes,5,80000,0.6,0.17,0.17,No,Cancer pagurus,80000,
696,2004,Catch,Individual species,Nephropidae,Homarus,gammarus,NA,Size legal lobster,Standard error,NTZ,Lundy no take zone,Yes,1,Inside,98.12,1.24,1.24,No,Homarus gammarus,0,
696,2005,Catch,Individual species,Nephropidae,Homarus,gammarus,NA,Size legal lobster,Standard error,NTZ,Lundy no take zone,Yes,2,3750,97.67,1,1,No,Homarus gammarus,3750,
696,2006,Catch,Individual species,Nephropidae,Homarus,gammarus,NA,Size legal lobster,Standard error,NTZ,Lundy no take zone,Yes,3,5000,96.84,1.05,1.05,No,Homarus gammarus,5000,
696,2007,Catch,Individual species,Nephropidae,Homarus,gammarus,NA,Size legal lobster,Standard error,NTZ,Lundy no take zone,Yes,4,30000,97.76,1.26,1.26,No,Homarus gammarus,30000,
696,2004,Catch,Individual species,Nephropidae,Homarus,gammarus,NA,Size legal lobster,Standard error,NTZ,Lundy no take zone,Yes,5,80000,95.97,1.03,1.03,No,Homarus gammarus,80000,
696,2005,Catch,Individual species,Nephropidae,Homarus,gammarus,NA,Size legal lobster,Standard error,NTZ,Lundy no take zone,Yes,1,Inside,101.68,1.32,1.32,No,Homarus gammarus,0,
696,2006,Catch,Individual species,Nephropidae,Homarus,gammarus,NA,Size legal lobster,Standard error,NTZ,Lundy no take zone,Yes,2,3750,97.32,1.18,1.18,No,Homarus gammarus,3750,
696,2007,Catch,Individual species,Nephropidae,Homarus,gammarus,NA,Size legal lobster,Standard error,NTZ,Lundy no take zone,Yes,3,5000,97.55,1.3,1.3,No,Homarus gammarus,5000,
696,2004,Catch,Individual species,Nephropidae,Homarus,gammarus,NA,Size legal lobster,Standard error,NTZ,Lundy no take zone,Yes,4,30000,97.02,0.97,0.97,No,Homarus gammarus,30000,
696,2005,Catch,Individual species,Nephropidae,Homarus,gammarus,NA,Size legal lobster,Standard error,NTZ,Lundy no take zone,Yes,5,80000,94.09,0.76,0.76,No,Homarus gammarus,80000,
696,2006,Catch,Individual species,Nephropidae,Homarus,gammarus,NA,Size legal lobster,Standard error,NTZ,Lundy no take zone,Yes,1,Inside,102.9,2.15,2.15,No,Homarus gammarus,0,
696,2007,Catch,Individual species,Nephropidae,Homarus,gammarus,NA,Size legal lobster,Standard error,NTZ,Lundy no take zone,Yes,2,3750,95.2,1.27,1.27,No,Homarus gammarus,3750,
696,2004,Catch,Individual species,Nephropidae,Homarus,gammarus,NA,Size legal lobster,Standard error,NTZ,Lundy no take zone,Yes,3,5000,96.8,2.14,2.14,No,Homarus gammarus,5000,
696,2005,Catch,Individual species,Nephropidae,Homarus,gammarus,NA,Size legal lobster,Standard error,NTZ,Lundy no take zone,Yes,4,30000,96.04,1.09,1.09,No,Homarus gammarus,30000,
696,2006,Catch,Individual species,Nephropidae,Homarus,gammarus,NA,Size legal lobster,Standard error,NTZ,Lundy no take zone,Yes,5,80000,94.18,0.59,0.59,No,Homarus gammarus,80000,
696,2007,Catch,Individual species,Nephropidae,Homarus,gammarus,NA,Size legal lobster,Standard error,NTZ,Lundy no take zone,Yes,1,Inside,103.27,2.12,2.12,No,Homarus gammarus,0,
696,2004,Catch,Individual species,Nephropidae,Homarus,gammarus,NA,Size legal lobster,Standard error,NTZ,Lundy no take zone,Yes,2,3750,95.34,1.32,1.32,No,Homarus gammarus,3750,
696,2005,Catch,Individual species,Nephropidae,Homarus,gammarus,NA,Size legal lobster,Standard error,NTZ,Lundy no take zone,Yes,3,5000,93.89,0.58,0.58,No,Homarus gammarus,5000,
696,2006,Catch,Individual species,Nephropidae,Homarus,gammarus,NA,Size legal lobster,Standard error,NTZ,Lundy no take zone,Yes,4,30000,94.86,1.03,1.03,No,Homarus gammarus,30000,
696,2007,Catch,Individual species,Nephropidae,Homarus,gammarus,NA,Size legal lobster,Standard error,NTZ,Lundy no take zone,Yes,5,80000,94.64,0.91,0.91,No,Homarus gammarus,80000,
696,2004,Catch,Individual species,Nephropidae,Homarus,gammarus,NA,Size Sublegal lobster,Standard error,NTZ,Lundy no take zone,Yes,1,Inside,74.38,1.03,1.03,No,Homarus gammarus,0,
696,2005,Catch,Individual species,Nephropidae,Homarus,gammarus,NA,Size Sublegal lobster,Standard error,NTZ,Lundy no take zone,Yes,2,3750,74.26,1.03,1.03,No,Homarus gammarus,3750,
696,2006,Catch,Individual species,Nephropidae,Homarus,gammarus,NA,Size Sublegal lobster,Standard error,NTZ,Lundy no take zone,Yes,3,5000,75.33,0.97,0.97,No,Homarus gammarus,5000,
696,2007,Catch,Individual species,Nephropidae,Homarus,gammarus,NA,Size Sublegal lobster,Standard error,NTZ,Lundy no take zone,Yes,4,30000,75.46,1.03,1.03,No,Homarus gammarus,30000,
696,2004,Catch,Individual species,Nephropidae,Homarus,gammarus,NA,Size Sublegal lobster,Standard error,NTZ,Lundy no take zone,Yes,5,80000,76.65,1.03,1.03,No,Homarus gammarus,80000,
696,2005,Catch,Individual species,Nephropidae,Homarus,gammarus,NA,Size Sublegal lobster,Standard error,NTZ,Lundy no take zone,Yes,1,Inside,79.15,0.86,0.86,No,Homarus gammarus,0,
696,2006,Catch,Individual species,Nephropidae,Homarus,gammarus,NA,Size Sublegal lobster,Standard error,NTZ,Lundy no take zone,Yes,2,3750,77.64,0.78,0.78,No,Homarus gammarus,3750,
696,2007,Catch,Individual species,Nephropidae,Homarus,gammarus,NA,Size Sublegal lobster,Standard error,NTZ,Lundy no take zone,Yes,3,5000,78.4,0.81,0.81,No,Homarus gammarus,5000,
696,2004,Catch,Individual species,Nephropidae,Homarus,gammarus,NA,Size Sublegal lobster,Standard error,NTZ,Lundy no take zone,Yes,4,30000,77.32,0.88,0.88,No,Homarus gammarus,30000,
696,2005,Catch,Individual species,Nephropidae,Homarus,gammarus,NA,Size Sublegal lobster,Standard error,NTZ,Lundy no take zone,Yes,5,80000,76.66,1.01,1.01,No,Homarus gammarus,80000,
696,2006,Catch,Individual species,Nephropidae,Homarus,gammarus,NA,Size Sublegal lobster,Standard error,NTZ,Lundy no take zone,Yes,1,Inside,79.83,0.89,0.89,No,Homarus gammarus,0,
696,2007,Catch,Individual species,Nephropidae,Homarus,gammarus,NA,Size Sublegal lobster,Standard error,NTZ,Lundy no take zone,Yes,2,3750,78.31,0.81,0.81,No,Homarus gammarus,3750,
696,2004,Catch,Individual species,Nephropidae,Homarus,gammarus,NA,Size Sublegal lobster,Standard error,NTZ,Lundy no take zone,Yes,3,5000,77.47,0.94,0.94,No,Homarus gammarus,5000,
696,2005,Catch,Individual species,Nephropidae,Homarus,gammarus,NA,Size Sublegal lobster,Standard error,NTZ,Lundy no take zone,Yes,4,30000,77.77,0.94,0.94,No,Homarus gammarus,30000,
696,2006,Catch,Individual species,Nephropidae,Homarus,gammarus,NA,Size Sublegal lobster,Standard error,NTZ,Lundy no take zone,Yes,5,80000,77.75,0.88,0.88,No,Homarus gammarus,80000,
696,2007,Catch,Individual species,Nephropidae,Homarus,gammarus,NA,Size Sublegal lobster,Standard error,NTZ,Lundy no take zone,Yes,1,Inside,79.45,0.94,0.94,No,Homarus gammarus,0,
696,2004,Catch,Individual species,Nephropidae,Homarus,gammarus,NA,Size Sublegal lobster,Standard error,NTZ,Lundy no take zone,Yes,2,3750,78.14,0.78,0.78,No,Homarus gammarus,3750,
696,2005,Catch,Individual species,Nephropidae,Homarus,gammarus,NA,Size Sublegal lobster,Standard error,NTZ,Lundy no take zone,Yes,3,5000,76.97,0.85,0.85,No,Homarus gammarus,5000,
696,2006,Catch,Individual species,Nephropidae,Homarus,gammarus,NA,Size Sublegal lobster,Standard error,NTZ,Lundy no take zone,Yes,4,30000,77.36,1.03,1.03,No,Homarus gammarus,30000,
696,2007,Catch,Individual species,Nephropidae,Homarus,gammarus,NA,Size Sublegal lobster,Standard error,NTZ,Lundy no take zone,Yes,5,80000,79.1,0.92,0.92,No,Homarus gammarus,80000,