"","paper.id","method","sample.unit","family","genus","species","functional.group","metric","ci.type","zone.type","mpa.name","outside.open","metric.units","result.index","distance.from.boundary","result","upper.ci","lower.ci"
"1",2,"Transect count","Target species as a group",NA,NA,NA,"Resource fish","Reduced (planktivorous species excluded) biomass (ln(x+1) transformed) ",NA,"NTZ","Pupukea Marine Life Conservation District","Yes",NA,"1","-1000","3.9",NA,NA
"2",2,"Transect count","Target species as a group",NA,NA,NA,"Resource fish","Reduced (planktivorous species excluded) biomass (ln(x+1) transformed) ",NA,"NTZ","Pupukea Marine Life Conservation District","Yes",NA,"2","-500","3.5",NA,NA
"3",2,"Transect count","Target species as a group",NA,NA,NA,"Resource fish","Reduced (planktivorous species excluded) biomass (ln(x+1) transformed) ",NA,"NTZ","Pupukea Marine Life Conservation District","Yes",NA,"3","0","3.75",NA,NA
"4",2,"Transect count","Target species as a group",NA,NA,NA,"Resource fish","Reduced (planktivorous species excluded) biomass (ln(x+1) transformed) ",NA,"NTZ","Pupukea Marine Life Conservation District","Yes",NA,"4","500","2.25",NA,NA
"5",2,"Transect count","Target species as a group",NA,NA,NA,"Resource fish","Reduced (planktivorous species excluded) biomass (ln(x+1) transformed) ",NA,"NTZ","Pupukea Marine Life Conservation District","Yes",NA,"5","1000","1.5",NA,NA
"6",2,"Transect count","Non-target species as a group",NA,NA,NA,"Non-resource fish","Reduced (planktivorous species excluded) biomass (ln(x+1) transformed) ",NA,"NTZ","Pupukea Marine Life Conservation District","Yes",NA,"1","-1000","2.7",NA,NA
"7",2,"Transect count","Non-target species as a group",NA,NA,NA,"Non-resource fish","Reduced (planktivorous species excluded) biomass (ln(x+1) transformed) ",NA,"NTZ","Pupukea Marine Life Conservation District","Yes",NA,"2","-500","2.5",NA,NA
"8",2,"Transect count","Non-target species as a group",NA,NA,NA,"Non-resource fish","Reduced (planktivorous species excluded) biomass (ln(x+1) transformed) ",NA,"NTZ","Pupukea Marine Life Conservation District","Yes",NA,"3","0","2.8",NA,NA
"9",2,"Transect count","Non-target species as a group",NA,NA,NA,"Non-resource fish","Reduced (planktivorous species excluded) biomass (ln(x+1) transformed) ",NA,"NTZ","Pupukea Marine Life Conservation District","Yes",NA,"4","500","2.25",NA,NA
"10",2,"Transect count","Non-target species as a group",NA,NA,NA,"Non-resource fish","Reduced (planktivorous species excluded) biomass (ln(x+1) transformed) ",NA,"NTZ","Pupukea Marine Life Conservation District","Yes",NA,"5","1000","2.1",NA,NA
"11",2,"Transect count","Target species as a group",NA,NA,NA,"Resource fish","Biomass corrected for habitat effects (residuals)",NA,"NTZ","Pupukea Marine Life Conservation District","Yes",NA,"1","-1000","0.6",NA,NA
"12",2,"Transect count","Target species as a group",NA,NA,NA,"Resource fish","Biomass corrected for habitat effects (residuals)",NA,"NTZ","Pupukea Marine Life Conservation District","Yes",NA,"2","-500","0.4",NA,NA
"13",2,"Transect count","Target species as a group",NA,NA,NA,"Resource fish","Biomass corrected for habitat effects (residuals)",NA,"NTZ","Pupukea Marine Life Conservation District","Yes",NA,"3","0","0","Na",NA
"14",2,"Transect count","Target species as a group",NA,NA,NA,"Resource fish","Biomass corrected for habitat effects (residuals)",NA,"NTZ","Pupukea Marine Life Conservation District","Yes",NA,"4","500","-0.25",NA,NA
"15",2,"Transect count","Target species as a group",NA,NA,NA,"Resource fish","Biomass corrected for habitat effects (residuals)",NA,"NTZ","Pupukea Marine Life Conservation District","Yes",NA,"5","1000","-0.85",NA,NA
"16",2,"Transect count","Non-target species as a group",NA,NA,NA,"Non-resource fish","Biomass corrected for habitat effects (residuals)",NA,"NTZ","Pupukea Marine Life Conservation District","Yes",NA,"1","-1000","0",NA,NA
"17",2,"Transect count","Non-target species as a group",NA,NA,NA,"Non-resource fish","Biomass corrected for habitat effects (residuals)",NA,"NTZ","Pupukea Marine Life Conservation District","Yes",NA,"2","-500","0.05",NA,NA
"18",2,"Transect count","Non-target species as a group",NA,NA,NA,"Non-resource fish","Biomass corrected for habitat effects (residuals)",NA,"NTZ","Pupukea Marine Life Conservation District","Yes",NA,"3","0","0.1",NA,NA
"19",2,"Transect count","Non-target species as a group",NA,NA,NA,"Non-resource fish","Biomass corrected for habitat effects (residuals)",NA,"NTZ","Pupukea Marine Life Conservation District","Yes",NA,"4","500","0.15",NA,NA
"20",2,"Transect count","Non-target species as a group",NA,NA,NA,"Non-resource fish","Biomass corrected for habitat effects (residuals)",NA,"NTZ","Pupukea Marine Life Conservation District","Yes",NA,"5","1000","0.2",NA,NA
"21",34,"Transect count","Target species as a group",NA,NA,NA,"Target families - Acanthuridae and Carangidae","Biomass","Standard error","NTZ","Apo Island Marine Reserve","Yes","kg 1000m-2","1","Inside NTZ","60",NA,NA
"22",34,"Transect count","Target species as a group",NA,NA,NA,"Target families - Acanthuridae and Carangidae","Biomass","Standard error","NTZ","Apo Island Marine Reserve","Yes","kg 1000m-2","2","200-250","16","8",NA
"23",34,"Transect count","Target species as a group",NA,NA,NA,"Target families - Acanthuridae and Carangidae","Biomass","Standard error","NTZ","Apo Island Marine Reserve","Yes","kg 1000m-2","3","250-300","12","3",NA
"24",34,"Transect count","Target species as a group",NA,NA,NA,"Target families - Acanthuridae and Carangidae","Biomass","Standard error","NTZ","Apo Island Marine Reserve","Yes","kg 1000m-2","4","300-350","15","1",NA
"25",34,"Transect count","Target species as a group",NA,NA,NA,"Target families - Acanthuridae and Carangidae","Biomass","Standard error","NTZ","Apo Island Marine Reserve","Yes","kg 1000m-2","5","350-400","14","7",NA
"26",34,"Transect count","Target species as a group",NA,NA,NA,"Target families - Acanthuridae and Carangidae","Biomass","Standard error","NTZ","Apo Island Marine Reserve","Yes","kg 1000m-2","1","400-450","10","2",NA
"27",34,"Transect count","Target species as a group",NA,NA,NA,"Target families - Acanthuridae and Carangidae","Biomass","Standard error","NTZ","Apo Island Marine Reserve","Yes","kg 1000m-2","2","450-500","11","1",NA
"28",34,"Transect count","Target species as a group",NA,NA,NA,"Target families - Acanthuridae and Carangidae","Biomass","Standard error","NTZ","Apo Island Marine Reserve","Yes","kg 1000m-2","3",NA,NA,NA,NA
"29",34,"Transect count","Target species as a group",NA,NA,NA,"Target families - Acanthuridae and Carangidae","Biomass","Standard error","NTZ","Apo Island Marine Reserve","Yes","kg 1000m-2","4",NA,NA,NA,NA
"30",34,"Transect count","Target species as a group",NA,NA,NA,"Target families - Acanthuridae and Carangidae","Biomass","Standard error","NTZ","Apo Island Marine Reserve","Yes","kg 1000m-2","5",NA,NA,NA,NA
"31",34,"Transect count","Target species as a group",NA,NA,NA,"Target families - Acanthuridae and Carangidae","Biomass","Standard error","NTZ","Apo Island Marine Reserve","Yes","kg 1000m-2","1","Inside NTZ","70",NA,NA
"32",34,"Transect count","Target species as a group",NA,NA,NA,"Target families - Acanthuridae and Carangidae","Biomass","Standard error","NTZ","Apo Island Marine Reserve","Yes","kg 1000m-2","2","200-250","38","8",NA
"33",34,"Transect count","Target species as a group",NA,NA,NA,"Target families - Acanthuridae and Carangidae","Biomass","Standard error","NTZ","Apo Island Marine Reserve","Yes","kg 1000m-2","3","250-300","9","1",NA
"34",34,"Transect count","Target species as a group",NA,NA,NA,"Target families - Acanthuridae and Carangidae","Biomass","Standard error","NTZ","Apo Island Marine Reserve","Yes","kg 1000m-2","4","300-350","10","1",NA
"35",34,"Transect count","Target species as a group",NA,NA,NA,"Target families - Acanthuridae and Carangidae","Biomass","Standard error","NTZ","Apo Island Marine Reserve","Yes","kg 1000m-2","5","350-400","8","1",NA
"36",34,"Transect count","Target species as a group",NA,NA,NA,"Target families - Acanthuridae and Carangidae","Biomass","Standard error","NTZ","Apo Island Marine Reserve","Yes","kg 1000m-2","1","400-450","8","0.5",NA
"37",34,"Transect count","Target species as a group",NA,NA,NA,"Target families - Acanthuridae and Carangidae","Biomass","Standard error","NTZ","Apo Island Marine Reserve","Yes","kg 1000m-2","2","450-500","9","1",NA
"38",34,"Transect count","Target species as a group",NA,NA,NA,"Target families - Acanthuridae and Carangidae","Biomass","Standard error","NTZ","Apo Island Marine Reserve","Yes","kg 1000m-2","3",NA,NA,NA,NA
"39",34,"Transect count","Target species as a group",NA,NA,NA,"Target families - Acanthuridae and Carangidae","Biomass","Standard error","NTZ","Apo Island Marine Reserve","Yes","kg 1000m-2","4",NA,NA,NA,NA
"40",34,"Transect count","Target species as a group",NA,NA,NA,"Target families - Acanthuridae and Carangidae","Biomass","Standard error","NTZ","Apo Island Marine Reserve","Yes","kg 1000m-2","5",NA,NA,NA,NA
"41",34,"Catch","Family group","Acanthuridae",NA,NA,NA,"Catch per unit effort (CPUE)","Standard error","NTZ","Apo Island Marine Reserve","Yes","kg person-1 hr-1","1","<200","0.5","0.009",NA
"42",34,"Catch","Family group","Acanthuridae",NA,NA,NA,"Catch per unit effort (CPUE)","Standard error","NTZ","Apo Island Marine Reserve","Yes","kg person-1 hr-1","2",">200","0.25","0.1",NA
"43",34,"Catch","Family group","Acanthuridae",NA,NA,NA,"Catch per unit effort (CPUE)","Standard error","NTZ","Apo Island Marine Reserve","Yes","kg person-1 hr-1","3",NA,NA,NA,NA
"44",34,"Catch","Family group","Acanthuridae",NA,NA,NA,"Catch per unit effort (CPUE)","Standard error","NTZ","Apo Island Marine Reserve","Yes","kg person-1 hr-1","4",NA,NA,NA,NA
"45",34,"Catch","Family group","Acanthuridae",NA,NA,NA,"Catch per unit effort (CPUE)","Standard error","NTZ","Apo Island Marine Reserve","Yes","kg person-1 hr-1","5",NA,NA,NA,NA
"46",34,"Catch","Family group","Carangidae",NA,NA,NA,"Catch per unit effort (CPUE)","Standard error","NTZ","Apo Island Marine Reserve","Yes","kg person-1 hr-1","1","<200","0.2","0.1",NA
"47",34,"Catch","Family group","Carangidae",NA,NA,NA,"Catch per unit effort (CPUE)","Standard error","NTZ","Apo Island Marine Reserve","Yes","kg person-1 hr-1","2",">200","0.5","0.05",NA
"48",34,"Catch","Family group","Carangidae",NA,NA,NA,"Catch per unit effort (CPUE)","Standard error","NTZ","Apo Island Marine Reserve","Yes","kg person-1 hr-1","3",NA,NA,NA,NA
"49",34,"Catch","Family group","Carangidae",NA,NA,NA,"Catch per unit effort (CPUE)","Standard error","NTZ","Apo Island Marine Reserve","Yes","kg person-1 hr-1","4",NA,NA,NA,NA
"50",34,"Catch","Family group","Carangidae",NA,NA,NA,"Catch per unit effort (CPUE)","Standard error","NTZ","Apo Island Marine Reserve","Yes","kg person-1 hr-1","5",NA,NA,NA,NA
"51",104,"Catch","Individual species","Nephropidae","Homorus","gammarus",NA,"Catch per unit effort (CPUE)",NA,"PPG",NA,"Yes","No. lobster per trap per day","1","-875","1.93",NA,NA
"52",104,"Catch","Individual species","Nephropidae","Homorus","gammarus",NA,"Catch per unit effort (CPUE)",NA,"PPG",NA,"Yes","No. lobster per trap per day","2","-450","1.23",NA,NA
"53",104,"Catch","Individual species","Nephropidae","Homorus","gammarus",NA,"Catch per unit effort (CPUE)",NA,"PPG",NA,"Yes","No. lobster per trap per day","3","0","0.75",NA,NA
"54",104,"Catch","Individual species","Nephropidae","Homorus","gammarus",NA,"Catch per unit effort (CPUE)",NA,"PPG",NA,"Yes","No. lobster per trap per day","4","500","0.55",NA,NA
"55",104,"Catch","Individual species","Nephropidae","Homorus","gammarus",NA,"Catch per unit effort (CPUE)",NA,"PPG",NA,"Yes","No. lobster per trap per day","5","1000","0.51",NA,NA
"56",104,"Catch","Individual species","Nephropidae","Homarus","gammarus",NA,"Catch per unit effort (CPUE)",NA,"PPG",NA,"Yes","No. lobster per trap per day","1","1500","0.57",NA,NA
"57",104,"Catch","Individual species","Nephropidae","Homarus","gammarus",NA,"Catch per unit effort (CPUE)",NA,"PPG",NA,"Yes","No. lobster per trap per day","2","2000","0.66",NA,NA
"58",104,"Catch","Individual species","Nephropidae","Homarus","gammarus",NA,"Catch per unit effort (CPUE)",NA,"PPG",NA,"Yes","No. lobster per trap per day","3","2500","0.73",NA,NA
"59",104,"Catch","Individual species","Nephropidae","Homarus","gammarus",NA,"Catch per unit effort (CPUE)",NA,"PPG",NA,"Yes","No. lobster per trap per day","4","3000","0.78",NA,NA
"60",104,"Catch","Individual species","Nephropidae","Homarus","gammarus",NA,"Catch per unit effort (CPUE)",NA,"PPG",NA,"Yes","No. lobster per trap per day","5",NA,NA,NA,NA
"61",104,"Catch","Individual species","Nephropidae","Homarus","gammarus",NA,"Catch per unit effort (CPUE)",NA,"PPG",NA,"Pre-MPA establishment so fishing permitted everywhere","No. lobster per trap per day","1","-875","0.75",NA,NA
"62",104,"Catch","Individual species","Nephropidae","Homarus","gammarus",NA,"Catch per unit effort (CPUE)",NA,"PPG",NA,"Pre-MPA establishment so fishing permitted everywhere","No. lobster per trap per day","2","-450","0.75",NA,NA
"63",104,"Catch","Individual species","Nephropidae","Homarus","gammarus",NA,"Catch per unit effort (CPUE)",NA,"PPG",NA,"Pre-MPA establishment so fishing permitted everywhere","No. lobster per trap per day","3","0","0.74",NA,NA
"64",104,"Catch","Individual species","Nephropidae","Homarus","gammarus",NA,"Catch per unit effort (CPUE)",NA,"PPG",NA,"Pre-MPA establishment so fishing permitted everywhere","No. lobster per trap per day","4","500","0.74",NA,NA
"65",104,"Catch","Individual species","Nephropidae","Homarus","gammarus",NA,"Catch per unit effort (CPUE)",NA,"PPG",NA,"Pre-MPA establishment so fishing permitted everywhere","No. lobster per trap per day","5","1000","0.73",NA,NA
"66",104,"Catch","Individual species","Nephropidae","Homarus","gammarus",NA,"Catch per unit effort (CPUE)",NA,"PPG",NA,"Pre-MPA establishment so fishing permitted everywhere","No. lobster per trap per day","1","1500","0.72",NA,NA
"67",104,"Catch","Individual species","Nephropidae","Homarus","gammarus",NA,"Catch per unit effort (CPUE)",NA,"PPG",NA,"Pre-MPA establishment so fishing permitted everywhere","No. lobster per trap per day","2","2000","0.72",NA,NA
"68",104,"Catch","Individual species","Nephropidae","Homarus","gammarus",NA,"Catch per unit effort (CPUE)",NA,"PPG",NA,"Pre-MPA establishment so fishing permitted everywhere","No. lobster per trap per day","3","2500","0.71",NA,NA
"69",104,"Catch","Individual species","Nephropidae","Homarus","gammarus",NA,"Catch per unit effort (CPUE)",NA,"PPG",NA,"Pre-MPA establishment so fishing permitted everywhere","No. lobster per trap per day","4","3000","0.71",NA,NA
"70",104,"Catch","Individual species","Nephropidae","Homarus","gammarus",NA,"Catch per unit effort (CPUE)",NA,"PPG",NA,"Pre-MPA establishment so fishing permitted everywhere","No. lobster per trap per day","5",NA,NA,NA,NA
"71",123,"Catch","Individual species","Palinuridae","Panulirus","interruptus",NA,"Catch per unit effort (CPUE)",NA,"NTZ","Northern Channel Islands Marine Reserve Network","Yes","Lobster per trap pull","1","<1000 from what would become reserve","0.75",NA,NA
"72",123,"Catch","Individual species","Palinuridae","Panulirus","interruptus",NA,"Catch per unit effort (CPUE)",NA,"NTZ","Northern Channel Islands Marine Reserve Network","Yes","Lobster per trap pull","2",">1000 from what would become reserve","0.69",NA,NA
"73",123,"Catch","Individual species","Palinuridae","Panulirus","interruptus",NA,"Catch per unit effort (CPUE)",NA,"NTZ","Northern Channel Islands Marine Reserve Network","Yes","Lobster per trap pull","3",NA,NA,NA,NA
"74",123,"Catch","Individual species","Palinuridae","Panulirus","interruptus",NA,"Catch per unit effort (CPUE)",NA,"NTZ","Northern Channel Islands Marine Reserve Network","Yes","Lobster per trap pull","4",NA,NA,NA,NA
"75",123,"Catch","Individual species","Palinuridae","Panulirus","interruptus",NA,"Catch per unit effort (CPUE)",NA,"NTZ","Northern Channel Islands Marine Reserve Network","Yes","Lobster per trap pull","5",NA,NA,NA,NA
"76",123,"Catch","Individual species","Palinuridae","Panulirus","interruptus",NA,"Catch per unit effort (CPUE)",NA,"NTZ","Northern Channel Islands Marine Reserve Network","Yes","lobster per trap pull","1","<1000","0.71",NA,NA
"77",123,"Catch","Individual species","Palinuridae","Panulirus","interruptus",NA,"Catch per unit effort (CPUE)",NA,"NTZ","Northern Channel Islands Marine Reserve Network","Yes","lobster per trap pull","2",">1000","0.69",NA,NA
"78",123,"Catch","Individual species","Palinuridae","Panulirus","interruptus",NA,"Catch per unit effort (CPUE)",NA,"NTZ","Northern Channel Islands Marine Reserve Network","Yes","lobster per trap pull","3",NA,NA,NA,NA
"79",123,"Catch","Individual species","Palinuridae","Panulirus","interruptus",NA,"Catch per unit effort (CPUE)",NA,"NTZ","Northern Channel Islands Marine Reserve Network","Yes","lobster per trap pull","4",NA,NA,NA,NA
"80",123,"Catch","Individual species","Palinuridae","Panulirus","interruptus",NA,"Catch per unit effort (CPUE)",NA,"NTZ","Northern Channel Islands Marine Reserve Network","Yes","lobster per trap pull","5",NA,NA,NA,NA
"81",140,"Transect count","Genus group","Cardiidae","Tridacna",NA,NA,"Density",NA,"NTZ","Dagal","Yes","Mean no. individuals per 50m-2","1","-475","0",NA,NA
"82",140,"Transect count","Genus group","Cardiidae","Tridacna",NA,NA,"Density",NA,"NTZ","Dagal","Yes","Mean no. individuals per 50m-2","2","-375","1",NA,NA
"83",140,"Transect count","Genus group","Cardiidae","Tridacna",NA,NA,"Density",NA,"NTZ","Dagal","Yes","Mean no. individuals per 50m-2","3","-225","1.5",NA,NA
"84",140,"Transect count","Genus group","Cardiidae","Tridacna",NA,NA,"Density",NA,"NTZ","Dagal","Yes","Mean no. individuals per 50m-2","4","-175","1.5",NA,NA
"85",140,"Transect count","Genus group","Cardiidae","Tridacna",NA,NA,"Density",NA,"NTZ","Dagal","Yes","Mean no. individuals per 50m-2","5","-125","5",NA,NA
"86",140,"Transect count","Genus group","Cardiidae","Tridacna",NA,NA,"Density",NA,"NTZ","Dagal","Yes","Mean no. individuals per 50m-2","1","-75","22",NA,NA
"87",140,"Transect count","Genus group","Cardiidae","Tridacna",NA,NA,"Density",NA,"NTZ","Dagal","Yes","Mean no. individuals per 50m-2","2","-25","11",NA,NA
"88",140,"Transect count","Genus group","Cardiidae","Tridacna",NA,NA,"Density",NA,"NTZ","Dagal","Yes","Mean no. individuals per 50m-2","3","25","0.5",NA,NA
"89",140,"Transect count","Genus group","Cardiidae","Tridacna",NA,NA,"Density",NA,"NTZ","Dagal","Yes","Mean no. individuals per 50m-2","4","75","0.5",NA,NA
"90",140,"Transect count","Genus group","Cardiidae","Tridacna",NA,NA,"Density",NA,"NTZ","Dagal","Yes","Mean no. individuals per 50m-2","5","125","0",NA,NA
"91",140,"Transect count","Genus group","Cardiidae","Tridacna",NA,NA,"Density",NA,"NTZ","Dagal","Yes","Mean no. individuals per 50m-2","1","175","1",NA,NA
"92",140,"Transect count","Genus group","Cardiidae","Tridacna",NA,NA,"Density",NA,"NTZ","Dagal","Yes","Mean no. individuals per 50m-2","2","225","0.25",NA,NA
"93",140,"Transect count","Genus group","Cardiidae","Tridacna",NA,NA,"Density",NA,"NTZ","Dagal","Yes","Mean no. individuals per 50m-2","3","375","0.25",NA,NA
"94",140,"Transect count","Genus group","Cardiidae","Tridacna",NA,NA,"Density",NA,"NTZ","Dagal","Yes","Mean no. individuals per 50m-2","4","475","0.5",NA,NA
"95",140,"Transect count","Genus group","Cardiidae","Tridacna",NA,NA,"Density",NA,"NTZ","Dagal","Yes","Mean no. individuals per 50m-2","5",NA,NA,NA,NA
"96",140,"Transect count","Genus group","Cardiidae","Tridacna",NA,NA,"Density",NA,"NTZ","South El Ghargana","Yes","Mean no. individuals per 50m-2","1","-475","2.5",NA,NA
"97",140,"Transect count","Genus group","Cardiidae","Tridacna",NA,NA,"Density",NA,"NTZ","South El Ghargana","Yes","Mean no. individuals per 50m-2","2","-375","0",NA,NA
"98",140,"Transect count","Genus group","Cardiidae","Tridacna",NA,NA,"Density",NA,"NTZ","South El Ghargana","Yes","Mean no. individuals per 50m-2","3","-225","0",NA,NA
"99",140,"Transect count","Genus group","Cardiidae","Tridacna",NA,NA,"Density",NA,"NTZ","South El Ghargana","Yes","Mean no. individuals per 50m-2","4","-1175","22.5",NA,NA
"100",140,"Transect count","Genus group","Cardiidae","Tridacna",NA,NA,"Density",NA,"NTZ","South El Ghargana","Yes","Mean no. individuals per 50m-2","5","-125","7.25",NA,NA
"101",140,"Transect count","Genus group","Cardiidae","Tridacna",NA,NA,"Density",NA,"NTZ","South El Ghargana","Yes","Mean no. individuals per 50m-2","1","-75","2.5",NA,NA
"102",140,"Transect count","Genus group","Cardiidae","Tridacna",NA,NA,"Density",NA,"NTZ","South El Ghargana","Yes","Mean no. individuals per 50m-2","2","-25","8",NA,NA
"103",140,"Transect count","Genus group","Cardiidae","Tridacna",NA,NA,"Density",NA,"NTZ","South El Ghargana","Yes","Mean no. individuals per 50m-2","3","25","5",NA,NA
"104",140,"Transect count","Genus group","Cardiidae","Tridacna",NA,NA,"Density",NA,"NTZ","South El Ghargana","Yes","Mean no. individuals per 50m-2","4","75","1",NA,NA
"105",140,"Transect count","Genus group","Cardiidae","Tridacna",NA,NA,"Density",NA,"NTZ","South El Ghargana","Yes","Mean no. individuals per 50m-2","5","125","0",NA,NA
"106",140,"Transect count","Genus group","Cardiidae","Tridacna",NA,NA,"Density",NA,"NTZ","South El Ghargana","Yes","Mean no. individuals per 50m-2","1","175","0.25",NA,NA
"107",140,"Transect count","Genus group","Cardiidae","Tridacna",NA,NA,"Density",NA,"NTZ","South El Ghargana","Yes","Mean no. individuals per 50m-2","2","225","0",NA,NA
"108",140,"Transect count","Genus group","Cardiidae","Tridacna",NA,NA,"Density",NA,"NTZ","South El Ghargana","Yes","Mean no. individuals per 50m-2","3","375","0.5",NA,NA
"109",140,"Transect count","Genus group","Cardiidae","Tridacna",NA,NA,"Density",NA,"NTZ","South El Ghargana","Yes","Mean no. individuals per 50m-2","4","475","6",NA,NA
"110",140,"Transect count","Genus group","Cardiidae","Tridacna",NA,NA,"Density",NA,"NTZ","South El Ghargana","Yes","Mean no. individuals per 50m-2","5",NA,NA,NA,NA
"111",140,"Transect count","Genus group","Cardiidae","Tridacna",NA,NA,"Density",NA,"NTZ","South El Ghargana","Yes","Mean no. individuals per 50m-2","1","-475","2.5",NA,NA
"112",140,"Transect count","Genus group","Cardiidae","Tridacna",NA,NA,"Density",NA,"NTZ","South El Ghargana","Yes","Mean no. individuals per 50m-2","2","-375","4",NA,NA
"113",140,"Transect count","Genus group","Cardiidae","Tridacna",NA,NA,"Density",NA,"NTZ","South El Ghargana","Yes","Mean no. individuals per 50m-2","3","-225","17.5",NA,NA
"114",140,"Transect count","Genus group","Cardiidae","Tridacna",NA,NA,"Density",NA,"NTZ","South El Ghargana","Yes","Mean no. individuals per 50m-2","4","-175","11",NA,NA
"115",140,"Transect count","Genus group","Cardiidae","Tridacna",NA,NA,"Density",NA,"NTZ","South El Ghargana","Yes","Mean no. individuals per 50m-2","5","-125","12",NA,NA
"116",140,"Transect count","Genus group","Cardiidae","Tridacna",NA,NA,"Density",NA,"NTZ","South El Ghargana","Yes","Mean no. individuals per 50m-2","1","-75","10.25",NA,NA
"117",140,"Transect count","Genus group","Cardiidae","Tridacna",NA,NA,"Density",NA,"NTZ","South El Ghargana","Yes","Mean no. individuals per 50m-2","2","-25","10.5",NA,NA
"118",140,"Transect count","Genus group","Cardiidae","Tridacna",NA,NA,"Density",NA,"NTZ","South El Ghargana","Yes","Mean no. individuals per 50m-2","3","25","12.5",NA,NA
"119",140,"Transect count","Genus group","Cardiidae","Tridacna",NA,NA,"Density",NA,"NTZ","South El Ghargana","Yes","Mean no. individuals per 50m-2","4","75","12","8",NA
"120",140,"Transect count","Genus group","Cardiidae","Tridacna",NA,NA,"Density",NA,"NTZ","South El Ghargana","Yes","Mean no. individuals per 50m-2","5","125","8",NA,NA
"121",140,"Transect count","Genus group","Cardiidae","Tridacna","nA",NA,"Density",NA,"NTZ","South El Ghargana","Yes","Mean no. individuals per 50m-2","1","175","7.5",NA,NA
"122",140,"Transect count","Genus group","Cardiidae","Tridacna","nA",NA,"Density",NA,"NTZ","South El Ghargana","Yes","Mean no. individuals per 50m-2","2","225","2.5",NA,NA
"123",140,"Transect count","Genus group","Cardiidae","Tridacna","nA",NA,"Density",NA,"NTZ","South El Ghargana","Yes","Mean no. individuals per 50m-2","3","375","3",NA,NA
"124",140,"Transect count","Genus group","Cardiidae","Tridacna","nA",NA,"Density",NA,"NTZ","South El Ghargana","Yes","Mean no. individuals per 50m-2","4","475","0.5",NA,NA
"125",140,"Transect count","Genus group","Cardiidae","Tridacna","nA",NA,"Density",NA,"NTZ","South El Ghargana","Yes","Mean no. individuals per 50m-2","5",NA,NA,NA,NA
"126",140,"Transect count","Individual species","Tegulidae","Tectus","dentatus",NA,"Density",NA,"NTZ","Dagal","Yes","Mean no. individuals per 50m-2","1","-475","0",NA,NA
"127",140,"Transect count","Individual species","Tegulidae","Tectus","dentatus",NA,"Density",NA,"NTZ","Dagal","Yes","Mean no. individuals per 50m-2","2","-375","0.5",NA,NA
"128",140,"Transect count","Individual species","Tegulidae","Tectus","dentatus",NA,"Density",NA,"NTZ","Dagal","Yes","Mean no. individuals per 50m-2","3","-225","0.5",NA,NA
"129",140,"Transect count","Individual species","Tegulidae","Tectus","dentatus",NA,"Density",NA,"NTZ","Dagal","Yes","Mean no. individuals per 50m-2","4","-175","3.5",NA,NA
"130",140,"Transect count","Individual species","Tegulidae","Tectus","dentatus",NA,"Density",NA,"NTZ","Dagal","Yes","Mean no. individuals per 50m-2","5","-125","2",NA,NA
"131",140,"Transect count","Individual species","Tegulidae","Tectus","dentatus",NA,"Density",NA,"NTZ","Dagal","Yes","Mean no. individuals per 50m-2","1","-75","1",NA,NA
"132",140,"Transect count","Individual species","Tegulidae","Tectus","dentatus",NA,"Density",NA,"NTZ","Dagal","Yes","Mean no. individuals per 50m-2","2","-25","0.5",NA,NA
"133",140,"Transect count","Individual species","Tegulidae","Tectus","dentatus",NA,"Density",NA,"NTZ","Dagal","Yes","Mean no. individuals per 50m-2","3","25","0.3",NA,NA
"134",140,"Transect count","Individual species","Tegulidae","Tectus","dentatus",NA,"Density",NA,"NTZ","Dagal","Yes","Mean no. individuals per 50m-2","4","125","1.75",NA,NA
"135",140,"Transect count","Individual species","Tegulidae","Tectus","dentatus",NA,"Density",NA,"NTZ","Dagal","Yes","Mean no. individuals per 50m-2","5","125","0.5",NA,NA
"136",140,"Transect count","Individual species","Tegulidae","Tectus","dentatus",NA,"Density",NA,"NTZ","Dagal","Yes","Mean no. individuals per 50m-2","1","175","0",NA,NA
"137",140,"Transect count","Individual species","Tegulidae","Tectus","dentatus",NA,"Density",NA,"NTZ","Dagal","Yes","Mean no. individuals per 50m-2","2","225","0",NA,NA
"138",140,"Transect count","Individual species","Tegulidae","Tectus","dentatus",NA,"Density",NA,"NTZ","Dagal","Yes","Mean no. individuals per 50m-2","3","375","1",NA,NA
"139",140,"Transect count","Individual species","Tegulidae","Tectus","dentatus",NA,"Density",NA,"NTZ","Dagal","Yes","Mean no. individuals per 50m-2","4","475","0.3",NA,NA
"140",140,"Transect count","Individual species","Tegulidae","Tectus","dentatus",NA,"Density",NA,"NTZ","Dagal","Yes","Mean no. individuals per 50m-2","5",NA,NA,NA,NA
"141",140,"Transect count","Individual species","Tegulidae","Tectus","dentatus",NA,"Density",NA,"NTZ","South El Ghargana","Yes","Mean no. individuals per 50m-2","1","-475","1.6",NA,NA
"142",140,"Transect count","Individual species","Tegulidae","Tectus","dentatus",NA,"Density",NA,"NTZ","South El Ghargana","Yes","Mean no. individuals per 50m-2","2","-375","0.25",NA,NA
"143",140,"Transect count","Individual species","Tegulidae","Tectus","dentatus",NA,"Density",NA,"NTZ","South El Ghargana","Yes","Mean no. individuals per 50m-2","3","-225","0.25",NA,NA
"144",140,"Transect count","Individual species","Tegulidae","Tectus","dentatus",NA,"Density",NA,"NTZ","South El Ghargana","Yes","Mean no. individuals per 50m-2","4","-175","0.25",NA,NA
"145",140,"Transect count","Individual species","Tegulidae","Tectus","dentatus",NA,"Density",NA,"NTZ","South El Ghargana","Yes","Mean no. individuals per 50m-2","5","-125","0",NA,NA
"146",140,"Transect count","Individual species","Tegulidae","Tectus","dentatus",NA,"Density",NA,"NTZ","South El Ghargana","Yes","Mean no. individuals per 50m-2","1","-75","1.75",NA,NA
"147",140,"Transect count","Individual species","Tegulidae","Tectus","dentatus",NA,"Density",NA,"NTZ","South El Ghargana","Yes","Mean no. individuals per 50m-2","2","-25","0",NA,NA
"148",140,"Transect count","Individual species","Tegulidae","Tectus","dentatus",NA,"Density",NA,"NTZ","South El Ghargana","Yes","Mean no. individuals per 50m-2","3","25","0NA",NA,"75"
"149",140,"Transect count","Individual species","Tegulidae","Tectus","dentatus",NA,"Density",NA,"NTZ","South El Ghargana","Yes","Mean no. individuals per 50m-2","4","0",NA,NA,NA
"150",140,"Transect count","Individual species","Tegulidae","Tectus","dentatus",NA,"Density",NA,"NTZ","South El Ghargana","Yes","Mean no. individuals per 50m-2","5","125","0",NA,NA
"151",140,"Transect count","Individual species","Tegulidae","Tectus","dentatus",NA,"Density",NA,"NTZ","South El Ghargana","Yes","Mean no. individuals per 50m-2","1","175","0",NA,NA
"152",140,"Transect count","Individual species","Tegulidae","Tectus","dentatus",NA,"Density",NA,"NTZ","South El Ghargana","Yes","Mean no. individuals per 50m-2","2","225","0",NA,NA
"153",140,"Transect count","Individual species","Tegulidae","Tectus","dentatus",NA,"Density",NA,"NTZ","South El Ghargana","Yes","Mean no. individuals per 50m-2","3","375","0",NA,NA
"154",140,"Transect count","Individual species","Tegulidae","Tectus","dentatus",NA,"Density",NA,"NTZ","South El Ghargana","Yes","Mean no. individuals per 50m-2","4","475","0",NA,NA
"155",140,"Transect count","Individual species","Tegulidae","Tectus","dentatus",NA,"Density",NA,"NTZ","South El Ghargana","Yes","Mean no. individuals per 50m-2","5",NA,NA,NA,NA
"156",140,"Transect count","Individual species","Tegulidae","Tectus","dentatus",NA,"Density",NA,"NTZ","South El Ghargana","Yes","Mean no. individuals per. 50m-2","1","-475","0.6",NA,NA
"157",140,"Transect count","Individual species","Tegulidae","Tectus","dentatus",NA,"Density",NA,"NTZ","South El Ghargana","Yes","Mean no. individuals per. 50m-2","2","-375","0.5",NA,NA
"158",140,"Transect count","Individual species","Tegulidae","Tectus","dentatus",NA,"Density",NA,"NTZ","South El Ghargana","Yes","Mean no. individuals per. 50m-2","3","-225","0.25",NA,NA
"159",140,"Transect count","Individual species","Tegulidae","Tectus","dentatus",NA,"Density",NA,"NTZ","South El Ghargana","Yes","Mean no. individuals per. 50m-2","4","-175","0.95",NA,NA
"160",140,"Transect count","Individual species","Tegulidae","Tectus","dentatus",NA,"Density",NA,"NTZ","South El Ghargana","Yes","Mean no. individuals per. 50m-2","5","-125","0.75",NA,NA
"161",140,"Transect count","Individual species","Tegulidae","Tectus","dentatus",NA,"Density",NA,"NTZ","South El Ghargana","Yes","Mean no. individuals per 50m-2","1","-75","2",NA,NA
"162",140,"Transect count","Individual species","Tegulidae","Tectus","dentatus",NA,"Density",NA,"NTZ","South El Ghargana","Yes","Mean no. individuals per 50m-2","2","-25","1",NA,NA
"163",140,"Transect count","Individual species","Tegulidae","Tectus","dentatus",NA,"Density",NA,"NTZ","South El Ghargana","Yes","Mean no. individuals per 50m-2","3","25","1.5",NA,NA
"164",140,"Transect count","Individual species","Tegulidae","Tectus","dentatus",NA,"Density",NA,"NTZ","South El Ghargana","Yes","Mean no. individuals per 50m-2","4","75","0",NA,NA
"165",140,"Transect count","Individual species","Tegulidae","Tectus","dentatus",NA,"Density",NA,"NTZ","South El Ghargana","Yes","Mean no. individuals per 50m-2","5","125","0",NA,NA
"166",140,"Transect count","Individual species","Tegulidae","Tectus","dentatus",NA,"Density",NA,"NTZ","South El Ghargana","Yes","Mean no. individuals per 50m-2","1","175","1",NA,NA
"167",140,"Transect count","Individual species","Tegulidae","Tectus","dentatus",NA,"Density",NA,"NTZ","South El Ghargana","Yes","Mean no. individuals per 50m-2","2","225","0.25",NA,NA
"168",140,"Transect count","Individual species","Tegulidae","Tectus","dentatus",NA,"Density",NA,"NTZ","South El Ghargana","Yes","Mean no. individuals per 50m-2","3","375","0.75",NA,NA
"169",140,"Transect count","Individual species","Tegulidae","Tectus","dentatus",NA,"Density",NA,"NTZ","South El Ghargana","Yes","Mean no. individuals per 50m-2","4","475","0",NA,NA
"170",140,"Transect count","Individual species","Tegulidae","Tectus","dentatus",NA,"Density",NA,"NTZ","South El Ghargana","Yes","Mean no. individuals per 50m-2","5",NA,NA,NA,NA
"171",176,"Catch","Individual species","Palinuridae","Palinurus","elephas",NA,"Catch per unit effort (CPUE)","Standard error","NTZ","Columbretes Islands Marine Reserve","Yes","Ratio of density Zone:MarineReserve","1","<1000","0.07","0.03","0.03"
"172",176,"Catch","Individual species","Palinuridae","Palinurus","elephas",NA,"Catch per unit effort (CPUE)","Standard error","NTZ","Columbretes Islands Marine Reserve","Yes","Ratio of density Zone:MarineReserve","2","1000-30000","0.03","0.02","0.02"
"173",176,"Catch","Individual species","Palinuridae","Palinurus","elephas",NA,"Catch per unit effort (CPUE)","Standard error","NTZ","Columbretes Islands Marine Reserve","Yes","Ratio of density Zone:MarineReserve","3","300000","0.13","0.04","0.04"
"174",176,"Catch","Individual species","Palinuridae","Palinurus","elephas",NA,"Catch per unit effort (CPUE)","Standard error","NTZ","Columbretes Islands Marine Reserve","Yes","Ratio of density Zone:MarineReserve","4","350000","0.08","0.02","0.02"
"175",176,"Catch","Individual species","Palinuridae","Palinurus","elephas",NA,"Catch per unit effort (CPUE)","Standard error","NTZ","Columbretes Islands Marine Reserve","Yes","Ratio of density Zone:MarineReserve","5",NA,NA,NA,NA
"176",176,"Catch","Individual species","Palinuridae","Palinurus","elephas",NA,"Weight Per Unit Effort","Standard error","NTZ","Columbretes Islands Marine Reserve","Yes","Ratio of biomass Zone:MarineReserve","1","<1000","0.04","0.01","0.01"
"177",176,"Catch","Individual species","Palinuridae","Palinurus","elephas",NA,"Weight Per Unit Effort","Standard error","NTZ","Columbretes Islands Marine Reserve","Yes","Ratio of biomass Zone:MarineReserve","2","1000-30000","0.02","0.005","0.005"
"178",176,"Catch","Individual species","Palinuridae","Palinurus","elephas",NA,"Weight Per Unit Effort","Standard error","NTZ","Columbretes Islands Marine Reserve","Yes","Ratio of biomass Zone:MarineReserve","3","300000","0.05","0.005","0.005"
"179",176,"Catch","Individual species","Palinuridae","Palinurus","elephas",NA,"Weight Per Unit Effort","Standard error","NTZ","Columbretes Islands Marine Reserve","Yes","Ratio of biomass Zone:MarineReserve","4","350000","0.03","0.0025","0.0025"
"180",176,"Catch","Individual species","Palinuridae","Palinurus","elephas",NA,"Weight Per Unit Effort","Standard error","NTZ","Columbretes Islands Marine Reserve","Yes","Ratio of biomass Zone:MarineReserve","5",NA,NA,NA,NA
"181",209,"Catch","Individual species","Palinuridae","Palinurus","elephas",NA,"Catch per unit effort (CPUE)",NA,"NTZ","Su Pallosu no-take area","Yes","kg/50 m net/boat","1","0","0.24",NA,NA
"182",209,"Catch","Individual species","Palinuridae","Palinurus","elephas",NA,"Catch per unit effort (CPUE)",NA,"NTZ","Su Pallosu no-take area","Yes","kg/50 m net/boat","2","5000","0.12",NA,NA
"183",209,"Catch","Individual species","Palinuridae","Palinurus","elephas",NA,"Catch per unit effort (CPUE)",NA,"NTZ","Su Pallosu no-take area","Yes","kg/50 m net/boat","3","10000","0.05",NA,NA
"184",209,"Catch","Individual species","Palinuridae","Palinurus","elephas",NA,"Catch per unit effort (CPUE)",NA,"NTZ","Su Pallosu no-take area","Yes","kg/50 m net/boat","4","15000","0.05",NA,NA
"185",209,"Catch","Individual species","Palinuridae","Palinurus","elephas",NA,"Catch per unit effort (CPUE)",NA,"NTZ","Su Pallosu no-take area","Yes","kg/50 m net/boat","5","20000","0.05",NA,NA
"186",209,"Catch","Individual species","Palinuridae","Palinurus","elephas","na","Catch per unit effort (CPUE)",NA,"NTZ","Su Pallosu no-take area","Yes","kg/50 m net/boat","1","25000","0.06",NA,NA
"187",209,"Catch","Individual species","Palinuridae","Palinurus","elephas","na","Catch per unit effort (CPUE)",NA,"NTZ","Su Pallosu no-take area","Yes","kg/50 m net/boat","2",NA,NA,NA,NA
"188",209,"Catch","Individual species","Palinuridae","Palinurus","elephas","na","Catch per unit effort (CPUE)",NA,"NTZ","Su Pallosu no-take area","Yes","kg/50 m net/boat","3",NA,NA,NA,NA
"189",209,"Catch","Individual species","Palinuridae","Palinurus","elephas","na","Catch per unit effort (CPUE)",NA,"NTZ","Su Pallosu no-take area","Yes","kg/50 m net/boat","4",NA,NA,NA,NA
"190",209,"Catch","Individual species","Palinuridae","Palinurus","elephas","na","Catch per unit effort (CPUE)",NA,"NTZ","Su Pallosu no-take area","Yes","kg/50 m net/boat","5",NA,NA,NA,NA
"191",304,"Transect count","Individual species","Acanthuridae","Naso","Naso vlamingii",NA,"Biomass","Standard error","NTZ","Apo Island Marine Reserve","Open to traditional fishing methods, non-destructive to the benthos since 1986","Mean Biomass (KG/1000 m2)","1","200-250m","0.3","1",NA
"192",304,"Transect count","Individual species","Acanthuridae","Naso","Naso vlamingii",NA,"Biomass","Standard error","NTZ","Apo Island Marine Reserve","Open to traditional fishing methods, non-destructive to the benthos since 1986","Mean Biomass (KG/1000 m2)","2","250-300m","2.6","5",NA
"193",304,"Transect count","Individual species","Acanthuridae","Naso","Naso vlamingii",NA,"Biomass","Standard error","NTZ","Apo Island Marine Reserve","Open to traditional fishing methods, non-destructive to the benthos since 1986","Mean Biomass (KG/1000 m2)","3","300-350m","0",NA,NA
"194",304,"Transect count","Individual species","Acanthuridae","Naso","Naso vlamingii",NA,"Biomass","Standard error","NTZ","Apo Island Marine Reserve","Open to traditional fishing methods, non-destructive to the benthos since 1986","Mean Biomass (KG/1000 m2)","4","400-450m","0.6","1",NA
"195",304,"Transect count","Individual species","Acanthuridae","Naso","Naso vlamingii",NA,"Biomass","Standard error","NTZ","Apo Island Marine Reserve","Open to traditional fishing methods, non-destructive to the benthos since 1986","Mean Biomass (KG/1000 m2)","5","450-500m","0",NA,NA
"196",304,"Transect count","Individual species","Acanthuridae","Naso","Naso vlamingii",NA,"Biomass","Standard error","NTZ","Apo Island Marine Reserve","Open to traditional fishing methods, non-destructive to the benthos since 1986","Mean Biomass (KG/1000 m2)","1","200-250m","13","19",NA
"197",304,"Transect count","Individual species","Acanthuridae","Naso","Naso vlamingii",NA,"Biomass","Standard error","NTZ","Apo Island Marine Reserve","Open to traditional fishing methods, non-destructive to the benthos since 1986","Mean Biomass (KG/1000 m2)","2","250-300m","1.8","2.2",NA
"198",304,"Transect count","Individual species","Acanthuridae","Naso","Naso vlamingii",NA,"Biomass","Standard error","NTZ","Apo Island Marine Reserve","Open to traditional fishing methods, non-destructive to the benthos since 1986","Mean Biomass (KG/1000 m2)","3","300-350m","0.9","1.2",NA
"199",304,"Transect count","Individual species","Acanthuridae","Naso","Naso vlamingii",NA,"Biomass","Standard error","NTZ","Apo Island Marine Reserve","Open to traditional fishing methods, non-destructive to the benthos since 1986","Mean Biomass (KG/1000 m2)","4","400-450m","0.5","0.9",NA
"200",304,"Transect count","Individual species","Acanthuridae","Naso","Naso vlamingii",NA,"Biomass","Standard error","NTZ","Apo Island Marine Reserve","Open to traditional fishing methods, non-destructive to the benthos since 1986","Mean Biomass (KG/1000 m2)","5","450-500m","1.2","1.8",NA
"201",304,"Catch","Individual species","Acanthuridae","Naso","Naso vlamingii",NA,"Catch per unit effort (CPUE)","Standard error","NTZ","Apo Island Marine Reserve","Open to traditional fishing methods, non-destructive to the benthos since 1986","KG/Person/HR","1","Withing 200m","0.45","0.55",NA
"202",304,"Catch","Individual species","Acanthuridae","Naso","Naso vlamingii",NA,"Catch per unit effort (CPUE)","Standard error","NTZ","Apo Island Marine Reserve","Open to traditional fishing methods, non-destructive to the benthos since 1986","KG/Person/HR","2","Over 250 m","0.01",NA,NA
"203",304,"Catch","Individual species","Acanthuridae","Naso","Naso vlamingii",NA,"Catch per unit effort (CPUE)","Standard error","NTZ","Apo Island Marine Reserve","Open to traditional fishing methods, non-destructive to the benthos since 1986","KG/Person/HR","3",NA,NA,NA,NA
"204",304,"Catch","Individual species","Acanthuridae","Naso","Naso vlamingii",NA,"Catch per unit effort (CPUE)","Standard error","NTZ","Apo Island Marine Reserve","Open to traditional fishing methods, non-destructive to the benthos since 1986","KG/Person/HR","4",NA,NA,NA,NA
"205",304,"Catch","Individual species","Acanthuridae","Naso","Naso vlamingii",NA,"Catch per unit effort (CPUE)","Standard error","NTZ","Apo Island Marine Reserve","Open to traditional fishing methods, non-destructive to the benthos since 1986","KG/Person/HR","5",NA,NA,NA,NA
"206",310,"Catch","Individual species","Portunidae","Scylla","serrata","na","Catch per unit effort (CPUE)","Standard error","NTZ","Tripcony Bight reserve","recreational only","number of crabs per pot","1","0","1.5","1.65","1.35"
"207",310,"Catch","Individual species","Portunidae","Scylla","serrata","na","Catch per unit effort (CPUE)","Standard error","NTZ","Tripcony Bight reserve","recreational only","number of crabs per pot","2","2000","1.05","1.25","0.8"
"208",310,"Catch","Individual species","Portunidae","Scylla","serrata","na","Catch per unit effort (CPUE)","Standard error","NTZ","Tripcony Bight reserve","recreational only","number of crabs per pot","3","6000","0.3","0.4","0.2"
"209",310,"Catch","Individual species","Portunidae","Scylla","serrata","na","Catch per unit effort (CPUE)","Standard error","NTZ","Tripcony Bight reserve","recreational only","number of crabs per pot","4","na","na","na","na"
"210",310,"Catch","Individual species","Portunidae","Scylla","serrata","na","Catch per unit effort (CPUE)","Standard error","NTZ","Tripcony Bight reserve","recreational only","number of crabs per pot","5","na","na","na","na"
"211",310,"Catch","Individual species","Portunidae","Scylla","serrata","na","Catch per unit effort (CPUE)","Standard error","NTZ","Willes Island reserve","Yes","number of crabs per pot","1","0","1.5","1.65","1.35"
"212",310,"Catch","Individual species","Portunidae","Scylla","serrata","na","Catch per unit effort (CPUE)","Standard error","NTZ","Willes Island reserve","Yes","number of crabs per pot","2","1000","0.5","0.6","0.4"
"213",310,"Catch","Individual species","Portunidae","Scylla","serrata","na","Catch per unit effort (CPUE)","Standard error","NTZ","Willes Island reserve","Yes","number of crabs per pot","3","2000","0.4","0.55","0.25"
"214",310,"Catch","Individual species","Portunidae","Scylla","serrata","na","Catch per unit effort (CPUE)","Standard error","NTZ","Willes Island reserve","Yes","number of crabs per pot","4","na","na","na","na"
"215",310,"Catch","Individual species","Portunidae","Scylla","serrata","na","Catch per unit effort (CPUE)","Standard error","NTZ","Willes Island reserve","Yes","number of crabs per pot","5","na","na","na","na"
"216",346,"Catch","Individual species","Palinuridae","Palinurus","elephas",NA,"Catch per unit area","Unknown","NTZ","Columbretes Island Marine Reserve","Yes","number per 1km2","1","0","1.13","1.6","0.66"
"217",346,"Catch","Individual species","Palinuridae","Palinurus","elephas",NA,"Catch per unit area","Unknown","NTZ","Columbretes Island Marine Reserve","Yes","number per 1km2","2","1000","0.36","0.51","0.22"
"218",346,"Catch","Individual species","Palinuridae","Palinurus","elephas",NA,"Catch per unit area","Unknown","NTZ","Columbretes Island Marine Reserve","Yes","number per 1km2","3","2000","-0.4","-0.22","-0.56"
"219",346,"Catch","Individual species","Palinuridae","Palinurus","elephas",NA,"Catch per unit area","Unknown","NTZ","Columbretes Island Marine Reserve","Yes","number per 1km2","4","3000","-1.16","-0.68","-1.62"
"220",346,"Catch","Individual species","Palinuridae","Palinurus","elephas",NA,"Catch per unit area","Unknown","NTZ","Columbretes Island Marine Reserve","Yes","number per 1km2","5","4000","-1.94","-1.12","-2.7"
"221",362,"Catch","Target species as a group",NA,NA,NA,"Fish that are caught my spearfishers","Catch per unit effort (CPUE)",NA,"PPO","Castle Rocks Marine Reserve","Yes","No. fish per 100 hours","1","<2500","57.31",NA,NA
"222",362,"Catch","Target species as a group",NA,NA,NA,"Fish that are caught my spearfishers","Catch per unit effort (CPUE)",NA,"PPO","Castle Rocks Marine Reserve","Yes","No. fish per 100 hours","2",">2500","57.93",NA,NA
"223",362,"Catch","Target species as a group",NA,NA,NA,"Fish that are caught my spearfishers","Catch per unit effort (CPUE)",NA,"PPO","Castle Rocks Marine Reserve","Yes","No. fish per 100 hours","3",NA,NA,NA,NA
"224",362,"Catch","Target species as a group",NA,NA,NA,"Fish that are caught my spearfishers","Catch per unit effort (CPUE)",NA,"PPO","Castle Rocks Marine Reserve","Yes","No. fish per 100 hours","4",NA,NA,NA,NA
"225",362,"Catch","Target species as a group",NA,NA,NA,"Fish that are caught my spearfishers","Catch per unit effort (CPUE)",NA,"PPO","Castle Rocks Marine Reserve","Yes","No. fish per 100 hours","5",NA,NA,NA,NA
"226",367,"Transect count","Functional group",NA,NA,NA,"Large predatory reef fish (Serranidae, Lutjanidae, Lethrinidae)","Species richness (number of species per 1000 m²)","Standard error","NTZ","Apo Island Marine Reserve","Yes","No. species/1000m2","1","200-250m","0.57","0.75",NA
"227",367,"Transect count","Functional group",NA,NA,NA,"Large predatory reef fish (Serranidae, Lutjanidae, Lethrinidae)","Species richness (number of species per 1000 m²)","Standard error","NTZ","Apo Island Marine Reserve","Yes","No. species/1000m2","2","250-500m","0.51","0.68",NA
"228",367,"Transect count","Functional group",NA,NA,NA,"Large predatory reef fish (Serranidae, Lutjanidae, Lethrinidae)","Species richness (number of species per 1000 m²)","Standard error","NTZ","Apo Island Marine Reserve","Yes","No. species/1000m2","3",NA,NA,NA,NA
"229",367,"Transect count","Functional group",NA,NA,NA,"Large predatory reef fish (Serranidae, Lutjanidae, Lethrinidae)","Species richness (number of species per 1000 m²)","Standard error","NTZ","Apo Island Marine Reserve","Yes","No. species/1000m2","4",NA,NA,NA,NA
"230",367,"Transect count","Functional group",NA,NA,NA,"Large predatory reef fish (Serranidae, Lutjanidae, Lethrinidae)","Species richness (number of species per 1000 m²)","Standard error","NTZ","Apo Island Marine Reserve","Yes","No. species/1000m2","5",NA,NA,NA,NA
"231",367,"Transect count","Functional group",NA,NA,NA,"Large predatory reef fish (Serranidae, Lutjanidae, Lethrinidae)","Species richness (number of species per 1000 m²)","Standard error","NTZ","Apo Island Marine Reserve","Yes","No. species/1000m2","1","200-250m","2.63","3.58",NA
"232",367,"Transect count","Functional group",NA,NA,NA,"Large predatory reef fish (Serranidae, Lutjanidae, Lethrinidae)","Species richness (number of species per 1000 m²)","Standard error","NTZ","Apo Island Marine Reserve","Yes","No. species/1000m2","2","250-500m","1.75","2",NA
"233",367,"Transect count","Functional group",NA,NA,NA,"Large predatory reef fish (Serranidae, Lutjanidae, Lethrinidae)","Species richness (number of species per 1000 m²)","Standard error","NTZ","Apo Island Marine Reserve","Yes","No. species/1000m2","3",NA,NA,NA,NA
"234",367,"Transect count","Functional group",NA,NA,NA,"Large predatory reef fish (Serranidae, Lutjanidae, Lethrinidae)","Species richness (number of species per 1000 m²)","Standard error","NTZ","Apo Island Marine Reserve","Yes","No. species/1000m2","4",NA,NA,NA,NA
"235",367,"Transect count","Functional group",NA,NA,NA,"Large predatory reef fish (Serranidae, Lutjanidae, Lethrinidae)","Species richness (number of species per 1000 m²)","Standard error","NTZ","Apo Island Marine Reserve","Yes","No. species/1000m2","5",NA,NA,NA,NA
"236",367,"Transect count","Functional group",NA,NA,NA,"Large predatory reef fish (Serranidae, Lutjanidae, Lethrinidae) ","Species richness (number of species per 1000 m²)","Standard error","NTZ","Apo Island Marine Reserve","Yes","No. species/1000m2","1","200-250m","5.3","6.04",NA
"237",367,"Transect count","Functional group",NA,NA,NA,"Large predatory reef fish (Serranidae, Lutjanidae, Lethrinidae) ","Species richness (number of species per 1000 m²)","Standard error","NTZ","Apo Island Marine Reserve","Yes","No. species/1000m2","2","250-500m","2.82","3.01",NA
"238",367,"Transect count","Functional group",NA,NA,NA,"Large predatory reef fish (Serranidae, Lutjanidae, Lethrinidae) ","Species richness (number of species per 1000 m²)","Standard error","NTZ","Apo Island Marine Reserve","Yes","No. species/1000m2","3",NA,NA,NA,NA
"239",367,"Transect count","Functional group",NA,NA,NA,"Large predatory reef fish (Serranidae, Lutjanidae, Lethrinidae) ","Species richness (number of species per 1000 m²)","Standard error","NTZ","Apo Island Marine Reserve","Yes","No. species/1000m2","4",NA,NA,NA,NA
"240",367,"Transect count","Functional group",NA,NA,NA,"Large predatory reef fish (Serranidae, Lutjanidae, Lethrinidae) ","Species richness (number of species per 1000 m²)","Standard error","NTZ","Apo Island Marine Reserve","Yes","No. species/1000m2","5",NA,NA,NA,NA
"241",406,"Larvae collectors ","Individual species","Mytilidae","Perna","perna",NA,"Recruitment Index","Standard error","NTZ","Goukamma Nature Reserve","Yes",NA,"1","0","2.73","3.34","2.1"
"242",406,"Larvae collectors ","Individual species","Mytilidae","Perna","perna",NA,"Recruitment Index","Standard error","NTZ","Goukamma Nature Reserve","Yes",NA,"2","5500","1.53","1.98","1.1"
"243",406,"Larvae collectors ","Individual species","Mytilidae","Perna","perna",NA,"Recruitment Index","Standard error","NTZ","Goukamma Nature Reserve","Yes",NA,"3","13000","0.14",NA,NA
"244",406,"Larvae collectors ","Individual species","Mytilidae","Perna","perna",NA,"Recruitment Index","Standard error","NTZ","Goukamma Nature Reserve","Yes",NA,"4","140000","0.09",NA,NA
"245",406,"Larvae collectors ","Individual species","Mytilidae","Perna","perna",NA,"Recruitment Index","Standard error","NTZ","Goukamma Nature Reserve","Yes",NA,"5","29000","0.02",NA,NA
"246",406,"Larvae collectors","Individual species","Chthamalidae","Octomeris","angulosa",NA,"Recruitment Index","Standard error","NTZ","Goukamma Marine Reserve","Yes",NA,"1","0","0.17","0.26","0.07"
"247",406,"Larvae collectors","Individual species","Chthamalidae","Octomeris","angulosa",NA,"Recruitment Index","Standard error","NTZ","Goukamma Marine Reserve","Yes",NA,"2","5000","0.47","0.66","0.26"
"248",406,"Larvae collectors","Individual species","Chthamalidae","Octomeris","angulosa",NA,"Recruitment Index","Standard error","NTZ","Goukamma Marine Reserve","Yes",NA,"3","14500","1.53","2.48","0.56"
"249",406,"Larvae collectors","Individual species","Chthamalidae","Octomeris","angulosa",NA,"Recruitment Index","Standard error","NTZ","Goukamma Marine Reserve","Yes",NA,"4","28000","0.45","0.55","0.35"
"250",406,"Larvae collectors","Individual species","Chthamalidae","Octomeris","angulosa",NA,"Recruitment Index","Standard error","NTZ","Goukamma Marine Reserve","Yes",NA,"5",NA,NA,NA,NA
"251",406,"Larvae collector","Individual species","Mytilidae","Perna","perna",NA,"Recruitment Index","Standard error","NTZ","Dwesa-Cwebe Marine Reserve","Yes",NA,"1","3400","0.77","0.83","0.7"
"252",406,"Larvae collector","Individual species","Mytilidae","Perna","perna",NA,"Recruitment Index","Standard error","NTZ","Dwesa-Cwebe Marine Reserve","Yes",NA,"2","12000","0.55","0.61","0.47"
"253",406,"Larvae collector","Individual species","Mytilidae","Perna","perna",NA,"Recruitment Index","Standard error","NTZ","Dwesa-Cwebe Marine Reserve","Yes",NA,"3","14000","0.61","0.68","0.54"
"254",406,"Larvae collector","Individual species","Mytilidae","Perna","perna",NA,"Recruitment Index","Standard error","NTZ","Dwesa-Cwebe Marine Reserve","Yes",NA,"4","18000","0.37","0.44","0.3"
"255",406,"Larvae collector","Individual species","Mytilidae","Perna","perna",NA,"Recruitment Index","Standard error","NTZ","Dwesa-Cwebe Marine Reserve","Yes",NA,"5","22000","0.25","0.35","0.15"
"256",406,"Larvae collector","Individual species","Mytilidae","Perna","perna",NA,"Recruitment Index","Standard error","NTZ","Mapelane Marine Reserve","Yes",NA,"1","800","35.81","43.47","28.61"
"257",406,"Larvae collector","Individual species","Mytilidae","Perna","perna",NA,"Recruitment Index","Standard error","NTZ","Mapelane Marine Reserve","Yes",NA,"2","1300","26.35","34.02","18.31"
"258",406,"Larvae collector","Individual species","Mytilidae","Perna","perna",NA,"Recruitment Index","Standard error","NTZ","Mapelane Marine Reserve","Yes",NA,"3","7000","35.12","46.71","23.01"
"259",406,"Larvae collector","Individual species","Mytilidae","Perna","perna",NA,"Recruitment Index","Standard error","NTZ","Mapelane Marine Reserve","Yes",NA,"4","11500","30.71","38.58","22.19"
"260",406,"Larvae collector","Individual species","Mytilidae","Perna","perna",NA,"Recruitment Index","Standard error","NTZ","Mapelane Marine Reserve","Yes",NA,"5","17000","31.71","40.19","22.76"
"261",406,"Larvae collector","Individual species","Mytilidae","Perna","perna",NA,"Recruitment Index","Standard error","NTZ","Mapelane","Yes",NA,"1","23000","35.24","47.38","23.01"
"262",406,"Larvae collector","Individual species","Mytilidae","Perna","perna",NA,"Recruitment Index","Standard error","NTZ","Mapelane","Yes",NA,"2",NA,NA,NA,NA
"263",406,"Larvae collector","Individual species","Mytilidae","Perna","perna",NA,"Recruitment Index","Standard error","NTZ","Mapelane","Yes",NA,"3",NA,NA,NA,NA
"264",406,"Larvae collector","Individual species","Mytilidae","Perna","perna",NA,"Recruitment Index","Standard error","NTZ","Mapelane","Yes",NA,"4",NA,NA,NA,NA
"265",406,"Larvae collector","Individual species","Mytilidae","Perna","perna",NA,"Recruitment Index","Standard error","NTZ","Mapelane","Yes",NA,"5",NA,NA,NA,NA
"266",490,"Transect count","All fish species",NA,NA,NA,NA,"Biomass","Standard error","PPO","Windward Bay No-take Reserve","Yes","g 120m-2","1","0","1029","300","300"
"267",490,"Transect count","All fish species",NA,NA,NA,NA,"Biomass","Standard error","PPO","Windward Bay No-take Reserve","Yes","g 120m-2","2","Near","1220","300","300"
"268",490,"Transect count","All fish species",NA,NA,NA,NA,"Biomass","Standard error","PPO","Windward Bay No-take Reserve","Yes","g 120m-2","3","Far","3139","800","800"
"269",490,"Transect count","All fish species",NA,NA,NA,NA,"Biomass","Standard error","PPO","Windward Bay No-take Reserve","Yes","g 120m-2","4",NA,NA,NA,NA
"270",490,"Transect count","All fish species",NA,NA,NA,NA,"Biomass","Standard error","PPO","Windward Bay No-take Reserve","Yes","g 120m-2","5",NA,NA,NA,NA
"271",490,"Transect count","All fish species",NA,NA,NA,NA,"Biomass","Standard error","PPO","Windward Bay No-take Reserve","Yes","g 120m-2","1","0","3338","300","300"
"272",490,"Transect count","All fish species",NA,NA,NA,NA,"Biomass","Standard error","PPO","Windward Bay No-take Reserve","Yes","g 120m-2","2","Near","2219","200","200"
"273",490,"Transect count","All fish species",NA,NA,NA,NA,"Biomass","Standard error","PPO","Windward Bay No-take Reserve","Yes","g 120m-2","3","Far","2627","600","600"
"274",490,"Transect count","All fish species",NA,NA,NA,NA,"Biomass","Standard error","PPO","Windward Bay No-take Reserve","Yes","g 120m-2","4",NA,NA,NA,NA
"275",490,"Transect count","All fish species",NA,NA,NA,NA,"Biomass","Standard error","PPO","Windward Bay No-take Reserve","Yes","g 120m-2","5",NA,NA,NA,NA
"276",490,"Transect count","Target species as a group",NA,NA,NA,NA,"Biomass","Standard error","PPO","Windward Bay No-take Reserve","Yes","g 120m-2","1","0","305","50","50"
"277",490,"Transect count","Target species as a group",NA,NA,NA,NA,"Biomass","Standard error","PPO","Windward Bay No-take Reserve","Yes","g 120m-2","2","Near","283","10","10"
"278",490,"Transect count","Target species as a group",NA,NA,NA,NA,"Biomass","Standard error","PPO","Windward Bay No-take Reserve","Yes","g 120m-2","3","Far","633","100","100"
"279",490,"Transect count","Target species as a group",NA,NA,NA,NA,"Biomass","Standard error","PPO","Windward Bay No-take Reserve","Yes","g 120m-2","4",NA,NA,NA,NA
"280",490,"Transect count","Target species as a group",NA,NA,NA,NA,"Biomass","Standard error","PPO","Windward Bay No-take Reserve","Yes","g 120m-2","5",NA,NA,NA,NA
"281",490,"Transect count","Target species as a group",NA,NA,NA,NA,"Biomass","Standard error","PPO","Windward Bay No-take Reserve","Yes","g 120m-2","1","0","977","180","180"
"282",490,"Transect count","Target species as a group",NA,NA,NA,NA,"Biomass","Standard error","PPO","Windward Bay No-take Reserve","Yes","g 120m-2","2","Near","551","50","50"
"283",490,"Transect count","Target species as a group",NA,NA,NA,NA,"Biomass","Standard error","PPO","Windward Bay No-take Reserve","Yes","g 120m-2","3","Far","556","80","80"
"284",490,"Transect count","Target species as a group",NA,NA,NA,NA,"Biomass","Standard error","PPO","Windward Bay No-take Reserve","Yes","g 120m-2","4",NA,NA,NA,NA
"285",490,"Transect count","Target species as a group",NA,NA,NA,NA,"Biomass","Standard error","PPO","Windward Bay No-take Reserve","Yes","g 120m-2","5",NA,NA,NA,NA
"286",490,"Transect count","Non-target species as a group",NA,NA,NA,NA,"Biomass","Standard error","PPO","Windward Bay No-take Reserve","Yes","g 120m-2","1","0","293","100","100"
"287",490,"Transect count","Non-target species as a group",NA,NA,NA,NA,"Biomass","Standard error","PPO","Windward Bay No-take Reserve","Yes","g 120m-2","2","Near","109","80","80"
"288",490,"Transect count","Non-target species as a group",NA,NA,NA,NA,"Biomass","Standard error","PPO","Windward Bay No-take Reserve","Yes","g 120m-2","3","Far","848","315","315"
"289",490,"Transect count","Non-target species as a group",NA,NA,NA,NA,"Biomass","Standard error","PPO","Windward Bay No-take Reserve","Yes","g 120m-2","4",NA,NA,NA,NA
"290",490,"Transect count","Non-target species as a group",NA,NA,NA,NA,"Biomass","Standard error","PPO","Windward Bay No-take Reserve","Yes","g 120m-2","5",NA,NA,NA,NA
"291",490,"Transect count","Non-target species as a group",NA,NA,NA,NA,"Biomass","Standard error","PPO","Windward Bay No-take Reserve","Yes","g 120m-2","1","0","561","60","60"
"292",490,"Transect count","Non-target species as a group",NA,NA,NA,NA,"Biomass","Standard error","PPO","Windward Bay No-take Reserve","Yes","g 120m-2","2","Near","933","400","400"
"293",490,"Transect count","Non-target species as a group",NA,NA,NA,NA,"Biomass","Standard error","PPO","Windward Bay No-take Reserve","Yes","g 120m-2","3","Far","1197","600","600"
"294",490,"Transect count","Non-target species as a group",NA,NA,NA,NA,"Biomass","Standard error","PPO","Windward Bay No-take Reserve","Yes","g 120m-2","4",NA,NA,NA,NA
"295",490,"Transect count","Non-target species as a group",NA,NA,NA,NA,"Biomass","Standard error","PPO","Windward Bay No-take Reserve","Yes","g 120m-2","5",NA,NA,NA,NA
"296",490,"Transect count","Family group","Scaridae",NA,NA,NA,"Biomass","Standard error","PPO","Windward Bay No-take Reserve","Yes","g 120m-2","1","0","147","30","30"
"297",490,"Transect count","Family group","Scaridae",NA,NA,NA,"Biomass","Standard error","PPO","Windward Bay No-take Reserve","Yes","g 120m-2","2","Near","246","40","40"
"298",490,"Transect count","Family group","Scaridae",NA,NA,NA,"Biomass","Standard error","PPO","Windward Bay No-take Reserve","Yes","g 120m-2","3","Far","535","130","130"
"299",490,"Transect count","Family group","Scaridae",NA,NA,NA,"Biomass","Standard error","PPO","Windward Bay No-take Reserve","Yes","g 120m-2","4",NA,NA,NA,NA
"300",490,"Transect count","Family group","Scaridae",NA,NA,NA,"Biomass","Standard error","PPO","Windward Bay No-take Reserve","Yes","g 120m-2","5",NA,NA,NA,NA
"301",490,"Transect count","Family group","Scaridae",NA,NA,NA,"Biomass","Standard error","PPO","Windward Bay No-take Reserve","Yes","g 120m-2","1","0","258","60","60"
"302",490,"Transect count","Family group","Scaridae",NA,NA,NA,"Biomass","Standard error","PPO","Windward Bay No-take Reserve","Yes","g 120m-2","2","Near","242","40","40"
"303",490,"Transect count","Family group","Scaridae",NA,NA,NA,"Biomass","Standard error","PPO","Windward Bay No-take Reserve","Yes","g 120m-2","3","Far","145","50","50"
"304",490,"Transect count","Family group","Scaridae",NA,NA,NA,"Biomass","Standard error","PPO","Windward Bay No-take Reserve","Yes","g 120m-2","4",NA,NA,NA,NA
"305",490,"Transect count","Family group","Scaridae",NA,NA,NA,"Biomass","Standard error","PPO","Windward Bay No-take Reserve","Yes","g 120m-2","5",NA,NA,NA,NA
"306",531,"Catch","Individual species","Palinuridae","Homarus ","gammarus",NA,"Effect on CPUE","95% confidence intervals","PPG","Skagerrak Marine Protected Area","Yes","No. lobster caught per trap day-1","1","-850","0.08","0.26","-0.08"
"307",531,"Catch","Individual species","Palinuridae","Homarus ","gammarus",NA,"Effect on CPUE","95% confidence intervals","PPG","Skagerrak Marine Protected Area","Yes","No. lobster caught per trap day-1","2","0","0.04","0.1","-0.04"
"308",531,"Catch","Individual species","Palinuridae","Homarus ","gammarus",NA,"Effect on CPUE","95% confidence intervals","PPG","Skagerrak Marine Protected Area","Yes","No. lobster caught per trap day-1","3","1000","-0.02","0.02","-0.07"
"309",531,"Catch","Individual species","Palinuridae","Homarus ","gammarus",NA,"Effect on CPUE","95% confidence intervals","PPG","Skagerrak Marine Protected Area","Yes","No. lobster caught per trap day-1","4","2000","-0.08","0.07","-0.24"
"310",531,"Catch","Individual species","Palinuridae","Homarus ","gammarus",NA,"Effect on CPUE","95% confidence intervals","PPG","Skagerrak Marine Protected Area","Yes","No. lobster caught per trap day-1","5","2950","-0.14","0.13","-0.41"
"311",531,"Catch","Individual species","Palinuridae","Homarus","gammarus",NA,"Effect on CPUE","95% confidence intervals","PPG","Skagerrak Marine Protected Area","Yes","Number of lobster per trap day-1","1","-850","0.66","1.24","0.08"
"312",531,"Catch","Individual species","Palinuridae","Homarus","gammarus",NA,"Effect on CPUE","95% confidence intervals","PPG","Skagerrak Marine Protected Area","Yes","Number of lobster per trap day-1","2","0","-0.02","0.17","-0.21"
"313",531,"Catch","Individual species","Palinuridae","Homarus","gammarus",NA,"Effect on CPUE","95% confidence intervals","PPG","Skagerrak Marine Protected Area","Yes","Number of lobster per trap day-1","3","1000","-0.16","0.11","-0.43"
"314",531,"Catch","Individual species","Palinuridae","Homarus","gammarus",NA,"Effect on CPUE","95% confidence intervals","PPG","Skagerrak Marine Protected Area","Yes","Number of lobster per trap day-1","4","2000","-0.06","0.31","-0.42"
"315",531,"Catch","Individual species","Palinuridae","Homarus","gammarus",NA,"Effect on CPUE","95% confidence intervals","PPG","Skagerrak Marine Protected Area","Yes","Number of lobster per trap day-1","5","2950","-0.06","0.88","-1.03"
"316",531,"Catch","Individual species","Palinuridae","Homarus","gammarus",NA,"Effect on CPUE","95% confidence intervals","PPG","Skagerrak MPA","Yes","Number of lobster per trap day-1","1","-850","0.78","1.15","0.42"
"317",531,"Catch","Individual species","Palinuridae","Homarus","gammarus",NA,"Effect on CPUE","95% confidence intervals","PPG","Skagerrak MPA","Yes","Number of lobster per trap day-1","2","0","0.12","0.28","-0.03"
"318",531,"Catch","Individual species","Palinuridae","Homarus","gammarus",NA,"Effect on CPUE","95% confidence intervals","PPG","Skagerrak MPA","Yes","Number of lobster per trap day-1","3","1000","-0.36","-0.16","-0.56"
"319",531,"Catch","Individual species","Palinuridae","Homarus","gammarus",NA,"Effect on CPUE","95% confidence intervals","PPG","Skagerrak MPA","Yes","Number of lobster per trap day-1","4","2000","-0.28","-0.01","-0.56"
"320",531,"Catch","Individual species","Palinuridae","Homarus","gammarus",NA,"Effect on CPUE","95% confidence intervals","PPG","Skagerrak MPA","Yes","Number of lobster per trap day-1","5","2950","0.19","0.82","-0.43"
"321",531,"Catch","Individual species","Palinuridae","Homarus","gammarus",NA,"Effect on CPUE","95% confidence intervals","PPG","Skagerrak Marine Protected Area","Yes","Number of lobster per trap day-1","1","-850","0.83","1.11","0.55"
"322",531,"Catch","Individual species","Palinuridae","Homarus","gammarus",NA,"Effect on CPUE","95% confidence intervals","PPG","Skagerrak Marine Protected Area","Yes","Number of lobster per trap day-1","2","0","0.83","1.11","0.55"
"323",531,"Catch","Individual species","Palinuridae","Homarus","gammarus",NA,"Effect on CPUE","95% confidence intervals","PPG","Skagerrak Marine Protected Area","Yes","Number of lobster per trap day-1","3","1000","-0.22","-0.15","-0.31"
"324",531,"Catch","Individual species","Palinuridae","Homarus","gammarus",NA,"Effect on CPUE","95% confidence intervals","PPG","Skagerrak Marine Protected Area","Yes","Number of lobster per trap day-1","4","2000","-0.79","-0.54","-1.05"
"325",531,"Catch","Individual species","Palinuridae","Homarus","gammarus",NA,"Effect on CPUE","95% confidence intervals","PPG","Skagerrak Marine Protected Area","Yes","Number of lobster per trap day-1","5","2950","-1.34","-0.9","-1.78"
"326",531,"Catch","Individual species","Palinuridae","Homarus","gammarus",NA,"Effect on CPUE","95% confidence intervals","PPG","Skagerrak MPA","Yes","Number of lobster per trap day-1","1","-850","1.08","1.43","0.74"
"327",531,"Catch","Individual species","Palinuridae","Homarus","gammarus",NA,"Effect on CPUE","95% confidence intervals","PPG","Skagerrak MPA","Yes","Number of lobster per trap day-1","2","0","0.01","0.16","-0.14"
"328",531,"Catch","Individual species","Palinuridae","Homarus","gammarus",NA,"Effect on CPUE","95% confidence intervals","PPG","Skagerrak MPA","Yes","Number of lobster per trap day-1","3","1000","-0.37","-0.17","-0.56"
"329",531,"Catch","Individual species","Palinuridae","Homarus","gammarus",NA,"Effect on CPUE","95% confidence intervals","PPG","Skagerrak MPA","Yes","Number of lobster per trap day-1","4","2000","-0.08","0.2","-0.35"
"330",531,"Catch","Individual species","Palinuridae","Homarus","gammarus",NA,"Effect on CPUE","95% confidence intervals","PPG","Skagerrak MPA","Yes","Number of lobster per trap day-1","5","2950","-0.09","0.74","-0.91"
"331",804,"Transect count","Family group","Pomacanthidae",NA,NA,NA,"Abundance","No confidence intervals were provided; significance tested using Spearman’s rank correlation (p-values reported)","NTZ","Nabq Managed Resource Protected Area","traditional artisanal fishing allowed with gear restrictions","Mean No. 1000 m²","1","0","0",NA,NA
"332",804,"Transect count","Family group","Pomacanthidae",NA,NA,NA,"Abundance","No confidence intervals were provided; significance tested using Spearman’s rank correlation (p-values reported)","NTZ","Nabq Managed Resource Protected Area","traditional artisanal fishing allowed with gear restrictions","Mean No. 1000 m²","2","300","0.958",NA,NA
"333",804,"Transect count","Family group","Pomacanthidae",NA,NA,NA,"Abundance","No confidence intervals were provided; significance tested using Spearman’s rank correlation (p-values reported)","NTZ","Nabq Managed Resource Protected Area","traditional artisanal fishing allowed with gear restrictions","Mean No. 1000 m²","3","600","0.983",NA,NA
"334",804,"Transect count","Family group","Pomacanthidae",NA,NA,NA,"Abundance","No confidence intervals were provided; significance tested using Spearman’s rank correlation (p-values reported)","NTZ","Nabq Managed Resource Protected Area","traditional artisanal fishing allowed with gear restrictions","Mean No. 1000 m²","4","900","4.992",NA,NA
"335",804,"Transect count","Family group","Pomacanthidae",NA,NA,NA,"Abundance","No confidence intervals were provided; significance tested using Spearman’s rank correlation (p-values reported)","NTZ","Nabq Managed Resource Protected Area","traditional artisanal fishing allowed with gear restrictions","Mean No. 1000 m²","5","1200","0.958",NA,NA
"336",804,"Transect count","Family group","Pomacanthidae",NA,NA,NA,"Abundance","No confidence intervals were provided; significance tested using Spearman’s rank correlation (p-values reported)","NTZ","Nabq Managed Resource Protected Area","traditional artisanal fishing allowed with gear restrictions","Mean No. 1000 m²","1","0","1.05",NA,NA
"337",804,"Transect count","Family group","Pomacanthidae",NA,NA,NA,"Abundance","No confidence intervals were provided; significance tested using Spearman’s rank correlation (p-values reported)","NTZ","Nabq Managed Resource Protected Area","traditional artisanal fishing allowed with gear restrictions","Mean No. 1000 m²","2","200","5.95",NA,NA
"338",804,"Transect count","Family group","Pomacanthidae",NA,NA,NA,"Abundance","No confidence intervals were provided; significance tested using Spearman’s rank correlation (p-values reported)","NTZ","Nabq Managed Resource Protected Area","traditional artisanal fishing allowed with gear restrictions","Mean No. 1000 m²","3","500","2.022",NA,NA
"339",804,"Transect count","Family group","Pomacanthidae",NA,NA,NA,"Abundance","No confidence intervals were provided; significance tested using Spearman’s rank correlation (p-values reported)","NTZ","Nabq Managed Resource Protected Area","traditional artisanal fishing allowed with gear restrictions","Mean No. 1000 m²","4","1000","0.972",NA,NA
"340",804,"Transect count","Family group","Pomacanthidae",NA,NA,NA,"Abundance","No confidence intervals were provided; significance tested using Spearman’s rank correlation (p-values reported)","NTZ","Nabq Managed Resource Protected Area","traditional artisanal fishing allowed with gear restrictions","Mean No. 1000 m²","5","1200","0.117",NA,NA
"341",804,"Transect count","Family group","Serranidae",NA,NA,NA,"Abundance","No confidence intervals were provided; significance tested using Spearman’s rank correlation (p-values reported)","NTZ","Nabq Managed Resource Protected Area","traditional artisanal fishing allowed with gear restrictions","Mean No. 1000 m²","1","100","3.072",NA,NA
"342",804,"Transect count","Family group","Serranidae",NA,NA,NA,"Abundance","No confidence intervals were provided; significance tested using Spearman’s rank correlation (p-values reported)","NTZ","Nabq Managed Resource Protected Area","traditional artisanal fishing allowed with gear restrictions","Mean No. 1000 m²","2","300","3.033",NA,NA
"343",804,"Transect count","Family group","Serranidae",NA,NA,NA,"Abundance","No confidence intervals were provided; significance tested using Spearman’s rank correlation (p-values reported)","NTZ","Nabq Managed Resource Protected Area","traditional artisanal fishing allowed with gear restrictions","Mean No. 1000 m²","3","500","4.01",NA,NA
"344",804,"Transect count","Family group","Serranidae",NA,NA,NA,"Abundance","No confidence intervals were provided; significance tested using Spearman’s rank correlation (p-values reported)","NTZ","Nabq Managed Resource Protected Area","traditional artisanal fishing allowed with gear restrictions","Mean No. 1000 m²","4","900","0.972",NA,NA
"345",804,"Transect count","Family group","Serranidae",NA,NA,NA,"Abundance","No confidence intervals were provided; significance tested using Spearman’s rank correlation (p-values reported)","NTZ","Nabq Managed Resource Protected Area","traditional artisanal fishing allowed with gear restrictions","Mean No. 1000 m²","5","1200","3",NA,NA
"346",804,"Transect count","Family group","Lethrinidae",NA,NA,NA,"Abundance","No confidence intervals were provided; significance tested using Spearman’s rank correlation (p-values reported)","NTZ","Nabq Managed Resource Protected Area","traditional artisanal fishing allowed with gear restrictions","Mean No. 1000 m²","1","100","0.674",NA,NA
"347",804,"Transect count","Family group","Lethrinidae",NA,NA,NA,"Abundance","No confidence intervals were provided; significance tested using Spearman’s rank correlation (p-values reported)","NTZ","Nabq Managed Resource Protected Area","traditional artisanal fishing allowed with gear restrictions","Mean No. 1000 m²","2","300","1.124",NA,NA
"348",804,"Transect count","Family group","Lethrinidae",NA,NA,NA,"Abundance","No confidence intervals were provided; significance tested using Spearman’s rank correlation (p-values reported)","NTZ","Nabq Managed Resource Protected Area","traditional artisanal fishing allowed with gear restrictions","Mean No. 1000 m²","3","600","2.472",NA,NA
"349",804,"Transect count","Family group","Lethrinidae",NA,NA,NA,"Abundance","No confidence intervals were provided; significance tested using Spearman’s rank correlation (p-values reported)","NTZ","Nabq Managed Resource Protected Area","traditional artisanal fishing allowed with gear restrictions","Mean No. 1000 m²","4","1000","3.146",NA,NA
"350",804,"Transect count","Family group","Lethrinidae",NA,NA,NA,"Abundance","No confidence intervals were provided; significance tested using Spearman’s rank correlation (p-values reported)","NTZ","Nabq Managed Resource Protected Area","traditional artisanal fishing allowed with gear restrictions","Mean No. 1000 m²","5","1100","0.225",NA,NA
"351",804,"Transect count","Family group","Lethrinidae",NA,NA,NA,"Abundance","No confidence intervals were provided; significance tested using Spearman’s rank correlation (p-values reported)","NTZ","Nabq Managed Resource Protected Area","traditional artisanal fishing allowed with gear restrictions","Mean No. 1000 m²","1","0","0",NA,NA
"352",804,"Transect count","Family group","Lethrinidae",NA,NA,NA,"Abundance","No confidence intervals were provided; significance tested using Spearman’s rank correlation (p-values reported)","NTZ","Nabq Managed Resource Protected Area","traditional artisanal fishing allowed with gear restrictions","Mean No. 1000 m²","2","200","2.486",NA,NA
"353",804,"Transect count","Family group","Lethrinidae",NA,NA,NA,"Abundance","No confidence intervals were provided; significance tested using Spearman’s rank correlation (p-values reported)","NTZ","Nabq Managed Resource Protected Area","traditional artisanal fishing allowed with gear restrictions","Mean No. 1000 m²","3","1000","3.842",NA,NA
"354",804,"Transect count","Family group","Lethrinidae",NA,NA,NA,"Abundance","No confidence intervals were provided; significance tested using Spearman’s rank correlation (p-values reported)","NTZ","Nabq Managed Resource Protected Area","traditional artisanal fishing allowed with gear restrictions","Mean No. 1000 m²","4",NA,NA,NA,NA
"355",804,"Transect count","Family group","Lethrinidae",NA,NA,NA,"Abundance","No confidence intervals were provided; significance tested using Spearman’s rank correlation (p-values reported)","NTZ","Nabq Managed Resource Protected Area","traditional artisanal fishing allowed with gear restrictions","Mean No. 1000 m²","5",NA,NA,NA,NA
"356",804,"Transect count","Family group","Serranidae",NA,NA,NA,"Abundance","No confidence intervals were provided; significance tested using Spearman’s rank correlation (p-values reported)","NTZ","Nabq Managed Resource Protected Area","traditional artisanal fishing allowed with gear restrictions","Mean No. 1000 m²","1","100","0.989",NA,NA
"357",804,"Transect count","Family group","Serranidae",NA,NA,NA,"Abundance","No confidence intervals were provided; significance tested using Spearman’s rank correlation (p-values reported)","NTZ","Nabq Managed Resource Protected Area","traditional artisanal fishing allowed with gear restrictions","Mean No. 1000 m²","2","200","1.696",NA,NA
"358",804,"Transect count","Family group","Serranidae",NA,NA,NA,"Abundance","No confidence intervals were provided; significance tested using Spearman’s rank correlation (p-values reported)","NTZ","Nabq Managed Resource Protected Area","traditional artisanal fishing allowed with gear restrictions","Mean No. 1000 m²","3","600","0.848",NA,NA
"359",804,"Transect count","Family group","Serranidae",NA,NA,NA,"Abundance","No confidence intervals were provided; significance tested using Spearman’s rank correlation (p-values reported)","NTZ","Nabq Managed Resource Protected Area","traditional artisanal fishing allowed with gear restrictions","Mean No. 1000 m²","4","1000","1.413",NA,NA
"360",804,"Transect count","Family group","Serranidae",NA,NA,NA,"Abundance","No confidence intervals were provided; significance tested using Spearman’s rank correlation (p-values reported)","NTZ","Nabq Managed Resource Protected Area","traditional artisanal fishing allowed with gear restrictions","Mean No. 1000 m²","5","1200","0.707",NA,NA
"361",804,"Transect count","Family group","Chaetodonidae",NA,NA,NA,"Abundance","No confidence intervals were provided; significance tested using Spearman’s rank correlation (p-values reported)","NTZ","Nabq Managed Resource Protected Area","traditional artisanal fishing allowed with gear restrictions","Mean No. 1000 m²","1","100","6.219",NA,NA
"362",804,"Transect count","Family group","Chaetodonidae",NA,NA,NA,"Abundance","No confidence intervals were provided; significance tested using Spearman’s rank correlation (p-values reported)","NTZ","Nabq Managed Resource Protected Area","traditional artisanal fishing allowed with gear restrictions","Mean No. 1000 m²","2","200","22.898",NA,NA
"363",804,"Transect count","Family group","Chaetodonidae",NA,NA,NA,"Abundance","No confidence intervals were provided; significance tested using Spearman’s rank correlation (p-values reported)","NTZ","Nabq Managed Resource Protected Area","traditional artisanal fishing allowed with gear restrictions","Mean No. 1000 m²","3","400","1.413",NA,NA
"364",804,"Transect count","Family group","Chaetodonidae",NA,NA,NA,"Abundance","No confidence intervals were provided; significance tested using Spearman’s rank correlation (p-values reported)","NTZ","Nabq Managed Resource Protected Area","traditional artisanal fishing allowed with gear restrictions","Mean No. 1000 m²","4","800","0.283",NA,NA
"365",804,"Transect count","Family group","Chaetodonidae",NA,NA,NA,"Abundance","No confidence intervals were provided; significance tested using Spearman’s rank correlation (p-values reported)","NTZ","Nabq Managed Resource Protected Area","traditional artisanal fishing allowed with gear restrictions","Mean No. 1000 m²","5","1000","1.131",NA,NA
"366",804,"Transect count","Family group","Acanthuridae",NA,NA,NA,"Abundance","No confidence intervals were provided; significance tested using Spearman’s rank correlation (p-values reported)","NTZ","Nabq Managed Resource Protected Area","traditional artisanal fishing allowed with gear restrictions","Mean No. 1000 m²","1","100","46.141",NA,NA
"367",804,"Transect count","Family group","Acanthuridae",NA,NA,NA,"Abundance","No confidence intervals were provided; significance tested using Spearman’s rank correlation (p-values reported)","NTZ","Nabq Managed Resource Protected Area","traditional artisanal fishing allowed with gear restrictions","Mean No. 1000 m²","2","400","72.989",NA,NA
"368",804,"Transect count","Family group","Acanthuridae",NA,NA,NA,"Abundance","No confidence intervals were provided; significance tested using Spearman’s rank correlation (p-values reported)","NTZ","Nabq Managed Resource Protected Area","traditional artisanal fishing allowed with gear restrictions","Mean No. 1000 m²","3","600","67.114",NA,NA
"369",804,"Transect count","Family group","Acanthuridae",NA,NA,NA,"Abundance","No confidence intervals were provided; significance tested using Spearman’s rank correlation (p-values reported)","NTZ","Nabq Managed Resource Protected Area","traditional artisanal fishing allowed with gear restrictions","Mean No. 1000 m²","4","900","104.027",NA,NA
"370",804,"Transect count","Family group","Acanthuridae",NA,NA,NA,"Abundance","No confidence intervals were provided; significance tested using Spearman’s rank correlation (p-values reported)","NTZ","Nabq Managed Resource Protected Area","traditional artisanal fishing allowed with gear restrictions","Mean No. 1000 m²","5","1100","127.517",NA,NA
"371",804,"Transect count","Family group","Siganidae",NA,NA,NA,"Abundance","No confidence intervals were provided; significance tested using Spearman’s rank correlation (p-values reported)","NTZ","Nabq Managed Resource Protected Area","traditional artisanal fishing allowed with gear restrictions","Mean No. 1000 m²","1","200","37.879",NA,NA
"372",804,"Transect count","Family group","Siganidae",NA,NA,NA,"Abundance","No confidence intervals were provided; significance tested using Spearman’s rank correlation (p-values reported)","NTZ","Nabq Managed Resource Protected Area","traditional artisanal fishing allowed with gear restrictions","Mean No. 1000 m²","2","400","24.411",NA,NA
"373",804,"Transect count","Family group","Siganidae",NA,NA,NA,"Abundance","No confidence intervals were provided; significance tested using Spearman’s rank correlation (p-values reported)","NTZ","Nabq Managed Resource Protected Area","traditional artisanal fishing allowed with gear restrictions","Mean No. 1000 m²","3","600","42.929",NA,NA
"374",804,"Transect count","Family group","Siganidae",NA,NA,NA,"Abundance","No confidence intervals were provided; significance tested using Spearman’s rank correlation (p-values reported)","NTZ","Nabq Managed Resource Protected Area","traditional artisanal fishing allowed with gear restrictions","Mean No. 1000 m²","4","1000","32.828",NA,NA
"375",804,"Transect count","Family group","Siganidae",NA,NA,NA,"Abundance","No confidence intervals were provided; significance tested using Spearman’s rank correlation (p-values reported)","NTZ","Nabq Managed Resource Protected Area","traditional artisanal fishing allowed with gear restrictions","Mean No. 1000 m²","5","1100","215.488",NA,NA
"376",804,"Transect count","Family group","Scaridae",NA,NA,NA,"Abundance","No confidence intervals were provided; significance tested using Spearman’s rank correlation (p-values reported)","NTZ","Nabq Managed Resource Protected Area","traditional artisanal fishing allowed with gear restrictions","Mean No. 1000 m²","1","100","102.035",NA,NA
"377",804,"Transect count","Family group","Scaridae",NA,NA,NA,"Abundance","No confidence intervals were provided; significance tested using Spearman’s rank correlation (p-values reported)","NTZ","Nabq Managed Resource Protected Area","traditional artisanal fishing allowed with gear restrictions","Mean No. 1000 m²","2","400","17.791",NA,NA
"378",804,"Transect count","Family group","Scaridae",NA,NA,NA,"Abundance","No confidence intervals were provided; significance tested using Spearman’s rank correlation (p-values reported)","NTZ","Nabq Managed Resource Protected Area","traditional artisanal fishing allowed with gear restrictions","Mean No. 1000 m²","3","600","56.512",NA,NA
"379",804,"Transect count","Family group","Scaridae",NA,NA,NA,"Abundance","No confidence intervals were provided; significance tested using Spearman’s rank correlation (p-values reported)","NTZ","Nabq Managed Resource Protected Area","traditional artisanal fishing allowed with gear restrictions","Mean No. 1000 m²","4","900","37.674",NA,NA
"380",804,"Transect count","Family group","Scaridae",NA,NA,NA,"Abundance","No confidence intervals were provided; significance tested using Spearman’s rank correlation (p-values reported)","NTZ","Nabq Managed Resource Protected Area","traditional artisanal fishing allowed with gear restrictions","Mean No. 1000 m²","5","1200","80.581",NA,NA
"381",804,"Transect count","Family group","Acanthuridae",NA,NA,NA,"Abundance","No confidence intervals were provided; significance tested using Spearman’s rank correlation (p-values reported)	","NTZ","Nabq Managed Resource Protected Area","traditional artisanal fishing allowed with gear restrictions","Mean No. 1000 m²","1","100","110.407",NA,NA
"382",804,"Transect count","Family group","Acanthuridae",NA,NA,NA,"Abundance","No confidence intervals were provided; significance tested using Spearman’s rank correlation (p-values reported)	","NTZ","Nabq Managed Resource Protected Area","traditional artisanal fishing allowed with gear restrictions","Mean No. 1000 m²","2","400","75.349",NA,NA
"383",804,"Transect count","Family group","Acanthuridae",NA,NA,NA,"Abundance","No confidence intervals were provided; significance tested using Spearman’s rank correlation (p-values reported)	","NTZ","Nabq Managed Resource Protected Area","traditional artisanal fishing allowed with gear restrictions","Mean No. 1000 m²","3","700","166.919",NA,NA
"384",804,"Transect count","Family group","Acanthuridae",NA,NA,NA,"Abundance","No confidence intervals were provided; significance tested using Spearman’s rank correlation (p-values reported)	","NTZ","Nabq Managed Resource Protected Area","traditional artisanal fishing allowed with gear restrictions","Mean No. 1000 m²","4","900","118.256",NA,NA
"385",804,"Transect count","Family group","Acanthuridae",NA,NA,NA,"Abundance","No confidence intervals were provided; significance tested using Spearman’s rank correlation (p-values reported)	","NTZ","Nabq Managed Resource Protected Area","traditional artisanal fishing allowed with gear restrictions","Mean No. 1000 m²","5","1200","106.744",NA,NA
"386",804,"Transect count","Family group","Siganidae",NA,NA,NA,"Abundance","No confidence intervals were provided; significance tested using Spearman’s rank correlation (p-values reported)","NTZ","Nabq Managed Resource Protected Area","traditional artisanal fishing allowed with gear restrictions","Mean No. 1000 m²","1","100","6.279",NA,NA
"387",804,"Transect count","Family group","Siganidae",NA,NA,NA,"Abundance","No confidence intervals were provided; significance tested using Spearman’s rank correlation (p-values reported)","NTZ","Nabq Managed Resource Protected Area","traditional artisanal fishing allowed with gear restrictions","Mean No. 1000 m²","2","400","19.884",NA,NA
"388",804,"Transect count","Family group","Siganidae",NA,NA,NA,"Abundance","No confidence intervals were provided; significance tested using Spearman’s rank correlation (p-values reported)","NTZ","Nabq Managed Resource Protected Area","traditional artisanal fishing allowed with gear restrictions","Mean No. 1000 m²","3","600","15.174",NA,NA
"389",804,"Transect count","Family group","Siganidae",NA,NA,NA,"Abundance","No confidence intervals were provided; significance tested using Spearman’s rank correlation (p-values reported)","NTZ","Nabq Managed Resource Protected Area","traditional artisanal fishing allowed with gear restrictions","Mean No. 1000 m²","4","900","50.233",NA,NA
"390",804,"Transect count","Family group","Siganidae",NA,NA,NA,"Abundance","No confidence intervals were provided; significance tested using Spearman’s rank correlation (p-values reported)","NTZ","Nabq Managed Resource Protected Area","traditional artisanal fishing allowed with gear restrictions","Mean No. 1000 m²","5","1200","22.5",NA,NA
"391",804,"Transect count","Family group","Acanthuridae",NA,NA,NA,"Abundance","No confidence intervals were provided; significance tested using Spearman’s rank correlation (p-values reported)	","NTZ","Nabq Managed Resource Protected Area","traditional artisanal fishing allowed with gear restrictions","Mean No. 1000 m²","1","0","157.942",NA,NA
"392",804,"Transect count","Family group","Acanthuridae",NA,NA,NA,"Abundance","No confidence intervals were provided; significance tested using Spearman’s rank correlation (p-values reported)	","NTZ","Nabq Managed Resource Protected Area","traditional artisanal fishing allowed with gear restrictions","Mean No. 1000 m²","2","200","4.63",NA,NA
"393",804,"Transect count","Family group","Acanthuridae",NA,NA,NA,"Abundance","No confidence intervals were provided; significance tested using Spearman’s rank correlation (p-values reported)	","NTZ","Nabq Managed Resource Protected Area","traditional artisanal fishing allowed with gear restrictions","Mean No. 1000 m²","3","1000","5.1447",NA,NA
"394",804,"Transect count","Family group","Acanthuridae",NA,NA,NA,"Abundance","No confidence intervals were provided; significance tested using Spearman’s rank correlation (p-values reported)	","NTZ","Nabq Managed Resource Protected Area","traditional artisanal fishing allowed with gear restrictions","Mean No. 1000 m²","4",NA,NA,NA,NA
"395",804,"Transect count","Family group","Acanthuridae",NA,NA,NA,"Abundance","No confidence intervals were provided; significance tested using Spearman’s rank correlation (p-values reported)	","NTZ","Nabq Managed Resource Protected Area","traditional artisanal fishing allowed with gear restrictions","Mean No. 1000 m²","5",NA,NA,NA,NA
"396",804,"Transect count","Family group","Siganidae",NA,NA,NA,"Abundance","No confidence intervals were provided; significance tested using Spearman’s rank correlation (p-values reported)","NTZ","Nabq Managed Resource Protected Area","traditional artisanal fishing allowed with gear restrictions","Mean No. 1000 m²","1","0","1.543",NA,NA
"397",804,"Transect count","Family group","Siganidae",NA,NA,NA,"Abundance","No confidence intervals were provided; significance tested using Spearman’s rank correlation (p-values reported)","NTZ","Nabq Managed Resource Protected Area","traditional artisanal fishing allowed with gear restrictions","Mean No. 1000 m²","2","300","1.028",NA,NA
"398",804,"Transect count","Family group","Siganidae",NA,NA,NA,"Abundance","No confidence intervals were provided; significance tested using Spearman’s rank correlation (p-values reported)","NTZ","Nabq Managed Resource Protected Area","traditional artisanal fishing allowed with gear restrictions","Mean No. 1000 m²","3","600","0",NA,NA
"399",804,"Transect count","Family group","Siganidae",NA,NA,NA,"Abundance","No confidence intervals were provided; significance tested using Spearman’s rank correlation (p-values reported)","NTZ","Nabq Managed Resource Protected Area","traditional artisanal fishing allowed with gear restrictions","Mean No. 1000 m²","4","1000","10.289",NA,NA
"400",804,"Transect count","Family group","Siganidae",NA,NA,NA,"Abundance","No confidence intervals were provided; significance tested using Spearman’s rank correlation (p-values reported)","NTZ","Nabq Managed Resource Protected Area","traditional artisanal fishing allowed with gear restrictions","Mean No. 1000 m²","5","1200","1.543",NA,NA
"401",804,"Transect count","Family group","Siganidae",NA,NA,NA,"Abundance","No confidence intervals were provided; significance tested using Spearman’s rank correlation (p-values reported)","NTZ","Nabq Managed Resource Protected Area","traditional artisanal fishing allowed with gear restrictions","Mean No. 1000 m²","1","200","1.5434",NA,NA
"402",804,"Transect count","Family group","Siganidae",NA,NA,NA,"Abundance","No confidence intervals were provided; significance tested using Spearman’s rank correlation (p-values reported)","NTZ","Nabq Managed Resource Protected Area","traditional artisanal fishing allowed with gear restrictions","Mean No. 1000 m²","2","300","6.688",NA,NA
"403",804,"Transect count","Family group","Siganidae",NA,NA,NA,"Abundance","No confidence intervals were provided; significance tested using Spearman’s rank correlation (p-values reported)","NTZ","Nabq Managed Resource Protected Area","traditional artisanal fishing allowed with gear restrictions","Mean No. 1000 m²","3","600","0.5145",NA,NA
"404",804,"Transect count","Family group","Siganidae",NA,NA,NA,"Abundance","No confidence intervals were provided; significance tested using Spearman’s rank correlation (p-values reported)","NTZ","Nabq Managed Resource Protected Area","traditional artisanal fishing allowed with gear restrictions","Mean No. 1000 m²","4","1000","20.579",NA,NA
"405",804,"Transect count","Family group","Siganidae",NA,NA,NA,"Abundance","No confidence intervals were provided; significance tested using Spearman’s rank correlation (p-values reported)","NTZ","Nabq Managed Resource Protected Area","traditional artisanal fishing allowed with gear restrictions","Mean No. 1000 m²","5","1100","0",NA,NA
"406",842,"Catch","Individual species","Palinuridae","Panulirus","Panulirus interruptus",NA,"Catch per unit effort (CPUE)","95% confidence intervals","NTZ","Gull Marine Reserve","Limited entry, size limit, gear limit, seasonal closure","Mean number of lobsters per trap","1","≥-2000","7.6454949",NA,NA
"407",842,"Catch","Individual species","Palinuridae","Panulirus","Panulirus interruptus",NA,"Catch per unit effort (CPUE)","95% confidence intervals","NTZ","Gull Marine Reserve","Limited entry, size limit, gear limit, seasonal closure","Mean number of lobsters per trap","2","≤-1000","4.6187725",NA,NA
"408",842,"Catch","Individual species","Palinuridae","Panulirus","Panulirus interruptus",NA,"Catch per unit effort (CPUE)","95% confidence intervals","NTZ","Gull Marine Reserve","Limited entry, size limit, gear limit, seasonal closure","Mean number of lobsters per trap","3","≤ 1000","0.6572539",NA,NA
"409",842,"Catch","Individual species","Palinuridae","Panulirus","Panulirus interruptus",NA,"Catch per unit effort (CPUE)","95% confidence intervals","NTZ","Gull Marine Reserve","Limited entry, size limit, gear limit, seasonal closure","Mean number of lobsters per trap","4","≥ 2000","1.1562051",NA,NA
"410",842,"Catch","Individual species","Palinuridae","Panulirus","Panulirus interruptus",NA,"Catch per unit effort (CPUE)","95% confidence intervals","NTZ","Gull Marine Reserve","Limited entry, size limit, gear limit, seasonal closure","Mean number of lobsters per trap","5",NA,NA,NA,NA
"411",842,"Catch","Individual species","Palinuridae","Panulirus","Panulirus interruptus",NA,"Catch per unit effort (CPUE)","95% confidence intervals","NTZ","Gull Marine Reserve","Limited entry, size limit, gear limit, seasonal closure","Mean number of lobsters per trap","1","≥-2000","20.02",NA,NA
"412",842,"Catch","Individual species","Palinuridae","Panulirus","Panulirus interruptus",NA,"Catch per unit effort (CPUE)","95% confidence intervals","NTZ","Gull Marine Reserve","Limited entry, size limit, gear limit, seasonal closure","Mean number of lobsters per trap","2","≤-1000","7.84",NA,NA
"413",842,"Catch","Individual species","Palinuridae","Panulirus","Panulirus interruptus",NA,"Catch per unit effort (CPUE)","95% confidence intervals","NTZ","Gull Marine Reserve","Limited entry, size limit, gear limit, seasonal closure","Mean number of lobsters per trap","3","≤ 1000","1.76",NA,NA
"414",842,"Catch","Individual species","Palinuridae","Panulirus","Panulirus interruptus",NA,"Catch per unit effort (CPUE)","95% confidence intervals","NTZ","Gull Marine Reserve","Limited entry, size limit, gear limit, seasonal closure","Mean number of lobsters per trap","4","≥ 2000","0.25",NA,NA
"415",842,"Catch","Individual species","Palinuridae","Panulirus","Panulirus interruptus",NA,"Catch per unit effort (CPUE)","95% confidence intervals","NTZ","Gull Marine Reserve","Limited entry, size limit, gear limit, seasonal closure","Mean number of lobsters per trap","5",NA,NA,NA,NA
"416",842,"Catch","Individual species","Palinuridae","Panulirus","Panulirus interruptus",NA,"Catch per unit effort (CPUE)","95% confidence intervals","NTZ","Gull Marine Reserve","Limited entry, size limit, gear limit, seasonal closure","Mean difference CPUE in number of lobsters per trap","1","≥-2000","9.5","11.25","7.76"
"417",842,"Catch","Individual species","Palinuridae","Panulirus","Panulirus interruptus",NA,"Catch per unit effort (CPUE)","95% confidence intervals","NTZ","Gull Marine Reserve","Limited entry, size limit, gear limit, seasonal closure","Mean difference CPUE in number of lobsters per trap","2","≤-1000","2.13","5.53","-1.27"
"418",842,"Catch","Individual species","Palinuridae","Panulirus","Panulirus interruptus",NA,"Catch per unit effort (CPUE)","95% confidence intervals","NTZ","Gull Marine Reserve","Limited entry, size limit, gear limit, seasonal closure","Mean difference CPUE in number of lobsters per trap","3","≤ 1000","1.47","2.08","0.86"
"419",842,"Catch","Individual species","Palinuridae","Panulirus","Panulirus interruptus",NA,"Catch per unit effort (CPUE)","95% confidence intervals","NTZ","Gull Marine Reserve","Limited entry, size limit, gear limit, seasonal closure","Mean difference CPUE in number of lobsters per trap","4","≥ 2000","-0.8","-0.56","-1.05"
"420",842,"Catch","Individual species","Palinuridae","Panulirus","Panulirus interruptus",NA,"Catch per unit effort (CPUE)","95% confidence intervals","NTZ","Gull Marine Reserve","Limited entry, size limit, gear limit, seasonal closure","Mean difference CPUE in number of lobsters per trap","5",NA,NA,NA,NA
"421",842,"Catch","Individual species","Palinuridae","Panulirus","Panulirus interruptus",NA,"Catch per unit effort (CPUE)","95% confidence intervals","NTZ","Scorpion Marine Reserve ","Limited entry, size limit, gear limit, seasonal closure","Mean number of lobsters per trap","1","≥-850","5.1142857",NA,NA
"422",842,"Catch","Individual species","Palinuridae","Panulirus","Panulirus interruptus",NA,"Catch per unit effort (CPUE)","95% confidence intervals","NTZ","Scorpion Marine Reserve ","Limited entry, size limit, gear limit, seasonal closure","Mean number of lobsters per trap","2","≤-650","1.8717949",NA,NA
"423",842,"Catch","Individual species","Palinuridae","Panulirus","Panulirus interruptus",NA,"Catch per unit effort (CPUE)","95% confidence intervals","NTZ","Scorpion Marine Reserve ","Limited entry, size limit, gear limit, seasonal closure","Mean number of lobsters per trap","3","≤ 1000","0.5211268",NA,NA
"424",842,"Catch","Individual species","Palinuridae","Panulirus","Panulirus interruptus",NA,"Catch per unit effort (CPUE)","95% confidence intervals","NTZ","Scorpion Marine Reserve ","Limited entry, size limit, gear limit, seasonal closure","Mean number of lobsters per trap","4","≥ 2000","2.3461538",NA,NA
"425",842,"Catch","Individual species","Palinuridae","Panulirus","Panulirus interruptus",NA,"Catch per unit effort (CPUE)","95% confidence intervals","NTZ","Scorpion Marine Reserve ","Limited entry, size limit, gear limit, seasonal closure","Mean number of lobsters per trap","5",NA,NA,NA,NA
"426",842,"Catch","Individual species","Palinuridae","Panulirus","Panulirus interruptus",NA,"Catch per unit effort (CPUE)","95% confidence intervals","NTZ","Scorpion Marine Reserve ","Limited entry, size limit, gear limit, seasonal closure","Mean number of lobsters per trap","1","≥-850","25.6615017",NA,NA
"427",842,"Catch","Individual species","Palinuridae","Panulirus","Panulirus interruptus",NA,"Catch per unit effort (CPUE)","95% confidence intervals","NTZ","Scorpion Marine Reserve ","Limited entry, size limit, gear limit, seasonal closure","Mean number of lobsters per trap","2","≤-650","9.0666667",NA,NA
"428",842,"Catch","Individual species","Palinuridae","Panulirus","Panulirus interruptus",NA,"Catch per unit effort (CPUE)","95% confidence intervals","NTZ","Scorpion Marine Reserve ","Limited entry, size limit, gear limit, seasonal closure","Mean number of lobsters per trap","3","≤ 1000","2.1639344",NA,NA
"429",842,"Catch","Individual species","Palinuridae","Panulirus","Panulirus interruptus",NA,"Catch per unit effort (CPUE)","95% confidence intervals","NTZ","Scorpion Marine Reserve ","Limited entry, size limit, gear limit, seasonal closure","Mean number of lobsters per trap","4","≥ 2000","2.3653846",NA,NA
"430",842,"Catch","Individual species","Palinuridae","Panulirus","Panulirus interruptus",NA,"Catch per unit effort (CPUE)","95% confidence intervals","NTZ","Scorpion Marine Reserve ","Limited entry, size limit, gear limit, seasonal closure","Mean number of lobsters per trap","5",NA,NA,NA,NA
"431",842,"Catch","Individual species","Palinuridae","Panulirus","Panulirus interruptus",NA,"Catch per unit effort (CPUE)","95% confidence intervals","NTZ","Scorpion Marine Reserve ","Limited entry, size limit, gear limit, seasonal closure","Mean number of lobsters per trap","1","≥-850","20.55","24.19","16.9"
"432",842,"Catch","Individual species","Palinuridae","Panulirus","Panulirus interruptus",NA,"Catch per unit effort (CPUE)","95% confidence intervals","NTZ","Scorpion Marine Reserve ","Limited entry, size limit, gear limit, seasonal closure","Mean number of lobsters per trap","2","≤-650","7.19","8.94","5.45"
"433",842,"Catch","Individual species","Palinuridae","Panulirus","Panulirus interruptus",NA,"Catch per unit effort (CPUE)","95% confidence intervals","NTZ","Scorpion Marine Reserve ","Limited entry, size limit, gear limit, seasonal closure","Mean number of lobsters per trap","3","≤ 1000","1.64","2.19","1.1"
"434",842,"Catch","Individual species","Palinuridae","Panulirus","Panulirus interruptus",NA,"Catch per unit effort (CPUE)","95% confidence intervals","NTZ","Scorpion Marine Reserve ","Limited entry, size limit, gear limit, seasonal closure","Mean number of lobsters per trap","4","≥ 2000","0.02","1.16","-1.12"
"435",842,"Catch","Individual species","Palinuridae","Panulirus","Panulirus interruptus",NA,"Catch per unit effort (CPUE)","95% confidence intervals","NTZ","Scorpion Marine Reserve ","Limited entry, size limit, gear limit, seasonal closure","Mean number of lobsters per trap","5",NA,NA,NA,NA
"436",842,"Catch","Individual species","Palinuridae","Panulirus","Panulirus interruptus",NA,"Biomass","95% confidence intervals","NTZ","Gull Marine Reserve","Limited entry, size limit, gear limit, seasonal closure","Mean weight per trap (kg)","1","≥-2000","8.21",NA,NA
"437",842,"Catch","Individual species","Palinuridae","Panulirus","Panulirus interruptus",NA,"Biomass","95% confidence intervals","NTZ","Gull Marine Reserve","Limited entry, size limit, gear limit, seasonal closure","Mean weight per trap (kg)","2","≤-1000","4.1",NA,NA
"438",842,"Catch","Individual species","Palinuridae","Panulirus","Panulirus interruptus",NA,"Biomass","95% confidence intervals","NTZ","Gull Marine Reserve","Limited entry, size limit, gear limit, seasonal closure","Mean weight per trap (kg)","3","≤ 1000","0.49",NA,NA
"439",842,"Catch","Individual species","Palinuridae","Panulirus","Panulirus interruptus",NA,"Biomass","95% confidence intervals","NTZ","Gull Marine Reserve","Limited entry, size limit, gear limit, seasonal closure","Mean weight per trap (kg)","4","≥ 2000","0.92",NA,NA
"440",842,"Catch","Individual species","Palinuridae","Panulirus","Panulirus interruptus",NA,"Biomass","95% confidence intervals","NTZ","Gull Marine Reserve","Limited entry, size limit, gear limit, seasonal closure","Mean weight per trap (kg)","5",NA,NA,NA,NA
"441",842,"Catch","Individual species","Palinuridae","Panulirus","Panulirus interruptus",NA,"Biomass","95% confidence intervals","NTZ","Gull Marine Reserve","Limited entry, size limit, gear limit, seasonal closure","Mean weight per trap (kg)","1","≥-2000","20.02",NA,NA
"442",842,"Catch","Individual species","Palinuridae","Panulirus","Panulirus interruptus",NA,"Biomass","95% confidence intervals","NTZ","Gull Marine Reserve","Limited entry, size limit, gear limit, seasonal closure","Mean weight per trap (kg)","2","≤-1000","7.84",NA,NA
"443",842,"Catch","Individual species","Palinuridae","Panulirus","Panulirus interruptus",NA,"Biomass","95% confidence intervals","NTZ","Gull Marine Reserve","Limited entry, size limit, gear limit, seasonal closure","Mean weight per trap (kg)","3","≤ 1000","1.76",NA,NA
"444",842,"Catch","Individual species","Palinuridae","Panulirus","Panulirus interruptus",NA,"Biomass","95% confidence intervals","NTZ","Gull Marine Reserve","Limited entry, size limit, gear limit, seasonal closure","Mean weight per trap (kg)","4","≥ 2000","0.25",NA,NA
"445",842,"Catch","Individual species","Palinuridae","Panulirus","Panulirus interruptus",NA,"Biomass","95% confidence intervals","NTZ","Gull Marine Reserve","Limited entry, size limit, gear limit, seasonal closure","Mean weight per trap (kg)","5",NA,NA,NA,NA
"446",842,"Catch","Individual species","Palinuridae","Panulirus","Panulirus interruptus",NA,"Biomass","95% confidence intervals","NTZ","Gull Marine Reserve","Limited entry, size limit, gear limit, seasonal closure","Difference in mean weight per trap (kg)","1","≥-2000","11.81","13.84","9.79"
"447",842,"Catch","Individual species","Palinuridae","Panulirus","Panulirus interruptus",NA,"Biomass","95% confidence intervals","NTZ","Gull Marine Reserve","Limited entry, size limit, gear limit, seasonal closure","Difference in mean weight per trap (kg)","2","≤-1000","3.74","7.67","0.19"
"448",842,"Catch","Individual species","Palinuridae","Panulirus","Panulirus interruptus",NA,"Biomass","95% confidence intervals","NTZ","Gull Marine Reserve","Limited entry, size limit, gear limit, seasonal closure","Difference in mean weight per trap (kg)","3","≤ 1000","1.27","1.82","0.71"
"449",842,"Catch","Individual species","Palinuridae","Panulirus","Panulirus interruptus",NA,"Biomass","95% confidence intervals","NTZ","Gull Marine Reserve","Limited entry, size limit, gear limit, seasonal closure","Difference in mean weight per trap (kg)","4","≥ 2000","-0.68","-0.48","-0.88"
"450",842,"Catch","Individual species","Palinuridae","Panulirus","Panulirus interruptus",NA,"Biomass","95% confidence intervals","NTZ","Gull Marine Reserve","Limited entry, size limit, gear limit, seasonal closure","Difference in mean weight per trap (kg)","5",NA,NA,NA,NA
"451",842,"Catch","Individual species","Palinuridae","Panulirus","Panulirus interruptus",NA,"Biomass","95% confidence intervals","NTZ","Scorpion Marine Reserve ","Limited entry, size limit, gear limit, seasonal closure","Mean weight per trap (kg)","1","≥-850","5.22",NA,NA
"452",842,"Catch","Individual species","Palinuridae","Panulirus","Panulirus interruptus",NA,"Biomass","95% confidence intervals","NTZ","Scorpion Marine Reserve ","Limited entry, size limit, gear limit, seasonal closure","Mean weight per trap (kg)","2","≤-650","0.44",NA,NA
"453",842,"Catch","Individual species","Palinuridae","Panulirus","Panulirus interruptus",NA,"Biomass","95% confidence intervals","NTZ","Scorpion Marine Reserve ","Limited entry, size limit, gear limit, seasonal closure","Mean weight per trap (kg)","3","≤ 1000","0.44",NA,NA
"454",842,"Catch","Individual species","Palinuridae","Panulirus","Panulirus interruptus",NA,"Biomass","95% confidence intervals","NTZ","Scorpion Marine Reserve ","Limited entry, size limit, gear limit, seasonal closure","Mean weight per trap (kg)","4","≥ 2000","1.88",NA,NA
"455",842,"Catch","Individual species","Palinuridae","Panulirus","Panulirus interruptus",NA,"Biomass","95% confidence intervals","NTZ","Scorpion Marine Reserve ","Limited entry, size limit, gear limit, seasonal closure","Mean weight per trap (kg)","5",NA,NA,NA,NA
"456",842,"Catch","Individual species","Palinuridae","Panulirus","Panulirus interruptus",NA,"Biomass","95% confidence intervals","NTZ","Scorpion Marine Reserve ","Limited entry, size limit, gear limit, seasonal closure","Mean weight per trap (kg)","1","≥-850","29.48",NA,NA
"457",842,"Catch","Individual species","Palinuridae","Panulirus","Panulirus interruptus",NA,"Biomass","95% confidence intervals","NTZ","Scorpion Marine Reserve ","Limited entry, size limit, gear limit, seasonal closure","Mean weight per trap (kg)","2","≤-650","7.99",NA,NA
"458",842,"Catch","Individual species","Palinuridae","Panulirus","Panulirus interruptus",NA,"Biomass","95% confidence intervals","NTZ","Scorpion Marine Reserve ","Limited entry, size limit, gear limit, seasonal closure","Mean weight per trap (kg)","3","≤ 1000","1.9",NA,NA
"459",842,"Catch","Individual species","Palinuridae","Panulirus","Panulirus interruptus",NA,"Biomass","95% confidence intervals","NTZ","Scorpion Marine Reserve ","Limited entry, size limit, gear limit, seasonal closure","Mean weight per trap (kg)","4","≥ 2000","1.83",NA,NA
"460",842,"Catch","Individual species","Palinuridae","Panulirus","Panulirus interruptus",NA,"Biomass","95% confidence intervals","NTZ","Scorpion Marine Reserve ","Limited entry, size limit, gear limit, seasonal closure","Mean weight per trap (kg)","5",NA,NA,NA,NA
"461",842,"Catch","Individual species","Palinuridae","Panulirus","Panulirus interruptus",NA,"Biomass","95% confidence intervals","NTZ","Scorpion Marine Reserve ","Limited entry, size limit, gear limit, seasonal closure","Difference in mean weight per trap (kg)","1","≥-850","24.26","29.06","19.47"
"462",842,"Catch","Individual species","Palinuridae","Panulirus","Panulirus interruptus",NA,"Biomass","95% confidence intervals","NTZ","Scorpion Marine Reserve ","Limited entry, size limit, gear limit, seasonal closure","Difference in mean weight per trap (kg)","2","≤-650","6.15","7.78","4.53"
"463",842,"Catch","Individual species","Palinuridae","Panulirus","Panulirus interruptus",NA,"Biomass","95% confidence intervals","NTZ","Scorpion Marine Reserve ","Limited entry, size limit, gear limit, seasonal closure","Difference in mean weight per trap (kg)","3","≤ 1000","1.46","4.33","2.11"
"464",842,"Catch","Individual species","Palinuridae","Panulirus","Panulirus interruptus",NA,"Biomass","95% confidence intervals","NTZ","Scorpion Marine Reserve ","Limited entry, size limit, gear limit, seasonal closure","Difference in mean weight per trap (kg)","4","≥ 2000","-0.11","0.93","-0.96"
"465",842,"Catch","Individual species","Palinuridae","Panulirus","Panulirus interruptus",NA,"Biomass","95% confidence intervals","NTZ","Scorpion Marine Reserve ","Limited entry, size limit, gear limit, seasonal closure","Difference in mean weight per trap (kg)","5",NA,NA,NA,NA
"466",865,"Transect count","Functional group",NA,NA,NA,"Herbivorous fish (Acanthuridae, Scaridae)","Biomass",NA,"NTZ","Vamizi Marine Reserve","Yes","g","1","4000","3503.62",NA,NA
"467",865,"Transect count","Functional group",NA,NA,NA,"Herbivorous fish (Acanthuridae, Scaridae)","Biomass",NA,"NTZ","Vamizi Marine Reserve","Yes","g","2","2000 - 3000","1799.84",NA,NA
"468",865,"Transect count","Functional group",NA,NA,NA,"Herbivorous fish (Acanthuridae, Scaridae)","Biomass",NA,"NTZ","Vamizi Marine Reserve","Yes","g","3","0 - 2000","5102.97",NA,NA
"469",865,"Transect count","Functional group",NA,NA,NA,"Herbivorous fish (Acanthuridae, Scaridae)","Biomass",NA,"NTZ","Vamizi Marine Reserve","Yes","g","4","-0 - -2000","4694.09",NA,NA
"470",865,"Transect count","Functional group",NA,NA,NA,"Herbivorous fish (Acanthuridae, Scaridae)","Biomass",NA,"NTZ","Vamizi Marine Reserve","Yes","g","5","-3000 - -4000","5073.84",NA,NA
"471",865,"Transect count","Functional group",NA,NA,NA,"Herbivorous fish (Acanthuridae, Scaridae)","Biomass",NA,"NTZ","Vamizi Marine Reserve","Yes","g","1","4000","506.33",NA,NA
"472",865,"Transect count","Functional group",NA,NA,NA,"Herbivorous fish (Acanthuridae, Scaridae)","Biomass",NA,"NTZ","Vamizi Marine Reserve","Yes","g","2","0 - 2000 (outside)","4448.46",NA,NA
"473",865,"Transect count","Functional group",NA,NA,NA,"Herbivorous fish (Acanthuridae, Scaridae)","Biomass",NA,"NTZ","Vamizi Marine Reserve","Yes","g","3","-0 - -2000 ","2981.72",NA,NA
"474",865,"Transect count","Functional group",NA,NA,NA,"Herbivorous fish (Acanthuridae, Scaridae)","Biomass",NA,"NTZ","Vamizi Marine Reserve","Yes","g","4","-2000 - -4000","2051.69",NA,NA
"475",865,"Transect count","Functional group",NA,NA,NA,"Herbivorous fish (Acanthuridae, Scaridae)","Biomass",NA,"NTZ","Vamizi Marine Reserve","Yes","g","5","> -6000","5395.57",NA,NA
"476",865,"Transect count","Functional group",NA,NA,NA,"Herbivorous fish (Acanthuridae, Scaridae)","Biomass",NA,"NTZ","Vamizi Marine Reserve","Yes","g","1","2000","0",NA,NA
"477",865,"Transect count","Functional group",NA,NA,NA,"Herbivorous fish (Acanthuridae, Scaridae)","Biomass",NA,"NTZ","Vamizi Marine Reserve","Yes","g","2","0 - 2000 (outside)","937.5",NA,NA
"478",865,"Transect count","Functional group",NA,NA,NA,"Herbivorous fish (Acanthuridae, Scaridae)","Biomass",NA,"NTZ","Vamizi Marine Reserve","Yes","g","3","-0 - -2000","765.82",NA,NA
"479",865,"Transect count","Functional group",NA,NA,NA,"Herbivorous fish (Acanthuridae, Scaridae)","Biomass",NA,"NTZ","Vamizi Marine Reserve","Yes","g","4","-2000 - -4000","1147.15",NA,NA
"480",865,"Transect count","Functional group",NA,NA,NA,"Herbivorous fish (Acanthuridae, Scaridae)","Biomass",NA,"NTZ","Vamizi Marine Reserve","Yes","g","5","> -6000","1474.68",NA,NA
"481",865,"Transect count","Functional group",NA,NA,NA,"Herbivorous fish (Acanthuridae, Scaridae)","Biomass",NA,"NTZ","Vamizi Marine Reserve","Yes","g","1","2000-3000","0",NA,NA
"482",865,"Transect count","Functional group",NA,NA,NA,"Herbivorous fish (Acanthuridae, Scaridae)","Biomass",NA,"NTZ","Vamizi Marine Reserve","Yes","g","2","0 - 2000 (outside)","0",NA,NA
"483",865,"Transect count","Functional group",NA,NA,NA,"Herbivorous fish (Acanthuridae, Scaridae)","Biomass",NA,"NTZ","Vamizi Marine Reserve","Yes","g","3","-0 - -2000","0",NA,NA
"484",865,"Transect count","Functional group",NA,NA,NA,"Herbivorous fish (Acanthuridae, Scaridae)","Biomass",NA,"NTZ","Vamizi Marine Reserve","Yes","g","4","-2000 - -4000","1835.44",NA,NA
"485",865,"Transect count","Functional group",NA,NA,NA,"Herbivorous fish (Acanthuridae, Scaridae)","Biomass",NA,"NTZ","Vamizi Marine Reserve","Yes","g","5","> -6000","3280.59",NA,NA
"486",870,"Transect count","Target species as a group",NA,NA,NA,"Demersal commercial fishes","Abundance","95% confidence intervals","NTZ","Punta Javana Marine Protected Area","artisanal fishing areas outside the NTZ","log-transformed number of individuals per 250 m² transect","1","0","0.166","0.323","0.013"
"487",870,"Transect count","Target species as a group",NA,NA,NA,"Demersal commercial fishes","Abundance","95% confidence intervals","NTZ","Punta Javana Marine Protected Area","artisanal fishing areas outside the NTZ","log-transformed number of individuals per 250 m² transect","2","500","0.029","0.162","-0.121"
"488",870,"Transect count","Target species as a group",NA,NA,NA,"Demersal commercial fishes","Abundance","95% confidence intervals","NTZ","Punta Javana Marine Protected Area","artisanal fishing areas outside the NTZ","log-transformed number of individuals per 250 m² transect","3","1000","-0.123","0.017","-0.27"
"489",870,"Transect count","Target species as a group",NA,NA,NA,"Demersal commercial fishes","Abundance","95% confidence intervals","NTZ","Punta Javana Marine Protected Area","artisanal fishing areas outside the NTZ","log-transformed number of individuals per 250 m² transect","4","1500","-0.207","-0.04","-0.386"
"490",870,"Transect count","Target species as a group",NA,NA,NA,"Demersal commercial fishes","Abundance","95% confidence intervals","NTZ","Punta Javana Marine Protected Area","artisanal fishing areas outside the NTZ","log-transformed number of individuals per 250 m² transect","5","2000","-0.274","-0.068","-0.492"
"491",870,"Transect count","Target species as a group",NA,NA,NA,"Demersal commercial fishes","Abundance","95% confidence intervals","NTZ","Punta Javana Marine Protected Area ","artisanal fishing areas outside the NTZ","log-transformed number of individuals per 250 m² transect","1","0","0.166","0.323","0.013"
"492",870,"Transect count","Target species as a group",NA,NA,NA,"Demersal commercial fishes","Abundance","95% confidence intervals","NTZ","Punta Javana Marine Protected Area ","artisanal fishing areas outside the NTZ","log-transformed number of individuals per 250 m² transect","2","500","0.205","0.365","0.044"
"493",870,"Transect count","Target species as a group",NA,NA,NA,"Demersal commercial fishes","Abundance","95% confidence intervals","NTZ","Punta Javana Marine Protected Area ","artisanal fishing areas outside the NTZ","log-transformed number of individuals per 250 m² transect","3","1000","0.176","0.343","0.013"
"494",870,"Transect count","Target species as a group",NA,NA,NA,"Demersal commercial fishes","Abundance","95% confidence intervals","NTZ","Punta Javana Marine Protected Area ","artisanal fishing areas outside the NTZ","log-transformed number of individuals per 250 m² transect","4","1500","0.107","0.264","-0.044"
"495",870,"Transect count","Target species as a group",NA,NA,NA,"Demersal commercial fishes","Abundance","95% confidence intervals","NTZ","Punta Javana Marine Protected Area ","artisanal fishing areas outside the NTZ","log-transformed number of individuals per 250 m² transect","5","2000","0.046","0.235","-0.143"
"496",870,"Transect count","Target species as a group",NA,NA,NA,"Demersal commercial fishes","Abundance","95% confidence intervals","NTZ","Polacra Marine Protected Area ","artisanal fishing areas outside the NTZ","log-transformed number of individuals per 250 m² transect","1","0","0.259","0.414","0.107"
"497",870,"Transect count","Target species as a group",NA,NA,NA,"Demersal commercial fishes","Abundance","95% confidence intervals","NTZ","Polacra Marine Protected Area ","artisanal fishing areas outside the NTZ","log-transformed number of individuals per 250 m² transect","2","1000","0.091","0.251","-0.073"
"498",870,"Transect count","Target species as a group",NA,NA,NA,"Demersal commercial fishes","Abundance","95% confidence intervals","NTZ","Polacra Marine Protected Area ","artisanal fishing areas outside the NTZ","log-transformed number of individuals per 250 m² transect","3","2000","-0.046","0.115","-0.196"
"499",870,"Transect count","Target species as a group",NA,NA,NA,"Demersal commercial fishes","Abundance","95% confidence intervals","NTZ","Polacra Marine Protected Area ","artisanal fishing areas outside the NTZ","log-transformed number of individuals per 250 m² transect","4","3000","-0.212","-0.042","-0.384"
"500",870,"Transect count","Target species as a group",NA,NA,NA,"Demersal commercial fishes","Abundance","95% confidence intervals","NTZ","Polacra Marine Protected Area ","artisanal fishing areas outside the NTZ","log-transformed number of individuals per 250 m² transect","5","3500","-0.325","-0.117","-0.533"
"501",870,"Transect count","Target species as a group",NA,NA,NA,"Demersal commercial fishes","Abundance","95% confidence intervals","NTZ","Polacra Marine Protected Area ","artisanal fishing areas outside the NTZ","log-transformed number of individuals per 250 m² transect","1","0","0.259","0.414","0.107"
"502",870,"Transect count","Target species as a group",NA,NA,NA,"Demersal commercial fishes","Abundance","95% confidence intervals","NTZ","Polacra Marine Protected Area ","artisanal fishing areas outside the NTZ","log-transformed number of individuals per 250 m² transect","2","900","0.246","0.4","0.093"
"503",870,"Transect count","Target species as a group",NA,NA,NA,"Demersal commercial fishes","Abundance","95% confidence intervals","NTZ","Polacra Marine Protected Area ","artisanal fishing areas outside the NTZ","log-transformed number of individuals per 250 m² transect","3","1500","0.107","0.246","-0.034"
"504",870,"Transect count","Target species as a group",NA,NA,NA,"Demersal commercial fishes","Abundance","95% confidence intervals","NTZ","Polacra Marine Protected Area ","artisanal fishing areas outside the NTZ","log-transformed number of individuals per 250 m² transect","4","2000","-0.004","0.121","-0.135"
"505",870,"Transect count","Target species as a group",NA,NA,NA,"Demersal commercial fishes","Abundance","95% confidence intervals","NTZ","Polacra Marine Protected Area ","artisanal fishing areas outside the NTZ","log-transformed number of individuals per 250 m² transect","5","2600","-0.099","0.085","-0.279"
"506",870,"Transect count","Target species as a group",NA,NA,NA,"Demersal commercial fishes","Abundance","95% confidence intervals","NTZ","Loma Pelada Marine Protected Area","artisanal fishing areas outside the NTZ","log-transformed number of individuals per 250 m² transect","1","0","0.129","0.292","-0.041"
"507",870,"Transect count","Target species as a group",NA,NA,NA,"Demersal commercial fishes","Abundance","95% confidence intervals","NTZ","Loma Pelada Marine Protected Area","artisanal fishing areas outside the NTZ","log-transformed number of individuals per 250 m² transect","2","500","-0.017","0.141","-0.187"
"508",870,"Transect count","Target species as a group",NA,NA,NA,"Demersal commercial fishes","Abundance","95% confidence intervals","NTZ","Loma Pelada Marine Protected Area","artisanal fishing areas outside the NTZ","log-transformed number of individuals per 250 m² transect","3","1000","-0.075","0.091","-0.246"
"509",870,"Transect count","Target species as a group",NA,NA,NA,"Demersal commercial fishes","Abundance","95% confidence intervals","NTZ","Loma Pelada Marine Protected Area","artisanal fishing areas outside the NTZ","log-transformed number of individuals per 250 m² transect","4","1500","0.045","0.208","-0.103"
"510",870,"Transect count","Target species as a group",NA,NA,NA,"Demersal commercial fishes","Abundance","95% confidence intervals","NTZ","Loma Pelada Marine Protected Area","artisanal fishing areas outside the NTZ","log-transformed number of individuals per 250 m² transect","5","1900","0.259","0.478","0.049"
"511",870,"Transect count","Target species as a group",NA,NA,NA,"Demersal commercial fishes","Abundance","95% confidence intervals","NTZ","Demersal commercial fishes","artisanal fishing areas outside the NTZ","log-transformed number of individuals per 250 m² transect","1","0","0.129","0.292","-0.041"
"512",870,"Transect count","Target species as a group",NA,NA,NA,"Demersal commercial fishes","Abundance","95% confidence intervals","NTZ","Demersal commercial fishes","artisanal fishing areas outside the NTZ","log-transformed number of individuals per 250 m² transect","2","500","0.117","0.284","-0.055"
"513",870,"Transect count","Target species as a group",NA,NA,NA,"Demersal commercial fishes","Abundance","95% confidence intervals","NTZ","Demersal commercial fishes","artisanal fishing areas outside the NTZ","log-transformed number of individuals per 250 m² transect","3","1000","-0.029","0.131","-0.179"
"514",870,"Transect count","Target species as a group",NA,NA,NA,"Demersal commercial fishes","Abundance","95% confidence intervals","NTZ","Demersal commercial fishes","artisanal fishing areas outside the NTZ","log-transformed number of individuals per 250 m² transect","4","1500","-0.181","-0.011","-0.352"
"515",870,"Transect count","Target species as a group",NA,NA,NA,"Demersal commercial fishes","Abundance","95% confidence intervals","NTZ","Demersal commercial fishes","artisanal fishing areas outside the NTZ","log-transformed number of individuals per 250 m² transect","5","1700","-0.268","-0.047","-0.482"
"516",1064,"Catch","Individual species","Nephropidae","Homarus","Homarus Gammarus ",NA,"Catch per unit effort (CPUE)","Standard error","NTZ","Lamlash Bay Marine Reserve","Yes","Individuals per pot","1","0 (inside)","0.99","1.06","0.92"
"517",1064,"Catch","Individual species","Nephropidae","Homarus","Homarus Gammarus ",NA,"Catch per unit effort (CPUE)","Standard error","NTZ","Lamlash Bay Marine Reserve","Yes","Individuals per pot","2","5000","0.49","0.56","0.42"
"518",1064,"Catch","Individual species","Nephropidae","Homarus","Homarus Gammarus ",NA,"Catch per unit effort (CPUE)","Standard error","NTZ","Lamlash Bay Marine Reserve","Yes","Individuals per pot","3","10000","0.35","0.4","0.31"
"519",1064,"Catch","Individual species","Nephropidae","Homarus","Homarus Gammarus ",NA,"Catch per unit effort (CPUE)","Standard error","NTZ","Lamlash Bay Marine Reserve","Yes","Individuals per pot","4","15000","0.34","0.39","0.29"
"520",1064,"Catch","Individual species","Nephropidae","Homarus","Homarus Gammarus ",NA,"Catch per unit effort (CPUE)","Standard error","NTZ","Lamlash Bay Marine Reserve","Yes","Individuals per pot","5","20000","0.34","0.42","0.27"
"521",1064,"Catch","Individual species","Cancridae","Cancer","Cancer pagurus",NA,"Catch per unit effort (CPUE)","Standard error","NTZ","Lamlash Bay Marine Reserve","Yes","Individuals per pot","1","0","0.38","0.43","0.32"
"522",1064,"Catch","Individual species","Cancridae","Cancer","Cancer pagurus",NA,"Catch per unit effort (CPUE)","Standard error","NTZ","Lamlash Bay Marine Reserve","Yes","Individuals per pot","2","5000","0.62","0.71","0.55"
"523",1064,"Catch","Individual species","Cancridae","Cancer","Cancer pagurus",NA,"Catch per unit effort (CPUE)","Standard error","NTZ","Lamlash Bay Marine Reserve","Yes","Individuals per pot","3","10000","0.83","0.9","0.76"
"524",1064,"Catch","Individual species","Cancridae","Cancer","Cancer pagurus",NA,"Catch per unit effort (CPUE)","Standard error","NTZ","Lamlash Bay Marine Reserve","Yes","Individuals per pot","4","15000","1.24","1.32","1.16"
"525",1064,"Catch","Individual species","Cancridae","Cancer","Cancer pagurus",NA,"Catch per unit effort (CPUE)","Standard error","NTZ","Lamlash Bay Marine Reserve","Yes","Individuals per pot","5","20000","0.85","0.91","0.79"
"526",1064,"Catch","Individual species","Nephropidae","Homarus","Homarus Gammarus",NA,"Biomass","Standard error","NTZ","Lamlash Bay Marine Reserve","Yes","grams per pot (g pot⁻¹)","1","0","665.885","715.1","616.66"
"527",1064,"Catch","Individual species","Nephropidae","Homarus","Homarus Gammarus",NA,"Biomass","Standard error","NTZ","Lamlash Bay Marine Reserve","Yes","grams per pot (g pot⁻¹)","2","500","341.41","407.03","275.78"
"528",1064,"Catch","Individual species","Nephropidae","Homarus","Homarus Gammarus",NA,"Biomass","Standard error","NTZ","Lamlash Bay Marine Reserve","Yes","grams per pot (g pot⁻¹)","3","1000","233.85","284.9","180.9"
"529",1064,"Catch","Individual species","Nephropidae","Homarus","Homarus Gammarus",NA,"Biomass","Standard error","NTZ","Lamlash Bay Marine Reserve","Yes","grams per pot (g pot⁻¹)","4","1500","235.68","314.06","157.29"
"530",1064,"Catch","Individual species","Nephropidae","Homarus","Homarus Gammarus",NA,"Biomass","Standard error","NTZ","Lamlash Bay Marine Reserve","Yes","grams per pot (g pot⁻¹)","5","2000","359.64",NA,NA
"531",1113,"Catch","Individual species","Palinuridae","Panulirus","argus",NA,"Fish size",NA,"NTZ","Florida Keys National Marine Sanctuary","Yes","mm","1","<0.25 nm","84.01",NA,NA
"532",1113,"Catch","Individual species","Palinuridae","Panulirus","argus",NA,"Fish size",NA,"NTZ","Florida Keys National Marine Sanctuary","Yes","mm","2",">0.25 nm","83.12",NA,NA
"533",1113,"Catch","Individual species","Palinuridae","Panulirus","argus",NA,"Fish size",NA,"NTZ","Florida Keys National Marine Sanctuary","Yes","mm","3",NA,NA,NA,NA
"534",1113,"Catch","Individual species","Palinuridae","Panulirus","argus",NA,"Fish size",NA,"NTZ","Florida Keys National Marine Sanctuary","Yes","mm","4",NA,NA,NA,NA
"535",1113,"Catch","Individual species","Palinuridae","Panulirus","argus",NA,"Fish size",NA,"NTZ","Florida Keys National Marine Sanctuary","Yes","mm","5",NA,NA,NA,NA
"536",1113,"Catch","Individual species","Palinuridae","Panilurus","argus",NA,"Catch per unit effort (CPUE)",NA,"NTZ","Florida Keys National Marine Sanctuary","Yes","Catch rate","1","<0.25 nm","0.08",NA,NA
"537",1113,"Catch","Individual species","Palinuridae","Panilurus","argus",NA,"Catch per unit effort (CPUE)",NA,"NTZ","Florida Keys National Marine Sanctuary","Yes","Catch rate","2",">0.25 nm","0.07",NA,NA
"538",1113,"Catch","Individual species","Palinuridae","Panilurus","argus",NA,"Catch per unit effort (CPUE)",NA,"NTZ","Florida Keys National Marine Sanctuary","Yes","Catch rate","3",NA,NA,NA,NA
"539",1113,"Catch","Individual species","Palinuridae","Panilurus","argus",NA,"Catch per unit effort (CPUE)",NA,"NTZ","Florida Keys National Marine Sanctuary","Yes","Catch rate","4",NA,NA,NA,NA
"540",1113,"Catch","Individual species","Palinuridae","Panilurus","argus",NA,"Catch per unit effort (CPUE)",NA,"NTZ","Florida Keys National Marine Sanctuary","Yes","Catch rate","5","nA",NA,NA,NA
"541",1116,"Transect count","Individual species",NA,NA,NA,"Paracentrotus lividus, Arbacia lixula","Density","Standard error","NTZ","Torre Guaceto Marine Reserve ","Yes","no. individuals per m-2","1","2004","12.08","1.79","1.79"
"542",1116,"Transect count","Individual species",NA,NA,NA,"Paracentrotus lividus, Arbacia lixula","Density","Standard error","NTZ","Torre Guaceto Marine Reserve ","Yes","no. individuals per m-2","2","1195","7.97","1.9","1.9"
"543",1116,"Transect count","Individual species",NA,NA,NA,"Paracentrotus lividus, Arbacia lixula","Density","Standard error","NTZ","Torre Guaceto Marine Reserve ","Yes","no. individuals per m-2","3","676","9.69","2.3","2.3"
"544",1116,"Transect count","Individual species",NA,NA,NA,"Paracentrotus lividus, Arbacia lixula","Density","Standard error","NTZ","Torre Guaceto Marine Reserve ","Yes","no. individuals per m-2","4","383","6.82","2.5","2.5"
"545",1116,"Transect count","Individual species",NA,NA,NA,"Paracentrotus lividus, Arbacia lixula","Density","Standard error","NTZ","Torre Guaceto Marine Reserve ","Yes","no. individuals per m-2","5","177","7.65","1","1"
"546",1116,"Transect count","Individual species",NA,NA,NA,"Paracentrotus lividus, Arbacia lixula","Density","Standard error","NTZ","Torre Guaceto Marine Reserve ","Yes","No. individuals per m-2","1","48","4.21","1.3","1.3"
"547",1116,"Transect count","Individual species",NA,NA,NA,"Paracentrotus lividus, Arbacia lixula","Density","Standard error","NTZ","Torre Guaceto Marine Reserve ","Yes","No. individuals per m-2","2","-57","0.45","0.7","0.7"
"548",1116,"Transect count","Individual species",NA,NA,NA,"Paracentrotus lividus, Arbacia lixula","Density","Standard error","NTZ","Torre Guaceto Marine Reserve ","Yes","No. individuals per m-2","3","-411","0.56","0.5","0.5"
"549",1116,"Transect count","Individual species",NA,NA,NA,"Paracentrotus lividus, Arbacia lixula","Density","Standard error","NTZ","Torre Guaceto Marine Reserve ","Yes","No. individuals per m-2","4","-2494","0.57","0.8","0.8"
"550",1116,"Transect count","Individual species",NA,NA,NA,"Paracentrotus lividus, Arbacia lixula","Density","Standard error","NTZ","Torre Guaceto Marine Reserve ","Yes","No. individuals per m-2","5","-3508","0.38","0.6","0.6"
"551",1116,"Transect count","Individual species",NA,NA,NA,"Paracentrotus lividus, Arbacia lixula","Density","Standard error","NTZ","Torre Guaceto Marine Reserve ","Yes","No. individuals per m-2","1","1977","13.76","2.37","2.37"
"552",1116,"Transect count","Individual species",NA,NA,NA,"Paracentrotus lividus, Arbacia lixula","Density","Standard error","NTZ","Torre Guaceto Marine Reserve ","Yes","No. individuals per m-2","2","1176","12.94","2.25","2.25"
"553",1116,"Transect count","Individual species",NA,NA,NA,"Paracentrotus lividus, Arbacia lixula","Density","Standard error","NTZ","Torre Guaceto Marine Reserve ","Yes","No. individuals per m-2","3","694","15.98","1.83","1.83"
"554",1116,"Transect count","Individual species",NA,NA,NA,"Paracentrotus lividus, Arbacia lixula","Density","Standard error","NTZ","Torre Guaceto Marine Reserve ","Yes","No. individuals per m-2","4","400","8.19","0.9","0.9"
"555",1116,"Transect count","Individual species",NA,NA,NA,"Paracentrotus lividus, Arbacia lixula","Density","Standard error","NTZ","Torre Guaceto Marine Reserve ","Yes","No. individuals per m-2","5","177","7.54","0.74","0.74"
"556",1116,"Transect count","Individual species",NA,NA,NA,"Paracentrotus lividus, Arbacia lixula","Density","Standard error","NTZ","Torre Guaceto Marine Reserve ","Yes","No. individuals per m-2","1","39","3.19","0.89","0.89"
"557",1116,"Transect count","Individual species",NA,NA,NA,"Paracentrotus lividus, Arbacia lixula","Density","Standard error","NTZ","Torre Guaceto Marine Reserve ","Yes","No. individuals per m-2","2","-60","1.44","0.75","0.75"
"558",1116,"Transect count","Individual species",NA,NA,NA,"Paracentrotus lividus, Arbacia lixula","Density","Standard error","NTZ","Torre Guaceto Marine Reserve ","Yes","No. individuals per m-2","3","-416","0.77","0.69","0.69"
"559",1116,"Transect count","Individual species",NA,NA,NA,"Paracentrotus lividus, Arbacia lixula","Density","Standard error","NTZ","Torre Guaceto Marine Reserve ","Yes","No. individuals per m-2","4","-2503","0.36","0.56","0.56"
"560",1116,"Transect count","Individual species",NA,NA,NA,"Paracentrotus lividus, Arbacia lixula","Density","Standard error","NTZ","Torre Guaceto Marine Reserve ","Yes","No. individuals per m-2","5","-3494","0.59","0.7","0.7"
"561",1116,"Transect count","Genus group","Sparidae","Diplodus","spp.",NA,"Density","Standard error","NTZ","Torre Guaceto Marine Reserve ","Yes","No. individuals per 100m-2","1","1749","0.44","1.41","1.41"
"562",1116,"Transect count","Genus group","Sparidae","Diplodus","spp.",NA,"Density","Standard error","NTZ","Torre Guaceto Marine Reserve ","Yes","No. individuals per 100m-2","2","1027","0.36","1.03","1.03"
"563",1116,"Transect count","Genus group","Sparidae","Diplodus","spp.",NA,"Density","Standard error","NTZ","Torre Guaceto Marine Reserve ","Yes","No. individuals per 100m-2","3","533","1.12","1.39","1.39"
"564",1116,"Transect count","Genus group","Sparidae","Diplodus","spp.",NA,"Density","Standard error","NTZ","Torre Guaceto Marine Reserve ","Yes","No. individuals per 100m-2","4","244","0.74","1.06","1.06"
"565",1116,"Transect count","Genus group","Sparidae","Diplodus","spp.",NA,"Density","Standard error","NTZ","Torre Guaceto Marine Reserve ","Yes","No. individuals per 100m-2","5","45","1.02","0.98","0.98"
"566",1116,"Transect count","Genus group","Sparidae","Diplodus","spp.",NA,"Density","Standard error","NTZ","Torre Guaceto Marine Reserve ","Yes","No. fisher per 100m-2","1","-96","5.09","0.88","0.88"
"567",1116,"Transect count","Genus group","Sparidae","Diplodus","spp.",NA,"Density","Standard error","NTZ","Torre Guaceto Marine Reserve ","Yes","No. fisher per 100m-2","2","-186","3.9","1.5","1.5"
"568",1116,"Transect count","Genus group","Sparidae","Diplodus","spp.",NA,"Density","Standard error","NTZ","Torre Guaceto Marine Reserve ","Yes","No. fisher per 100m-2","3","-519","10.2","0.82","0.82"
"569",1116,"Transect count","Genus group","Sparidae","Diplodus","spp.",NA,"Density","Standard error","NTZ","Torre Guaceto Marine Reserve ","Yes","No. fisher per 100m-2","4","-2571","20.69","2.72","2.72"
"570",1116,"Transect count","Genus group","Sparidae","Diplodus","spp.",NA,"Density","Standard error","NTZ","Torre Guaceto Marine Reserve ","Yes","No. fisher per 100m-2","5","-3529","22.47","1.59","1.59"
"571",1116,"Transect count","Genus group","Sparidae","Diplodus","spp.",NA,"Density","Standard error","NTZ","Torre Guaceto Marine Reserve ","Yes","No. individuals per 100m-2","1","1805","6.15","1.39","1.39"
"572",1116,"Transect count","Genus group","Sparidae","Diplodus","spp.",NA,"Density","Standard error","NTZ","Torre Guaceto Marine Reserve ","Yes","No. individuals per 100m-2","2","1034","5.64","1.06","1.06"
"573",1116,"Transect count","Genus group","Sparidae","Diplodus","spp.",NA,"Density","Standard error","NTZ","Torre Guaceto Marine Reserve ","Yes","No. individuals per 100m-2","3","552","4.54","1.5","1.5"
"574",1116,"Transect count","Genus group","Sparidae","Diplodus","spp.",NA,"Density","Standard error","NTZ","Torre Guaceto Marine Reserve ","Yes","No. individuals per 100m-2","4","258","4.7","1.14","1.14"
"575",1116,"Transect count","Genus group","Sparidae","Diplodus","spp.",NA,"Density","Standard error","NTZ","Torre Guaceto Marine Reserve ","Yes","No. individuals per 100m-2","5","65","4.01","0.99","0.99"
"576",1116,"Transect count","Genus group","Sparidae","Diplodus","spp.",NA,"Density","Standard error","NTZ","Torre Guaceto Marine Reserve ","Yes","No. individuals per 100m-2","1","-48","6.02","0.88","0.88"
"577",1116,"Transect count","Genus group","Sparidae","Diplodus","spp.",NA,"Density","Standard error","NTZ","Torre Guaceto Marine Reserve ","Yes","No. individuals per 100m-2","2","-185","7.37","1.59","1.59"
"578",1116,"Transect count","Genus group","Sparidae","Diplodus","spp.",NA,"Density","Standard error","NTZ","Torre Guaceto Marine Reserve ","Yes","No. individuals per 100m-2","3","-520","7.9","0.87","0.87"
"579",1116,"Transect count","Genus group","Sparidae","Diplodus","spp.",NA,"Density","Standard error","NTZ","Torre Guaceto Marine Reserve ","Yes","No. individuals per 100m-2","4","-2561","22.65","2.37","2.37"
"580",1116,"Transect count","Genus group","Sparidae","Diplodus","spp.",NA,"Density","Standard error","NTZ","Torre Guaceto Marine Reserve ","Yes","No. individuals per 100m-2","5","-3541","20.72","1.6","1.6"
"581",1134,"Transect count","Family group","Lutjanidae",NA,NA,NA,"Density","Standard error","NTZ","Hobihu No-Take Area","Yes","Mean abundance per 100m^2","1","Inside","3.49","1.75","17.5"
"582",1134,"Transect count","Family group","Lutjanidae",NA,NA,NA,"Density","Standard error","NTZ","Hobihu No-Take Area","Yes","Mean abundance per 100m^2","2","1500","0.15","0.25","0.25"
"583",1134,"Transect count","Family group","Lutjanidae",NA,NA,NA,"Density","Standard error","NTZ","Hobihu No-Take Area","Yes","Mean abundance per 100m^2","3","2000","0.51","0.56","0.56"
"584",1134,"Transect count","Family group","Lutjanidae",NA,NA,NA,"Density","Standard error","NTZ","Hobihu No-Take Area","Yes","Mean abundance per 100m^2","4",NA,NA,NA,NA
"585",1134,"Transect count","Family group","Lutjanidae",NA,NA,NA,"Density","Standard error","NTZ","Hobihu No-Take Area","Yes","Mean abundance per 100m^2","5",NA,NA,NA,NA
"586",1134,"Transect count","Family group","Mullidae",NA,NA,NA,"Density","Standard error","NTZ","Hobihu No-Take Area","Yes","Mean abundance per 100m^2","1","Centre","1.19","0.85","0.85"
"587",1134,"Transect count","Family group","Mullidae",NA,NA,NA,"Density","Standard error","NTZ","Hobihu No-Take Area","Yes","Mean abundance per 100m^2","2","1500","0.11","0.27","0.27"
"588",1134,"Transect count","Family group","Mullidae",NA,NA,NA,"Density","Standard error","NTZ","Hobihu No-Take Area","Yes","Mean abundance per 100m^2","3","2000","2.2","1.52","1.52"
"589",1134,"Transect count","Family group","Mullidae",NA,NA,NA,"Density","Standard error","NTZ","Hobihu No-Take Area","Yes","Mean abundance per 100m^2","4","7000","0.7","0.44","0.44"
"590",1134,"Transect count","Family group","Mullidae",NA,NA,NA,"Density","Standard error","NTZ","Hobihu No-Take Area","Yes","Mean abundance per 100m^2","5",NA,NA,NA,NA
"591",1134,"Transect count","Family group","Serranidae",NA,NA,NA,"Density","Standard error","NTZ","Hobihu No-Take Area","Yes","Mean abundance per 100m^2","1","Centre","1.59","0.52","0.52"
"592",1134,"Transect count","Family group","Serranidae",NA,NA,NA,"Density","Standard error","NTZ","Hobihu No-Take Area","Yes","Mean abundance per 100m^2","2","1500","0.39","0.76","0.76"
"593",1134,"Transect count","Family group","Serranidae",NA,NA,NA,"Density","Standard error","NTZ","Hobihu No-Take Area","Yes","Mean abundance per 100m^2","3","2000","0.59","0.65","0.65"
"594",1134,"Transect count","Family group","Serranidae",NA,NA,NA,"Density","Standard error","NTZ","Hobihu No-Take Area","Yes","Mean abundance per 100m^2","4","7000","1.1","0.83","0.83"
"595",1134,"Transect count","Family group","Serranidae",NA,NA,NA,"Density","Standard error","NTZ","Hobihu No-Take Area","Yes","Mean abundance per 100m^2","5",NA,NA,NA,NA
"596",1134,"Transect count","Family group","Labridae",NA,NA,NA,"Density","Standard error","NTZ","Hobihu No-Take Area","Yes","Mean abundance per 100m^2","1","Centre","16.48","4.95","4.95"
"597",1134,"Transect count","Family group","Labridae",NA,NA,NA,"Density","Standard error","NTZ","Hobihu No-Take Area","Yes","Mean abundance per 100m^2","2","1500","18.21","4.97","4.97"
"598",1134,"Transect count","Family group","Labridae",NA,NA,NA,"Density","Standard error","NTZ","Hobihu No-Take Area","Yes","Mean abundance per 100m^2","3","2000","7","4.85","4.85"
"599",1134,"Transect count","Family group","Labridae",NA,NA,NA,"Density","Standard error","NTZ","Hobihu No-Take Area","Yes","Mean abundance per 100m^2","4","7000","11","2.85","2.85"
"600",1134,"Transect count","Family group","Labridae",NA,NA,NA,"Density","Standard error","NTZ","Hobihu No-Take Area","Yes","Mean abundance per 100m^2","5",NA,NA,NA,NA
"601",1134,"Transect count","Family group","Chaetodontidae",NA,NA,NA,"Density","Standard error","NTZ","Hobihu No-Take Area","Yes","Mean abundance per 100m^2","1","Centre","9.01","4.91","4.92"
"602",1134,"Transect count","Family group","Chaetodontidae",NA,NA,NA,"Density","Standard error","NTZ","Hobihu No-Take Area","Yes","Mean abundance per 100m^2","2","1500","2.58","1.18","1.18"
"603",1134,"Transect count","Family group","Chaetodontidae",NA,NA,NA,"Density","Standard error","NTZ","Hobihu No-Take Area","Yes","Mean abundance per 100m^2","3","2000","4.61","1.27","1.27"
"604",1134,"Transect count","Family group","Chaetodontidae",NA,NA,NA,"Density","Standard error","NTZ","Hobihu No-Take Area","Yes","Mean abundance per 100m^2","4","7000","2.16","0.73","0.73"
"605",1134,"Transect count","Family group","Chaetodontidae",NA,NA,NA,"Density","Standard error","NTZ","Hobihu No-Take Area","Yes","Mean abundance per 100m^2","5",NA,NA,NA,NA
"606",1134,"Transect count","Family group","Acanthuridae",NA,NA,NA,"Density","Standard error","NTZ","Hobihu No-Take Area","Yes","Mean abundance per 100m^2","1","Centre","9.92","4.89","4.89"
"607",1134,"Transect count","Family group","Acanthuridae",NA,NA,NA,"Density","Standard error","NTZ","Hobihu No-Take Area","Yes","Mean abundance per 100m^2","2","1500","2.65","1.89","1.89"
"608",1134,"Transect count","Family group","Acanthuridae",NA,NA,NA,"Density","Standard error","NTZ","Hobihu No-Take Area","Yes","Mean abundance per 100m^2","3","2000","9.57","2.87","2.87"
"609",1134,"Transect count","Family group","Acanthuridae",NA,NA,NA,"Density","Standard error","NTZ","Hobihu No-Take Area","Yes","Mean abundance per 100m^2","4","7000","2.41","1.44","1.44"
"610",1134,"Transect count","Family group","Acanthuridae",NA,NA,NA,"Density","Standard error","NTZ","Hobihu No-Take Area","Yes","Mean abundance per 100m^2","5",NA,NA,NA,NA
"611",1134,"Transect count","Family group","Teraodontidae",NA,NA,NA,"Density","Standard error","NTZ","Hobihu No-Take Area","Yes","Mean abundance per 100m^2","1","Centre","1.19","0.4","0.4"
"612",1134,"Transect count","Family group","Teraodontidae",NA,NA,NA,"Density","Standard error","NTZ","Hobihu No-Take Area","Yes","Mean abundance per 100m^2","2","1500","2.46","1.05","1.05"
"613",1134,"Transect count","Family group","Teraodontidae",NA,NA,NA,"Density","Standard error","NTZ","Hobihu No-Take Area","Yes","Mean abundance per 100m^2","3","2000","4.33","2.45","2.45"
"614",1134,"Transect count","Family group","Teraodontidae",NA,NA,NA,"Density","Standard error","NTZ","Hobihu No-Take Area","Yes","Mean abundance per 100m^2","4","7000","0.65","0.36","0.36"
"615",1134,"Transect count","Family group","Teraodontidae",NA,NA,NA,"Density","Standard error","NTZ","Hobihu No-Take Area","Yes","Mean abundance per 100m^2","5",NA,NA,NA,NA
"616",1134,"Transect count","Family group","Holocentridae",NA,NA,NA,"Density","Standard error","NTZ","Hobihu No-Take Area","Yes","Mean abundance per 100m^2","1","Centre","2.73","2.57","2.57"
"617",1134,"Transect count","Family group","Holocentridae",NA,NA,NA,"Density","Standard error","NTZ","Hobihu No-Take Area","Yes","Mean abundance per 100m^2","2","1500","0.45","0.28","0.28"
"618",1134,"Transect count","Family group","Holocentridae",NA,NA,NA,"Density","Standard error","NTZ","Hobihu No-Take Area","Yes","Mean abundance per 100m^2","3",NA,NA,NA,NA
"619",1134,"Transect count","Family group","Holocentridae",NA,NA,NA,"Density","Standard error","NTZ","Hobihu No-Take Area","Yes","Mean abundance per 100m^2","4",NA,NA,NA,NA
"620",1134,"Transect count","Family group","Holocentridae",NA,NA,NA,"Density","Standard error","NTZ","Hobihu No-Take Area","Yes","Mean abundance per 100m^2","5",NA,NA,NA,NA
"621",1134,"Transect count","Family group","Carangidae",NA,NA,NA,"Density","Standard error","NTZ","Hobihu No-Take Area","Yes","Mean abundance per 100m^2","1","Centre","1.62","1.62","1.62"
"622",1134,"Transect count","Family group","Carangidae",NA,NA,NA,"Density","Standard error","NTZ","Hobihu No-Take Area","Yes","Mean abundance per 100m^2","2","2000","0.14","0.21","0.21"
"623",1134,"Transect count","Family group","Carangidae",NA,NA,NA,"Density","Standard error","NTZ","Hobihu No-Take Area","Yes","Mean abundance per 100m^2","3",NA,NA,NA,NA
"624",1134,"Transect count","Family group","Carangidae",NA,NA,NA,"Density","Standard error","NTZ","Hobihu No-Take Area","Yes","Mean abundance per 100m^2","4",NA,NA,NA,NA
"625",1134,"Transect count","Family group","Carangidae",NA,NA,NA,"Density","Standard error","NTZ","Hobihu No-Take Area","Yes","Mean abundance per 100m^2","5",NA,NA,NA,NA
"626",1134,"Transect count","Family group","Pomacentridae",NA,NA,NA,"Density","Standard error","NTZ","Hobihu No-Take Area","Yes","Mean abundance per 100m^2","1","Centre","78.52","7.72","7.72"
"627",1134,"Transect count","Family group","Pomacentridae",NA,NA,NA,"Density","Standard error","NTZ","Hobihu No-Take Area","Yes","Mean abundance per 100m^2","2","1500","26","5.32","5.32"
"628",1134,"Transect count","Family group","Pomacentridae",NA,NA,NA,"Density","Standard error","NTZ","Hobihu No-Take Area","Yes","Mean abundance per 100m^2","3","2000","41.87","12.38","12.38"
"629",1134,"Transect count","Family group","Pomacentridae",NA,NA,NA,"Density","Standard error","NTZ","Hobihu No-Take Area","Yes","Mean abundance per 100m^2","4","7000","31.46","7.8","7.8"
"630",1134,"Transect count","Family group","Pomacentridae",NA,NA,NA,"Density","Standard error","NTZ","Hobihu No-Take Area","Yes","Mean abundance per 100m^2","5",NA,NA,NA,NA
"631",1134,"Transect count","Family group","Lutjanidae",NA,NA,NA,"Density","Standard error","NTZ","Hobihu No-Take Area","Yes","Mean abundance per 100m^2","1","Centre","3.22","2.36","2.36"
"632",1134,"Transect count","Family group","Lutjanidae",NA,NA,NA,"Density","Standard error","NTZ","Hobihu No-Take Area","Yes","Mean abundance per 100m^2","2","1500","0.71","0.75","0.75"
"633",1134,"Transect count","Family group","Lutjanidae",NA,NA,NA,"Density","Standard error","NTZ","Hobihu No-Take Area","Yes","Mean abundance per 100m^2","3","2000","0.45","0.49","0.49"
"634",1134,"Transect count","Family group","Lutjanidae",NA,NA,NA,"Density","Standard error","NTZ","Hobihu No-Take Area","Yes","Mean abundance per 100m^2","4","7000","0.42","0.55","0.55"
"635",1134,"Transect count","Family group","Lutjanidae",NA,NA,NA,"Density","Standard error","NTZ","Hobihu No-Take Area","Yes","Mean abundance per 100m^2","5",NA,NA,NA,NA
"636",1134,"Transect count","Family group","Mullidae",NA,NA,NA,"Density","Standard error","NTZ","Hobihu No-Take Area","Yes","Mean abundance per 100m^2","1","Centre","1.6","1.32","1.32"
"637",1134,"Transect count","Family group","Mullidae",NA,NA,NA,"Density","Standard error","NTZ","Hobihu No-Take Area","Yes","Mean abundance per 100m^2","2","2000","1.66","0.84","0.84"
"638",1134,"Transect count","Family group","Mullidae",NA,NA,NA,"Density","Standard error","NTZ","Hobihu No-Take Area","Yes","Mean abundance per 100m^2","3","7000","1.11","0.93","0.93"
"639",1134,"Transect count","Family group","Mullidae",NA,NA,NA,"Density","Standard error","NTZ","Hobihu No-Take Area","Yes","Mean abundance per 100m^2","4",NA,NA,NA,NA
"640",1134,"Transect count","Family group","Mullidae",NA,NA,NA,"Density","Standard error","NTZ","Hobihu No-Take Area","Yes","Mean abundance per 100m^2","5",NA,NA,NA,NA
"641",1134,"Transect count","Family group","Serranidae",NA,NA,NA,"Density","Standard error","NTZ","Hobihu No-Take Area","Yes","Mean abundance per 100m^2","1","Centre","1.67","0.8","0.8"
"642",1134,"Transect count","Family group","Serranidae",NA,NA,NA,"Density","Standard error","NTZ","Hobihu No-Take Area","Yes","Mean abundance per 100m^2","2","1500","0.96","0.93","0.93"
"643",1134,"Transect count","Family group","Serranidae",NA,NA,NA,"Density","Standard error","NTZ","Hobihu No-Take Area","Yes","Mean abundance per 100m^2","3","2000","1.85","0.38","0.38"
"644",1134,"Transect count","Family group","Serranidae",NA,NA,NA,"Density","Standard error","NTZ","Hobihu No-Take Area","Yes","Mean abundance per 100m^2","4","7000","1.55","0.94","0.94"
"645",1134,"Transect count","Family group","Serranidae",NA,NA,NA,"Density","Standard error","NTZ","Hobihu No-Take Area","Yes","Mean abundance per 100m^2","5",NA,NA,NA,NA
"646",1134,"Transect count","Family group","Labridae",NA,NA,NA,"Density","Standard error","NTZ","Hobihu No-Take Area","Yes","Mean abundance per 100m^2","1","Centre","1.03","0.74","0.74"
"647",1134,"Transect count","Family group","Labridae",NA,NA,NA,"Density","Standard error","NTZ","Hobihu No-Take Area","Yes","Mean abundance per 100m^2","2","1500","3.79","0.93","0.93"
"648",1134,"Transect count","Family group","Labridae",NA,NA,NA,"Density","Standard error","NTZ","Hobihu No-Take Area","Yes","Mean abundance per 100m^2","3","2000","4.68","1.52","1.52"
"649",1134,"Transect count","Family group","Labridae",NA,NA,NA,"Density","Standard error","NTZ","Hobihu No-Take Area","Yes","Mean abundance per 100m^2","4","7000","2.68","2.09","2.09"
"650",1134,"Transect count","Family group","Labridae",NA,NA,NA,"Density","Standard error","NTZ","Hobihu No-Take Area","Yes","Mean abundance per 100m^2","5",NA,NA,NA,NA
"651",1134,"Transect count","Family group","Chaetodontidae",NA,NA,NA,"Density","Standard error","NTZ","Hobihu No-Take Area","Yes","Mean abundance per 100m^2","1","Centre","3.26","1.53","1.53"
"652",1134,"Transect count","Family group","Chaetodontidae",NA,NA,NA,"Density","Standard error","NTZ","Hobihu No-Take Area","Yes","Mean abundance per 100m^2","2","1500","2.85","1.5","1.5"
"653",1134,"Transect count","Family group","Chaetodontidae",NA,NA,NA,"Density","Standard error","NTZ","Hobihu No-Take Area","Yes","Mean abundance per 100m^2","3","2000","5.56","1.87","1.87"
"654",1134,"Transect count","Family group","Chaetodontidae",NA,NA,NA,"Density","Standard error","NTZ","Hobihu No-Take Area","Yes","Mean abundance per 100m^2","4","7000","2.99","0.89","0.89"
"655",1134,"Transect count","Family group","Chaetodontidae",NA,NA,NA,"Density","Standard error","NTZ","Hobihu No-Take Area","Yes","Mean abundance per 100m^2","5",NA,NA,NA,NA
"656",1134,"Transect count","Family group","Acanthuridae",NA,NA,NA,"Density","Standard error","NTZ","Hobihu No-Take Area","Yes","Mean abundance per 100m^2","1","Centre","1.92","1.18","1.18"
"657",1134,"Transect count","Family group","Acanthuridae",NA,NA,NA,"Density","Standard error","NTZ","Hobihu No-Take Area","Yes","Mean abundance per 100m^2","2","1500","3.59","1","1"
"658",1134,"Transect count","Family group","Acanthuridae",NA,NA,NA,"Density","Standard error","NTZ","Hobihu No-Take Area","Yes","Mean abundance per 100m^2","3","2000","5.74","0.8","0.8"
"659",1134,"Transect count","Family group","Acanthuridae",NA,NA,NA,"Density","Standard error","NTZ","Hobihu No-Take Area","Yes","Mean abundance per 100m^2","4","7000","3.03","1.71","1.71"
"660",1134,"Transect count","Family group","Acanthuridae",NA,NA,NA,"Density","Standard error","NTZ","Hobihu No-Take Area","Yes","Mean abundance per 100m^2","5",NA,NA,NA,NA
"661",1134,"Transect count","Family group","Teraodontidae",NA,NA,NA,"Density","Standard error","NTZ","Hobihu No-Take Area","Yes","Mean abundance per 100m^2","1","Centre","0.51","0.73","0.73"
"662",1134,"Transect count","Family group","Teraodontidae",NA,NA,NA,"Density","Standard error","NTZ","Hobihu No-Take Area","Yes","Mean abundance per 100m^2","2","1500","2.43","1.77","1.77"
"663",1134,"Transect count","Family group","Teraodontidae",NA,NA,NA,"Density","Standard error","NTZ","Hobihu No-Take Area","Yes","Mean abundance per 100m^2","3","2000","3.51","0.58","0.58"
"664",1134,"Transect count","Family group","Teraodontidae",NA,NA,NA,"Density","Standard error","NTZ","Hobihu No-Take Area","Yes","Mean abundance per 100m^2","4","7000","3.06","1.76","1.76"
"665",1134,"Transect count","Family group","Teraodontidae",NA,NA,NA,"Density","Standard error","NTZ","Hobihu No-Take Area","Yes","Mean abundance per 100m^2","5",NA,NA,NA,NA
"666",1134,"Transect count","Family group","Holocentridae",NA,NA,NA,"Density","Standard error","NTZ","Hobihu No-Take Area","Yes","Mean abundance per 100m^2","1","Centre","0.69","0.83","0.83"
"667",1134,"Transect count","Family group","Holocentridae",NA,NA,NA,"Density","Standard error","NTZ","Hobihu No-Take Area","Yes","Mean abundance per 100m^2","2","1500","1.94","1.82","1.82"
"668",1134,"Transect count","Family group","Holocentridae",NA,NA,NA,"Density","Standard error","NTZ","Hobihu No-Take Area","Yes","Mean abundance per 100m^2","3",NA,NA,NA,NA
"669",1134,"Transect count","Family group","Holocentridae",NA,NA,NA,"Density","Standard error","NTZ","Hobihu No-Take Area","Yes","Mean abundance per 100m^2","4",NA,NA,NA,NA
"670",1134,"Transect count","Family group","Holocentridae",NA,NA,NA,"Density","Standard error","NTZ","Hobihu No-Take Area","Yes","Mean abundance per 100m^2","5",NA,NA,NA,NA
"671",1134,"Transect count","Family group","Carangidae",NA,NA,NA,"Density","Standard error","NTZ","Hobihu No-Take Area","Yes","Mean abundance per 100m^2","1","Centre","0.55","0.42","0.42"
"672",1134,"Transect count","Family group","Carangidae",NA,NA,NA,"Density","Standard error","NTZ","Hobihu No-Take Area","Yes","Mean abundance per 100m^2","2","2000","0.21","0.2","0.2"
"673",1134,"Transect count","Family group","Carangidae",NA,NA,NA,"Density","Standard error","NTZ","Hobihu No-Take Area","Yes","Mean abundance per 100m^2","3",NA,NA,NA,NA
"674",1134,"Transect count","Family group","Carangidae",NA,NA,NA,"Density","Standard error","NTZ","Hobihu No-Take Area","Yes","Mean abundance per 100m^2","4",NA,NA,NA,NA
"675",1134,"Transect count","Family group","Carangidae",NA,NA,NA,"Density","Standard error","NTZ","Hobihu No-Take Area","Yes","Mean abundance per 100m^2","5",NA,NA,NA,NA
"676",1134,"Transect count","Family group","Pomacentridae",NA,NA,NA,"Density","Standard error","NTZ","Hobihu No-Take Area","Yes","Mean abundance per 100m^2","1","Centre","70.42","16.76","16.76"
"677",1134,"Transect count","Family group","Pomacentridae",NA,NA,NA,"Density","Standard error","NTZ","Hobihu No-Take Area","Yes","Mean abundance per 100m^2","2","1500","38.48","6.2","6.2"
"678",1134,"Transect count","Family group","Pomacentridae",NA,NA,NA,"Density","Standard error","NTZ","Hobihu No-Take Area","Yes","Mean abundance per 100m^2","3","2000","25.31","4.94","4.94"
"679",1134,"Transect count","Family group","Pomacentridae",NA,NA,NA,"Density","Standard error","NTZ","Hobihu No-Take Area","Yes","Mean abundance per 100m^2","4","7000","16.19","5.08","5.08"
"680",1134,"Transect count","Family group","Pomacentridae",NA,NA,NA,"Density","Standard error","NTZ","Hobihu No-Take Area","Yes","Mean abundance per 100m^2","5",NA,NA,NA,NA
"681",1140,"Transect count","All fish species",NA,NA,NA,NA,"Biomass","Standard deviation","NTZ","Yam Rosh Hanikra ","Yes","g/m^3","1","-4000 - -2000","16.76","19.63","19.63"
"682",1140,"Transect count","All fish species",NA,NA,NA,NA,"Biomass","Standard deviation","NTZ","Yam Rosh Hanikra ","Yes","g/m^3","2","-2000 - 0","11.78","6.92","6.92"
"683",1140,"Transect count","All fish species",NA,NA,NA,NA,"Biomass","Standard deviation","NTZ","Yam Rosh Hanikra ","Yes","g/m^3","3","0 - 2000`","5.89","5.77","5.77"
"684",1140,"Transect count","All fish species",NA,NA,NA,NA,"Biomass","Standard deviation","NTZ","Yam Rosh Hanikra ","Yes","g/m^3","4","2000 - 4000","6.5","5.89","5.89"
"685",1140,"Transect count","All fish species",NA,NA,NA,NA,"Biomass","Standard deviation","NTZ","Yam Rosh Hanikra ","Yes","g/m^3","5","4000 - 6000",NA,NA,NA
"686",1140,"Transect count","All fish species",NA,NA,NA,NA,"Biomass","Standard error","NTZ","Yam Rosh Hanikra","Yes","g/m^3","1","-4000 - -2000","3.94","4.58","4.58"
"687",1140,"Transect count","All fish species",NA,NA,NA,NA,"Biomass","Standard error","NTZ","Yam Rosh Hanikra","Yes","g/m^3","2","-2000 - 0","3.18","4.2","4.2"
"688",1140,"Transect count","All fish species",NA,NA,NA,NA,"Biomass","Standard error","NTZ","Yam Rosh Hanikra","Yes","g/m^3","3","0 - 2000","1.28","1.63","1.63"
"689",1140,"Transect count","All fish species",NA,NA,NA,NA,"Biomass","Standard error","NTZ","Yam Rosh Hanikra","Yes","g/m^3","4","2000 - 4000","2.05","2.32","2.32"
"690",1140,"Transect count","All fish species",NA,NA,NA,NA,"Biomass","Standard error","NTZ","Yam Rosh Hanikra","Yes","g/m^3","5","4000 - 6000","5","7.5","7.5"
"691",1140,"Acoustic survey","All fish species",NA,NA,NA,NA,"Biomass","Standard deviation","NTZ","Yam Rosh Hanikra ","Yes","g/m^3","1","-4000 - -2000","0.45","3.19","3.19"
"692",1140,"Acoustic survey","All fish species",NA,NA,NA,NA,"Biomass","Standard deviation","NTZ","Yam Rosh Hanikra ","Yes","g/m^3","2","-2000 - 0","0.2","1.1","1.1"
"693",1140,"Acoustic survey","All fish species",NA,NA,NA,NA,"Biomass","Standard deviation","NTZ","Yam Rosh Hanikra ","Yes","g/m^3","3","0 - 2000","0.22","1.74","1.74"
"694",1140,"Acoustic survey","All fish species",NA,NA,NA,NA,"Biomass","Standard deviation","NTZ","Yam Rosh Hanikra ","Yes","g/m^3","4","2000 - 4000","0.88","9.4","9.4"
"695",1140,"Acoustic survey","All fish species",NA,NA,NA,NA,"Biomass","Standard deviation","NTZ","Yam Rosh Hanikra ","Yes","g/m^3","5","4000 - 6000","0.82","7.48","7.48"
"696",1199,"Stationary count","Individual species","Lutjanidae","Pristipomoides","filamentosus",NA,"Fish size","Standard error","PPO","Penguin Bank Bottomfish Restricted Fishing Area","Yes","mm","1","0","579.05",NA,NA
"697",1199,"Stationary count","Individual species","Lutjanidae","Pristipomoides","filamentosus",NA,"Fish size","Standard error","PPO","Penguin Bank Bottomfish Restricted Fishing Area","Yes","mm","2","5000","673.3","18","18"
"698",1199,"Stationary count","Individual species","Lutjanidae","Pristipomoides","filamentosus",NA,"Fish size","Standard error","PPO","Penguin Bank Bottomfish Restricted Fishing Area","Yes","mm","3","10000","586.78","20","20"
"699",1199,"Stationary count","Individual species","Lutjanidae","Pristipomoides","filamentosus",NA,"Fish size","Standard error","PPO","Penguin Bank Bottomfish Restricted Fishing Area","Yes","mm","4","15000","580.99","27","27"
"700",1199,"Stationary count","Individual species","Lutjanidae","Pristipomoides","filamentosus",NA,"Fish size","Standard error","PPO","Penguin Bank Bottomfish Restricted Fishing Area","Yes","mm","5","45000","441.67","34","34"
"701",1199,"Stationary count","Individual species","Lutjanidae","Etelis","coruscans",NA,"Fish size","Standard error","PPO","Penguin Banks Bottomfish Restricted Fishing area","Yes","mm","1","0","676.74",NA,NA
"702",1199,"Stationary count","Individual species","Lutjanidae","Etelis","coruscans",NA,"Fish size","Standard error","PPO","Penguin Banks Bottomfish Restricted Fishing area","Yes","mm","2","5000","726.78","33","33"
"703",1199,"Stationary count","Individual species","Lutjanidae","Etelis","coruscans",NA,"Fish size","Standard error","PPO","Penguin Banks Bottomfish Restricted Fishing area","Yes","mm","3","10000","661.81","38","38"
"704",1199,"Stationary count","Individual species","Lutjanidae","Etelis","coruscans",NA,"Fish size","Standard error","PPO","Penguin Banks Bottomfish Restricted Fishing area","Yes","mm","4","15000","597.83","20","20"
"705",1199,"Stationary count","Individual species","Lutjanidae","Etelis","coruscans",NA,"Fish size","Standard error","PPO","Penguin Banks Bottomfish Restricted Fishing area","Yes","mm","5","50000","462.04","13","13"
"706",1199,"Stationary count","Individual species","Lutjanidae","Etelis","carbunculus",NA,"Fish size","Standard error","PPO","Penguin Bank Bottomfish Restricted Fishing Area","Yes","mm","1","0","438.69",NA,NA
"707",1199,"Stationary count","Individual species","Lutjanidae","Etelis","carbunculus",NA,"Fish size","Standard error","PPO","Penguin Bank Bottomfish Restricted Fishing Area","Yes","mm","2","5000","414.53","21","21"
"708",1199,"Stationary count","Individual species","Lutjanidae","Etelis","carbunculus",NA,"Fish size","Standard error","PPO","Penguin Bank Bottomfish Restricted Fishing Area","Yes","mm","3","10000","353.67","21","21"
"709",1199,"Stationary count","Individual species","Lutjanidae","Etelis","carbunculus",NA,"Fish size","Standard error","PPO","Penguin Bank Bottomfish Restricted Fishing Area","Yes","mm","4","15000","456.26","32","32"
"710",1199,"Stationary count","Individual species","Lutjanidae","Etelis","carbunculus",NA,"Fish size","Standard error","PPO","Penguin Bank Bottomfish Restricted Fishing Area","Yes","mm","5","45000","507.58","14","14"
"711",1199,"Stationary count","Individual species","Lutjanidae","Pristipomoides","filamentosus",NA,"Fish size","Standard error","PPO","Makapu'u Bottomfish Restricted Fishing Area","Yes","mm","1","0","519.84",NA,NA
"712",1199,"Stationary count","Individual species","Lutjanidae","Pristipomoides","filamentosus",NA,"Fish size","Standard error","PPO","Makapu'u Bottomfish Restricted Fishing Area","Yes","mm","2","5000","473.95","31.5","31.5"
"713",1199,"Stationary count","Individual species","Lutjanidae","Pristipomoides","filamentosus",NA,"Fish size","Standard error","PPO","Makapu'u Bottomfish Restricted Fishing Area","Yes","mm","3","10000","426.82","15","15"
"714",1199,"Stationary count","Individual species","Lutjanidae","Pristipomoides","filamentosus",NA,"Fish size","Standard error","PPO","Makapu'u Bottomfish Restricted Fishing Area","Yes","mm","4",NA,NA,NA,NA
"715",1199,"Stationary count","Individual species","Lutjanidae","Pristipomoides","filamentosus",NA,"Fish size","Standard error","PPO","Makapu'u Bottomfish Restricted Fishing Area","Yes","mm","5",NA,NA,NA,NA
"716",1199,"Stationary count","Individual species","Lutjanidae","Etelis","coruscans",NA,"Fish size","Standard error","PPO","Makapu'u Bottomfish Restricted Fishing Area","Yes","mm","1","0","509.05","32.5","32.5"
"717",1199,"Stationary count","Individual species","Lutjanidae","Etelis","coruscans",NA,"Fish size","Standard error","PPO","Makapu'u Bottomfish Restricted Fishing Area","Yes","mm","2","5000","496.69","15","15"
"718",1199,"Stationary count","Individual species","Lutjanidae","Etelis","coruscans",NA,"Fish size","Standard error","PPO","Makapu'u Bottomfish Restricted Fishing Area","Yes","mm","3","10000","355.18","9","9"
"719",1199,"Stationary count","Individual species","Lutjanidae","Etelis","coruscans",NA,"Fish size","Standard error","PPO","Makapu'u Bottomfish Restricted Fishing Area","Yes","mm","4",NA,NA,NA,NA
"720",1199,"Stationary count","Individual species","Lutjanidae","Etelis","coruscans",NA,"Fish size","Standard error","PPO","Makapu'u Bottomfish Restricted Fishing Area","Yes","mm","5",NA,NA,NA,NA
"721",1199,"Stationary count","Individual species","Lutjanidae","Etelis","carbunculus",NA,"Fish size","Standard error","PPO","Makapu'u Bottomfish Restricted Fishing Area","Yes","mm","1","0","353.18","13","13"
"722",1199,"Stationary count","Individual species","Lutjanidae","Etelis","carbunculus",NA,"Fish size","Standard error","PPO","Makapu'u Bottomfish Restricted Fishing Area","Yes","mm","2","5000","425.07","15.5","15.5"
"723",1199,"Stationary count","Individual species","Lutjanidae","Etelis","carbunculus",NA,"Fish size","Standard error","PPO","Makapu'u Bottomfish Restricted Fishing Area","Yes","mm","3","15000","356.25","27","27"
"724",1199,"Stationary count","Individual species","Lutjanidae","Etelis","carbunculus",NA,"Fish size","Standard error","PPO","Makapu'u Bottomfish Restricted Fishing Area","Yes","mm","4",NA,NA,NA,NA
"725",1199,"Stationary count","Individual species","Lutjanidae","Etelis","carbunculus",NA,"Fish size","Standard error","PPO","Makapu'u Bottomfish Restricted Fishing Area","Yes","mm","5",NA,NA,NA,NA
"726",1199,"Stationary count","Individual species","Lutjanidae","Pristipomoides","filamentosus",NA,"Relative abundance (MaxN)","Standard error","PPO","Penguin Bank Bottomfish Restricted. Fishing Area","Yes",NA,"1","0","4.56","1.6","1.6"
"727",1199,"Stationary count","Individual species","Lutjanidae","Pristipomoides","filamentosus",NA,"Relative abundance (MaxN)","Standard error","PPO","Penguin Bank Bottomfish Restricted. Fishing Area","Yes",NA,"2","5000","0.72","0.5","0.5"
"728",1199,"Stationary count","Individual species","Lutjanidae","Pristipomoides","filamentosus",NA,"Relative abundance (MaxN)","Standard error","PPO","Penguin Bank Bottomfish Restricted. Fishing Area","Yes",NA,"3","10000","6.16","5","5"
"729",1199,"Stationary count","Individual species","Lutjanidae","Pristipomoides","filamentosus",NA,"Relative abundance (MaxN)","Standard error","PPO","Penguin Bank Bottomfish Restricted. Fishing Area","Yes",NA,"4","15000","1.95","0.85","0.85"
"730",1199,"Stationary count","Individual species","Lutjanidae","Pristipomoides","filamentosus",NA,"Relative abundance (MaxN)","Standard error","PPO","Penguin Bank Bottomfish Restricted. Fishing Area","Yes",NA,"5","20000","0","0","0"
"731",1199,"Stationary count","Individual species","Lutjanidae","Pristipomoides","filamentosus",NA,"Relative abundance (MaxN)","Standard error","PPO","Penguin Bank ","Yes",NA,"1","35000","0","0","0"
"732",1199,"Stationary count","Individual species","Lutjanidae","Pristipomoides","filamentosus",NA,"Relative abundance (MaxN)","Standard error","PPO","Penguin Bank ","Yes",NA,"2","40000","0","0","0"
"733",1199,"Stationary count","Individual species","Lutjanidae","Pristipomoides","filamentosus",NA,"Relative abundance (MaxN)","Standard error","PPO","Penguin Bank ","Yes",NA,"3","40000","1.59","1.65","1.65"
"734",1199,"Stationary count","Individual species","Lutjanidae","Pristipomoides","filamentosus",NA,"Relative abundance (MaxN)","Standard error","PPO","Penguin Bank ","Yes",NA,"4","50000","0","0","0"
"735",1199,"Stationary count","Individual species","Lutjanidae","Pristipomoides","filamentosus",NA,"Relative abundance (MaxN)","Standard error","PPO","Penguin Bank ","Yes",NA,"5",NA,NA,NA,NA
"736",1199,"Stationary count","Individual species","Lutjanidae","Etelis","coruscans",NA,"Relative abundance (MaxN)","Standard error","PPO","Penguin Bank Bottomfish Restricted Fishing Area","Yes",NA,"1","0","3.72",NA,NA
"737",1199,"Stationary count","Individual species","Lutjanidae","Etelis","coruscans",NA,"Relative abundance (MaxN)","Standard error","PPO","Penguin Bank Bottomfish Restricted Fishing Area","Yes",NA,"2","5000","8.82","6","6"
"738",1199,"Stationary count","Individual species","Lutjanidae","Etelis","coruscans",NA,"Relative abundance (MaxN)","Standard error","PPO","Penguin Bank Bottomfish Restricted Fishing Area","Yes",NA,"3","10000","2.22","1.3","1.3"
"739",1199,"Stationary count","Individual species","Lutjanidae","Etelis","coruscans",NA,"Relative abundance (MaxN)","Standard error","PPO","Penguin Bank Bottomfish Restricted Fishing Area","Yes",NA,"4","15000","4.95","3.8","3.8"
"740",1199,"Stationary count","Individual species","Lutjanidae","Etelis","coruscans",NA,"Relative abundance (MaxN)","Standard error","PPO","Penguin Bank Bottomfish Restricted Fishing Area","Yes",NA,"5","20000","0","0","0"
"741",1199,"Stationary count","Individual species","Lutjanidae","Etelis","coruscans",NA,"Relative abundance (MaxN)","Standard error","PPO","Penguin Bank Bottomfish Restricted Fishing Area","Yes",NA,"1","25000","0","0","0"
"742",1199,"Stationary count","Individual species","Lutjanidae","Etelis","coruscans",NA,"Relative abundance (MaxN)","Standard error","PPO","Penguin Bank Bottomfish Restricted Fishing Area","Yes",NA,"2","30000","0","0","0"
"743",1199,"Stationary count","Individual species","Lutjanidae","Etelis","coruscans",NA,"Relative abundance (MaxN)","Standard error","PPO","Penguin Bank Bottomfish Restricted Fishing Area","Yes",NA,"3","40000","0","0","0"
"744",1199,"Stationary count","Individual species","Lutjanidae","Etelis","coruscans",NA,"Relative abundance (MaxN)","Standard error","PPO","Penguin Bank Bottomfish Restricted Fishing Area","Yes",NA,"4","45000","0.27","0.5","0.5"
"745",1199,"Stationary count","Individual species","Lutjanidae","Etelis","coruscans",NA,"Relative abundance (MaxN)","Standard error","PPO","Penguin Bank Bottomfish Restricted Fishing Area","Yes",NA,"5","50000","0","0","0"
"746",1199,"Stationary count","Individual species","Lutjanidae","Etelis","carbunculus",NA,"Relative abundance (MaxN)","Standard error","PPO","Penguin Bank Bottomfish Restricted Fishing Area","Yes",NA,"1","0","2.74","0.5","0.5"
"747",1199,"Stationary count","Individual species","Lutjanidae","Etelis","carbunculus",NA,"Relative abundance (MaxN)","Standard error","PPO","Penguin Bank Bottomfish Restricted Fishing Area","Yes",NA,"2","5000","1.52","1","1"
"748",1199,"Stationary count","Individual species","Lutjanidae","Etelis","carbunculus",NA,"Relative abundance (MaxN)","Standard error","PPO","Penguin Bank Bottomfish Restricted Fishing Area","Yes",NA,"3","10000","2.93","2","2"
"749",1199,"Stationary count","Individual species","Lutjanidae","Etelis","carbunculus",NA,"Relative abundance (MaxN)","Standard error","PPO","Penguin Bank Bottomfish Restricted Fishing Area","Yes",NA,"4","15000","0.76","0.4","0.4"
"750",1199,"Stationary count","Individual species","Lutjanidae","Etelis","carbunculus",NA,"Relative abundance (MaxN)","Standard error","PPO","Penguin Bank Bottomfish Restricted Fishing Area","Yes",NA,"5","20000","0","0","0"
"751",1199,"Stationary count","Individual species","Lutjanidae","Etelis","carbunculus",NA,"Relative abundance (MaxN)","Standard error","PPO","Penguin Bank Bottomfish Restricted Fishing Area","Yes",NA,"1","25000","0","0","0"
"752",1199,"Stationary count","Individual species","Lutjanidae","Etelis","carbunculus",NA,"Relative abundance (MaxN)","Standard error","PPO","Penguin Bank Bottomfish Restricted Fishing Area","Yes",NA,"2","30000","0","0","0"
"753",1199,"Stationary count","Individual species","Lutjanidae","Etelis","carbunculus",NA,"Relative abundance (MaxN)","Standard error","PPO","Penguin Bank Bottomfish Restricted Fishing Area","Yes",NA,"3","40000","0","0","0"
"754",1199,"Stationary count","Individual species","Lutjanidae","Etelis","carbunculus",NA,"Relative abundance (MaxN)","Standard error","PPO","Penguin Bank Bottomfish Restricted Fishing Area","Yes",NA,"4","45000","0","0","0"
"755",1199,"Stationary count","Individual species","Lutjanidae","Etelis","carbunculus",NA,"Relative abundance (MaxN)","Standard error","PPO","Penguin Bank Bottomfish Restricted Fishing Area","Yes",NA,"5","50000","0","0","0"
"756",1199,"Stationary count","Individual species","Lutjanidae","Pristipomoides","filamentosus",NA,"Relative abundance (MaxN)","Standard error","PPO","Makapu'u Bottomfish Restricted Fishing Area","Yes",NA,"1","0","6/02","1.5","1.5"
"757",1199,"Stationary count","Individual species","Lutjanidae","Pristipomoides","filamentosus",NA,"Relative abundance (MaxN)","Standard error","PPO","Makapu'u Bottomfish Restricted Fishing Area","Yes",NA,"2","5000","3.25","1.6","1.6"
"758",1199,"Stationary count","Individual species","Lutjanidae","Pristipomoides","filamentosus",NA,"Relative abundance (MaxN)","Standard error","PPO","Makapu'u Bottomfish Restricted Fishing Area","Yes",NA,"3","10000","2.72","1.4","1.4"
"759",1199,"Stationary count","Individual species","Lutjanidae","Pristipomoides","filamentosus",NA,"Relative abundance (MaxN)","Standard error","PPO","Makapu'u Bottomfish Restricted Fishing Area","Yes",NA,"4","15000","0","0","0"
"760",1199,"Stationary count","Individual species","Lutjanidae","Pristipomoides","filamentosus",NA,"Relative abundance (MaxN)","Standard error","PPO","Makapu'u Bottomfish Restricted Fishing Area","Yes",NA,"5","20000","0","0","0"
"761",1199,"Stationary count","Individual species","Lutjanidae","Pristipomoides","filamentosus",NA,"Relative abundance (MaxN)","Standard error","PPO","Makapu'u","Yes",NA,"1","25000","0","0","0"
"762",1199,"Stationary count","Individual species","Lutjanidae","Pristipomoides","filamentosus",NA,"Relative abundance (MaxN)","Standard error","PPO","Makapu'u","Yes",NA,"2","0","30000","0","0"
"763",1199,"Stationary count","Individual species","Lutjanidae","Pristipomoides","filamentosus",NA,"Relative abundance (MaxN)","Standard error","PPO","Makapu'u","Yes",NA,"3",NA,NA,NA,NA
"764",1199,"Stationary count","Individual species","Lutjanidae","Pristipomoides","filamentosus",NA,"Relative abundance (MaxN)","Standard error","PPO","Makapu'u","Yes",NA,"4",NA,NA,NA,NA
"765",1199,"Stationary count","Individual species","Lutjanidae","Pristipomoides","filamentosus",NA,"Relative abundance (MaxN)","Standard error","PPO","Makapu'u","Yes",NA,"5",NA,NA,NA,NA
"766",1199,"Stationary count","Individual species","Lutjanidae","Etelis","coruscans",NA,"Relative abundance (MaxN)","Standard error","PPO","Makapu'u Bottomfish Restricted Fishing Area","Yes",NA,"1","0","3.07","1.4","1.4"
"767",1199,"Stationary count","Individual species","Lutjanidae","Etelis","coruscans",NA,"Relative abundance (MaxN)","Standard error","PPO","Makapu'u Bottomfish Restricted Fishing Area","Yes",NA,"2","5000","0.31","0.18","0.18"
"768",1199,"Stationary count","Individual species","Lutjanidae","Etelis","coruscans",NA,"Relative abundance (MaxN)","Standard error","PPO","Makapu'u Bottomfish Restricted Fishing Area","Yes",NA,"3","10000","0.86","0.8","0.8"
"769",1199,"Stationary count","Individual species","Lutjanidae","Etelis","coruscans",NA,"Relative abundance (MaxN)","Standard error","PPO","Makapu'u Bottomfish Restricted Fishing Area","Yes",NA,"4","15000","0.14","0.15","0.15"
"770",1199,"Stationary count","Individual species","Lutjanidae","Etelis","coruscans",NA,"Relative abundance (MaxN)","Standard error","PPO","Makapu'u Bottomfish Restricted Fishing Area","Yes",NA,"5","20000","0","0","0"
"771",1199,"Stationary count","Individual species","Lutjanidae","Etelis ","coruscans",NA,"Relative abundance (MaxN)","Standard error","PPO","Makapu'u Bottomfish Restricted Fishing Area","Yes",NA,"1","25000","0","0","0"
"772",1199,"Stationary count","Individual species","Lutjanidae","Etelis ","coruscans",NA,"Relative abundance (MaxN)","Standard error","PPO","Makapu'u Bottomfish Restricted Fishing Area","Yes",NA,"2","30000","0","0","0"
"773",1199,"Stationary count","Individual species","Lutjanidae","Etelis ","coruscans",NA,"Relative abundance (MaxN)","Standard error","PPO","Makapu'u Bottomfish Restricted Fishing Area","Yes",NA,"3",NA,NA,NA,NA
"774",1199,"Stationary count","Individual species","Lutjanidae","Etelis ","coruscans",NA,"Relative abundance (MaxN)","Standard error","PPO","Makapu'u Bottomfish Restricted Fishing Area","Yes",NA,"4",NA,NA,NA,NA
"775",1199,"Stationary count","Individual species","Lutjanidae","Etelis ","coruscans",NA,"Relative abundance (MaxN)","Standard error","PPO","Makapu'u Bottomfish Restricted Fishing Area","Yes",NA,"5",NA,NA,NA,NA
"776",1199,"Stationary count","Individual species","Lutjanidae","Etelis","carbunculus",NA,"Relative abundance (MaxN)","Standard error","PPO","Makapu'u","Yes",NA,"1","0","1.11","0.4","0.4"
"777",1199,"Stationary count","Individual species","Lutjanidae","Etelis","carbunculus",NA,"Relative abundance (MaxN)","Standard error","PPO","Makapu'u","Yes",NA,"2","5000","0.66","0.6","0.6"
"778",1199,"Stationary count","Individual species","Lutjanidae","Etelis","carbunculus",NA,"Relative abundance (MaxN)","Standard error","PPO","Makapu'u","Yes",NA,"3","10000","0","0","0"
"779",1199,"Stationary count","Individual species","Lutjanidae","Etelis","carbunculus",NA,"Relative abundance (MaxN)","Standard error","PPO","Makapu'u","Yes",NA,"4","15000","1.16","0.8","0.8"
"780",1199,"Stationary count","Individual species","Lutjanidae","Etelis","carbunculus",NA,"Relative abundance (MaxN)","Standard error","PPO","Makapu'u","Yes",NA,"5","20000","0","0","0"
"781",1199,"Stationary count","Individual species","Lutjanidae","Etelis","carbunculus",NA,"Relative abundance (MaxN)","Standard error","PPO","Makapu'u","Yes",NA,"1","20000","0","0","0"
"782",1199,"Stationary count","Individual species","Lutjanidae","Etelis","carbunculus",NA,"Relative abundance (MaxN)","Standard error","PPO","Makapu'u","Yes",NA,"2","25000","0","0","0"
"783",1199,"Stationary count","Individual species","Lutjanidae","Etelis","carbunculus",NA,"Relative abundance (MaxN)","Standard error","PPO","Makapu'u","Yes",NA,"3","30000","0","0","0"
"784",1199,"Stationary count","Individual species","Lutjanidae","Etelis","carbunculus",NA,"Relative abundance (MaxN)","Standard error","PPO","Makapu'u","Yes",NA,"4",NA,NA,NA,NA
"785",1199,"Stationary count","Individual species","Lutjanidae","Etelis","carbunculus",NA,"Relative abundance (MaxN)","Standard error","PPO","Makapu'u","Yes",NA,"5",NA,NA,NA,NA
"786",1199,"Stationary count","Target species as a group",NA,NA,NA,"Deep 7","Richness","Standard error","PPO","Penguin Bank Bottomfish Restricted Fishing Area","Yes",NA,"1","0","1.75","0.17","0.17"
"787",1199,"Stationary count","Target species as a group",NA,NA,NA,"Deep 7","Richness","Standard error","PPO","Penguin Bank Bottomfish Restricted Fishing Area","Yes",NA,"2","5000","1.54","0.35","0.35"
"788",1199,"Stationary count","Target species as a group",NA,NA,NA,"Deep 7","Richness","Standard error","PPO","Penguin Bank Bottomfish Restricted Fishing Area","Yes",NA,"3","10000","1.6","0.3","0.3"
"789",1199,"Stationary count","Target species as a group",NA,NA,NA,"Deep 7","Richness","Standard error","PPO","Penguin Bank Bottomfish Restricted Fishing Area","Yes",NA,"4","15000","1.97","0.3","0.3"
"790",1199,"Stationary count","Target species as a group",NA,NA,NA,"Deep 7","Richness","Standard error","PPO","Penguin Bank Bottomfish Restricted Fishing Area","Yes",NA,"5","20000","0","0","0"
"791",1199,"Stationary count","Target species as a group",NA,NA,NA,"Deep 7","Diversity","Standard error","PPO","Penguin Bank Bottomfish Restricted Fishing Area","Yes",NA,"1","25000","0","0","0"
"792",1199,"Stationary count","Target species as a group",NA,NA,NA,"Deep 7","Diversity","Standard error","PPO","Penguin Bank Bottomfish Restricted Fishing Area","Yes",NA,"2","30000","0","0","0"
"793",1199,"Stationary count","Target species as a group",NA,NA,NA,"Deep 7","Diversity","Standard error","PPO","Penguin Bank Bottomfish Restricted Fishing Area","Yes",NA,"3","35000","0.98","0.08","0.08"
"794",1199,"Stationary count","Target species as a group",NA,NA,NA,"Deep 7","Diversity","Standard error","PPO","Penguin Bank Bottomfish Restricted Fishing Area","Yes",NA,"4","40000","0","0","0"
"795",1199,"Stationary count","Target species as a group",NA,NA,NA,"Deep 7","Diversity","Standard error","PPO","Penguin Bank Bottomfish Restricted Fishing Area","Yes",NA,"5","45000","0.65","0.49","0.49"
"796",1199,"Stationary count","Target species as a group",NA,NA,NA,"Deep 7","Diversity","Standard error","PPO","Penguin Bank Bottomfish Restricted Fishing Area","Yes",NA,"1","50000","0","0","0"
"797",1199,"Stationary count","Target species as a group",NA,NA,NA,"Deep 7","Diversity","Standard error","PPO","Penguin Bank Bottomfish Restricted Fishing Area","Yes",NA,"2",NA,NA,NA,NA
"798",1199,"Stationary count","Target species as a group",NA,NA,NA,"Deep 7","Diversity","Standard error","PPO","Penguin Bank Bottomfish Restricted Fishing Area","Yes",NA,"3",NA,NA,NA,NA
"799",1199,"Stationary count","Target species as a group",NA,NA,NA,"Deep 7","Diversity","Standard error","PPO","Penguin Bank Bottomfish Restricted Fishing Area","Yes",NA,"4",NA,NA,NA,NA
"800",1199,"Stationary count","Target species as a group",NA,NA,NA,"Deep 7","Diversity","Standard error","PPO","Penguin Bank Bottomfish Restricted Fishing Area","Yes",NA,"5",NA,NA,NA,NA
"801",1199,"Stationary count","Target species as a group",NA,NA,NA,"Deep 7","Diversity","Standard error","PPO","Makapu'u Bottomfish Restricted Fishing Area","Yes",NA,"1","0","0.9","0.14","0.14"
"802",1199,"Stationary count","Target species as a group",NA,NA,NA,"Deep 7","Diversity","Standard error","PPO","Makapu'u Bottomfish Restricted Fishing Area","Yes",NA,"2","5000","0.99","0.23","0.23"
"803",1199,"Stationary count","Target species as a group",NA,NA,NA,"Deep 7","Diversity","Standard error","PPO","Makapu'u Bottomfish Restricted Fishing Area","Yes",NA,"3","10000","0.61","0.15","0.15"
"804",1199,"Stationary count","Target species as a group",NA,NA,NA,"Deep 7","Diversity","Standard error","PPO","Makapu'u Bottomfish Restricted Fishing Area","Yes",NA,"4","15000","0.31","0.23","0.23"
"805",1199,"Stationary count","Target species as a group",NA,NA,NA,"Deep 7","Diversity","Standard error","PPO","Makapu'u Bottomfish Restricted Fishing Area","Yes",NA,"5","20000","0.23","0.25","0.25"
"806",1199,"Stationary count","Target species as a group",NA,NA,NA,"Deep 7","Diversity","Standard error","PPO","Makapu'u Bottomfish Restricted Fishing Area","Yes",NA,"1","25000","0","0","0"
"807",1199,"Stationary count","Target species as a group",NA,NA,NA,"Deep 7","Diversity","Standard error","PPO","Makapu'u Bottomfish Restricted Fishing Area","Yes",NA,"2","30000","0.99","0.04","0.04"
"808",1199,"Stationary count","Target species as a group",NA,NA,NA,"Deep 7","Diversity","Standard error","PPO","Makapu'u Bottomfish Restricted Fishing Area","Yes",NA,"3",NA,NA,NA,NA
"809",1199,"Stationary count","Target species as a group",NA,NA,NA,"Deep 7","Diversity","Standard error","PPO","Makapu'u Bottomfish Restricted Fishing Area","Yes",NA,"4",NA,NA,NA,NA
"810",1199,"Stationary count","Target species as a group",NA,NA,NA,"Deep 7","Diversity","Standard error","PPO","Makapu'u Bottomfish Restricted Fishing Area","Yes",NA,"5",NA,NA,NA,NA
"811",1230,"Catch","Target species as a group",NA,NA,NA,NA,"Catch per unit effort (CPUE)","Standard error","NTZ","Mombasa Marine Park and Reserve","Only sampled fished area as they couldn't trap in the NTZ","g/day","1","5","1051.08","234","234"
"812",1230,"Catch","Target species as a group",NA,NA,NA,NA,"Catch per unit effort (CPUE)","Standard error","NTZ","Mombasa Marine Park and Reserve","Only sampled fished area as they couldn't trap in the NTZ","g/day","2","247","789.24","190","190"
"813",1230,"Catch","Target species as a group",NA,NA,NA,NA,"Catch per unit effort (CPUE)","Standard error","NTZ","Mombasa Marine Park and Reserve","Only sampled fished area as they couldn't trap in the NTZ","g/day","3","666","243.91","70","70"
"814",1230,"Catch","Target species as a group",NA,NA,NA,NA,"Catch per unit effort (CPUE)","Standard error","NTZ","Mombasa Marine Park and Reserve","Only sampled fished area as they couldn't trap in the NTZ","g/day","4","795","174.24","50","50"
"815",1230,"Catch","Target species as a group",NA,NA,NA,NA,"Catch per unit effort (CPUE)","Standard error","NTZ","Mombasa Marine Park and Reserve","Only sampled fished area as they couldn't trap in the NTZ","g/day","5","1707","17.34",NA,NA
"816",1230,"Catch","Target species as a group",NA,NA,NA,NA,"Catch per unit effort (CPUE)","Standard error","NTZ","Mombasa Marine Park and Reserve","Couldn't sample in NTZ so all samples from outside","g/day","1","4199","183.28","83","83"
"817",1230,"Catch","Target species as a group",NA,NA,NA,NA,"Catch per unit effort (CPUE)","Standard error","NTZ","Mombasa Marine Park and Reserve","Couldn't sample in NTZ so all samples from outside","g/day","2","4496","252.33","104","104"
"818",1230,"Catch","Target species as a group",NA,NA,NA,NA,"Catch per unit effort (CPUE)","Standard error","NTZ","Mombasa Marine Park and Reserve","Couldn't sample in NTZ so all samples from outside","g/day","3",NA,NA,NA,NA
"819",1230,"Catch","Target species as a group",NA,NA,NA,NA,"Catch per unit effort (CPUE)","Standard error","NTZ","Mombasa Marine Park and Reserve","Couldn't sample in NTZ so all samples from outside","g/day","4",NA,NA,NA,NA
"820",1230,"Catch","Target species as a group",NA,NA,NA,NA,"Catch per unit effort (CPUE)","Standard error","NTZ","Mombasa Marine Park and Reserve","Couldn't sample in NTZ so all samples from outside","g/day","5",NA,NA,NA,NA
"821",1230,"Catch","Target species as a group",NA,NA,NA,NA,"Catch per unit effort (CPUE)","Standard error","NTZ","Mombasa Marine Park and Reserve","Couldn't sample inside the NTZ so all is outside ","g/day","1","5","748.68","110","110"
"822",1230,"Catch","Target species as a group",NA,NA,NA,NA,"Catch per unit effort (CPUE)","Standard error","NTZ","Mombasa Marine Park and Reserve","Couldn't sample inside the NTZ so all is outside ","g/day","2","187","870.18","97","97"
"823",1230,"Catch","Target species as a group",NA,NA,NA,NA,"Catch per unit effort (CPUE)","Standard error","NTZ","Mombasa Marine Park and Reserve","Couldn't sample inside the NTZ so all is outside ","g/day","3","668","656.34","100","100"
"824",1230,"Catch","Target species as a group",NA,NA,NA,NA,"Catch per unit effort (CPUE)","Standard error","NTZ","Mombasa Marine Park and Reserve","Couldn't sample inside the NTZ so all is outside ","g/day","4","1262","754.6","122","122"
"825",1230,"Catch","Target species as a group",NA,NA,NA,NA,"Catch per unit effort (CPUE)","Standard error","NTZ","Mombasa Marine Park and Reserve","Couldn't sample inside the NTZ so all is outside ","g/day","5","2343","523.24","107.5","107.5"
"826",1230,"Catch","Target species as a group",NA,NA,NA,NA,"Catch per unit effort (CPUE)","Standard error","NTZ","Mombasa Marine Park and Reserve","Yes","g/day","1","2887","530.24","112","112"
"827",1230,"Catch","Target species as a group",NA,NA,NA,NA,"Catch per unit effort (CPUE)","Standard error","NTZ","Mombasa Marine Park and Reserve","Yes","g/day","2",NA,NA,NA,NA
"828",1230,"Catch","Target species as a group",NA,NA,NA,NA,"Catch per unit effort (CPUE)","Standard error","NTZ","Mombasa Marine Park and Reserve","Yes","g/day","3",NA,NA,NA,NA
"829",1230,"Catch","Target species as a group",NA,NA,NA,NA,"Catch per unit effort (CPUE)","Standard error","NTZ","Mombasa Marine Park and Reserve","Yes","g/day","4",NA,NA,NA,NA
"830",1230,"Catch","Target species as a group",NA,NA,NA,NA,"Catch per unit effort (CPUE)","Standard error","NTZ","Mombasa Marine Park and Reserve","Yes","g/day","5",NA,NA,NA,NA
"831",1230,"Catch","Target species as a group",NA,NA,NA,NA,"Fish size","Standard error","NTZ","Mombasa Marine Park and Reserve","Yes","g","1","5","187.32","27","27"
"832",1230,"Catch","Target species as a group",NA,NA,NA,NA,"Fish size","Standard error","NTZ","Mombasa Marine Park and Reserve","Yes","g","2","247","148.2","19","19"
"833",1230,"Catch","Target species as a group",NA,NA,NA,NA,"Fish size","Standard error","NTZ","Mombasa Marine Park and Reserve","Yes","g","3","662","50","13","13"
"834",1230,"Catch","Target species as a group",NA,NA,NA,NA,"Fish size","Standard error","NTZ","Mombasa Marine Park and Reserve","Yes","g","4","812","64.03","15","15"
"835",1230,"Catch","Target species as a group",NA,NA,NA,NA,"Fish size","Standard error","NTZ","Mombasa Marine Park and Reserve","Yes","g","5","1712","27.01","12.75","12.75"
"836",1230,"Catch","Target species as a group",NA,NA,NA,NA,"Fish size","Standard error","NTZ","Mombasa Marine Park and Reserve","Yes","g","1","4202","69.38","30","30"
"837",1230,"Catch","Target species as a group",NA,NA,NA,NA,"Fish size","Standard error","NTZ","Mombasa Marine Park and Reserve","Yes","g","2","4473","75.79","23","23"
"838",1230,"Catch","Target species as a group",NA,NA,NA,NA,"Fish size","Standard error","NTZ","Mombasa Marine Park and Reserve","Yes","g","3",NA,NA,NA,NA
"839",1230,"Catch","Target species as a group",NA,NA,NA,NA,"Fish size","Standard error","NTZ","Mombasa Marine Park and Reserve","Yes","g","4",NA,NA,NA,NA
"840",1230,"Catch","Target species as a group",NA,NA,NA,NA,"Fish size","Standard error","NTZ","Mombasa Marine Park and Reserve","Yes","g","5",NA,NA,NA,NA
"841",1230,"Catch","Target species as a group",NA,NA,NA,NA,"Fish size","Standard error","NTZ","Mombasa Marine Park and Reserve","Yes","g","1","5","181.29","15","15"
"842",1230,"Catch","Target species as a group",NA,NA,NA,NA,"Fish size","Standard error","NTZ","Mombasa Marine Park and Reserve","Yes","g","2","176","145.8","13","13"
"843",1230,"Catch","Target species as a group",NA,NA,NA,NA,"Fish size","Standard error","NTZ","Mombasa Marine Park and Reserve","Yes","g","3","689","154.28","16","16"
"844",1230,"Catch","Target species as a group",NA,NA,NA,NA,"Fish size","Standard error","NTZ","Mombasa Marine Park and Reserve","Yes","g","4","1257","147.47","15","15"
"845",1230,"Catch","Target species as a group",NA,NA,NA,NA,"Fish size","Standard error","NTZ","Mombasa Marine Park and Reserve","Yes","g","5","2359","124.14","20","20"
"846",1230,"Catch","Target species as a group",NA,NA,NA,NA,"Fish size","Standard error","NTZ","Mombasa Marine Park and Reserve","Yes","g","1","2873","128.31","19","19"
"847",1230,"Catch","Target species as a group",NA,NA,NA,NA,"Fish size","Standard error","NTZ","Mombasa Marine Park and Reserve","Yes","g","2",NA,NA,NA,NA
"848",1230,"Catch","Target species as a group",NA,NA,NA,NA,"Fish size","Standard error","NTZ","Mombasa Marine Park and Reserve","Yes","g","3",NA,NA,NA,NA
"849",1230,"Catch","Target species as a group",NA,NA,NA,NA,"Fish size","Standard error","NTZ","Mombasa Marine Park and Reserve","Yes","g","4",NA,NA,NA,NA
"850",1230,"Catch","Target species as a group",NA,NA,NA,NA,"Fish size","Standard error","NTZ","Mombasa Marine Park and Reserve","Yes","g","5",NA,NA,NA,NA
"851",1230,"Catch","Target species as a group",NA,NA,NA,NA,"Diversity","Standard error","NTZ","Mombasa Marine Park and Reserve","Yes",NA,"1","5","7.31","0.36","0.36"
"852",1230,"Catch","Target species as a group",NA,NA,NA,NA,"Diversity","Standard error","NTZ","Mombasa Marine Park and Reserve","Yes",NA,"2","252","8.25","0.4","0.4"
"853",1230,"Catch","Target species as a group",NA,NA,NA,NA,"Diversity","Standard error","NTZ","Mombasa Marine Park and Reserve","Yes",NA,"3","656","5.95","2.3","2.3"
"854",1230,"Catch","Target species as a group",NA,NA,NA,NA,"Diversity","Standard error","NTZ","Mombasa Marine Park and Reserve","Yes",NA,"4","794","5.31","1.35","1.35"
"855",1230,"Catch","Target species as a group",NA,NA,NA,NA,"Diversity","Standard error","NTZ","Mombasa Marine Park and Reserve","Yes",NA,"5","1699","1.28","0.37","0.37"
"856",1230,"Catch","Target species as a group",NA,NA,NA,NA,"Diversity","Standard error","NTZ","Mombasa Marine Park and Reserve","Yes",NA,"1","4195","4.43","1.46","1.46"
"857",1230,"Catch","Target species as a group",NA,NA,NA,NA,"Diversity","Standard error","NTZ","Mombasa Marine Park and Reserve","Yes",NA,"2","4463","3.47","0.5","0.5"
"858",1230,"Catch","Target species as a group",NA,NA,NA,NA,"Diversity","Standard error","NTZ","Mombasa Marine Park and Reserve","Yes",NA,"3",NA,NA,NA,NA
"859",1230,"Catch","Target species as a group",NA,NA,NA,NA,"Diversity","Standard error","NTZ","Mombasa Marine Park and Reserve","Yes",NA,"4",NA,NA,NA,NA
"860",1230,"Catch","Target species as a group",NA,NA,NA,NA,"Diversity","Standard error","NTZ","Mombasa Marine Park and Reserve","Yes",NA,"5",NA,NA,NA,NA
"861",1230,"Catch","Target species as a group",NA,NA,NA,NA,"Diversity","Standard error","NTZ","Mombasa Marine Park and Reserve","Yes",NA,"1","5","10.81","2.09","2.09"
"862",1230,"Catch","Target species as a group",NA,NA,NA,NA,"Diversity","Standard error","NTZ","Mombasa Marine Park and Reserve","Yes",NA,"2","173","8.97","1.7","1.7"
"863",1230,"Catch","Target species as a group",NA,NA,NA,NA,"Diversity","Standard error","NTZ","Mombasa Marine Park and Reserve","Yes",NA,"3","666","6.84","1.5","1.5"
"864",1230,"Catch","Target species as a group",NA,NA,NA,NA,"Diversity","Standard error","NTZ","Mombasa Marine Park and Reserve","Yes",NA,"4","1246","7.61","0.78","0.78"
"865",1230,"Catch","Target species as a group",NA,NA,NA,NA,"Diversity","Standard error","NTZ","Mombasa Marine Park and Reserve","Yes",NA,"5","2339","7.33","1.8","1.8"
"866",1230,"Catch","Target species as a group",NA,NA,NA,NA,"Diversity","Standard error","NTZ","Mombasa Marine Park and Reserve","Yes","g","1","2875","7.81","0.65","0.65"
"867",1230,"Catch","Target species as a group",NA,NA,NA,NA,"Diversity","Standard error","NTZ","Mombasa Marine Park and Reserve","Yes","g","2",NA,NA,NA,NA
"868",1230,"Catch","Target species as a group",NA,NA,NA,NA,"Diversity","Standard error","NTZ","Mombasa Marine Park and Reserve","Yes","g","3",NA,NA,NA,NA
"869",1230,"Catch","Target species as a group",NA,NA,NA,NA,"Diversity","Standard error","NTZ","Mombasa Marine Park and Reserve","Yes","g","4",NA,NA,NA,NA
"870",1230,"Catch","Target species as a group",NA,NA,NA,NA,"Diversity","Standard error","NTZ","Mombasa Marine Park and Reserve","Yes","g","5",NA,NA,NA,NA
"871",1280,"Transect count","Individual species","Acanthuridae","Zebrasoma","flavescens",NA,"Density","Standard error","PPO","West Hawai'i Marine Protected Area Network","Yes","No. individuals per 100 m2","1","-1264","24.2","2.8","2.8"
"872",1280,"Transect count","Individual species","Acanthuridae","Zebrasoma","flavescens",NA,"Density","Standard error","PPO","West Hawai'i Marine Protected Area Network","Yes","No. individuals per 100 m2","2","-1653","26.2","2.4","2.4"
"873",1280,"Transect count","Individual species","Acanthuridae","Zebrasoma","flavescens",NA,"Density","Standard error","PPO","West Hawai'i Marine Protected Area Network","Yes","No. individuals per 100 m2","3","-2199","28.3","1.3","1.3"
"874",1280,"Transect count","Individual species","Acanthuridae","Zebrasoma","flavescens",NA,"Density","Standard error","PPO","West Hawai'i Marine Protected Area Network","Yes","No. individuals per 100 m2","4","-4158","26.6","3.5","3.5"
"875",1280,"Transect count","Individual species","Acanthuridae","Zebrasoma","flavescens",NA,"Density","Standard error","PPO","West Hawai'i Marine Protected Area Network","Yes","No. individuals per 100 m2","5",NA,NA,NA,NA
"876",1280,"Transect count","Individual species","Acanthuridae","Zebrasoma","flavescens",NA,"Density","Standard error","PPO","West Hawai'i Marine Protected Area Network","Yes","No. individuals per 100 m2","1","-1236","22.7","1.2","1.2"
"877",1280,"Transect count","Individual species","Acanthuridae","Zebrasoma","flavescens",NA,"Density","Standard error","PPO","West Hawai'i Marine Protected Area Network","Yes","No. individuals per 100 m2","2","-2185","23.2","1.7","1.7"
"878",1280,"Transect count","Individual species","Acanthuridae","Zebrasoma","flavescens",NA,"Density","Standard error","PPO","West Hawai'i Marine Protected Area Network","Yes","No. individuals per 100 m2","3","-2296","18.6","2.1","2.1"
"879",1280,"Transect count","Individual species","Acanthuridae","Zebrasoma","flavescens",NA,"Density","Standard error","PPO","West Hawai'i Marine Protected Area Network","Yes","No. individuals per 100 m2","4","-621","25.4","2.9","2.9"
"880",1280,"Transect count","Individual species","Acanthuridae","Zebrasoma","flavescens",NA,"Density","Standard error","PPO","West Hawai'i Marine Protected Area Network","Yes","No. individuals per 100 m2","5",NA,NA,NA,NA
"881",1280,"Transect count","Individual species","Acanthuridae","Zebrasoma","flavescens",NA,"Density","Standard error","PPO","West Hawai'i Marine Protected Area Network","Yes","No. individuals per 100 m2","1","679","21.2","2.6","2.6"
"882",1280,"Transect count","Individual species","Acanthuridae","Zebrasoma","flavescens",NA,"Density","Standard error","PPO","West Hawai'i Marine Protected Area Network","Yes","No. individuals per 100 m2","2","847","17.9","1.1","1.1"
"883",1280,"Transect count","Individual species","Acanthuridae","Zebrasoma","flavescens",NA,"Density","Standard error","PPO","West Hawai'i Marine Protected Area Network","Yes","No. individuals per 100 m2","3","546","26.9","3.8","3.8"
"884",1280,"Transect count","Individual species","Acanthuridae","Zebrasoma","flavescens",NA,"Density","Standard error","PPO","West Hawai'i Marine Protected Area Network","Yes","No. individuals per 100 m2","4","926","34.2","2.6","2.6"
"885",1280,"Transect count","Individual species","Acanthuridae","Zebrasoma","flavescens",NA,"Density","Standard error","PPO","West Hawai'i Marine Protected Area Network","Yes","No. individuals per 100 m2","5",NA,NA,NA,NA
"886",1280,"Transect count","Individual species","Acanthuridae","Zebrasoma","flavescens",NA,"Density","Standard error","PPO","West Hawai'i Marine Protected Area Network","Yes","No. individuals per 100 m2","1","4270","12.2","1.2","1.2"
"887",1280,"Transect count","Individual species","Acanthuridae","Zebrasoma","flavescens",NA,"Density","Standard error","PPO","West Hawai'i Marine Protected Area Network","Yes","No. individuals per 100 m2","2","3651","18","1.5","1.5"
"888",1280,"Transect count","Individual species","Acanthuridae","Zebrasoma","flavescens",NA,"Density","Standard error","PPO","West Hawai'i Marine Protected Area Network","Yes","No. individuals per 100 m2","3","2527","23.9","2.4","2.4"
"889",1280,"Transect count","Individual species","Acanthuridae","Zebrasoma","flavescens",NA,"Density","Standard error","PPO","West Hawai'i Marine Protected Area Network","Yes","No. individuals per 100 m2","4","2838","17","1.5","1.5"
"890",1280,"Transect count","Individual species","Acanthuridae","Zebrasoma","flavescens",NA,"Density","Standard error","PPO","West Hawai'i Marine Protected Area Network","Yes","No. individuals per 100 m2","5",NA,NA,NA,NA
"891",1285,"Transect count","Target species as a group",NA,NA,NA,NA,"Abundance","Standard error","NTZ","Dwesa-Cwebe Marine Protected Area","Yes",NA,"1","0","18.86","4.14","4.14"
"892",1285,"Transect count","Target species as a group",NA,NA,NA,NA,"Abundance","Standard error","NTZ","Dwesa-Cwebe Marine Protected Area","Yes",NA,"2","2000","26.81","4.66","4.66"
"893",1285,"Transect count","Target species as a group",NA,NA,NA,NA,"Abundance","Standard error","NTZ","Dwesa-Cwebe Marine Protected Area","Yes",NA,"3","5000","6.01","2.93","2.93"
"894",1285,"Transect count","Target species as a group",NA,NA,NA,NA,"Abundance","Standard error","NTZ","Dwesa-Cwebe Marine Protected Area","Yes",NA,"4",NA,NA,NA,NA
"895",1285,"Transect count","Target species as a group",NA,NA,NA,NA,"Abundance","Standard error","NTZ","Dwesa-Cwebe Marine Protected Area","Yes",NA,"5",NA,NA,NA,NA
"896",1285,"Transect count","Target species as a group",NA,NA,NA,NA,"Abundance","Standard error","NTZ","Dwesa-Cwebe Marine Protected Area","Yes",NA,"1","0","2.52","0.61","0.61"
"897",1285,"Transect count","Target species as a group",NA,NA,NA,NA,"Abundance","Standard error","NTZ","Dwesa-Cwebe Marine Protected Area","Yes",NA,"2","2000","13.03","4.39","4.39"
"898",1285,"Transect count","Target species as a group",NA,NA,NA,NA,"Abundance","Standard error","NTZ","Dwesa-Cwebe Marine Protected Area","Yes",NA,"3","5000","7.28","3.25","3.25"
"899",1285,"Transect count","Target species as a group",NA,NA,NA,NA,"Abundance","Standard error","NTZ","Dwesa-Cwebe Marine Protected Area","Yes",NA,"4",NA,NA,NA,NA
"900",1285,"Transect count","Target species as a group",NA,NA,NA,NA,"Abundance","Standard error","NTZ","Dwesa-Cwebe Marine Protected Area","Yes",NA,"5",NA,NA,NA,NA
"901",1285,"Transect count","Target species as a group",NA,NA,NA,NA,"Abundance","Standard error","NTZ","Dwesa-Cwebe Marine Protected Area","Yes",NA,"1","0","15.36","2.48","2.48"
"902",1285,"Transect count","Target species as a group",NA,NA,NA,NA,"Abundance","Standard error","NTZ","Dwesa-Cwebe Marine Protected Area","Yes",NA,"2","2000","3.49","1.2","1.2"
"903",1285,"Transect count","Target species as a group",NA,NA,NA,NA,"Abundance","Standard error","NTZ","Dwesa-Cwebe Marine Protected Area","Yes",NA,"3","5000","11.36","2.56","2.56"
"904",1285,"Transect count","Target species as a group",NA,NA,NA,NA,"Abundance","Standard error","NTZ","Dwesa-Cwebe Marine Protected Area","Yes",NA,"4",NA,NA,NA,NA
"905",1285,"Transect count","Target species as a group",NA,NA,NA,NA,"Abundance","Standard error","NTZ","Dwesa-Cwebe Marine Protected Area","Yes",NA,"5",NA,NA,NA,NA
"906",1285,"Transect count","Non-target species as a group",NA,NA,NA,NA,"Abundance","Standard error","NTZ","Dwesa-Cwebe Marine Protected Area","Yes",NA,"1","0","542.89.45","89.45","89.45"
"907",1285,"Transect count","Non-target species as a group",NA,NA,NA,NA,"Abundance","Standard error","NTZ","Dwesa-Cwebe Marine Protected Area","Yes",NA,"2","2000","273.58","22.81","22.81"
"908",1285,"Transect count","Non-target species as a group",NA,NA,NA,NA,"Abundance","Standard error","NTZ","Dwesa-Cwebe Marine Protected Area","Yes",NA,"3","5000","459.24","71.44","71.44"
"909",1285,"Transect count","Non-target species as a group",NA,NA,NA,NA,"Abundance","Standard error","NTZ","Dwesa-Cwebe Marine Protected Area","Yes",NA,"4",NA,NA,NA,NA
"910",1285,"Transect count","Non-target species as a group",NA,NA,NA,NA,"Abundance","Standard error","NTZ","Dwesa-Cwebe Marine Protected Area","Yes",NA,"5",NA,NA,NA,NA
"911",1285,"Transect count","Non-target species as a group",NA,NA,NA,NA,"Abundance","Standard error","NTZ","Dwesa-Cwebe Marine Protected Area","Yes",NA,"1","0","224.75","47.46","47.46"
"912",1285,"Transect count","Non-target species as a group",NA,NA,NA,NA,"Abundance","Standard error","NTZ","Dwesa-Cwebe Marine Protected Area","Yes",NA,"2","2000","359.09","10.86","10.86"
"913",1285,"Transect count","Non-target species as a group",NA,NA,NA,NA,"Abundance","Standard error","NTZ","Dwesa-Cwebe Marine Protected Area","Yes",NA,"3","5000","417.54","59.85","59.85"
"914",1285,"Transect count","Non-target species as a group",NA,NA,NA,NA,"Abundance","Standard error","NTZ","Dwesa-Cwebe Marine Protected Area","Yes",NA,"4",NA,NA,NA,NA
"915",1285,"Transect count","Non-target species as a group",NA,NA,NA,NA,"Abundance","Standard error","NTZ","Dwesa-Cwebe Marine Protected Area","Yes",NA,"5",NA,NA,NA,NA
"916",1285,"Transect count","Non-target species as a group",NA,NA,NA,NA,"Abundance","Standard error","NTZ","Dwesa-Cwebe Marine Protected Area","Yes",NA,"1","0","369.78","81.35","81.35"
"917",1285,"Transect count","Non-target species as a group",NA,NA,NA,NA,"Abundance","Standard error","NTZ","Dwesa-Cwebe Marine Protected Area","Yes",NA,"2","2000","1053.17","94.97","94.97"
"918",1285,"Transect count","Non-target species as a group",NA,NA,NA,NA,"Abundance","Standard error","NTZ","Dwesa-Cwebe Marine Protected Area","Yes",NA,"3","5000","440.75","55.02","55.02"
"919",1285,"Transect count","Non-target species as a group",NA,NA,NA,NA,"Abundance","Standard error","NTZ","Dwesa-Cwebe Marine Protected Area","Yes",NA,"4",NA,NA,NA,NA
"920",1285,"Transect count","Non-target species as a group",NA,NA,NA,NA,"Abundance","Standard error","NTZ","Dwesa-Cwebe Marine Protected Area","Yes",NA,"5",NA,NA,NA,NA
"921",1311,"Stationary count","Family group","Acanthuridae",NA,NA,NA,"Proportion of central-reserve biomass","95% confidence intervals","NTZ",NA,"Yes",NA,"1","-200","0.85","0.16","0.16"
"922",1311,"Stationary count","Family group","Acanthuridae",NA,NA,NA,"Proportion of central-reserve biomass","95% confidence intervals","NTZ",NA,"Yes",NA,"2","-100","0.17","0.14","0.14"
"923",1311,"Stationary count","Family group","Acanthuridae",NA,NA,NA,"Proportion of central-reserve biomass","95% confidence intervals","NTZ",NA,"Yes",NA,"3","0","0.35","0.12","0.12"
"924",1311,"Stationary count","Family group","Acanthuridae",NA,NA,NA,"Proportion of central-reserve biomass","95% confidence intervals","NTZ",NA,"Yes",NA,"4","100","0.35","0.14","0.14"
"925",1311,"Stationary count","Family group","Acanthuridae",NA,NA,NA,"Proportion of central-reserve biomass","95% confidence intervals","NTZ",NA,"Yes",NA,"5","200","0.2","0.19","0.19"
"926",1311,"Stationary count","Family group","Scaridae",NA,NA,NA,"Proportion of central reserve biomass","95% confidence intervals","NTZ",NA,"Yes",NA,"1","-200","0.95","0.23","0.23"
"927",1311,"Stationary count","Family group","Scaridae",NA,NA,NA,"Proportion of central reserve biomass","95% confidence intervals","NTZ",NA,"Yes",NA,"2","-100","0.8","0.16","0.16"
"928",1311,"Stationary count","Family group","Scaridae",NA,NA,NA,"Proportion of central reserve biomass","95% confidence intervals","NTZ",NA,"Yes",NA,"3","0","0.66","0.12","0.12"
"929",1311,"Stationary count","Family group","Scaridae",NA,NA,NA,"Proportion of central reserve biomass","95% confidence intervals","NTZ",NA,"Yes",NA,"4","100","0.51","0.16","0.16"
"930",1311,"Stationary count","Family group","Scaridae",NA,NA,NA,"Proportion of central reserve biomass","95% confidence intervals","NTZ",NA,"Yes",NA,"5","200","0.36","0.23","0.23"
"931",1313,"Transect count","Individual species","Pectinidae","Pecten","maximus",NA,"Density","Standard error","NTZ","Lamlash Bay Marine Reserve","Yes","No. individuals per 100m2","1","0","6.96","1.04","1.04"
"932",1313,"Transect count","Individual species","Pectinidae","Pecten","maximus",NA,"Density","Standard error","NTZ","Lamlash Bay Marine Reserve","Yes","No. individuals per 100m2","2","500","6.2","1.87","1.87"
"933",1313,"Transect count","Individual species","Pectinidae","Pecten","maximus",NA,"Density","Standard error","NTZ","Lamlash Bay Marine Reserve","Yes","No. individuals per 100m2","3","1000","5.56","1.62","1.62"
"934",1313,"Transect count","Individual species","Pectinidae","Pecten","maximus",NA,"Density","Standard error","NTZ","Lamlash Bay Marine Reserve","Yes","No. individuals per 100m2","4","1500","2.12","0.54","0.54"
"935",1313,"Transect count","Individual species","Pectinidae","Pecten","maximus",NA,"Density","Standard error","NTZ","Lamlash Bay Marine Reserve","Yes","No. individuals per 100m2","5","2000","2.76","0.93","0.93"
"936",1313,"Transect count","Individual species","Pectinidae","Pecten","maximus",NA,"Density","Standard error","NTZ","Lamlash Bay Marine Reserve","Yes","No. individuals per 100m2","1",">2000","1.76","0.76","0.76"
"937",1313,"Transect count","Individual species","Pectinidae","Pecten","maximus",NA,"Density","Standard error","NTZ","Lamlash Bay Marine Reserve","Yes","No. individuals per 100m2","2",NA,NA,NA,NA
"938",1313,"Transect count","Individual species","Pectinidae","Pecten","maximus",NA,"Density","Standard error","NTZ","Lamlash Bay Marine Reserve","Yes","No. individuals per 100m2","3",NA,NA,NA,NA
"939",1313,"Transect count","Individual species","Pectinidae","Pecten","maximus",NA,"Density","Standard error","NTZ","Lamlash Bay Marine Reserve","Yes","No. individuals per 100m2","4",NA,NA,NA,NA
"940",1313,"Transect count","Individual species","Pectinidae","Pecten","maximus",NA,"Density","Standard error","NTZ","Lamlash Bay Marine Reserve","Yes","No. individuals per 100m2","5",NA,NA,NA,NA
"941",1318,"Catch","Target species as a group","Sparidae",NA,NA,NA,"Standardised change in Catch per Unit Area (CPUA)","95% confidence intervals","NTZ","Carry-le-Rouet Marine Reserve","Yes","No. fish per km2","1","0","0.21","1.13","1.13"
"942",1318,"Catch","Target species as a group","Sparidae",NA,NA,NA,"Standardised change in Catch per Unit Area (CPUA)","95% confidence intervals","NTZ","Carry-le-Rouet Marine Reserve","Yes","No. fish per km2","2","1000","-0.76","0.59","0.59"
"943",1318,"Catch","Target species as a group","Sparidae",NA,NA,NA,"Standardised change in Catch per Unit Area (CPUA)","95% confidence intervals","NTZ","Carry-le-Rouet Marine Reserve","Yes","No. fish per km2","3","2000","0.02","0.75","0.75"
"944",1318,"Catch","Target species as a group","Sparidae",NA,NA,NA,"Standardised change in Catch per Unit Area (CPUA)","95% confidence intervals","NTZ","Carry-le-Rouet Marine Reserve","Yes","No. fish per km2","4","3000","0.92","0.7","0.7"
"945",1318,"Catch","Target species as a group","Sparidae",NA,NA,NA,"Standardised change in Catch per Unit Area (CPUA)","95% confidence intervals","NTZ","Carry-le-Rouet Marine Reserve","Yes","No. fish per km2","5","4000","0.75","1.57","1.57"
"946",1318,"Catch","Target species as a group",NA,NA,NA,"Mullidae (target), Scorpaenidae and Labridae (non-target)","Standardised change in Catch per Unit Area (CPUA)","95% confidence intervals","NTZ","Carry-le-Rouet Marine Reserve","Yes","No. fish per km2","1","0","3.31","0.95","0.95"
"947",1318,"Catch","Target species as a group",NA,NA,NA,"Mullidae (target), Scorpaenidae and Labridae (non-target)","Standardised change in Catch per Unit Area (CPUA)","95% confidence intervals","NTZ","Carry-le-Rouet Marine Reserve","Yes","No. fish per km2","2","1000","-0.4","0.48","0.46"
"948",1318,"Catch","Target species as a group",NA,NA,NA,"Mullidae (target), Scorpaenidae and Labridae (non-target)","Standardised change in Catch per Unit Area (CPUA)","95% confidence intervals","NTZ","Carry-le-Rouet Marine Reserve","Yes","No. fish per km2","3","2000","-0.23","0.6","0.6"
"949",1318,"Catch","Target species as a group",NA,NA,NA,"Mullidae (target), Scorpaenidae and Labridae (non-target)","Standardised change in Catch per Unit Area (CPUA)","95% confidence intervals","NTZ","Carry-le-Rouet Marine Reserve","Yes","No. fish per km2","4","3000","-0.81","0.69","0.69"
"950",1318,"Catch","Target species as a group",NA,NA,NA,"Mullidae (target), Scorpaenidae and Labridae (non-target)","Standardised change in Catch per Unit Area (CPUA)","95% confidence intervals","NTZ","Carry-le-Rouet Marine Reserve","Yes","No. fish per km2","5","4000","-2.39","1.24","1.24"
"951",1318,"Catch","Target species as a group","Sparidae",NA,NA,NA,"Standardised change in Catch per Unit Area","95% confidence intervals","NTZ","Cerbère-Banyuls Marine Reserve","RUZ and open to fishing","No. fish per km2","1","0","0.14","0.73","0.73"
"952",1318,"Catch","Target species as a group","Sparidae",NA,NA,NA,"Standardised change in Catch per Unit Area","95% confidence intervals","NTZ","Cerbère-Banyuls Marine Reserve","RUZ and open to fishing","No. fish per km2","2","1000","-0.16","1.08","1.08"
"953",1318,"Catch","Target species as a group","Sparidae",NA,NA,NA,"Standardised change in Catch per Unit Area","95% confidence intervals","NTZ","Cerbère-Banyuls Marine Reserve","RUZ and open to fishing","No. fish per km2","3","2000","1.67","0.95","0.95"
"954",1318,"Catch","Target species as a group","Sparidae",NA,NA,NA,"Standardised change in Catch per Unit Area","95% confidence intervals","NTZ","Cerbère-Banyuls Marine Reserve","RUZ and open to fishing","No. fish per km2","4","3000","0.07","1.25","1.25"
"955",1318,"Catch","Target species as a group","Sparidae",NA,NA,NA,"Standardised change in Catch per Unit Area","95% confidence intervals","NTZ","Cerbère-Banyuls Marine Reserve","RUZ and open to fishing","No. fish per km2","5","4000","-0.42","1.42","1.42"
"956",1318,"Catch","Target species as a group","Sparidae",NA,NA,NA,"Standardised change in Catch per Unit Area (CPUA)","95% confidence intervals","NTZ","Cerbère-Banyuls Marine Reserve","RUZ and open area","No. fish per km2","1","5000","-1.26","1.38","1.38"
"957",1318,"Catch","Target species as a group","Sparidae",NA,NA,NA,"Standardised change in Catch per Unit Area (CPUA)","95% confidence intervals","NTZ","Cerbère-Banyuls Marine Reserve","RUZ and open area","No. fish per km2","2","6000","-1.73","1.33","1.33"
"958",1318,"Catch","Target species as a group","Sparidae",NA,NA,NA,"Standardised change in Catch per Unit Area (CPUA)","95% confidence intervals","NTZ","Cerbère-Banyuls Marine Reserve","RUZ and open area","No. fish per km2","3",NA,NA,NA,NA
"959",1318,"Catch","Target species as a group","Sparidae",NA,NA,NA,"Standardised change in Catch per Unit Area (CPUA)","95% confidence intervals","NTZ","Cerbère-Banyuls Marine Reserve","RUZ and open area","No. fish per km2","4",NA,NA,NA,NA
"960",1318,"Catch","Target species as a group","Sparidae",NA,NA,NA,"Standardised change in Catch per Unit Area (CPUA)","95% confidence intervals","NTZ","Cerbère-Banyuls Marine Reserve","RUZ and open area","No. fish per km2","5",NA,NA,NA,NA
"961",1318,"Catch","Target species as a group",NA,NA,NA,"Palinuridae (target), Uranoscopidae (non-target)","Standardised change in Catch per Unit Area (CPUA)","95% confidence intervals","NTZ","Cerbère-Banyuls","RUZ and open area","No. lobster per km2","1","0","-1.59","0.64","0.64"
"962",1318,"Catch","Target species as a group",NA,NA,NA,"Palinuridae (target), Uranoscopidae (non-target)","Standardised change in Catch per Unit Area (CPUA)","95% confidence intervals","NTZ","Cerbère-Banyuls","RUZ and open area","No. lobster per km2","2","1000","1.22","0.84","0.84"
"963",1318,"Catch","Target species as a group",NA,NA,NA,"Palinuridae (target), Uranoscopidae (non-target)","Standardised change in Catch per Unit Area (CPUA)","95% confidence intervals","NTZ","Cerbère-Banyuls","RUZ and open area","No. lobster per km2","3","2000","0.01","1.04","1.04"
"964",1318,"Catch","Target species as a group",NA,NA,NA,"Palinuridae (target), Uranoscopidae (non-target)","Standardised change in Catch per Unit Area (CPUA)","95% confidence intervals","NTZ","Cerbère-Banyuls","RUZ and open area","No. lobster per km2","4","3000","-2.04","0.68","0.68"
"965",1318,"Catch","Target species as a group",NA,NA,NA,"Palinuridae (target), Uranoscopidae (non-target)","Standardised change in Catch per Unit Area (CPUA)","95% confidence intervals","NTZ","Cerbère-Banyuls","RUZ and open area","No. lobster per km2","5",NA,NA,NA,NA
"966",1318,"Catch","Target species as a group","Sparidae",NA,NA,NA,"Standardised change in Catch per Unit Area (CPUA)","95% confidence intervals","NTZ","Medes Marine Reserve","RUZ and open area","No. fish per km2","1","0","1.24","0.64","0.64"
"967",1318,"Catch","Target species as a group","Sparidae",NA,NA,NA,"Standardised change in Catch per Unit Area (CPUA)","95% confidence intervals","NTZ","Medes Marine Reserve","RUZ and open area","No. fish per km2","2","500","-0.53","0.47","0.47"
"968",1318,"Catch","Target species as a group","Sparidae",NA,NA,NA,"Standardised change in Catch per Unit Area (CPUA)","95% confidence intervals","NTZ","Medes Marine Reserve","RUZ and open area","No. fish per km2","3","1000","0.54","0.72","0.72"
"969",1318,"Catch","Target species as a group","Sparidae",NA,NA,NA,"Standardised change in Catch per Unit Area (CPUA)","95% confidence intervals","NTZ","Medes Marine Reserve","RUZ and open area","No. fish per km2","4","1500","-1.2","0.82","0.82"
"970",1318,"Catch","Target species as a group","Sparidae",NA,NA,NA,"Standardised change in Catch per Unit Area (CPUA)","95% confidence intervals","NTZ","Medes Marine Reserve","RUZ and open area","No. fish per km2","5","2000","-1.38","0.98","0.98"
"971",1318,"Catch","Target species as a group",NA,NA,NA,"Mullidae (target), Sparidae (non-target)","Standardised change in Catch per Unit Area (CPUA)","95% confidence intervals","NTZ","Medes Marine Reserve","RUZ and open area","No. fish per km2","1","0","0.24","0.77","0.77"
"972",1318,"Catch","Target species as a group",NA,NA,NA,"Mullidae (target), Sparidae (non-target)","Standardised change in Catch per Unit Area (CPUA)","95% confidence intervals","NTZ","Medes Marine Reserve","RUZ and open area","No. fish per km2","2","1000","0.46","0.4","0.4"
"973",1318,"Catch","Target species as a group",NA,NA,NA,"Mullidae (target), Sparidae (non-target)","Standardised change in Catch per Unit Area (CPUA)","95% confidence intervals","NTZ","Medes Marine Reserve","RUZ and open area","No. fish per km2","3","2000","-0.18","0.49","0.49"
"974",1318,"Catch","Target species as a group",NA,NA,NA,"Mullidae (target), Sparidae (non-target)","Standardised change in Catch per Unit Area (CPUA)","95% confidence intervals","NTZ","Medes Marine Reserve","RUZ and open area","No. fish per km2","4","3000","0.03","0.48","0.48"
"975",1318,"Catch","Target species as a group",NA,NA,NA,"Mullidae (target), Sparidae (non-target)","Standardised change in Catch per Unit Area (CPUA)","95% confidence intervals","NTZ","Medes Marine Reserve","RUZ and open area","No. fish per km2","5","4000","-0.12","0.82","0.82"
"976",1318,"Catch","Target species as a group",NA,NA,NA,"Mullidae (target), Sparidae (non-target)","Standardised change in Catch per Unit Area (CPUA)","95% confidence intervals","NTZ","Medes Marine Reserve","RUZ and open area","No. fish per km2","1","5000","-1.01","0.9","0.9"
"977",1318,"Catch","Target species as a group",NA,NA,NA,"Mullidae (target), Sparidae (non-target)","Standardised change in Catch per Unit Area (CPUA)","95% confidence intervals","NTZ","Medes Marine Reserve","RUZ and open area","No. fish per km2","2","6000","-1.71","1.47","1.47"
"978",1318,"Catch","Target species as a group",NA,NA,NA,"Mullidae (target), Sparidae (non-target)","Standardised change in Catch per Unit Area (CPUA)","95% confidence intervals","NTZ","Medes Marine Reserve","RUZ and open area","No. fish per km2","3",NA,NA,NA,NA
"979",1318,"Catch","Target species as a group",NA,NA,NA,"Mullidae (target), Sparidae (non-target)","Standardised change in Catch per Unit Area (CPUA)","95% confidence intervals","NTZ","Medes Marine Reserve","RUZ and open area","No. fish per km2","4",NA,NA,NA,NA
"980",1318,"Catch","Target species as a group",NA,NA,NA,"Mullidae (target), Sparidae (non-target)","Standardised change in Catch per Unit Area (CPUA)","95% confidence intervals","NTZ","Medes Marine Reserve","RUZ and open area","No. fish per km2","5",NA,NA,NA,NA
"981",1318,"Catch","Target species as a group",NA,NA,NA,"Sparidae (target), Scyliorihinidae (non-target)","Standardised change in Catch per Unit Area (CPUA)","95% confidence intervals","NTZ","Cabrera Marine Reserve","RUZ and open area","No. fish per km2","1","0","0.13","0.46","0.46"
"982",1318,"Catch","Target species as a group",NA,NA,NA,"Sparidae (target), Scyliorihinidae (non-target)","Standardised change in Catch per Unit Area (CPUA)","95% confidence intervals","NTZ","Cabrera Marine Reserve","RUZ and open area","No. fish per km2","2","500","0.09","0.22","0.22"
"983",1318,"Catch","Target species as a group",NA,NA,NA,"Sparidae (target), Scyliorihinidae (non-target)","Standardised change in Catch per Unit Area (CPUA)","95% confidence intervals","NTZ","Cabrera Marine Reserve","RUZ and open area","No. fish per km2","3","1000","-0.14","0.37","0.37"
"984",1318,"Catch","Target species as a group",NA,NA,NA,"Sparidae (target), Scyliorihinidae (non-target)","Standardised change in Catch per Unit Area (CPUA)","95% confidence intervals","NTZ","Cabrera Marine Reserve","RUZ and open area","No. fish per km2","4","1500","-0.68","0.64","0.64"
"985",1318,"Catch","Target species as a group",NA,NA,NA,"Sparidae (target), Scyliorihinidae (non-target)","Standardised change in Catch per Unit Area (CPUA)","95% confidence intervals","NTZ","Cabrera Marine Reserve","RUZ and open area","No. fish per km2","5",NA,NA,NA,NA
"986",1318,"Catch","Target species as a group",NA,NA,NA,"Serranidae and Sparidae (Target)","Standardised change in Catch per Unit Area (CPUA)","95% confidence intervals","NTZ","Cabrera Marine Reserve","RUZ and open area","No. fish per km2","1","0","0.28","0.57","0.57"
"987",1318,"Catch","Target species as a group",NA,NA,NA,"Serranidae and Sparidae (Target)","Standardised change in Catch per Unit Area (CPUA)","95% confidence intervals","NTZ","Cabrera Marine Reserve","RUZ and open area","No. fish per km2","2","500","-0.01","0.27","0.27"
"988",1318,"Catch","Target species as a group",NA,NA,NA,"Serranidae and Sparidae (Target)","Standardised change in Catch per Unit Area (CPUA)","95% confidence intervals","NTZ","Cabrera Marine Reserve","RUZ and open area","No. fish per km2","3","1000","-0.42","0.58","0.58"
"989",1318,"Catch","Target species as a group",NA,NA,NA,"Serranidae and Sparidae (Target)","Standardised change in Catch per Unit Area (CPUA)","95% confidence intervals","NTZ","Cabrera Marine Reserve","RUZ and open area","No. fish per km2","4","1500","-0.25","1.01","1.01"
"990",1318,"Catch","Target species as a group",NA,NA,NA,"Serranidae and Sparidae (Target)","Standardised change in Catch per Unit Area (CPUA)","95% confidence intervals","NTZ","Cabrera Marine Reserve","RUZ and open area","No. fish per km2","5",NA,NA,NA,NA
"991",1318,"Catch","Target species as a group",NA,NA,NA,"Scorpaenidae and Palinuridae (Target), Scyliorhinidae and Sparidae (non-target)","Standardised change in Catch per Unit Area (CPUA)","95% confidence intervals","NTZ","Cabrera Marine Reserve","RUZ and open area","No. fish per km2","1","0","0","0.56","0.56"
"992",1318,"Catch","Target species as a group",NA,NA,NA,"Scorpaenidae and Palinuridae (Target), Scyliorhinidae and Sparidae (non-target)","Standardised change in Catch per Unit Area (CPUA)","95% confidence intervals","NTZ","Cabrera Marine Reserve","RUZ and open area","No. fish per km2","2","500","-0.01","0.21","0.21"
"993",1318,"Catch","Target species as a group",NA,NA,NA,"Scorpaenidae and Palinuridae (Target), Scyliorhinidae and Sparidae (non-target)","Standardised change in Catch per Unit Area (CPUA)","95% confidence intervals","NTZ","Cabrera Marine Reserve","RUZ and open area","No. fish per km2","3","1000","-0.3","0.42","0.42"
"994",1318,"Catch","Target species as a group",NA,NA,NA,"Scorpaenidae and Palinuridae (Target), Scyliorhinidae and Sparidae (non-target)","Standardised change in Catch per Unit Area (CPUA)","95% confidence intervals","NTZ","Cabrera Marine Reserve","RUZ and open area","No. fish per km2","4","1500","-0.43","0.62","0.62"
"995",1318,"Catch","Target species as a group",NA,NA,NA,"Scorpaenidae and Palinuridae (Target), Scyliorhinidae and Sparidae (non-target)","Standardised change in Catch per Unit Area (CPUA)","95% confidence intervals","NTZ","Cabrera Marine Reserve","RUZ and open area","No. fish per km2","5",NA,NA,NA,NA
"996",1318,"Catch","Target species as a group",NA,NA,NA,"Sparidae (Target), Moronidae and Congridae (Non-target)","Standardised change in Catch per Unit Area (CPUA)","95% confidence intervals","NTZ","Tabarca Marine Reserve","RUZ and open area","No. fish per km2","1","0","0.11","0.45","0.45"
"997",1318,"Catch","Target species as a group",NA,NA,NA,"Sparidae (Target), Moronidae and Congridae (Non-target)","Standardised change in Catch per Unit Area (CPUA)","95% confidence intervals","NTZ","Tabarca Marine Reserve","RUZ and open area","No. fish per km2","2","2000","-0.19","0.5","0.5"
"998",1318,"Catch","Target species as a group",NA,NA,NA,"Sparidae (Target), Moronidae and Congridae (Non-target)","Standardised change in Catch per Unit Area (CPUA)","95% confidence intervals","NTZ","Tabarca Marine Reserve","RUZ and open area","No. fish per km2","3","4000","-0.13","0.53","0.53"
"999",1318,"Catch","Target species as a group",NA,NA,NA,"Sparidae (Target), Moronidae and Congridae (Non-target)","Standardised change in Catch per Unit Area (CPUA)","95% confidence intervals","NTZ","Tabarca Marine Reserve","RUZ and open area","No. fish per km2","4","6000","0.08","0.35","0.35"
"1000",1318,"Catch","Target species as a group",NA,NA,NA,"Sparidae (Target), Moronidae and Congridae (Non-target)","Standardised change in Catch per Unit Area (CPUA)","95% confidence intervals","NTZ","Tabarca Marine Reserve","RUZ and open area","No. fish per km2","5","8000","-0.03","0.43","0.43"
"1001",1318,"Catch","Target species as a group","Sparidae",NA,NA,NA,"Standardised change in Catch per Unit Area (CPUA)","95% confidence intervals","NTZ","Tabarca Marine Reserve","Yes","No. fish per km2","1","0","0.99","0.7","0.7"
"1002",1318,"Catch","Target species as a group","Sparidae",NA,NA,NA,"Standardised change in Catch per Unit Area (CPUA)","95% confidence intervals","NTZ","Tabarca Marine Reserve","Yes","No. fish per km2","2","2000","-0.76","0.89","0.89"
"1003",1318,"Catch","Target species as a group","Sparidae",NA,NA,NA,"Standardised change in Catch per Unit Area (CPUA)","95% confidence intervals","NTZ","Tabarca Marine Reserve","Yes","No. fish per km2","3","4000","-0.31","1","1"
"1004",1318,"Catch","Target species as a group","Sparidae",NA,NA,NA,"Standardised change in Catch per Unit Area (CPUA)","95% confidence intervals","NTZ","Tabarca Marine Reserve","Yes","No. fish per km2","4","6000","0.37","0.85","0.85"
"1005",1318,"Catch","Target species as a group","Sparidae",NA,NA,NA,"Standardised change in Catch per Unit Area (CPUA)","95% confidence intervals","NTZ","Tabarca Marine Reserve","Yes","No. fish per km2","5","8000","-0.3","1.59","1.59"
"1006",1318,"Catch","Target species as a group",NA,NA,NA,"Mullidae (Target), Serranidae and Sparidae (Non-target)","Standardised change in Catch per Unit Area (CPUA)","95% confidence intervals","NTZ","Tabarca Marine Reserve","RUZ and open area","No. fish per km2","1","0","0.47","0.89","0.89"
"1007",1318,"Catch","Target species as a group",NA,NA,NA,"Mullidae (Target), Serranidae and Sparidae (Non-target)","Standardised change in Catch per Unit Area (CPUA)","95% confidence intervals","NTZ","Tabarca Marine Reserve","RUZ and open area","No. fish per km2","2","2000","0.22","0.58","0.58"
"1008",1318,"Catch","Target species as a group",NA,NA,NA,"Mullidae (Target), Serranidae and Sparidae (Non-target)","Standardised change in Catch per Unit Area (CPUA)","95% confidence intervals","NTZ","Tabarca Marine Reserve","RUZ and open area","No. fish per km2","3","4000","-0.43","0.8","0.8"
"1009",1318,"Catch","Target species as a group",NA,NA,NA,"Mullidae (Target), Serranidae and Sparidae (Non-target)","Standardised change in Catch per Unit Area (CPUA)","95% confidence intervals","NTZ","Tabarca Marine Reserve","RUZ and open area","No. fish per km2","4","6000","0","0.61","0.61"
"1010",1318,"Catch","Target species as a group",NA,NA,NA,"Mullidae (Target), Serranidae and Sparidae (Non-target)","Standardised change in Catch per Unit Area (CPUA)","95% confidence intervals","NTZ","Tabarca Marine Reserve","RUZ and open area","No. fish per km2","5","8000","-0.13","0.52","0.52"
"1011",1318,"Catch","Target species as a group",NA,NA,NA,"Palinuridae (Target), Scorpaenidae and Sparidae (Non-target)","Standardised change in Catch per Unit Area (CPUA)","95% confidence intervals","NTZ","Cabo de Palos Marine Reserve","RUZ and open area","No. lobster per km2","1","0","2.57","1.2","1.2"
"1012",1318,"Catch","Target species as a group",NA,NA,NA,"Palinuridae (Target), Scorpaenidae and Sparidae (Non-target)","Standardised change in Catch per Unit Area (CPUA)","95% confidence intervals","NTZ","Cabo de Palos Marine Reserve","RUZ and open area","No. lobster per km2","2","1000","-0.7","0.93","0.93"
"1013",1318,"Catch","Target species as a group",NA,NA,NA,"Palinuridae (Target), Scorpaenidae and Sparidae (Non-target)","Standardised change in Catch per Unit Area (CPUA)","95% confidence intervals","NTZ","Cabo de Palos Marine Reserve","RUZ and open area","No. lobster per km2","3","2000","-1.13","0.95","0.95"
"1014",1318,"Catch","Target species as a group",NA,NA,NA,"Palinuridae (Target), Scorpaenidae and Sparidae (Non-target)","Standardised change in Catch per Unit Area (CPUA)","95% confidence intervals","NTZ","Cabo de Palos Marine Reserve","RUZ and open area","No. lobster per km2","4","3000","-0.86","1.42","1.42"
"1015",1318,"Catch","Target species as a group",NA,NA,NA,"Palinuridae (Target), Scorpaenidae and Sparidae (Non-target)","Standardised change in Catch per Unit Area (CPUA)","95% confidence intervals","NTZ","Cabo de Palos Marine Reserve","RUZ and open area","No. lobster per km2","5",NA,NA,NA,NA
"1016",1318,"Catch","Target species as a group",NA,NA,NA,"Scorpaenidae (Target), Sparidae (Non-target)","Standardised change in Catch per Unit Area (CPUA)","95% confidence intervals","NTZ","Cabo de Palos","RUZ and open area","No. fish per km2","1","500","0.35","0.93","0.93"
"1017",1318,"Catch","Target species as a group",NA,NA,NA,"Scorpaenidae (Target), Sparidae (Non-target)","Standardised change in Catch per Unit Area (CPUA)","95% confidence intervals","NTZ","Cabo de Palos","RUZ and open area","No. fish per km2","2","1000","-0.15","0.68","0.68"
"1018",1318,"Catch","Target species as a group",NA,NA,NA,"Scorpaenidae (Target), Sparidae (Non-target)","Standardised change in Catch per Unit Area (CPUA)","95% confidence intervals","NTZ","Cabo de Palos","RUZ and open area","No. fish per km2","3","1500","-0.5","0.65","0.65"
"1019",1318,"Catch","Target species as a group",NA,NA,NA,"Scorpaenidae (Target), Sparidae (Non-target)","Standardised change in Catch per Unit Area (CPUA)","95% confidence intervals","NTZ","Cabo de Palos","RUZ and open area","No. fish per km2","4","2000","-0.34","0.68","0.68"
"1020",1318,"Catch","Target species as a group",NA,NA,NA,"Scorpaenidae (Target), Sparidae (Non-target)","Standardised change in Catch per Unit Area (CPUA)","95% confidence intervals","NTZ","Cabo de Palos","RUZ and open area","No. fish per km2","5","2500","-0.04","0.64","0.64"
"1021",1318,"Catch","Target species as a group",NA,NA,NA,"Scorpaenidae (Target), Sparidae (Non-target)","Standardised change in Catch per Unit Area (CPUA)","95% confidence intervals","NTZ","Cabo de Palos","RUZ and open area","No. fish per km2","1","3000","0.68","0.86","0.86"
"1022",1318,"Catch","Target species as a group",NA,NA,NA,"Scorpaenidae (Target), Sparidae (Non-target)","Standardised change in Catch per Unit Area (CPUA)","95% confidence intervals","NTZ","Cabo de Palos","RUZ and open area","No. fish per km2","2",NA,NA,NA,NA
"1023",1318,"Catch","Target species as a group",NA,NA,NA,"Scorpaenidae (Target), Sparidae (Non-target)","Standardised change in Catch per Unit Area (CPUA)","95% confidence intervals","NTZ","Cabo de Palos","RUZ and open area","No. fish per km2","3",NA,NA,NA,NA
"1024",1318,"Catch","Target species as a group",NA,NA,NA,"Scorpaenidae (Target), Sparidae (Non-target)","Standardised change in Catch per Unit Area (CPUA)","95% confidence intervals","NTZ","Cabo de Palos","RUZ and open area","No. fish per km2","4",NA,NA,NA,NA
"1025",1318,"Catch","Target species as a group",NA,NA,NA,"Scorpaenidae (Target), Sparidae (Non-target)","Standardised change in Catch per Unit Area (CPUA)","95% confidence intervals","NTZ","Cabo de Palos","RUZ and open area","No. fish per km2","5",NA,NA,NA,NA
"1026",1325,"Stationary count","Individual species","Haemulidae","Anisotremus","surinamensis",NA,"Biomass","95% confidence intervals","NTZ","Marine Extractive Reserve of Corumbau","PPG inside MERC","g m-2","1","Inside","0.24","0.25","0.25"
"1027",1325,"Stationary count","Individual species","Haemulidae","Anisotremus","surinamensis",NA,"Biomass","95% confidence intervals","NTZ","Marine Extractive Reserve of Corumbau","PPG inside MERC","g m-2","2","0-400","0.22","0.29","0.29"
"1028",1325,"Stationary count","Individual species","Haemulidae","Anisotremus","surinamensis",NA,"Biomass","95% confidence intervals","NTZ","Marine Extractive Reserve of Corumbau","PPG inside MERC","g m-2","3","400-800","0.61","0.64","0.64"
"1029",1325,"Stationary count","Individual species","Haemulidae","Anisotremus","surinamensis",NA,"Biomass","95% confidence intervals","NTZ","Marine Extractive Reserve of Corumbau","PPG inside MERC","g m-2","4","800-1200","0","0","0"
"1030",1325,"Stationary count","Individual species","Haemulidae","Anisotremus","surinamensis",NA,"Biomass","95% confidence intervals","NTZ","Marine Extractive Reserve of Corumbau","PPG inside MERC","g m-2","5",NA,NA,NA,NA
"1031",1325,"Stationary count","Individual species","Haemulidae","Anisotremus","surinamensis",NA,"Biomass","95% confidence intervals","NTZ","Marine Extractive Reserve of Corumbau","PPG inside MERC","g m-2","1","Inside","1.22","0.77","0.77"
"1032",1325,"Stationary count","Individual species","Haemulidae","Anisotremus","surinamensis",NA,"Biomass","95% confidence intervals","NTZ","Marine Extractive Reserve of Corumbau","PPG inside MERC","g m-2","2","0-400","1.24","0.83","0.83"
"1033",1325,"Stationary count","Individual species","Haemulidae","Anisotremus","surinamensis",NA,"Biomass","95% confidence intervals","NTZ","Marine Extractive Reserve of Corumbau","PPG inside MERC","g m-2","3","400-800","400-800","0.14","0.17"
"1034",1325,"Stationary count","Individual species","Haemulidae","Anisotremus","surinamensis",NA,"Biomass","95% confidence intervals","NTZ","Marine Extractive Reserve of Corumbau","PPG inside MERC","g m-2","4","0.17","800-1200","0","0"
"1035",1325,"Stationary count","Individual species","Haemulidae","Anisotremus","surinamensis",NA,"Biomass","95% confidence intervals","NTZ","Marine Extractive Reserve of Corumbau","PPG inside MERC","g m-2","5","0",NA,NA,NA
"1036",1325,"Stationary count","Individual species","Haemulidae","Anisotremus","surinamensis",NA,"Biomass","95% confidence intervals","NTZ","Marine Extractive Reserve of Corumbau","PPG inside MERC","g m2","1","Inside","2.07","1.34","1.34"
"1037",1325,"Stationary count","Individual species","Haemulidae","Anisotremus","surinamensis",NA,"Biomass","95% confidence intervals","NTZ","Marine Extractive Reserve of Corumbau","PPG inside MERC","g m2","2","0-400","0.11","0.22","0.22"
"1038",1325,"Stationary count","Individual species","Haemulidae","Anisotremus","surinamensis",NA,"Biomass","95% confidence intervals","NTZ","Marine Extractive Reserve of Corumbau","PPG inside MERC","g m2","3","400-800","0","0","0"
"1039",1325,"Stationary count","Individual species","Haemulidae","Anisotremus","surinamensis",NA,"Biomass","95% confidence intervals","NTZ","Marine Extractive Reserve of Corumbau","PPG inside MERC","g m2","4","800-1200","0","0","0"
"1040",1325,"Stationary count","Individual species","Haemulidae","Anisotremus","surinamensis",NA,"Biomass","95% confidence intervals","NTZ","Marine Extractive Reserve of Corumbau","PPG inside MERC","g m2","5",NA,NA,NA,NA
"1041",1325,"Stationary count","Individual species","Haemulidae","Anisotremus","surinamensis",NA,"Biomass","95% confidence intervals","NTZ","Marine Extractive Reserve of Corumbau","PPG inside MERC","g m-2","1","Inside","0","0","0"
"1042",1325,"Stationary count","Individual species","Haemulidae","Anisotremus","surinamensis",NA,"Biomass","95% confidence intervals","NTZ","Marine Extractive Reserve of Corumbau","PPG inside MERC","g m-2","2","0-400","0","0","0"
"1043",1325,"Stationary count","Individual species","Haemulidae","Anisotremus","surinamensis",NA,"Biomass","95% confidence intervals","NTZ","Marine Extractive Reserve of Corumbau","PPG inside MERC","g m-2","3","400-800","0","0","0"
"1044",1325,"Stationary count","Individual species","Haemulidae","Anisotremus","surinamensis",NA,"Biomass","95% confidence intervals","NTZ","Marine Extractive Reserve of Corumbau","PPG inside MERC","g m-2","4","800-1200","0","0","0"
"1045",1325,"Stationary count","Individual species","Haemulidae","Anisotremus","surinamensis",NA,"Biomass","95% confidence intervals","NTZ","Marine Extractive Reserve of Corumbau","PPG inside MERC","g m-2","5",NA,NA,NA,NA
"1046",1325,"Stationary count","Individual species","Haemulidae","Anisotremus","surinamensis",NA,"Biomass","95% confidence intervals","NTZ","Marine Extractive Reserve of Corumbau","PPG inside MERC","g m-2","1","Inside","0.13","0.14","0.14"
"1047",1325,"Stationary count","Individual species","Haemulidae","Anisotremus","surinamensis",NA,"Biomass","95% confidence intervals","NTZ","Marine Extractive Reserve of Corumbau","PPG inside MERC","g m-2","2","0-400","0.88","0.5","0.5"
"1048",1325,"Stationary count","Individual species","Haemulidae","Anisotremus","surinamensis",NA,"Biomass","95% confidence intervals","NTZ","Marine Extractive Reserve of Corumbau","PPG inside MERC","g m-2","3","400-800","0","0","0"
"1049",1325,"Stationary count","Individual species","Haemulidae","Anisotremus","surinamensis",NA,"Biomass","95% confidence intervals","NTZ","Marine Extractive Reserve of Corumbau","PPG inside MERC","g m-2","4","800-1200","0","0","0"
"1050",1325,"Stationary count","Individual species","Haemulidae","Anisotremus","surinamensis",NA,"Biomass","95% confidence intervals","NTZ","Marine Extractive Reserve of Corumbau","PPG inside MERC","g m-2","5",NA,NA,NA,NA
"1051",1325,"Stationary count","Individual species","Haemulidae","Anisotremus","virginicus",NA,"Biomass","95% confidence intervals","NTZ","Marine Extractive Reserve of Corumbau","PPG inside MERC","g m-2","1","Inside","0.16","0.6","0.6"
"1052",1325,"Stationary count","Individual species","Haemulidae","Anisotremus","virginicus",NA,"Biomass","95% confidence intervals","NTZ","Marine Extractive Reserve of Corumbau","PPG inside MERC","g m-2","2","0-400","0.15","0.7","0.7"
"1053",1325,"Stationary count","Individual species","Haemulidae","Anisotremus","virginicus",NA,"Biomass","95% confidence intervals","NTZ","Marine Extractive Reserve of Corumbau","PPG inside MERC","g m-2","3","400-800","1.17","0.62","0.62"
"1054",1325,"Stationary count","Individual species","Haemulidae","Anisotremus","virginicus",NA,"Biomass","95% confidence intervals","NTZ","Marine Extractive Reserve of Corumbau","PPG inside MERC","g m-2","4","800-1200","0.33","0.28","0.28"
"1055",1325,"Stationary count","Individual species","Haemulidae","Anisotremus","virginicus",NA,"Biomass","95% confidence intervals","NTZ","Marine Extractive Reserve of Corumbau","PPG inside MERC","g m-2","5",NA,NA,NA,NA
"1056",1325,"Stationary count","Individual species","Haemulidae","Anisotremus","virginicus",NA,"Biomass","95% confidence intervals","NTZ","Marine Extractive Reserve of Corumbau","PPG inside MERC","g m-2","1","Inside","0.27","0.14","0.14"
"1057",1325,"Stationary count","Individual species","Haemulidae","Anisotremus","virginicus",NA,"Biomass","95% confidence intervals","NTZ","Marine Extractive Reserve of Corumbau","PPG inside MERC","g m-2","2","0-400","0.55","0.25","0.25"
"1058",1325,"Stationary count","Individual species","Haemulidae","Anisotremus","virginicus",NA,"Biomass","95% confidence intervals","NTZ","Marine Extractive Reserve of Corumbau","PPG inside MERC","g m-2","3","400-800","1.45","0.91","0.91"
"1059",1325,"Stationary count","Individual species","Haemulidae","Anisotremus","virginicus",NA,"Biomass","95% confidence intervals","NTZ","Marine Extractive Reserve of Corumbau","PPG inside MERC","g m-2","4","800-1200","0.14","0.14","0.14"
"1060",1325,"Stationary count","Individual species","Haemulidae","Anisotremus","virginicus",NA,"Biomass","95% confidence intervals","NTZ","Marine Extractive Reserve of Corumbau","PPG inside MERC","g m-2","5",NA,NA,NA,NA
"1061",1325,"Stationary count","Individual species","Haemulidae","Anisotremus","virginicus",NA,"Biomass","95% confidence intervals","NTZ","Marine Extractive Reserve of Corumbau","PPG inside MERC","g m-2","1","Inside","0.15","0.07","0.07"
"1062",1325,"Stationary count","Individual species","Haemulidae","Anisotremus","virginicus",NA,"Biomass","95% confidence intervals","NTZ","Marine Extractive Reserve of Corumbau","PPG inside MERC","g m-2","2","0-400","0.33","0.14","0.14"
"1063",1325,"Stationary count","Individual species","Haemulidae","Anisotremus","virginicus",NA,"Biomass","95% confidence intervals","NTZ","Marine Extractive Reserve of Corumbau","PPG inside MERC","g m-2","3","400-800","-0.41","0.21","0.21"
"1064",1325,"Stationary count","Individual species","Haemulidae","Anisotremus","virginicus",NA,"Biomass","95% confidence intervals","NTZ","Marine Extractive Reserve of Corumbau","PPG inside MERC","g m-2","4","800-1200","0.08","0.07","0.07"
"1065",1325,"Stationary count","Individual species","Haemulidae","Anisotremus","virginicus",NA,"Biomass","95% confidence intervals","NTZ","Marine Extractive Reserve of Corumbau","PPG inside MERC","g m-2","5",NA,NA,NA,NA
"1066",1325,"Stationary count","Individual species","Haemulidae","Anisotremus","virginicus",NA,"Biomass","95% confidence intervals","NTZ","Marine Extractive Reserve of Corumbau","PPG inside MERC","g m-2","1","Inside","0.15","0.06","0.06"
"1067",1325,"Stationary count","Individual species","Haemulidae","Anisotremus","virginicus",NA,"Biomass","95% confidence intervals","NTZ","Marine Extractive Reserve of Corumbau","PPG inside MERC","g m-2","2","0-400","0.65","0.33","0.33"
"1068",1325,"Stationary count","Individual species","Haemulidae","Anisotremus","virginicus",NA,"Biomass","95% confidence intervals","NTZ","Marine Extractive Reserve of Corumbau","PPG inside MERC","g m-2","3","400-800","0.52","0.19","0.19"
"1069",1325,"Stationary count","Individual species","Haemulidae","Anisotremus","virginicus",NA,"Biomass","95% confidence intervals","NTZ","Marine Extractive Reserve of Corumbau","PPG inside MERC","g m-2","4","800-1200","0.28","0.06","0.06"
"1070",1325,"Stationary count","Individual species","Haemulidae","Anisotremus","virginicus",NA,"Biomass","95% confidence intervals","NTZ","Marine Extractive Reserve of Corumbau","PPG inside MERC","g m-2","5",NA,NA,NA,NA
"1071",1325,"Stationary count","Individual species","Haemulidae","Anisotremus","virginicus",NA,"Biomass","95% confidence intervals","NTZ","Marine Extractive Reserve of Corumbau","PPG inside MERC","g m-2","1","Inside","0.08","0.07","0.07"
"1072",1325,"Stationary count","Individual species","Haemulidae","Anisotremus","virginicus",NA,"Biomass","95% confidence intervals","NTZ","Marine Extractive Reserve of Corumbau","PPG inside MERC","g m-2","2","0-400","0.21","0.12","0.12"
"1073",1325,"Stationary count","Individual species","Haemulidae","Anisotremus","virginicus",NA,"Biomass","95% confidence intervals","NTZ","Marine Extractive Reserve of Corumbau","PPG inside MERC","g m-2","3","400-800","0.51","0.28","0.28"
"1074",1325,"Stationary count","Individual species","Haemulidae","Anisotremus","virginicus",NA,"Biomass","95% confidence intervals","NTZ","Marine Extractive Reserve of Corumbau","PPG inside MERC","g m-2","4","800-1200","0.26","0.16","0.16"
"1075",1325,"Stationary count","Individual species","Haemulidae","Anisotremus","virginicus",NA,"Biomass","95% confidence intervals","NTZ","Marine Extractive Reserve of Corumbau","PPG inside MERC","g m-2","5",NA,NA,NA,NA
"1076",1325,"Stationary count","Individual species","Carangidae","Carangoides","crysos",NA,"Biomass","95% confidence intervals","NTZ","Marine Extractive Reserve of Corumbau","PPG inside MErC","g m-2","1","Inside","1.64","1.02","1.02"
"1077",1325,"Stationary count","Individual species","Carangidae","Carangoides","crysos",NA,"Biomass","95% confidence intervals","NTZ","Marine Extractive Reserve of Corumbau","PPG inside MErC","g m-2","2","0-400","0","0","0"
"1078",1325,"Stationary count","Individual species","Carangidae","Carangoides","crysos",NA,"Biomass","95% confidence intervals","NTZ","Marine Extractive Reserve of Corumbau","PPG inside MErC","g m-2","3","400-800","0","0","0"
"1079",1325,"Stationary count","Individual species","Carangidae","Carangoides","crysos",NA,"Biomass","95% confidence intervals","NTZ","Marine Extractive Reserve of Corumbau","PPG inside MErC","g m-2","4","800-1200","1.15","1.02","1.02"
"1080",1325,"Stationary count","Individual species","Carangidae","Carangoides","crysos",NA,"Biomass","95% confidence intervals","NTZ","Marine Extractive Reserve of Corumbau","PPG inside MErC","g m-2","5",NA,NA,NA,NA
"1081",1325,"Stationary count","Individual species","Carangidae","Crangoides","crysos",NA,"Biomass","95% confidence intervals","NTZ","Marine Extractive Reserve of Corumbau","PPG inside MERC","g m-2","1","Inside","2.47","1.21","1.21"
"1082",1325,"Stationary count","Individual species","Carangidae","Crangoides","crysos",NA,"Biomass","95% confidence intervals","NTZ","Marine Extractive Reserve of Corumbau","PPG inside MERC","g m-2","2","0-400","0.62","0.45","0.45"
"1083",1325,"Stationary count","Individual species","Carangidae","Crangoides","crysos",NA,"Biomass","95% confidence intervals","NTZ","Marine Extractive Reserve of Corumbau","PPG inside MERC","g m-2","3","400-800","0","0","0"
"1084",1325,"Stationary count","Individual species","Carangidae","Crangoides","crysos",NA,"Biomass","95% confidence intervals","NTZ","Marine Extractive Reserve of Corumbau","PPG inside MERC","g m-2","4","800-1200","1.05","0.77","0.77"
"1085",1325,"Stationary count","Individual species","Carangidae","Crangoides","crysos",NA,"Biomass","95% confidence intervals","NTZ","Marine Extractive Reserve of Corumbau","PPG inside MERC","g m-2","5",NA,NA,NA,NA
"1086",1325,"Stationary count","Individual species","Crangidae","Carangoides","crysos","na","Biomass","95% confidence intervals","NTZ","Marine Extractive Reserve of Corumbau","PPG inside MERC","g m-2","1","Inside","0","0","0"
"1087",1325,"Stationary count","Individual species","Crangidae","Carangoides","crysos","na","Biomass","95% confidence intervals","NTZ","Marine Extractive Reserve of Corumbau","PPG inside MERC","g m-2","2","0-400","0","0","0"
"1088",1325,"Stationary count","Individual species","Crangidae","Carangoides","crysos","na","Biomass","95% confidence intervals","NTZ","Marine Extractive Reserve of Corumbau","PPG inside MERC","g m-2","3","400-800","0","0","0"
"1089",1325,"Stationary count","Individual species","Crangidae","Carangoides","crysos","na","Biomass","95% confidence intervals","NTZ","Marine Extractive Reserve of Corumbau","PPG inside MERC","g m-2","4","800-1200","0","0","0"
"1090",1325,"Stationary count","Individual species","Crangidae","Carangoides","crysos","na","Biomass","95% confidence intervals","NTZ","Marine Extractive Reserve of Corumbau","PPG inside MERC","g m-2","5",NA,NA,NA,NA
"1091",1325,"Stationary count","Individual species","Crangidae","Carangoides","crysos",NA,"Biomass","95% confidence intervals","NTZ","Marine Extractive Reserve of Corumbau","PPG inside MERC","g m-2","1","Inside","-","-",NA
"1092",1325,"Stationary count","Individual species","Crangidae","Carangoides","crysos",NA,"Biomass","95% confidence intervals","NTZ","Marine Extractive Reserve of Corumbau","PPG inside MERC","g m-2","2","0-400","0","0","0"
"1093",1325,"Stationary count","Individual species","Crangidae","Carangoides","crysos",NA,"Biomass","95% confidence intervals","NTZ","Marine Extractive Reserve of Corumbau","PPG inside MERC","g m-2","3","400-800","0","0","0"
"1094",1325,"Stationary count","Individual species","Crangidae","Carangoides","crysos",NA,"Biomass","95% confidence intervals","NTZ","Marine Extractive Reserve of Corumbau","PPG inside MERC","g m-2","4","800-1200","1.73","1.65","1.65"
"1095",1325,"Stationary count","Individual species","Crangidae","Carangoides","crysos",NA,"Biomass","95% confidence intervals","NTZ","Marine Extractive Reserve of Corumbau","PPG inside MERC","g m-2","5",NA,NA,NA,NA
"1096",1325,"Stationary count","Individual species","Carangidae","Carangoides","crysos",NA,"Biomass","95% confidence intervals","NTZ","Marine Extractive Reserve of Corumbau","PPG inside MERC","g m-2","1","Inside","0","0","0"
"1097",1325,"Stationary count","Individual species","Carangidae","Carangoides","crysos",NA,"Biomass","95% confidence intervals","NTZ","Marine Extractive Reserve of Corumbau","PPG inside MERC","g m-2","2","0-400","0.82","0.65","0.65"
"1098",1325,"Stationary count","Individual species","Carangidae","Carangoides","crysos",NA,"Biomass","95% confidence intervals","NTZ","Marine Extractive Reserve of Corumbau","PPG inside MERC","g m-2","3","400-800","0","0","0"
"1099",1325,"Stationary count","Individual species","Carangidae","Carangoides","crysos",NA,"Biomass","95% confidence intervals","NTZ","Marine Extractive Reserve of Corumbau","PPG inside MERC","g m-2","4","800-1200","0","0","0"
"1100",1325,"Stationary count","Individual species","Carangidae","Carangoides","crysos",NA,"Biomass","95% confidence intervals","NTZ","Marine Extractive Reserve of Corumbau","PPG inside MERC","g m-2","5",NA,NA,NA,NA
"1101",1325,"Stationary count","Individual species","Serranidae","Mycteroperca","bonaci",NA,"Biomass","95% confidence intervals","NTZ","Marine Extractive Reserve of Corumbau","PPG in MERC","g m-2","1","Inside","0","0","0"
"1102",1325,"Stationary count","Individual species","Serranidae","Mycteroperca","bonaci",NA,"Biomass","95% confidence intervals","NTZ","Marine Extractive Reserve of Corumbau","PPG in MERC","g m-2","2","0-400","0.23","0.11","0.11"
"1103",1325,"Stationary count","Individual species","Serranidae","Mycteroperca","bonaci",NA,"Biomass","95% confidence intervals","NTZ","Marine Extractive Reserve of Corumbau","PPG in MERC","g m-2","3","400-800","0","0","0"
"1104",1325,"Stationary count","Individual species","Serranidae","Mycteroperca","bonaci",NA,"Biomass","95% confidence intervals","NTZ","Marine Extractive Reserve of Corumbau","PPG in MERC","g m-2","4","800-1200","0.6","0.38","0.38"
"1105",1325,"Stationary count","Individual species","Serranidae","Mycteroperca","bonaci",NA,"Biomass","95% confidence intervals","NTZ","Marine Extractive Reserve of Corumbau","PPG in MERC","g m-2","5",NA,NA,NA,NA
"1106",1325,"Stationary count","Individual species","Serranidae","Mycteroperca","bonaci",NA,"Biomass","95% confidence intervals","NTZ","Marine Extractive Reserve of Corumbau","PPG inside MERC","g m-2","1","Inside","0.41","0.31","0.31"
"1107",1325,"Stationary count","Individual species","Serranidae","Mycteroperca","bonaci",NA,"Biomass","95% confidence intervals","NTZ","Marine Extractive Reserve of Corumbau","PPG inside MERC","g m-2","2","0-400","1.03","0.57","0.57"
"1108",1325,"Stationary count","Individual species","Serranidae","Mycteroperca","bonaci",NA,"Biomass","95% confidence intervals","NTZ","Marine Extractive Reserve of Corumbau","PPG inside MERC","g m-2","3","400-800","0.85","0.5","0.5"
"1109",1325,"Stationary count","Individual species","Serranidae","Mycteroperca","bonaci",NA,"Biomass","95% confidence intervals","NTZ","Marine Extractive Reserve of Corumbau","PPG inside MERC","g m-2","4","800-1200","0.77","0.39","0.39"
"1110",1325,"Stationary count","Individual species","Serranidae","Mycteroperca","bonaci",NA,"Biomass","95% confidence intervals","NTZ","Marine Extractive Reserve of Corumbau","PPG inside MERC","g m-2","5",NA,NA,NA,NA
"1111",1325,"Stationary count","Individual species","Serranidae","Mycteroperca","bonaci",NA,"Biomass","95% confidence intervals","NTZ","Marine Extractive Reserve of Corumbau","PPG inside MERC","g m-2","1","Inside","0.66","0.39","0.39"
"1112",1325,"Stationary count","Individual species","Serranidae","Mycteroperca","bonaci",NA,"Biomass","95% confidence intervals","NTZ","Marine Extractive Reserve of Corumbau","PPG inside MERC","g m-2","2","0-400","0.08","0.15","0.15"
"1113",1325,"Stationary count","Individual species","Serranidae","Mycteroperca","bonaci",NA,"Biomass","95% confidence intervals","NTZ","Marine Extractive Reserve of Corumbau","PPG inside MERC","g m-2","3","400-800","0.54","0.44","0.44"
"1114",1325,"Stationary count","Individual species","Serranidae","Mycteroperca","bonaci",NA,"Biomass","95% confidence intervals","NTZ","Marine Extractive Reserve of Corumbau","PPG inside MERC","g m-2","4","800-1200","0.22","0.2","0.2"
"1115",1325,"Stationary count","Individual species","Serranidae","Mycteroperca","bonaci",NA,"Biomass","95% confidence intervals","NTZ","Marine Extractive Reserve of Corumbau","PPG inside MERC","g m-2","5",NA,NA,NA,NA
"1116",1325,"Stationary count","Individual species","Serranidae","Mycterperca","bonaci",NA,"Biomass","95% confidence intervals","NTZ","Marine Extractive Reserve of Corumbau","PPG inside MERC","g m-2","1","Inside","1.52","0.53","0.53"
"1117",1325,"Stationary count","Individual species","Serranidae","Mycterperca","bonaci",NA,"Biomass","95% confidence intervals","NTZ","Marine Extractive Reserve of Corumbau","PPG inside MERC","g m-2","2","0-400","0.53","0.39","0.39"
"1118",1325,"Stationary count","Individual species","Serranidae","Mycterperca","bonaci",NA,"Biomass","95% confidence intervals","NTZ","Marine Extractive Reserve of Corumbau","PPG inside MERC","g m-2","3","400-800","0","0","0"
"1119",1325,"Stationary count","Individual species","Serranidae","Mycterperca","bonaci",NA,"Biomass","95% confidence intervals","NTZ","Marine Extractive Reserve of Corumbau","PPG inside MERC","g m-2","4","800-1200","0.91","0.62","0.62"
"1120",1325,"Stationary count","Individual species","Serranidae","Mycterperca","bonaci",NA,"Biomass","95% confidence intervals","NTZ","Marine Extractive Reserve of Corumbau","PPG inside MERC","g m-2","5",NA,NA,NA,NA
"1121",1325,"Stationary count","Individual species","Serranidae","Mycteroperca","bonaci",NA,"Biomass","95% confidence intervals","NTZ","Marine Extractive Reserve of Corumbau","Yes","g m-2","1","Inside","1.66","0.61","0.61"
"1122",1325,"Stationary count","Individual species","Serranidae","Mycteroperca","bonaci",NA,"Biomass","95% confidence intervals","NTZ","Marine Extractive Reserve of Corumbau","Yes","g m-2","2","0-400","1.03","0.94","0.94"
"1123",1325,"Stationary count","Individual species","Serranidae","Mycteroperca","bonaci",NA,"Biomass","95% confidence intervals","NTZ","Marine Extractive Reserve of Corumbau","Yes","g m-2","3","400-800","0.85","0.57","0.57"
"1124",1325,"Stationary count","Individual species","Serranidae","Mycteroperca","bonaci",NA,"Biomass","95% confidence intervals","NTZ","Marine Extractive Reserve of Corumbau","Yes","g m-2","4","800-1200","0.02","0.08","0.08"
"1125",1325,"Stationary count","Individual species","Serranidae","Mycteroperca","bonaci",NA,"Biomass","95% confidence intervals","NTZ","Marine Extractive Reserve of Corumbau","Yes","g m-2","5",NA,NA,NA,NA
"1126",1325,"Stationary count","Individual species","Lutjanidae","Ocyurus","chrysurus",NA,"Biomass","95% confidence intervals","PPG","Marine Extractive Reserve of Corumbau","PPG inside MERC","g m-2","1","Inside","0.41","0.16","0.16"
"1127",1325,"Stationary count","Individual species","Lutjanidae","Ocyurus","chrysurus",NA,"Biomass","95% confidence intervals","PPG","Marine Extractive Reserve of Corumbau","PPG inside MERC","g m-2","2","0-400","0.53","0.25","0.25"
"1128",1325,"Stationary count","Individual species","Lutjanidae","Ocyurus","chrysurus",NA,"Biomass","95% confidence intervals","PPG","Marine Extractive Reserve of Corumbau","PPG inside MERC","g m-2","3","400-800","0.24","0.04","0.04"
"1129",1325,"Stationary count","Individual species","Lutjanidae","Ocyurus","chrysurus",NA,"Biomass","95% confidence intervals","PPG","Marine Extractive Reserve of Corumbau","PPG inside MERC","g m-2","4","800-1200","0.64","0.41","0.41"
"1130",1325,"Stationary count","Individual species","Lutjanidae","Ocyurus","chrysurus",NA,"Biomass","95% confidence intervals","PPG","Marine Extractive Reserve of Corumbau","PPG inside MERC","g m-2","5",NA,NA,NA,NA
"1131",1325,"Stationary count","Individual species","Lutjanidae","Ocyurus","chrysurus",NA,"Biomass","95% confidence intervals","NTZ","Marine Extractive Reserve of Corumbau","PPG inside MERC","g m-2","1","Inside","0.4","0.16","0.16"
"1132",1325,"Stationary count","Individual species","Lutjanidae","Ocyurus","chrysurus",NA,"Biomass","95% confidence intervals","NTZ","Marine Extractive Reserve of Corumbau","PPG inside MERC","g m-2","2","0-400","0.35","0.09","0.09"
"1133",1325,"Stationary count","Individual species","Lutjanidae","Ocyurus","chrysurus",NA,"Biomass","95% confidence intervals","NTZ","Marine Extractive Reserve of Corumbau","PPG inside MERC","g m-2","3","400-800","0.23","0.09","0.09"
"1134",1325,"Stationary count","Individual species","Lutjanidae","Ocyurus","chrysurus",NA,"Biomass","95% confidence intervals","NTZ","Marine Extractive Reserve of Corumbau","PPG inside MERC","g m-2","4","800-1200","0.55","0.14","0.14"
"1135",1325,"Stationary count","Individual species","Lutjanidae","Ocyurus","chrysurus",NA,"Biomass","95% confidence intervals","NTZ","Marine Extractive Reserve of Corumbau","PPG inside MERC","g m-2","5",NA,NA,NA,NA
"1136",1325,"Stationary count","Individual species","Lutjanidae","Ocyurus","chrysurus",NA,"Biomass","95% confidence intervals","NTZ","Marine Extractive Reserve of Corumbau","Yes","g m-2","1","Inside","0.82","0.21","0.21"
"1137",1325,"Stationary count","Individual species","Lutjanidae","Ocyurus","chrysurus",NA,"Biomass","95% confidence intervals","NTZ","Marine Extractive Reserve of Corumbau","Yes","g m-2","2","0-400","0.31","0.08","0.08"
"1138",1325,"Stationary count","Individual species","Lutjanidae","Ocyurus","chrysurus",NA,"Biomass","95% confidence intervals","NTZ","Marine Extractive Reserve of Corumbau","Yes","g m-2","3","400-800","0.31","0.13","0.13"
"1139",1325,"Stationary count","Individual species","Lutjanidae","Ocyurus","chrysurus",NA,"Biomass","95% confidence intervals","NTZ","Marine Extractive Reserve of Corumbau","Yes","g m-2","4","800-1200","0.32","0.17","0.17"
"1140",1325,"Stationary count","Individual species","Lutjanidae","Ocyurus","chrysurus",NA,"Biomass","95% confidence intervals","NTZ","Marine Extractive Reserve of Corumbau","Yes","g m-2","5",NA,NA,NA,NA
"1141",1325,"Stationary count","Individual species","Lutjanidae","Ocyurus","chrysurus",NA,"Biomass","95% confidence intervals","NTZ","Marine Extractive Reserve of Corumbau","PPG inside MERC","g m-2","1","Inside","1.44","0.34","0.34"
"1142",1325,"Stationary count","Individual species","Lutjanidae","Ocyurus","chrysurus",NA,"Biomass","95% confidence intervals","NTZ","Marine Extractive Reserve of Corumbau","PPG inside MERC","g m-2","2","0-400","0.85","0.21","0.21"
"1143",1325,"Stationary count","Individual species","Lutjanidae","Ocyurus","chrysurus",NA,"Biomass","95% confidence intervals","NTZ","Marine Extractive Reserve of Corumbau","PPG inside MERC","g m-2","3","400-800","0.78","0.25","0.25"
"1144",1325,"Stationary count","Individual species","Lutjanidae","Ocyurus","chrysurus",NA,"Biomass","95% confidence intervals","NTZ","Marine Extractive Reserve of Corumbau","PPG inside MERC","g m-2","4","800-1200","0.61","0.21","0.21"
"1145",1325,"Stationary count","Individual species","Lutjanidae","Ocyurus","chrysurus",NA,"Biomass","95% confidence intervals","NTZ","Marine Extractive Reserve of Corumbau","PPG inside MERC","g m-2","5",NA,NA,NA,NA
"1146",1325,"Stationary count","Individual species","Lutjanidae","Ocyurus","chrysurus",NA,"Biomass","95% confidence intervals","NTZ","Marine Extractive Reserve of Corumbau","PPG inside MERC","g m-2","1","Inside","1","0.36","0.36"
"1147",1325,"Stationary count","Individual species","Lutjanidae","Ocyurus","chrysurus",NA,"Biomass","95% confidence intervals","NTZ","Marine Extractive Reserve of Corumbau","PPG inside MERC","g m-2","2","0-400","0.15","0.1","0.1"
"1148",1325,"Stationary count","Individual species","Lutjanidae","Ocyurus","chrysurus",NA,"Biomass","95% confidence intervals","NTZ","Marine Extractive Reserve of Corumbau","PPG inside MERC","g m-2","3","400-800","0.23","0.09","0.09"
"1149",1325,"Stationary count","Individual species","Lutjanidae","Ocyurus","chrysurus",NA,"Biomass","95% confidence intervals","NTZ","Marine Extractive Reserve of Corumbau","PPG inside MERC","g m-2","4","800-1200","0.36","0.14","0.14"
"1150",1325,"Stationary count","Individual species","Lutjanidae","Ocyurus","chrysurus",NA,"Biomass","95% confidence intervals","NTZ","Marine Extractive Reserve of Corumbau","PPG inside MERC","g m-2","5",NA,NA,NA,NA
"1151",1325,"Stationary count","Individual species","Scaridae","Scarus","tripinosus",NA,"Biomass","95% confidence intervals","NTZ","Marine Extractive Reserve of Corumbau","PPG inside MERC","g m-2","1","Inside","7.03","2.12","2.12"
"1152",1325,"Stationary count","Individual species","Scaridae","Scarus","tripinosus",NA,"Biomass","95% confidence intervals","NTZ","Marine Extractive Reserve of Corumbau","PPG inside MERC","g m-2","2","0-400","1.29","2.64","2.64"
"1153",1325,"Stationary count","Individual species","Scaridae","Scarus","tripinosus",NA,"Biomass","95% confidence intervals","NTZ","Marine Extractive Reserve of Corumbau","PPG inside MERC","g m-2","3","400-800","3.55","5.56","5.56"
"1154",1325,"Stationary count","Individual species","Scaridae","Scarus","tripinosus",NA,"Biomass","95% confidence intervals","NTZ","Marine Extractive Reserve of Corumbau","PPG inside MERC","g m-2","4","800-1200","15.52","5.4","5.4"
"1155",1325,"Stationary count","Individual species","Scaridae","Scarus","tripinosus",NA,"Biomass","95% confidence intervals","NTZ","Marine Extractive Reserve of Corumbau","PPG inside MERC","g m-2","5",NA,NA,NA,NA
"1156",1325,"Stationary count","Individual species","Scaridae","Scarus","tripinosus",NA,"Biomass","95% confidence intervals","NTZ","Marine Extractive Reserve of Corumbau","PPG inside MERC","g m-2","1","Inside","26.94","7.25","7.25"
"1157",1325,"Stationary count","Individual species","Scaridae","Scarus","tripinosus",NA,"Biomass","95% confidence intervals","NTZ","Marine Extractive Reserve of Corumbau","PPG inside MERC","g m-2","2","0-400","47.3","13.61","13.61"
"1158",1325,"Stationary count","Individual species","Scaridae","Scarus","tripinosus",NA,"Biomass","95% confidence intervals","NTZ","Marine Extractive Reserve of Corumbau","PPG inside MERC","g m-2","3","400-800","15.3","12.34","12.34"
"1159",1325,"Stationary count","Individual species","Scaridae","Scarus","tripinosus",NA,"Biomass","95% confidence intervals","NTZ","Marine Extractive Reserve of Corumbau","PPG inside MERC","g m-2","4","800-1200","11.53","4.28","4.28"
"1160",1325,"Stationary count","Individual species","Scaridae","Scarus","tripinosus",NA,"Biomass","95% confidence intervals","NTZ","Marine Extractive Reserve of Corumbau","PPG inside MERC","g m-2","5",NA,NA,NA,NA
"1161",1325,"Stationary count","Individual species","Scaridae","Scarus","tripinosus",NA,"Biomass","95% confidence intervals","NTZ","Marine Extractive Reserve of Corumbau","PPG inside MERC","g m-2","1","Inside","27.42","8.34","8.34"
"1162",1325,"Stationary count","Individual species","Scaridae","Scarus","tripinosus",NA,"Biomass","95% confidence intervals","NTZ","Marine Extractive Reserve of Corumbau","PPG inside MERC","g m-2","2","0-400","0.4","1.72","1.72"
"1163",1325,"Stationary count","Individual species","Scaridae","Scarus","tripinosus",NA,"Biomass","95% confidence intervals","NTZ","Marine Extractive Reserve of Corumbau","PPG inside MERC","g m-2","3","400-800","8.76","2.99","2.99"
"1164",1325,"Stationary count","Individual species","Scaridae","Scarus","tripinosus",NA,"Biomass","95% confidence intervals","NTZ","Marine Extractive Reserve of Corumbau","PPG inside MERC","g m-2","4","800-1200","0.06","1.48","1.48"
"1165",1325,"Stationary count","Individual species","Scaridae","Scarus","tripinosus",NA,"Biomass","95% confidence intervals","NTZ","Marine Extractive Reserve of Corumbau","PPG inside MERC","g m-2","5",NA,NA,NA,NA
"1166",1325,"Stationary count","Individual species","Scaridae","Scarus","tripinosus",NA,"Biomass","95% confidence intervals","NTZ","Marine Extractive Reserve of Corumbau","PPG inside MERC","g m-2","1","Inside","12.04","7.35","7.35"
"1167",1325,"Stationary count","Individual species","Scaridae","Scarus","tripinosus",NA,"Biomass","95% confidence intervals","NTZ","Marine Extractive Reserve of Corumbau","PPG inside MERC","g m-2","2","0-400","0.13","1.9","1.9"
"1168",1325,"Stationary count","Individual species","Scaridae","Scarus","tripinosus",NA,"Biomass","95% confidence intervals","NTZ","Marine Extractive Reserve of Corumbau","PPG inside MERC","g m-2","3","400-800","17.12","10.01","10.01"
"1169",1325,"Stationary count","Individual species","Scaridae","Scarus","tripinosus",NA,"Biomass","95% confidence intervals","NTZ","Marine Extractive Reserve of Corumbau","PPG inside MERC","g m-2","4","800-1200","13.6","5.64","5.64"
"1170",1325,"Stationary count","Individual species","Scaridae","Scarus","tripinosus",NA,"Biomass","95% confidence intervals","NTZ","Marine Extractive Reserve of Corumbau","PPG inside MERC","g m-2","5",NA,NA,NA,NA
"1171",1325,"Stationary count","Individual species","Scaridae","Scarus","tripinosus",NA,"Biomass","95% confidence intervals","NTZ","Marine Extractive Reserve of Corumbau","PPG in MERC","g m-2","1","Inside","13.89","5.36","5.36"
"1172",1325,"Stationary count","Individual species","Scaridae","Scarus","tripinosus",NA,"Biomass","95% confidence intervals","NTZ","Marine Extractive Reserve of Corumbau","PPG in MERC","g m-2","2","0-400","1.34","2.45","2.45"
"1173",1325,"Stationary count","Individual species","Scaridae","Scarus","tripinosus",NA,"Biomass","95% confidence intervals","NTZ","Marine Extractive Reserve of Corumbau","PPG in MERC","g m-2","3","400-800","15.21","9.01","9.01"
"1174",1325,"Stationary count","Individual species","Scaridae","Scarus","tripinosus",NA,"Biomass","95% confidence intervals","NTZ","Marine Extractive Reserve of Corumbau","PPG in MERC","g m-2","4","800-1200","7.1","3.31","3.31"
"1175",1325,"Stationary count","Individual species","Scaridae","Scarus","tripinosus",NA,"Biomass","95% confidence intervals","NTZ","Marine Extractive Reserve of Corumbau","PPG in MERC","g m-2","5",NA,NA,NA,NA
"1176",1325,"Stationary count","Individual species","Scaridae","Sparisoma","amplum",NA,"Biomass","95% confidence intervals","NTZ","Marine Extractive Reserve of Corumbau","PPG inside MERC","g m-2","1","Inside","2.07","1.08","1.08"
"1177",1325,"Stationary count","Individual species","Scaridae","Sparisoma","amplum",NA,"Biomass","95% confidence intervals","NTZ","Marine Extractive Reserve of Corumbau","PPG inside MERC","g m-2","2","0-400","0.36","0.23","0.23"
"1178",1325,"Stationary count","Individual species","Scaridae","Sparisoma","amplum",NA,"Biomass","95% confidence intervals","NTZ","Marine Extractive Reserve of Corumbau","PPG inside MERC","g m-2","3","400-800","0.39","0.2","0.2"
"1179",1325,"Stationary count","Individual species","Scaridae","Sparisoma","amplum",NA,"Biomass","95% confidence intervals","NTZ","Marine Extractive Reserve of Corumbau","PPG inside MERC","g m-2","4","800-1200","0.9","0.3","0.3"
"1180",1325,"Stationary count","Individual species","Scaridae","Sparisoma","amplum",NA,"Biomass","95% confidence intervals","NTZ","Marine Extractive Reserve of Corumbau","PPG inside MERC","g m-2","5",NA,NA,NA,NA
"1181",1325,"Stationary count","Individual species","Scaridae","Sparisoma","amplum",NA,"Biomass","95% confidence intervals","NTZ","Marine Extractive Reserve of Corumbau","PPG inside MERC","g m-2","1","Inside","0","0","0"
"1182",1325,"Stationary count","Individual species","Scaridae","Sparisoma","amplum",NA,"Biomass","95% confidence intervals","NTZ","Marine Extractive Reserve of Corumbau","PPG inside MERC","g m-2","2","0-400","6.1","1.84","1.84"
"1183",1325,"Stationary count","Individual species","Scaridae","Sparisoma","amplum",NA,"Biomass","95% confidence intervals","NTZ","Marine Extractive Reserve of Corumbau","PPG inside MERC","g m-2","3","400-800","1.19","0.94","0.94"
"1184",1325,"Stationary count","Individual species","Scaridae","Sparisoma","amplum",NA,"Biomass","95% confidence intervals","NTZ","Marine Extractive Reserve of Corumbau","PPG inside MERC","g m-2","4","800-1200","0.36","0.4","0.4"
"1185",1325,"Stationary count","Individual species","Scaridae","Sparisoma","amplum",NA,"Biomass","95% confidence intervals","NTZ","Marine Extractive Reserve of Corumbau","PPG inside MERC","g m-2","5",NA,NA,NA,NA
"1186",1325,"Stationary count","Individual species","Scaridae","Sparisoma","amplum",NA,"Biomass","95% confidence intervals","NTZ","Marine Extractive Reserve of Corumbau","PPG inside MERC","g m-2","1","0","0","0","0"
"1187",1325,"Stationary count","Individual species","Scaridae","Sparisoma","amplum",NA,"Biomass","95% confidence intervals","NTZ","Marine Extractive Reserve of Corumbau","PPG inside MERC","g m-2","2","0-400","1.19","0.79","0.79"
"1188",1325,"Stationary count","Individual species","Scaridae","Sparisoma","amplum",NA,"Biomass","95% confidence intervals","NTZ","Marine Extractive Reserve of Corumbau","PPG inside MERC","g m-2","3","400-800","0","0","0"
"1189",1325,"Stationary count","Individual species","Scaridae","Sparisoma","amplum",NA,"Biomass","95% confidence intervals","NTZ","Marine Extractive Reserve of Corumbau","PPG inside MERC","g m-2","4","800-1200","0","0","0"
"1190",1325,"Stationary count","Individual species","Scaridae","Sparisoma","amplum",NA,"Biomass","95% confidence intervals","NTZ","Marine Extractive Reserve of Corumbau","PPG inside MERC","g m-2","5",NA,NA,NA,NA
"1191",1325,"Stationary count","Individual species","Scaridae","Sparisoma","amplum",NA,"Biomass","95% confidence intervals","NTZ","Marine Extractive Reserve of Corumbau","PPG inside MERC","g m-2","1","Inside","2.08","0.54","0.54"
"1192",1325,"Stationary count","Individual species","Scaridae","Sparisoma","amplum",NA,"Biomass","95% confidence intervals","NTZ","Marine Extractive Reserve of Corumbau","PPG inside MERC","g m-2","2","0-400","0","0","0"
"1193",1325,"Stationary count","Individual species","Scaridae","Sparisoma","amplum",NA,"Biomass","95% confidence intervals","NTZ","Marine Extractive Reserve of Corumbau","PPG inside MERC","g m-2","3","400-800","1.58","0.63","0.63"
"1194",1325,"Stationary count","Individual species","Scaridae","Sparisoma","amplum",NA,"Biomass","95% confidence intervals","NTZ","Marine Extractive Reserve of Corumbau","PPG inside MERC","g m-2","4","800-1200","0.09","0.12","0.12"
"1195",1325,"Stationary count","Individual species","Scaridae","Sparisoma","amplum",NA,"Biomass","95% confidence intervals","NTZ","Marine Extractive Reserve of Corumbau","PPG inside MERC","g m-2","5",NA,NA,NA,NA
"1196",1325,"Stationary count","Individual species","Scaridae","Sparisoma","amplum",NA,"Biomass","95% confidence intervals","NTZ","Marine Extractive Reserve of Corumbau","PPG inside MERC","g m-2","1","Inside","3.09","1.48","1.48"
"1197",1325,"Stationary count","Individual species","Scaridae","Sparisoma","amplum",NA,"Biomass","95% confidence intervals","NTZ","Marine Extractive Reserve of Corumbau","PPG inside MERC","g m-2","2","0-400","1.21","1.03","1.03"
"1198",1325,"Stationary count","Individual species","Scaridae","Sparisoma","amplum",NA,"Biomass","95% confidence intervals","NTZ","Marine Extractive Reserve of Corumbau","PPG inside MERC","g m-2","3","400-800","0","0","0"
"1199",1325,"Stationary count","Individual species","Scaridae","Sparisoma","amplum",NA,"Biomass","95% confidence intervals","NTZ","Marine Extractive Reserve of Corumbau","PPG inside MERC","g m-2","4","800-1200","0","0","0"
"1200",1325,"Stationary count","Individual species","Scaridae","Sparisoma","amplum",NA,"Biomass","95% confidence intervals","NTZ","Marine Extractive Reserve of Corumbau","PPG inside MERC","g m-2","5",NA,NA,NA,NA
"1201",1325,"Stationary count","Individual species","Scaridae","Sparisoma","axillare",NA,"Biomass","95% confidence intervals","NTZ","Marine Extractive Reserve of Corumbau","PPG inside MERC","g m-2","1","Inside","0","0","0"
"1202",1325,"Stationary count","Individual species","Scaridae","Sparisoma","axillare",NA,"Biomass","95% confidence intervals","NTZ","Marine Extractive Reserve of Corumbau","PPG inside MERC","g m-2","2","0-400","0.19","0.24","0.24"
"1203",1325,"Stationary count","Individual species","Scaridae","Sparisoma","axillare",NA,"Biomass","95% confidence intervals","NTZ","Marine Extractive Reserve of Corumbau","PPG inside MERC","g m-2","3","400-800","0.21","0.25","0.25"
"1204",1325,"Stationary count","Individual species","Scaridae","Sparisoma","axillare",NA,"Biomass","95% confidence intervals","NTZ","Marine Extractive Reserve of Corumbau","PPG inside MERC","g m-2","4","800-1200","0.28","0.44","0.44"
"1205",1325,"Stationary count","Individual species","Scaridae","Sparisoma","axillare",NA,"Biomass","95% confidence intervals","NTZ","Marine Extractive Reserve of Corumbau","PPG inside MERC","g m-2","5",NA,NA,NA,NA
"1206",1325,"Stationary count","Individual species","Scaridae","Sparisoma","axillare",NA,"Biomass","95% confidence intervals","NTZ","Marine Extractive Reserve of Corumbau","PPG inside MERC","g m-2","1","Inside","0.72","0.4","0.4"
"1207",1325,"Stationary count","Individual species","Scaridae","Sparisoma","axillare",NA,"Biomass","95% confidence intervals","NTZ","Marine Extractive Reserve of Corumbau","PPG inside MERC","g m-2","2","0-400","1.56","0.55","0.55"
"1208",1325,"Stationary count","Individual species","Scaridae","Sparisoma","axillare",NA,"Biomass","95% confidence intervals","NTZ","Marine Extractive Reserve of Corumbau","PPG inside MERC","g m-2","3","400-800","0.85","0.38","0.38"
"1209",1325,"Stationary count","Individual species","Scaridae","Sparisoma","axillare",NA,"Biomass","95% confidence intervals","NTZ","Marine Extractive Reserve of Corumbau","PPG inside MERC","g m-2","4","800-1200","2.11","0.78","0.78"
"1210",1325,"Stationary count","Individual species","Scaridae","Sparisoma","axillare",NA,"Biomass","95% confidence intervals","NTZ","Marine Extractive Reserve of Corumbau","PPG inside MERC","g m-2","5",NA,NA,NA,NA
"1211",1325,"Stationary count","Individual species","Scaridae","Sparisoma","axillare",NA,"Biomass","95% confidence intervals","NTZ","Marine Extractive Reserve of Corumbau","PPG inside MERC","g m-2","1","Inside","0.38","0.21","0.21"
"1212",1325,"Stationary count","Individual species","Scaridae","Sparisoma","axillare",NA,"Biomass","95% confidence intervals","NTZ","Marine Extractive Reserve of Corumbau","PPG inside MERC","g m-2","2","0-400","0.38","0.2","0.2"
"1213",1325,"Stationary count","Individual species","Scaridae","Sparisoma","axillare",NA,"Biomass","95% confidence intervals","NTZ","Marine Extractive Reserve of Corumbau","PPG inside MERC","g m-2","3","400-800","4.22","1.87","1.87"
"1214",1325,"Stationary count","Individual species","Scaridae","Sparisoma","axillare",NA,"Biomass","95% confidence intervals","NTZ","Marine Extractive Reserve of Corumbau","PPG inside MERC","g m-2","4","800-1200","2.1","1","1"
"1215",1325,"Stationary count","Individual species","Scaridae","Sparisoma","axillare",NA,"Biomass","95% confidence intervals","NTZ","Marine Extractive Reserve of Corumbau","PPG inside MERC","g m-2","5",NA,NA,NA,NA
"1216",1325,"Stationary count","Individual species","Scaridae","Sparisoma","axillare",NA,"Biomass","95% confidence intervals","NTZ","Marine Extractive Reserve of Corumbau","PPG inside MERC","g m-2","1","Inside","0.54","0.17","0.17"
"1217",1325,"Stationary count","Individual species","Scaridae","Sparisoma","axillare",NA,"Biomass","95% confidence intervals","NTZ","Marine Extractive Reserve of Corumbau","PPG inside MERC","g m-2","2","0-400","0.35","0.24","0.24"
"1218",1325,"Stationary count","Individual species","Scaridae","Sparisoma","axillare",NA,"Biomass","95% confidence intervals","NTZ","Marine Extractive Reserve of Corumbau","PPG inside MERC","g m-2","3","400-800","1.73","1.03","1.03"
"1219",1325,"Stationary count","Individual species","Scaridae","Sparisoma","axillare",NA,"Biomass","95% confidence intervals","NTZ","Marine Extractive Reserve of Corumbau","PPG inside MERC","g m-2","4","800-1200","3.36","1.05","1.05"
"1220",1325,"Stationary count","Individual species","Scaridae","Sparisoma","axillare",NA,"Biomass","95% confidence intervals","NTZ","Marine Extractive Reserve of Corumbau","PPG inside MERC","g m-2","5",NA,NA,NA,NA
"1221",1325,"Transect count","Individual species","Scaridae","Sparisoma","axillare",NA,"Biomass","95% confidence intervals","NTZ","Marine Extractive Reserve of Corumbau","Yes","g m-2","1","Inside","0.7","0.41","0.41"
"1222",1325,"Transect count","Individual species","Scaridae","Sparisoma","axillare",NA,"Biomass","95% confidence intervals","NTZ","Marine Extractive Reserve of Corumbau","Yes","g m-2","2","0-400","0.05","0.16","0.16"
"1223",1325,"Transect count","Individual species","Scaridae","Sparisoma","axillare",NA,"Biomass","95% confidence intervals","NTZ","Marine Extractive Reserve of Corumbau","Yes","g m-2","3","400-800","1.91","0.66","0.66"
"1224",1325,"Transect count","Individual species","Scaridae","Sparisoma","axillare",NA,"Biomass","95% confidence intervals","NTZ","Marine Extractive Reserve of Corumbau","Yes","g m-2","4","800-1200","1.54","0.69","0.69"
"1225",1325,"Transect count","Individual species","Scaridae","Sparisoma","axillare",NA,"Biomass","95% confidence intervals","NTZ","Marine Extractive Reserve of Corumbau","Yes","g m-2","5",NA,NA,NA,NA
"1226",1325,"Stationary count","Trophic levels",NA,NA,NA,"Small carnivores","Biomass","95% confidence intervals","NTZ","Marine extractive Reserve of Corumbau","PPG inside MERC","g m-2","1","Inside","1.25","0.53","0.53"
"1227",1325,"Stationary count","Trophic levels",NA,NA,NA,"Small carnivores","Biomass","95% confidence intervals","NTZ","Marine extractive Reserve of Corumbau","PPG inside MERC","g m-2","2","0-400","2.82","1.03","1.03"
"1228",1325,"Stationary count","Trophic levels",NA,NA,NA,"Small carnivores","Biomass","95% confidence intervals","NTZ","Marine extractive Reserve of Corumbau","PPG inside MERC","g m-2","3","400-800","2.98","1.33","1.33"
"1229",1325,"Stationary count","Trophic levels",NA,NA,NA,"Small carnivores","Biomass","95% confidence intervals","NTZ","Marine extractive Reserve of Corumbau","PPG inside MERC","g m-2","4","800-1200","1.29","0.68","0.68"
"1230",1325,"Stationary count","Trophic levels",NA,NA,NA,"Small carnivores","Biomass","95% confidence intervals","NTZ","Marine extractive Reserve of Corumbau","PPG inside MERC","g m-2","5",NA,NA,NA,NA
"1231",1325,"Stationary count","Functional group",NA,NA,NA,"Small carnivores","Biomass","95% confidence intervals","NTZ","Marine Extractive Reserve of Corumbau","PPG inside MERC","g m-2","1","Inside","3.21","0.88","0.88"
"1232",1325,"Stationary count","Functional group",NA,NA,NA,"Small carnivores","Biomass","95% confidence intervals","NTZ","Marine Extractive Reserve of Corumbau","PPG inside MERC","g m-2","2","0-400","5.12","1.5","1.5"
"1233",1325,"Stationary count","Functional group",NA,NA,NA,"Small carnivores","Biomass","95% confidence intervals","NTZ","Marine Extractive Reserve of Corumbau","PPG inside MERC","g m-2","3","400-800","6.29","1.57","1.57"
"1234",1325,"Stationary count","Functional group",NA,NA,NA,"Small carnivores","Biomass","95% confidence intervals","NTZ","Marine Extractive Reserve of Corumbau","PPG inside MERC","g m-2","4","800-1200","4.24","1.08","1.08"
"1235",1325,"Stationary count","Functional group",NA,NA,NA,"Small carnivores","Biomass","95% confidence intervals","NTZ","Marine Extractive Reserve of Corumbau","PPG inside MERC","g m-2","5",NA,NA,NA,NA
"1236",1325,"Stationary count","Functional group",NA,NA,NA,"Small carnivores","Biomass","95% confidence intervals","NTZ","Marine Extractive Reserve of Corumbau","PPG inside MERC","g m-2","1","Inside","4.72","1.66","1.66"
"1237",1325,"Stationary count","Functional group",NA,NA,NA,"Small carnivores","Biomass","95% confidence intervals","NTZ","Marine Extractive Reserve of Corumbau","PPG inside MERC","g m-2","2","0-400","4.04","1.35","1.35"
"1238",1325,"Stationary count","Functional group",NA,NA,NA,"Small carnivores","Biomass","95% confidence intervals","NTZ","Marine Extractive Reserve of Corumbau","PPG inside MERC","g m-2","3","400-800","2.38","0.68","0.68"
"1239",1325,"Stationary count","Functional group",NA,NA,NA,"Small carnivores","Biomass","95% confidence intervals","NTZ","Marine Extractive Reserve of Corumbau","PPG inside MERC","g m-2","4","800-1200","2.82","1.76","1.76"
"1240",1325,"Stationary count","Functional group",NA,NA,NA,"Small carnivores","Biomass","95% confidence intervals","NTZ","Marine Extractive Reserve of Corumbau","PPG inside MERC","g m-2","5",NA,NA,NA,NA
"1241",1325,"Stationary count","Functional group",NA,NA,NA,"Small carnivores","Biomass","95% confidence intervals","NTZ","Marine Extractive Reserve of Corumbau","PPG inside MERC","g m-2","1","Inside","2.42","0.65","0.65"
"1242",1325,"Stationary count","Functional group",NA,NA,NA,"Small carnivores","Biomass","95% confidence intervals","NTZ","Marine Extractive Reserve of Corumbau","PPG inside MERC","g m-2","2","0-400","2.75","0.57","0.57"
"1243",1325,"Stationary count","Functional group",NA,NA,NA,"Small carnivores","Biomass","95% confidence intervals","NTZ","Marine Extractive Reserve of Corumbau","PPG inside MERC","g m-2","3","400-800","3.64","0.93","0.93"
"1244",1325,"Stationary count","Functional group",NA,NA,NA,"Small carnivores","Biomass","95% confidence intervals","NTZ","Marine Extractive Reserve of Corumbau","PPG inside MERC","g m-2","4","800-1200","2.99","0.65","0.65"
"1245",1325,"Stationary count","Functional group",NA,NA,NA,"Small carnivores","Biomass","95% confidence intervals","NTZ","Marine Extractive Reserve of Corumbau","PPG inside MERC","g m-2","5",NA,NA,NA,NA
"1246",1325,"Stationary count","Functional group",NA,NA,NA,"Small carnivores","Biomass","95% confidence intervals","NTZ","Marine Extractive Reserve of Corumbau","PPG inside MERC","g m-2","1","Inside","1.49","0.55","0.55"
"1247",1325,"Stationary count","Functional group",NA,NA,NA,"Small carnivores","Biomass","95% confidence intervals","NTZ","Marine Extractive Reserve of Corumbau","PPG inside MERC","g m-2","2","0-400","1.33","0.7","0.7"
"1248",1325,"Stationary count","Functional group",NA,NA,NA,"Small carnivores","Biomass","95% confidence intervals","NTZ","Marine Extractive Reserve of Corumbau","PPG inside MERC","g m-2","3","400-800","2.54","0.76","0.76"
"1249",1325,"Stationary count","Functional group",NA,NA,NA,"Small carnivores","Biomass","95% confidence intervals","NTZ","Marine Extractive Reserve of Corumbau","PPG inside MERC","g m-2","4","800-1200","1.51","0.54","0.54"
"1250",1325,"Stationary count","Functional group",NA,NA,NA,"Small carnivores","Biomass","95% confidence intervals","NTZ","Marine Extractive Reserve of Corumbau","PPG inside MERC","g m-2","5",NA,NA,NA,NA
"1251",1325,"Stationary count","Functional group",NA,NA,NA,"Large carnivores","Biomass","95% confidence intervals","NTZ","Marine Extractive Reserve of Corumbau","PGG inside MERC","g m-2","1","Inside","1.91","1.14","1.14"
"1252",1325,"Stationary count","Functional group",NA,NA,NA,"Large carnivores","Biomass","95% confidence intervals","NTZ","Marine Extractive Reserve of Corumbau","PGG inside MERC","g m-2","2","0-400","0.84","0.78","0.78"
"1253",1325,"Stationary count","Functional group",NA,NA,NA,"Large carnivores","Biomass","95% confidence intervals","NTZ","Marine Extractive Reserve of Corumbau","PGG inside MERC","g m-2","3","400-800","0","0","0"
"1254",1325,"Stationary count","Functional group",NA,NA,NA,"Large carnivores","Biomass","95% confidence intervals","NTZ","Marine Extractive Reserve of Corumbau","PGG inside MERC","g m-2","4","800-1200","1.74","1.26","1.26"
"1255",1325,"Stationary count","Functional group",NA,NA,NA,"Large carnivores","Biomass","95% confidence intervals","NTZ","Marine Extractive Reserve of Corumbau","PGG inside MERC","g m-2","5",NA,NA,NA,NA
"1256",1325,"Stationary count","Functional group",NA,NA,NA,"Large carnivores","Biomass","95% confidence intervals","NTZ","Marine Extractive Reserve of Corumbau","PPG inside MERC","g m-2","1","Inside","3.43","1.31","1.31"
"1257",1325,"Stationary count","Functional group",NA,NA,NA,"Large carnivores","Biomass","95% confidence intervals","NTZ","Marine Extractive Reserve of Corumbau","PPG inside MERC","g m-2","2","0-400","1.74","0.9","0.9"
"1258",1325,"Stationary count","Functional group",NA,NA,NA,"Large carnivores","Biomass","95% confidence intervals","NTZ","Marine Extractive Reserve of Corumbau","PPG inside MERC","g m-2","3","400-800","2.37","1.76","1.76"
"1259",1325,"Stationary count","Functional group",NA,NA,NA,"Large carnivores","Biomass","95% confidence intervals","NTZ","Marine Extractive Reserve of Corumbau","PPG inside MERC","g m-2","4","800-1200","2.22","1.03",NA
"1260",1325,"Stationary count","Functional group",NA,NA,NA,"Large carnivores","Biomass","95% confidence intervals","NTZ","Marine Extractive Reserve of Corumbau","PPG inside MERC","g m-2","5",NA,NA,NA,NA
"1261",1325,"Stationary count","Functional group",NA,NA,NA,"Large carnivores","Biomass","95% confidence intervals","NTZ","Marine Extractive Reserve of Corumbau","PPG inside MERC","g m-2","1","Inside","0.65","0.5","0.5"
"1262",1325,"Stationary count","Functional group",NA,NA,NA,"Large carnivores","Biomass","95% confidence intervals","NTZ","Marine Extractive Reserve of Corumbau","PPG inside MERC","g m-2","2","0-400","0.05","0.32","0.32"
"1263",1325,"Stationary count","Functional group",NA,NA,NA,"Large carnivores","Biomass","95% confidence intervals","NTZ","Marine Extractive Reserve of Corumbau","PPG inside MERC","g m-2","3","400-800","0.67","0.49","0.49"
"1264",1325,"Stationary count","Functional group",NA,NA,NA,"Large carnivores","Biomass","95% confidence intervals","NTZ","Marine Extractive Reserve of Corumbau","PPG inside MERC","g m-2","4","800-1200","0.49","0.49","0.49"
"1265",1325,"Stationary count","Functional group",NA,NA,NA,"Large carnivores","Biomass","95% confidence intervals","NTZ","Marine Extractive Reserve of Corumbau","PPG inside MERC","g m-2","5",NA,NA,NA,NA
"1266",1325,"Stationary count","Functional group",NA,NA,NA,"Large carnivores","Biomass","95% confidence intervals","NTZ","Marine Extractive Reserve of Corumbau","PPG inside MERC","g m-2","1","Inside","1.72","0.54","0.54"
"1267",1325,"Stationary count","Functional group",NA,NA,NA,"Large carnivores","Biomass","95% confidence intervals","NTZ","Marine Extractive Reserve of Corumbau","PPG inside MERC","g m-2","2","0-400","0.79","0.6","0.6"
"1268",1325,"Stationary count","Functional group",NA,NA,NA,"Large carnivores","Biomass","95% confidence intervals","NTZ","Marine Extractive Reserve of Corumbau","PPG inside MERC","g m-2","3","400-800","0.68","0.73","0.73"
"1269",1325,"Stationary count","Functional group",NA,NA,NA,"Large carnivores","Biomass","95% confidence intervals","NTZ","Marine Extractive Reserve of Corumbau","PPG inside MERC","g m-2","4","800-1200","6.4","2.9","2.9"
"1270",1325,"Stationary count","Functional group",NA,NA,NA,"Large carnivores","Biomass","95% confidence intervals","NTZ","Marine Extractive Reserve of Corumbau","PPG inside MERC","g m-2","5",NA,NA,NA,NA
"1271",1325,"Stationary count","Functional group",NA,NA,NA,"Large carnivores","Biomass","95% confidence intervals","NTZ","Marine Extractive Reserve of Corumbau","PPG inside MERC","g m-2","1","Inside","3.45","1.02","1.02"
"1272",1325,"Stationary count","Functional group",NA,NA,NA,"Large carnivores","Biomass","95% confidence intervals","NTZ","Marine Extractive Reserve of Corumbau","PPG inside MERC","g m-2","2","0-400","1.73","1.32","1.32"
"1273",1325,"Stationary count","Functional group",NA,NA,NA,"Large carnivores","Biomass","95% confidence intervals","NTZ","Marine Extractive Reserve of Corumbau","PPG inside MERC","g m-2","3","400-800","1.93","1.11","1.11"
"1274",1325,"Stationary count","Functional group",NA,NA,NA,"Large carnivores","Biomass","95% confidence intervals","NTZ","Marine Extractive Reserve of Corumbau","PPG inside MERC","g m-2","4","800-1200","0.1","0.25","0.25"
"1275",1325,"Stationary count","Functional group",NA,NA,NA,"Large carnivores","Biomass","95% confidence intervals","NTZ","Marine Extractive Reserve of Corumbau","PPG inside MERC","g m-2","5",NA,NA,NA,NA
"1276",1325,"Stationary count","Functional group",NA,NA,NA,"Large herbivores","Biomass","95% confidence intervals","NTZ","Marine Extractive Reserve of Corumbau","PPG inside MERC","g m-2","1","Inside","10.32","5.83","5.83"
"1277",1325,"Stationary count","Functional group",NA,NA,NA,"Large herbivores","Biomass","95% confidence intervals","NTZ","Marine Extractive Reserve of Corumbau","PPG inside MERC","g m-2","2","0-400","5.61","2.75","2.75"
"1278",1325,"Stationary count","Functional group",NA,NA,NA,"Large herbivores","Biomass","95% confidence intervals","NTZ","Marine Extractive Reserve of Corumbau","PPG inside MERC","g m-2","3","400-800","5.45","5.01","5.01"
"1279",1325,"Stationary count","Functional group",NA,NA,NA,"Large herbivores","Biomass","95% confidence intervals","NTZ","Marine Extractive Reserve of Corumbau","PPG inside MERC","g m-2","4","800-1200","24.79","6.23","6.23"
"1280",1325,"Stationary count","Functional group",NA,NA,NA,"Large herbivores","Biomass","95% confidence intervals","NTZ","Marine Extractive Reserve of Corumbau","PPG inside MERC","g m-2","5",NA,NA,NA,NA
"1281",1325,"Stationary count","Functional group",NA,NA,NA,"Large harbivores","Biomass","95% confidence intervals","NTZ","Marine Extractive Reserve of Corumbau","PPG inside MERC","g m-2","1","Inside","38.81","10.79","10.79"
"1282",1325,"Stationary count","Functional group",NA,NA,NA,"Large harbivores","Biomass","95% confidence intervals","NTZ","Marine Extractive Reserve of Corumbau","PPG inside MERC","g m-2","2","0-400","75.68","13.03","13.03"
"1283",1325,"Stationary count","Functional group",NA,NA,NA,"Large harbivores","Biomass","95% confidence intervals","NTZ","Marine Extractive Reserve of Corumbau","PPG inside MERC","g m-2","3","400-800","28.75","12.28","12.28"
"1284",1325,"Stationary count","Functional group",NA,NA,NA,"Large harbivores","Biomass","95% confidence intervals","NTZ","Marine Extractive Reserve of Corumbau","PPG inside MERC","g m-2","4","800-1200","27.89","8.82","8.82"
"1285",1325,"Stationary count","Functional group",NA,NA,NA,"Large harbivores","Biomass","95% confidence intervals","NTZ","Marine Extractive Reserve of Corumbau","PPG inside MERC","g m-2","5",NA,NA,NA,NA
"1286",1325,"Stationary count","Functional group",NA,NA,NA,"Large herbivores","Biomass","95% confidence intervals","NTZ","Marine Extractive Reserve of Corumbau","Yes","g m-2","1","Inside","30.67","10.14","10.14"
"1287",1325,"Stationary count","Functional group",NA,NA,NA,"Large herbivores","Biomass","95% confidence intervals","NTZ","Marine Extractive Reserve of Corumbau","Yes","g m-2","2","0-400","5.75","2.9","2.9"
"1288",1325,"Stationary count","Functional group",NA,NA,NA,"Large herbivores","Biomass","95% confidence intervals","NTZ","Marine Extractive Reserve of Corumbau","Yes","g m-2","3","400-800","25.32","8.35","8.35"
"1289",1325,"Stationary count","Functional group",NA,NA,NA,"Large herbivores","Biomass","95% confidence intervals","NTZ","Marine Extractive Reserve of Corumbau","Yes","g m-2","4","800-1200","3.33","2.54","2.54"
"1290",1325,"Stationary count","Functional group",NA,NA,NA,"Large herbivores","Biomass","95% confidence intervals","NTZ","Marine Extractive Reserve of Corumbau","Yes","g m-2","5",NA,NA,NA,NA
"1291",1325,"Stationary count","Functional group",NA,NA,NA,"Large herbivores","Biomass","95% confidence intervals","NTZ","Marine Extractive Reserve of Corumbau","PPG inside MERC","g m-2","1","Inside","18.33","7.87","7.87"
"1292",1325,"Stationary count","Functional group",NA,NA,NA,"Large herbivores","Biomass","95% confidence intervals","NTZ","Marine Extractive Reserve of Corumbau","PPG inside MERC","g m-2","2","0-400","2.65","3.68","3.68"
"1293",1325,"Stationary count","Functional group",NA,NA,NA,"Large herbivores","Biomass","95% confidence intervals","NTZ","Marine Extractive Reserve of Corumbau","PPG inside MERC","g m-2","3","400-800","33.8","12.03","12.03"
"1294",1325,"Stationary count","Functional group",NA,NA,NA,"Large herbivores","Biomass","95% confidence intervals","NTZ","Marine Extractive Reserve of Corumbau","PPG inside MERC","g m-2","4","800-1200","25.89","8.01","8.01"
"1295",1325,"Stationary count","Functional group",NA,NA,NA,"Large herbivores","Biomass","95% confidence intervals","NTZ","Marine Extractive Reserve of Corumbau","PPG inside MERC","g m-2","5",NA,NA,NA,NA
"1296",1325,"Stationary count","Functional group",NA,NA,NA,"Large carnivores","Biomass","95% confidence intervals","NTZ","Marine Extractive Reserve of Corumbau","PPG inside MERC","g m-2","1","Inside","28.41","7.82","7.82"
"1297",1325,"Stationary count","Functional group",NA,NA,NA,"Large carnivores","Biomass","95% confidence intervals","NTZ","Marine Extractive Reserve of Corumbau","PPG inside MERC","g m-2","2","0-400","18.67","12.58","12.58"
"1298",1325,"Stationary count","Functional group",NA,NA,NA,"Large carnivores","Biomass","95% confidence intervals","NTZ","Marine Extractive Reserve of Corumbau","PPG inside MERC","g m-2","3","400-800","35.55","20.7","20.7"
"1299",1325,"Stationary count","Functional group",NA,NA,NA,"Large carnivores","Biomass","95% confidence intervals","NTZ","Marine Extractive Reserve of Corumbau","PPG inside MERC","g m-2","4","800-1200","35.65","18.34","18.34"
"1300",1325,"Stationary count","Functional group",NA,NA,NA,"Large carnivores","Biomass","95% confidence intervals","NTZ","Marine Extractive Reserve of Corumbau","PPG inside MERC","g m-2","5",NA,NA,NA,NA
"1301",1325,"Stationary count","Target species as a group",NA,NA,NA,NA,"Biomass","95% confidence intervals","NTZ","Marine Extractive Reserve of Corumbau","PPG inside MERC","g m-2","1","Inside","13.5","5","5"
"1302",1325,"Stationary count","Target species as a group",NA,NA,NA,NA,"Biomass","95% confidence intervals","NTZ","Marine Extractive Reserve of Corumbau","PPG inside MERC","g m-2","2","0-400","8.02","3.05","3.05"
"1303",1325,"Stationary count","Target species as a group",NA,NA,NA,NA,"Biomass","95% confidence intervals","NTZ","Marine Extractive Reserve of Corumbau","PPG inside MERC","g m-2","3","400-800","10.36","3.88","3.88"
"1304",1325,"Stationary count","Target species as a group",NA,NA,NA,NA,"Biomass","95% confidence intervals","NTZ","Marine Extractive Reserve of Corumbau","PPG inside MERC","g m-2","4","800-1200","28.54","7.59","7.59"
"1305",1325,"Stationary count","Target species as a group",NA,NA,NA,NA,"Biomass","95% confidence intervals","NTZ","Marine Extractive Reserve of Corumbau","PPG inside MERC","g m-2","5",NA,NA,NA,NA
"1306",1325,"Stationary count","Target species as a group",NA,NA,NA,NA,"Biomass","95% confidence intervals","NTZ","Marine Extractive Reserve of Corumbau","PPG inside MERC","g m-2","1","Inside","45.7","11.07","11.07"
"1307",1325,"Stationary count","Target species as a group",NA,NA,NA,NA,"Biomass","95% confidence intervals","NTZ","Marine Extractive Reserve of Corumbau","PPG inside MERC","g m-2","2","0-400","86.49","19.5","19.5"
"1308",1325,"Stationary count","Target species as a group",NA,NA,NA,NA,"Biomass","95% confidence intervals","NTZ","Marine Extractive Reserve of Corumbau","PPG inside MERC","g m-2","3","400-800","35.63","15.4","15.4"
"1309",1325,"Stationary count","Target species as a group",NA,NA,NA,NA,"Biomass","95% confidence intervals","NTZ","Marine Extractive Reserve of Corumbau","PPG inside MERC","g m-2","4","800-1200","33.63","10.2","10.2"
"1310",1325,"Stationary count","Target species as a group",NA,NA,NA,NA,"Biomass","95% confidence intervals","NTZ","Marine Extractive Reserve of Corumbau","PPG inside MERC","g m-2","5",NA,NA,NA,NA
"1311",1325,"Stationary count","Target species as a group",NA,NA,NA,NA,"Biomass","95% confidence intervals","NTZ","Marine Extractive Reserve of Corumbau","PPG inside MERC","g m-2","1","Inside","36.44","9.55","9.55"
"1312",1325,"Stationary count","Target species as a group",NA,NA,NA,NA,"Biomass","95% confidence intervals","NTZ","Marine Extractive Reserve of Corumbau","PPG inside MERC","g m-2","2","0-400","10.73","2.67","2.67"
"1313",1325,"Stationary count","Target species as a group",NA,NA,NA,NA,"Biomass","95% confidence intervals","NTZ","Marine Extractive Reserve of Corumbau","PPG inside MERC","g m-2","3","400-800","28.68","7.54","7.54"
"1314",1325,"Stationary count","Target species as a group",NA,NA,NA,NA,"Biomass","95% confidence intervals","NTZ","Marine Extractive Reserve of Corumbau","PPG inside MERC","g m-2","4","800-1200","5.35","5.85","5.85"
"1315",1325,"Stationary count","Target species as a group",NA,NA,NA,NA,"Biomass","95% confidence intervals","NTZ","Marine Extractive Reserve of Corumbau","PPG inside MERC","g m-2","5",NA,NA,NA,NA
"1316",1325,"Stationary count","Target species as a group",NA,NA,NA,NA,"Biomass","95% confidence intervals","NTZ","Marine Extractive Reserve of Corumbau","PPG inside MERC","g m-2","1","Inside","23.16","5.76","5.76"
"1317",1325,"Stationary count","Target species as a group",NA,NA,NA,NA,"Biomass","95% confidence intervals","NTZ","Marine Extractive Reserve of Corumbau","PPG inside MERC","g m-2","2","0-400","5.08","3.12","3.12"
"1318",1325,"Stationary count","Target species as a group",NA,NA,NA,NA,"Biomass","95% confidence intervals","NTZ","Marine Extractive Reserve of Corumbau","PPG inside MERC","g m-2","3","400-800","37.73","13.38","13.38"
"1319",1325,"Stationary count","Target species as a group",NA,NA,NA,NA,"Biomass","95% confidence intervals","NTZ","Marine Extractive Reserve of Corumbau","PPG inside MERC","g m-2","4","800-1200","35.45","8.43","8.43"
"1320",1325,"Stationary count","Target species as a group",NA,NA,NA,NA,"Biomass","95% confidence intervals","NTZ","Marine Extractive Reserve of Corumbau","PPG inside MERC","g m-2","5",NA,NA,NA,NA
"1321",1325,"Stationary count","Target species as a group",NA,NA,NA,NA,"Biomass","95% confidence intervals","NTZ","Marine Extractive Reserve of Corumbau","PPG inside MERC","g m-2","1","Inside","33.77","10.58","10.58"
"1322",1325,"Stationary count","Target species as a group",NA,NA,NA,NA,"Biomass","95% confidence intervals","NTZ","Marine Extractive Reserve of Corumbau","PPG inside MERC","g m-2","2","0-400","20.88","12.98","12.98"
"1323",1325,"Stationary count","Target species as a group",NA,NA,NA,NA,"Biomass","95% confidence intervals","NTZ","Marine Extractive Reserve of Corumbau","PPG inside MERC","g m-2","3","400-800","40.85","20.3","20.3"
"1324",1325,"Stationary count","Target species as a group",NA,NA,NA,NA,"Biomass","95% confidence intervals","NTZ","Marine Extractive Reserve of Corumbau","PPG inside MERC","g m-2","4","800-1200","28.57","17.48","17.48"
"1325",1325,"Stationary count","Target species as a group",NA,NA,NA,NA,"Biomass","95% confidence intervals","NTZ","Marine Extractive Reserve of Corumbau","PPG inside MERC","g m-2","5",NA,NA,NA,NA
"1326",1325,"Stationary count","Non-target species as a group",NA,NA,NA,NA,"Biomass","95% confidence intervals","NTZ","Marine Extractive Reserve of Corumbau","PPG inside MERC","g m-2","1","Inside","3.51","0.78","0.78"
"1327",1325,"Stationary count","Non-target species as a group",NA,NA,NA,NA,"Biomass","95% confidence intervals","NTZ","Marine Extractive Reserve of Corumbau","PPG inside MERC","g m-2","2","0-400","5.09","1.27","1.27"
"1328",1325,"Stationary count","Non-target species as a group",NA,NA,NA,NA,"Biomass","95% confidence intervals","NTZ","Marine Extractive Reserve of Corumbau","PPG inside MERC","g m-2","3","400-800","5.82","1.83","1.83"
"1329",1325,"Stationary count","Non-target species as a group",NA,NA,NA,NA,"Biomass","95% confidence intervals","NTZ","Marine Extractive Reserve of Corumbau","PPG inside MERC","g m-2","4","800-1200","7.49","1.38","1.39"
"1330",1325,"Stationary count","Non-target species as a group",NA,NA,NA,NA,"Biomass","95% confidence intervals","NTZ","Marine Extractive Reserve of Corumbau","PPG inside MERC","g m-2","5",NA,NA,NA,NA
"1331",1325,"Stationary count","Non-target species as a group",NA,NA,NA,NA,"Biomass","95% confidence intervals","NTZ","Marine Extractive Reserve of Corumbau","PPG inside. MERC","g m-2","1","Inside","9.8","2.53","2.53"
"1332",1325,"Stationary count","Non-target species as a group",NA,NA,NA,NA,"Biomass","95% confidence intervals","NTZ","Marine Extractive Reserve of Corumbau","PPG inside. MERC","g m-2","2","0-400","5.55","2.53","2.53"
"1333",1325,"Stationary count","Non-target species as a group",NA,NA,NA,NA,"Biomass","95% confidence intervals","NTZ","Marine Extractive Reserve of Corumbau","PPG inside. MERC","g m-2","3","400-800","6.74","1.27","1.27"
"1334",1325,"Stationary count","Non-target species as a group",NA,NA,NA,NA,"Biomass","95% confidence intervals","NTZ","Marine Extractive Reserve of Corumbau","PPG inside. MERC","g m-2","4","800-1200","7.25","1.62","1.62"
"1335",1325,"Stationary count","Non-target species as a group",NA,NA,NA,NA,"Biomass","95% confidence intervals","NTZ","Marine Extractive Reserve of Corumbau","PPG inside. MERC","g m-2","5",NA,NA,NA,NA
"1336",1325,"Stationary count","Non-target species as a group",NA,NA,NA,NA,"Biomass","95% confidence intervals","NTZ","Marine Extractive Reserve of Corumbau","PPG inside MERC","g m-2","1","Inside","7.31","2.16","2.16"
"1337",1325,"Stationary count","Non-target species as a group",NA,NA,NA,NA,"Biomass","95% confidence intervals","NTZ","Marine Extractive Reserve of Corumbau","PPG inside MERC","g m-2","2","0-400","4.76","1.24","1.25"
"1338",1325,"Stationary count","Non-target species as a group",NA,NA,NA,NA,"Biomass","95% confidence intervals","NTZ","Marine Extractive Reserve of Corumbau","PPG inside MERC","g m-2","3","400-800","7.92","2.74","2.74"
"1339",1325,"Stationary count","Non-target species as a group",NA,NA,NA,NA,"Biomass","95% confidence intervals","NTZ","Marine Extractive Reserve of Corumbau","PPG inside MERC","g m-2","4","800-1200","6.42","1.27","1.27"
"1340",1325,"Stationary count","Non-target species as a group",NA,NA,NA,NA,"Biomass","95% confidence intervals","NTZ","Marine Extractive Reserve of Corumbau","PPG inside MERC","g m-2","5",NA,NA,NA,NA
"1341",1325,"Stationary count","Non-target species as a group",NA,NA,NA,NA,"Biomass","95% confidence intervals","NTZ","Marine Extractive Reserve of Corumbau","PPG inside MERC","gm-2","1","Inside","3.86","0.89","0.89"
"1342",1325,"Stationary count","Non-target species as a group",NA,NA,NA,NA,"Biomass","95% confidence intervals","NTZ","Marine Extractive Reserve of Corumbau","PPG inside MERC","gm-2","2","0-400","2.58","2.581.35","1.35"
"1343",1325,"Stationary count","Non-target species as a group",NA,NA,NA,NA,"Biomass","95% confidence intervals","NTZ","Marine Extractive Reserve of Corumbau","PPG inside MERC","gm-2","3","400-800","10.9","3.88","3.88"
"1344",1325,"Stationary count","Non-target species as a group",NA,NA,NA,NA,"Biomass","95% confidence intervals","NTZ","Marine Extractive Reserve of Corumbau","PPG inside MERC","gm-2","4","800-1200","5.41","1.43","1.43"
"1345",1325,"Stationary count","Non-target species as a group",NA,NA,NA,NA,"Biomass","95% confidence intervals","NTZ","Marine Extractive Reserve of Corumbau","PPG inside MERC","gm-2","5",NA,NA,NA,NA
"1346",1325,"Stationary count","Non-target species as a group",NA,NA,NA,NA,"Biomass","95% confidence intervals","NTZ","Marine Extractive Reserve of Corumbau","PPG inside MERC","g m-2","1","Inside","5.93","1.68","1.68"
"1347",1325,"Stationary count","Non-target species as a group",NA,NA,NA,NA,"Biomass","95% confidence intervals","NTZ","Marine Extractive Reserve of Corumbau","PPG inside MERC","g m-2","2","0-400","2.11","0.85","0.85"
"1348",1325,"Stationary count","Non-target species as a group",NA,NA,NA,NA,"Biomass","95% confidence intervals","NTZ","Marine Extractive Reserve of Corumbau","PPG inside MERC","g m-2","3","400-800","5.82","1.77","1.77"
"1349",1325,"Stationary count","Non-target species as a group",NA,NA,NA,NA,"Biomass","95% confidence intervals","NTZ","Marine Extractive Reserve of Corumbau","PPG inside MERC","g m-2","4","800-1200","8.39","2.09","2.09"
"1350",1325,"Stationary count","Non-target species as a group",NA,NA,NA,NA,"Biomass","95% confidence intervals","NTZ","Marine Extractive Reserve of Corumbau","PPG inside MERC","g m-2","5",NA,NA,NA,NA
"1351",1374,"Catch","Target species as a group",NA,NA,NA,NA,"Catch per unit effort (CPUE) Hook and Line","Standard error","NTZ","Apo Island Marine Reserve","Yes","kg/person per hour","1","Near reserve","0.85","0.3","0.3"
"1352",1374,"Catch","Target species as a group",NA,NA,NA,NA,"Catch per unit effort (CPUE) Hook and Line","Standard error","NTZ","Apo Island Marine Reserve","Yes","kg/person per hour","2","Western side","0.54","0.11","0.11"
"1353",1374,"Catch","Target species as a group",NA,NA,NA,NA,"Catch per unit effort (CPUE) Hook and Line","Standard error","NTZ","Apo Island Marine Reserve","Yes","kg/person per hour","3","Northern boundary","0.59","0.04","0.04"
"1354",1374,"Catch","Target species as a group",NA,NA,NA,NA,"Catch per unit effort (CPUE) Hook and Line","Standard error","NTZ","Apo Island Marine Reserve","Yes","kg/person per hour","4",NA,NA,NA,NA
"1355",1374,"Catch","Target species as a group",NA,NA,NA,NA,"Catch per unit effort (CPUE) Hook and Line","Standard error","NTZ","Apo Island Marine Reserve","Yes","kg/person per hour","5",NA,NA,NA,NA
"1356",1374,"Catch","Target species as a group",NA,NA,NA,NA,"Catch per unit effort (CPUE) Gill net","Standard error","NTZ","Apo Island Marine Reserve","Yes","kg/person per hour","1","Near reserve","0.66","0.18","0.18"
"1357",1374,"Catch","Target species as a group",NA,NA,NA,NA,"Catch per unit effort (CPUE) Gill net","Standard error","NTZ","Apo Island Marine Reserve","Yes","kg/person per hour","2","Western side","0.62","0.11","0.11"
"1358",1374,"Catch","Target species as a group",NA,NA,NA,NA,"Catch per unit effort (CPUE) Gill net","Standard error","NTZ","Apo Island Marine Reserve","Yes","kg/person per hour","3","0.49","0.06","0.06",NA
"1359",1374,"Catch","Target species as a group",NA,NA,NA,NA,"Catch per unit effort (CPUE) Gill net","Standard error","NTZ","Apo Island Marine Reserve","Yes","kg/person per hour","4",NA,NA,NA,NA
"1360",1374,"Catch","Target species as a group",NA,NA,NA,NA,"Catch per unit effort (CPUE) Gill net","Standard error","NTZ","Apo Island Marine Reserve","Yes","kg/person per hour","5",NA,NA,NA,NA
"1361",1374,"Catch","Target species as a group",NA,NA,NA,NA,"Catch per unit effort (CPUE) Spear gun","Standard error","NTZ","Apo Island Marine Reserve","Yes","kg/person per hour","1","Near reserve","1.7","0.39","0.39"
"1362",1374,"Catch","Target species as a group",NA,NA,NA,NA,"Catch per unit effort (CPUE) Spear gun","Standard error","NTZ","Apo Island Marine Reserve","Yes","kg/person per hour","2","Western side","0.87","0.2","0.2"
"1363",1374,"Catch","Target species as a group",NA,NA,NA,NA,"Catch per unit effort (CPUE) Spear gun","Standard error","NTZ","Apo Island Marine Reserve","Yes","kg/person per hour","3","Norther side","1.2","0.14","0.14"
"1364",1374,"Catch","Target species as a group",NA,NA,NA,NA,"Catch per unit effort (CPUE) Spear gun","Standard error","NTZ","Apo Island Marine Reserve","Yes","kg/person per hour","4",NA,NA,NA,NA
"1365",1374,"Catch","Target species as a group",NA,NA,NA,NA,"Catch per unit effort (CPUE) Spear gun","Standard error","NTZ","Apo Island Marine Reserve","Yes","kg/person per hour","5",NA,NA,NA,NA
"1366",1385,"Catch","Individual species","Merlucciidae","Merluccius ","merluccius",NA,"Median monthly landings",NA,"NTZ","Gulf of Roses No-take Area","Yes","Kg","1","Pre-NTZ","137.95",NA,NA
"1367",1385,"Catch","Individual species","Merlucciidae","Merluccius ","merluccius",NA,"Median monthly landings",NA,"NTZ","Gulf of Roses No-take Area","Yes","Kg","2","5000","558.83",NA,NA
"1368",1385,"Catch","Individual species","Merlucciidae","Merluccius ","merluccius",NA,"Median monthly landings",NA,"NTZ","Gulf of Roses No-take Area","Yes","Kg","3","7000","116.12",NA,NA
"1369",1385,"Catch","Individual species","Merlucciidae","Merluccius ","merluccius",NA,"Median monthly landings",NA,"NTZ","Gulf of Roses No-take Area","Yes","Kg","4","11000","149.19",NA,NA
"1370",1385,"Catch","Individual species","Merlucciidae","Merluccius ","merluccius",NA,"Median monthly landings",NA,"NTZ","Gulf of Roses No-take Area","Yes","Kg","5","12000","360.25",NA,NA
"1371",1385,"Catch","Individual species","Merlucciidae","Merluccius","merluccius",NA,"Median monthly catch",NA,"NTZ","Gulf of Roses No-take Area","Yes","Kg","1","15000","81.87",NA,NA
"1372",1385,"Catch","Individual species","Merlucciidae","Merluccius","merluccius",NA,"Median monthly catch",NA,"NTZ","Gulf of Roses No-take Area","Yes","Kg","2",NA,NA,NA,NA
"1373",1385,"Catch","Individual species","Merlucciidae","Merluccius","merluccius",NA,"Median monthly catch",NA,"NTZ","Gulf of Roses No-take Area","Yes","Kg","3",NA,NA,NA,NA
"1374",1385,"Catch","Individual species","Merlucciidae","Merluccius","merluccius",NA,"Median monthly catch",NA,"NTZ","Gulf of Roses No-take Area","Yes","Kg","4",NA,NA,NA,NA
"1375",1385,"Catch","Individual species","Merlucciidae","Merluccius","merluccius",NA,"Median monthly catch",NA,"NTZ","Gulf of Roses No-take Area","Yes","Kg","5",NA,NA,NA,NA
"1376",1385,"Catch","Individual species","Merlucciidae","Merluccius","merluccius",NA,"Median monthly catch",NA,"NTZ","Gulf of Roses No-take Area","Yes","Kg","1","5000","482.68",NA,NA
"1377",1385,"Catch","Individual species","Merlucciidae","Merluccius","merluccius",NA,"Median monthly catch",NA,"NTZ","Gulf of Roses No-take Area","Yes","Kg","2","7000","165.96",NA,NA
"1378",1385,"Catch","Individual species","Merlucciidae","Merluccius","merluccius",NA,"Median monthly catch",NA,"NTZ","Gulf of Roses No-take Area","Yes","Kg","3","11000","601.93",NA,NA
"1379",1385,"Catch","Individual species","Merlucciidae","Merluccius","merluccius",NA,"Median monthly catch",NA,"NTZ","Gulf of Roses No-take Area","Yes","Kg","4","12000","494.92",NA,NA
"1380",1385,"Catch","Individual species","Merlucciidae","Merluccius","merluccius",NA,"Median monthly catch",NA,"NTZ","Gulf of Roses No-take Area","Yes","Kg","5","15000","157.77",NA,NA
"1381",676,"Transect count","Functional group",NA,NA,NA,"Coral reef fish community","Biomass",NA,"PPC","Grand Cayman Marine Protected Area","Yes","g/m²","1","0","84.12",NA,NA
"1382",676,"Transect count","Functional group",NA,NA,NA,"Coral reef fish community","Biomass",NA,"PPC","Grand Cayman Marine Protected Area","Yes","g/m²","2","1600","65.05",NA,NA
"1383",676,"Transect count","Functional group",NA,NA,NA,"Coral reef fish community","Biomass",NA,"PPC","Grand Cayman Marine Protected Area","Yes","g/m²","3","2500","51.8",NA,NA
"1384",676,"Transect count","Functional group",NA,NA,NA,"Coral reef fish community","Biomass",NA,"PPC","Grand Cayman Marine Protected Area","Yes","g/m²","4","3600","41.5",NA,NA
"1385",676,"Transect count","Functional group",NA,NA,NA,"Coral reef fish community","Biomass",NA,"PPC","Grand Cayman Marine Protected Area","Yes","g/m²","5","4600","44.09",NA,NA
"1386",676,"Transect count","Functional group",NA,NA,NA,"Coral reef fish community","Biomass",NA,"PPC","Grand Cayman Marine Protected Area","Yes","g/m²","1","5100","33.26",NA,NA
"1387",676,"Transect count","Functional group",NA,NA,NA,"Coral reef fish community","Biomass",NA,"PPC","Grand Cayman Marine Protected Area","Yes","g/m²","2",NA,NA,NA,NA
"1388",676,"Transect count","Functional group",NA,NA,NA,"Coral reef fish community","Biomass",NA,"PPC","Grand Cayman Marine Protected Area","Yes","g/m²","3",NA,NA,NA,NA
"1389",676,"Transect count","Functional group",NA,NA,NA,"Coral reef fish community","Biomass",NA,"PPC","Grand Cayman Marine Protected Area","Yes","g/m²","4",NA,NA,NA,NA
"1390",676,"Transect count","Functional group",NA,NA,NA,"Coral reef fish community","Biomass",NA,"PPC","Grand Cayman Marine Protected Area","Yes","g/m²","5",NA,NA,NA,NA
"1391",1525,"Catch","Individual species","Siganidae","Siganus","sutor",NA,"Catch per unit effort (CPUE)","Standard error","NTZ","Watamu National Marine Park","Outside is ""reserve"" with little bit of protection","No. fish per trap per day","1","-6000","0.96","0.42","0.42"
"1392",1525,"Catch","Individual species","Siganidae","Siganus","sutor",NA,"Catch per unit effort (CPUE)","Standard error","NTZ","Watamu National Marine Park","Outside is ""reserve"" with little bit of protection","No. fish per trap per day","2","-3500","0.19","0.21","0.21"
"1393",1525,"Catch","Individual species","Siganidae","Siganus","sutor",NA,"Catch per unit effort (CPUE)","Standard error","NTZ","Watamu National Marine Park","Outside is ""reserve"" with little bit of protection","No. fish per trap per day","3","-2200","0.29","0.71","0.71"
"1394",1525,"Catch","Individual species","Siganidae","Siganus","sutor",NA,"Catch per unit effort (CPUE)","Standard error","NTZ","Watamu National Marine Park","Outside is ""reserve"" with little bit of protection","No. fish per trap per day","4","-200","3.68","1","1"
"1395",1525,"Catch","Individual species","Siganidae","Siganus","sutor",NA,"Catch per unit effort (CPUE)","Standard error","NTZ","Watamu National Marine Park","Outside is ""reserve"" with little bit of protection","No. fish per trap per day","5","0","3.16","1.64","1.64"
"1396",1525,"Catch","Individual species","Siganidae","Siganus","sutor",NA,"Catch per unit effort (CPUE)","Standard error","NTZ","Watamu National Marine Park","Outside is ""reserve"" with little bit of protection","No. fish per trap per day","1","200","0.5","0.3","0.3"
"1397",1525,"Catch","Individual species","Siganidae","Siganus","sutor",NA,"Catch per unit effort (CPUE)","Standard error","NTZ","Watamu National Marine Park","Outside is ""reserve"" with little bit of protection","No. fish per trap per day","2","600","0.77","0.44","0.44"
"1398",1525,"Catch","Individual species","Siganidae","Siganus","sutor",NA,"Catch per unit effort (CPUE)","Standard error","NTZ","Watamu National Marine Park","Outside is ""reserve"" with little bit of protection","No. fish per trap per day","3","1400","3.84","1.44","1.44"
"1399",1525,"Catch","Individual species","Siganidae","Siganus","sutor",NA,"Catch per unit effort (CPUE)","Standard error","NTZ","Watamu National Marine Park","Outside is ""reserve"" with little bit of protection","No. fish per trap per day","4","2300","1.94","0.8","0.8"
"1400",1525,"Catch","Individual species","Siganidae","Siganus","sutor",NA,"Catch per unit effort (CPUE)","Standard error","NTZ","Watamu National Marine Park","Outside is ""reserve"" with little bit of protection","No. fish per trap per day","5",NA,NA,NA,NA
"1401",1525,"Catch","Individual species","Siganidae","Siganus","sutor",NA,"Catch per unit effort (CPUE)","Standard error","NTZ","Watamu National Marine Park","Outside is ""reserve"" with little bit of protection","No. fish per trap per day","1","-6000","5.2","0.66","0.66"
"1402",1525,"Catch","Individual species","Siganidae","Siganus","sutor",NA,"Catch per unit effort (CPUE)","Standard error","NTZ","Watamu National Marine Park","Outside is ""reserve"" with little bit of protection","No. fish per trap per day","2","-3500","3.07","0.93","0.93"
"1403",1525,"Catch","Individual species","Siganidae","Siganus","sutor",NA,"Catch per unit effort (CPUE)","Standard error","NTZ","Watamu National Marine Park","Outside is ""reserve"" with little bit of protection","No. fish per trap per day","3","-2200","0.76","0.82","0.82"
"1404",1525,"Catch","Individual species","Siganidae","Siganus","sutor",NA,"Catch per unit effort (CPUE)","Standard error","NTZ","Watamu National Marine Park","Outside is ""reserve"" with little bit of protection","No. fish per trap per day","4","-200","0.05","0.23","0.23"
"1405",1525,"Catch","Individual species","Siganidae","Siganus","sutor",NA,"Catch per unit effort (CPUE)","Standard error","NTZ","Watamu National Marine Park","Outside is ""reserve"" with little bit of protection","No. fish per trap per day","5","0","1.42","0.72","0.72"
"1406",1525,"Catch","Individual species","Siganidae","Siganus","sutor",NA,"Catch per unit effort (CPUE)","Standard error","NTZ","Watamu National Marine Park","Outside is ""reserve"" with little bit of protection","No. fish per trap per day","1","200","0.13","0.18","0.18"
"1407",1525,"Catch","Individual species","Siganidae","Siganus","sutor",NA,"Catch per unit effort (CPUE)","Standard error","NTZ","Watamu National Marine Park","Outside is ""reserve"" with little bit of protection","No. fish per trap per day","2","600","0","0","0"
"1408",1525,"Catch","Individual species","Siganidae","Siganus","sutor",NA,"Catch per unit effort (CPUE)","Standard error","NTZ","Watamu National Marine Park","Outside is ""reserve"" with little bit of protection","No. fish per trap per day","3","1400","0","0","0"
"1409",1525,"Catch","Individual species","Siganidae","Siganus","sutor",NA,"Catch per unit effort (CPUE)","Standard error","NTZ","Watamu National Marine Park","Outside is ""reserve"" with little bit of protection","No. fish per trap per day","4","2300","0","0","0"
"1410",1525,"Catch","Individual species","Siganidae","Siganus","sutor",NA,"Catch per unit effort (CPUE)","Standard error","NTZ","Watamu National Marine Park","Outside is ""reserve"" with little bit of protection","No. fish per trap per day","5",NA,NA,NA,NA
"1411",1525,"Catch","Individual species","Lethrinidae","Lethrinus","mahsena",NA,"Catch per unit effort (CPUE)","Standard error","NTZ","Watamu National Marine Park","Outside is ""reserve"" with little bit of protection","No. fish per trap per day","1","-6000","0.78","0.7","0.7"
"1412",1525,"Catch","Individual species","Lethrinidae","Lethrinus","mahsena",NA,"Catch per unit effort (CPUE)","Standard error","NTZ","Watamu National Marine Park","Outside is ""reserve"" with little bit of protection","No. fish per trap per day","2","-3500","0.9","0.34","0.34"
"1413",1525,"Catch","Individual species","Lethrinidae","Lethrinus","mahsena",NA,"Catch per unit effort (CPUE)","Standard error","NTZ","Watamu National Marine Park","Outside is ""reserve"" with little bit of protection","No. fish per trap per day","3","-2200","4.22","1.24","1.24"
"1414",1525,"Catch","Individual species","Lethrinidae","Lethrinus","mahsena",NA,"Catch per unit effort (CPUE)","Standard error","NTZ","Watamu National Marine Park","Outside is ""reserve"" with little bit of protection","No. fish per trap per day","4","-600","2.91","1.65","1.65"
"1415",1525,"Catch","Individual species","Lethrinidae","Lethrinus","mahsena",NA,"Catch per unit effort (CPUE)","Standard error","NTZ","Watamu National Marine Park","Outside is ""reserve"" with little bit of protection","No. fish per trap per day","5","-200","3.26","1.68","1.68"
"1416",1525,"Catch","Individual species","Lethrinidae","Lethrinus","mahsena",NA,"Catch per unit effort (CPUE)","Standard error","NTZ","Watamu National Marine Park","Outside is ""reserve"" with little bit of protection","No. fish per trap per day","1","0","0.78","0.63","0.63"
"1417",1525,"Catch","Individual species","Lethrinidae","Lethrinus","mahsena",NA,"Catch per unit effort (CPUE)","Standard error","NTZ","Watamu National Marine Park","Outside is ""reserve"" with little bit of protection","No. fish per trap per day","2","200","0","0","0"
"1418",1525,"Catch","Individual species","Lethrinidae","Lethrinus","mahsena",NA,"Catch per unit effort (CPUE)","Standard error","NTZ","Watamu National Marine Park","Outside is ""reserve"" with little bit of protection","No. fish per trap per day","3","600","0.19","0.24","0.24"
"1419",1525,"Catch","Individual species","Lethrinidae","Lethrinus","mahsena",NA,"Catch per unit effort (CPUE)","Standard error","NTZ","Watamu National Marine Park","Outside is ""reserve"" with little bit of protection","No. fish per trap per day","4","1.4","0.1","0.2","0.2"
"1420",1525,"Catch","Individual species","Lethrinidae","Lethrinus","mahsena",NA,"Catch per unit effort (CPUE)","Standard error","NTZ","Watamu National Marine Park","Outside is ""reserve"" with little bit of protection","No. fish per trap per day","5","2.3","0","0","0"
"1421",1525,"Catch","Individual species","Lethrinidae","Lethrinus","mahsena",NA,"Catch per unit effort (CPUE)","Standard error","NTZ","Watamu National Marine Park","Outside is ""reserve"" with little bit of protection","No. fish per trap per day","1","-6000","0.52","0.3","0.3"
"1422",1525,"Catch","Individual species","Lethrinidae","Lethrinus","mahsena",NA,"Catch per unit effort (CPUE)","Standard error","NTZ","Watamu National Marine Park","Outside is ""reserve"" with little bit of protection","No. fish per trap per day","2","-3500","0","0","0"
"1423",1525,"Catch","Individual species","Lethrinidae","Lethrinus","mahsena",NA,"Catch per unit effort (CPUE)","Standard error","NTZ","Watamu National Marine Park","Outside is ""reserve"" with little bit of protection","No. fish per trap per day","3","-2200","0.28","0.16","0.16"
"1424",1525,"Catch","Individual species","Lethrinidae","Lethrinus","mahsena",NA,"Catch per unit effort (CPUE)","Standard error","NTZ","Watamu National Marine Park","Outside is ""reserve"" with little bit of protection","No. fish per trap per day","4","-600","0","0","0"
"1425",1525,"Catch","Individual species","Lethrinidae","Lethrinus","mahsena",NA,"Catch per unit effort (CPUE)","Standard error","NTZ","Watamu National Marine Park","Outside is ""reserve"" with little bit of protection","No. fish per trap per day","5","-200","0.12","0.15","0.15"
"1426",1525,"Catch","Individual species","Lethrinidae","Lethrinus","mahsena",NA,"Catch per unit effort (CPUE)","Standard error","NTZ","Watamu National Marine Park","Outside is ""reserve"" with little bit of protection","No. fish per trap per day","1","0","0","0","0"
"1427",1525,"Catch","Individual species","Lethrinidae","Lethrinus","mahsena",NA,"Catch per unit effort (CPUE)","Standard error","NTZ","Watamu National Marine Park","Outside is ""reserve"" with little bit of protection","No. fish per trap per day","2","200","0","0","0"
"1428",1525,"Catch","Individual species","Lethrinidae","Lethrinus","mahsena",NA,"Catch per unit effort (CPUE)","Standard error","NTZ","Watamu National Marine Park","Outside is ""reserve"" with little bit of protection","No. fish per trap per day","3","400","0","0","0"
"1429",1525,"Catch","Individual species","Lethrinidae","Lethrinus","mahsena",NA,"Catch per unit effort (CPUE)","Standard error","NTZ","Watamu National Marine Park","Outside is ""reserve"" with little bit of protection","No. fish per trap per day","4","800","0","0","0"
"1430",1525,"Catch","Individual species","Lethrinidae","Lethrinus","mahsena",NA,"Catch per unit effort (CPUE)","Standard error","NTZ","Watamu National Marine Park","Outside is ""reserve"" with little bit of protection","No. fish per trap per day","5","1600","0","0","0"
"1431",1525,"Catch","Individual species","Lethrinidae","Lethrinus","miniatus",NA,"Catch per unit effort (CPUE)","Standard error","NTZ","Watamu National Marine Park","Outside is ""reserve"" with little bit of protection","No. fish per trap per day","1","-6000","3.9","1.2","1.6"
"1432",1525,"Catch","Individual species","Lethrinidae","Lethrinus","miniatus",NA,"Catch per unit effort (CPUE)","Standard error","NTZ","Watamu National Marine Park","Outside is ""reserve"" with little bit of protection","No. fish per trap per day","2","-3500","3.79","0.81","0.81"
"1433",1525,"Catch","Individual species","Lethrinidae","Lethrinus","miniatus",NA,"Catch per unit effort (CPUE)","Standard error","NTZ","Watamu National Marine Park","Outside is ""reserve"" with little bit of protection","No. fish per trap per day","3","-2200","1.29","0.26","0.26"
"1434",1525,"Catch","Individual species","Lethrinidae","Lethrinus","miniatus",NA,"Catch per unit effort (CPUE)","Standard error","NTZ","Watamu National Marine Park","Outside is ""reserve"" with little bit of protection","No. fish per trap per day","4","-600","1.02","0.6","0.6"
"1435",1525,"Catch","Individual species","Lethrinidae","Lethrinus","miniatus",NA,"Catch per unit effort (CPUE)","Standard error","NTZ","Watamu National Marine Park","Outside is ""reserve"" with little bit of protection","No. fish per trap per day","5","-200","0","0","0"
"1436",1525,"Catch","Individual species","Lethrinidae","Lethrinus","miniatus",NA,"Catch per unit effort (CPUE)","Standard error","NTZ","Watamu National Marine Park","Outside is ""reserve"" with little bit of protection","No. fish per trap per day","1","0","0.44","0.24","0.24"
"1437",1525,"Catch","Individual species","Lethrinidae","Lethrinus","miniatus",NA,"Catch per unit effort (CPUE)","Standard error","NTZ","Watamu National Marine Park","Outside is ""reserve"" with little bit of protection","No. fish per trap per day","2","200","0","0","0"
"1438",1525,"Catch","Individual species","Lethrinidae","Lethrinus","miniatus",NA,"Catch per unit effort (CPUE)","Standard error","NTZ","Watamu National Marine Park","Outside is ""reserve"" with little bit of protection","No. fish per trap per day","3","400","0","0","0"
"1439",1525,"Catch","Individual species","Lethrinidae","Lethrinus","miniatus",NA,"Catch per unit effort (CPUE)","Standard error","NTZ","Watamu National Marine Park","Outside is ""reserve"" with little bit of protection","No. fish per trap per day","4","800","0","0","0"
"1440",1525,"Catch","Individual species","Lethrinidae","Lethrinus","miniatus",NA,"Catch per unit effort (CPUE)","Standard error","NTZ","Watamu National Marine Park","Outside is ""reserve"" with little bit of protection","No. fish per trap per day","5","1600","0.24","0.18","0.18"
"1441",1525,"Catch","Individual species","Lethrinidae","Lethrnius","miniatus",NA,"Catch per unit effort (CPUE)","Standard error","NTZ","Watamu National Marine Park","Outside is ""reserve"" with little bit of protection","No.fish per trap per day","1","-6000","0.17","0.2","0.2"
"1442",1525,"Catch","Individual species","Lethrinidae","Lethrnius","miniatus",NA,"Catch per unit effort (CPUE)","Standard error","NTZ","Watamu National Marine Park","Outside is ""reserve"" with little bit of protection","No.fish per trap per day","2","-3500","0.99","0.24","0.24"
"1443",1525,"Catch","Individual species","Lethrinidae","Lethrnius","miniatus",NA,"Catch per unit effort (CPUE)","Standard error","NTZ","Watamu National Marine Park","Outside is ""reserve"" with little bit of protection","No.fish per trap per day","3","-2200","1.29","0.43","0.43"
"1444",1525,"Catch","Individual species","Lethrinidae","Lethrnius","miniatus",NA,"Catch per unit effort (CPUE)","Standard error","NTZ","Watamu National Marine Park","Outside is ""reserve"" with little bit of protection","No.fish per trap per day","4","-600","0","0","0"
"1445",1525,"Catch","Individual species","Lethrinidae","Lethrnius","miniatus",NA,"Catch per unit effort (CPUE)","Standard error","NTZ","Watamu National Marine Park","Outside is ""reserve"" with little bit of protection","No.fish per trap per day","5","-200","0.53","0.33","0.33"
"1446",1525,"Catch","Individual species","Lethrinidae","Lethrinus","miniatus",NA,"Catch per unit effort (CPUE)","Standard error","NTZ","Watamu National Marine Park","Outside is ""reserve"" with little bit of protection","No. fish per trap per day","1","0","0","0","0"
"1447",1525,"Catch","Individual species","Lethrinidae","Lethrinus","miniatus",NA,"Catch per unit effort (CPUE)","Standard error","NTZ","Watamu National Marine Park","Outside is ""reserve"" with little bit of protection","No. fish per trap per day","2","200","0","0","0"
"1448",1525,"Catch","Individual species","Lethrinidae","Lethrinus","miniatus",NA,"Catch per unit effort (CPUE)","Standard error","NTZ","Watamu National Marine Park","Outside is ""reserve"" with little bit of protection","No. fish per trap per day","3","400","0","0","0"
"1449",1525,"Catch","Individual species","Lethrinidae","Lethrinus","miniatus",NA,"Catch per unit effort (CPUE)","Standard error","NTZ","Watamu National Marine Park","Outside is ""reserve"" with little bit of protection","No. fish per trap per day","4","800","0","0","0"
"1450",1525,"Catch","Individual species","Lethrinidae","Lethrinus","miniatus",NA,"Catch per unit effort (CPUE)","Standard error","NTZ","Watamu National Marine Park","Outside is ""reserve"" with little bit of protection","No. fish per trap per day","5",NA,NA,NA,NA
"1451",1525,"Catch","Target species as a group",NA,NA,NA,"Any other fish caught in trap","Catch per unit effort (CPUE)","Standard error","NTZ","Watamu National Marine Park","Outside is ""reserve"" with little bit of protection","No. fish per trap per day","1","-6000","6.33","2.7","2.7"
"1452",1525,"Catch","Target species as a group",NA,NA,NA,"Any other fish caught in trap","Catch per unit effort (CPUE)","Standard error","NTZ","Watamu National Marine Park","Outside is ""reserve"" with little bit of protection","No. fish per trap per day","2","-3500","2.3","0.33","0.33"
"1453",1525,"Catch","Target species as a group",NA,NA,NA,"Any other fish caught in trap","Catch per unit effort (CPUE)","Standard error","NTZ","Watamu National Marine Park","Outside is ""reserve"" with little bit of protection","No. fish per trap per day","3","-2200","3.64","0.81","0.81"
"1454",1525,"Catch","Target species as a group",NA,NA,NA,"Any other fish caught in trap","Catch per unit effort (CPUE)","Standard error","NTZ","Watamu National Marine Park","Outside is ""reserve"" with little bit of protection","No. fish per trap per day","4","-600","3.04","1.07","1.07"
"1455",1525,"Catch","Target species as a group",NA,NA,NA,"Any other fish caught in trap","Catch per unit effort (CPUE)","Standard error","NTZ","Watamu National Marine Park","Outside is ""reserve"" with little bit of protection","No. fish per trap per day","5","-200","4.87","1.07","1.07"
"1456",1525,"Catch","Target species as a group",NA,NA,NA,"All other fish caught in trap","Catch per unit effort (CPUE)","Standard error","NTZ","Watamu National Marine Park","Outside is ""reserve"" with little bit of protection","No. fish per trap per day","1","0","2.46","0.5","0.5"
"1457",1525,"Catch","Target species as a group",NA,NA,NA,"All other fish caught in trap","Catch per unit effort (CPUE)","Standard error","NTZ","Watamu National Marine Park","Outside is ""reserve"" with little bit of protection","No. fish per trap per day","2","200","0.83","0.27","0.27"
"1458",1525,"Catch","Target species as a group",NA,NA,NA,"All other fish caught in trap","Catch per unit effort (CPUE)","Standard error","NTZ","Watamu National Marine Park","Outside is ""reserve"" with little bit of protection","No. fish per trap per day","3","400","2.44","1.08","1.08"
"1459",1525,"Catch","Target species as a group",NA,NA,NA,"All other fish caught in trap","Catch per unit effort (CPUE)","Standard error","NTZ","Watamu National Marine Park","Outside is ""reserve"" with little bit of protection","No. fish per trap per day","4","800","1.01","0.43","0.43"
"1460",1525,"Catch","Target species as a group",NA,NA,NA,"All other fish caught in trap","Catch per unit effort (CPUE)","Standard error","NTZ","Watamu National Marine Park","Outside is ""reserve"" with little bit of protection","No. fish per trap per day","5","1600","0.62","0.45","0.45"
"1461",1525,"Catch","Target species as a group",NA,NA,NA,"Any other fish caught in trap","Catch per unit effort (CPUE)","Standard error","NTZ","Watamu National Marine Park","Outside is ""reserve"" with little bit of protection","No. fish per trap per day","1","-6000","0.41","0.28","0.28"
"1462",1525,"Catch","Target species as a group",NA,NA,NA,"Any other fish caught in trap","Catch per unit effort (CPUE)","Standard error","NTZ","Watamu National Marine Park","Outside is ""reserve"" with little bit of protection","No. fish per trap per day","2","-3500","0.83","0.3","0.3"
"1463",1525,"Catch","Target species as a group",NA,NA,NA,"Any other fish caught in trap","Catch per unit effort (CPUE)","Standard error","NTZ","Watamu National Marine Park","Outside is ""reserve"" with little bit of protection","No. fish per trap per day","3","-2200","2.52","1.07","1.07"
"1464",1525,"Catch","Target species as a group",NA,NA,NA,"Any other fish caught in trap","Catch per unit effort (CPUE)","Standard error","NTZ","Watamu National Marine Park","Outside is ""reserve"" with little bit of protection","No. fish per trap per day","4","-600","1.52","0.66","0.66"
"1465",1525,"Catch","Target species as a group",NA,NA,NA,"Any other fish caught in trap","Catch per unit effort (CPUE)","Standard error","NTZ","Watamu National Marine Park","Outside is ""reserve"" with little bit of protection","No. fish per trap per day","5","-200","1.86","0.52","0.52"
"1466",1531,"Catch","Target species as a group",NA,NA,NA,"Any other fish caught in trap","Catch per unit effort (CPUE)","Standard error","NTZ","Watamu National Marine Park","Outside is ""reserve"" with little bit of protection","No. fish per trap per day","1","0","0.61","0.23","0.23"
"1467",1531,"Catch","Target species as a group",NA,NA,NA,"Any other fish caught in trap","Catch per unit effort (CPUE)","Standard error","NTZ","Watamu National Marine Park","Outside is ""reserve"" with little bit of protection","No. fish per trap per day","2","200","0.58","0.25","0.25"
"1468",1531,"Catch","Target species as a group",NA,NA,NA,"Any other fish caught in trap","Catch per unit effort (CPUE)","Standard error","NTZ","Watamu National Marine Park","Outside is ""reserve"" with little bit of protection","No. fish per trap per day","3","400","0","0","0"
"1469",1531,"Catch","Target species as a group",NA,NA,NA,"Any other fish caught in trap","Catch per unit effort (CPUE)","Standard error","NTZ","Watamu National Marine Park","Outside is ""reserve"" with little bit of protection","No. fish per trap per day","4","800","0.22","0.31","0.31"
"1470",1531,"Catch","Target species as a group",NA,NA,NA,"Any other fish caught in trap","Catch per unit effort (CPUE)","Standard error","NTZ","Watamu National Marine Park","Outside is ""reserve"" with little bit of protection","No. fish per trap per day","5","1600","0.53","0.5","0.5"
"1471",1252,"Catch","Target species as a group",NA,NA,NA,"All species caught in trap","Catch per unit effort (CPUE)","Standard error","NTZ","Watamu National Marine Park","Outside is ""reserve"" with little bit of protection","No. fish per trap per day","1","-6000","9.59","2.27","2.27"
"1472",1252,"Catch","Target species as a group",NA,NA,NA,"All species caught in trap","Catch per unit effort (CPUE)","Standard error","NTZ","Watamu National Marine Park","Outside is ""reserve"" with little bit of protection","No. fish per trap per day","2","-3500","7.32","1.14","1.15"
"1473",1252,"Catch","Target species as a group",NA,NA,NA,"All species caught in trap","Catch per unit effort (CPUE)","Standard error","NTZ","Watamu National Marine Park","Outside is ""reserve"" with little bit of protection","No. fish per trap per day","3","-2200","9.41","1.4","1.4"
"1474",1252,"Catch","Target species as a group",NA,NA,NA,"All species caught in trap","Catch per unit effort (CPUE)","Standard error","NTZ","Watamu National Marine Park","Outside is ""reserve"" with little bit of protection","No. fish per trap per day","4","-600","7.5","2.34","2.34"
"1475",1252,"Catch","Target species as a group",NA,NA,NA,"All species caught in trap","Catch per unit effort (CPUE)","Standard error","NTZ","Watamu National Marine Park","Outside is ""reserve"" with little bit of protection","No. fish per trap per day","5","-200","6.77","1.85","1.85"
"1476",1525,"Catch","Target species as a group",NA,NA,NA,"All species caught in trap","Catch per unit effort (CPUE)","Standard error","NTZ","Watamu National Marine Park","Outside is ""reserve"" with little bit of protection","No. fish per trap per day","1","0","8.11","1.8","1.8"
"1477",1525,"Catch","Target species as a group",NA,NA,NA,"All species caught in trap","Catch per unit effort (CPUE)","Standard error","NTZ","Watamu National Marine Park","Outside is ""reserve"" with little bit of protection","No. fish per trap per day","2","200","1.38","0.44","0.44"
"1478",1525,"Catch","Target species as a group",NA,NA,NA,"All species caught in trap","Catch per unit effort (CPUE)","Standard error","NTZ","Watamu National Marine Park","Outside is ""reserve"" with little bit of protection","No. fish per trap per day","3","400","3.8","0.95","0.95"
"1479",1525,"Catch","Target species as a group",NA,NA,NA,"All species caught in trap","Catch per unit effort (CPUE)","Standard error","NTZ","Watamu National Marine Park","Outside is ""reserve"" with little bit of protection","No. fish per trap per day","4","800","4.88","1.92","1.92"
"1480",1525,"Catch","Target species as a group",NA,NA,NA,"All species caught in trap","Catch per unit effort (CPUE)","Standard error","NTZ","Watamu National Marine Park","Outside is ""reserve"" with little bit of protection","No. fish per trap per day","5","1600","1","0.4","0.4"
"1481",1525,"Catch","Target species as a group",NA,NA,NA,"All fish species caught in trap","Catch per unit effort (CPUE)","Standard error","NTZ","Watamu National Marine Park","Outside is ""reserve"" with little bit of protection","No.fish per trap per day","1","-6000","6.37","0.53","0.53"
"1482",1525,"Catch","Target species as a group",NA,NA,NA,"All fish species caught in trap","Catch per unit effort (CPUE)","Standard error","NTZ","Watamu National Marine Park","Outside is ""reserve"" with little bit of protection","No.fish per trap per day","2","-3500","5.36","0.43","0.43"
"1483",1525,"Catch","Target species as a group",NA,NA,NA,"All fish species caught in trap","Catch per unit effort (CPUE)","Standard error","NTZ","Watamu National Marine Park","Outside is ""reserve"" with little bit of protection","No.fish per trap per day","3","-2200","4.94","0.73","0.73"
"1484",1525,"Catch","Target species as a group",NA,NA,NA,"All fish species caught in trap","Catch per unit effort (CPUE)","Standard error","NTZ","Watamu National Marine Park","Outside is ""reserve"" with little bit of protection","No.fish per trap per day","4","-600","2.59","0.44","0.44"
"1485",1525,"Catch","Target species as a group",NA,NA,NA,"All fish species caught in trap","Catch per unit effort (CPUE)","Standard error","NTZ","Watamu National Marine Park","Outside is ""reserve"" with little bit of protection","No.fish per trap per day","5","-200","4.04","0.44","0.44"
"1486",1525,"Catch","Target species as a group",NA,NA,NA,"All fish caught in trap","Catch per unit effort (CPUE)","Standard error","NTZ","Watamu National Marine Park","Outside is ""reserve"" with little bit of protection","No. fish per trap per day","1","0","4.04","0.38","0.38"
"1487",1525,"Catch","Target species as a group",NA,NA,NA,"All fish caught in trap","Catch per unit effort (CPUE)","Standard error","NTZ","Watamu National Marine Park","Outside is ""reserve"" with little bit of protection","No. fish per trap per day","2","200","0.8","0.3","0.3"
"1488",1525,"Catch","Target species as a group",NA,NA,NA,"All fish caught in trap","Catch per unit effort (CPUE)","Standard error","NTZ","Watamu National Marine Park","Outside is ""reserve"" with little bit of protection","No. fish per trap per day","3","400","0.25","0.39","0.39"
"1489",1525,"Catch","Target species as a group",NA,NA,NA,"All fish caught in trap","Catch per unit effort (CPUE)","Standard error","NTZ","Watamu National Marine Park","Outside is ""reserve"" with little bit of protection","No. fish per trap per day","4","800","0.23","0.38","0.38"
"1490",1525,"Catch","Target species as a group",NA,NA,NA,"All fish caught in trap","Catch per unit effort (CPUE)","Standard error","NTZ","Watamu National Marine Park","Outside is ""reserve"" with little bit of protection","No. fish per trap per day","5","1600","0.22","0.5","0.5"
"1491",1525,"Catch","Individual species","Lethrinidae","Lethrinus","miniatus",NA,"Catch per unit effort (CPUE)","Standard error","NTZ","Malinidi National Marine Park","Outside is ""reserve"" with little bit of protection","No fish per trap per day","1","-1500","1.78","1.49","1.49"
"1492",1525,"Catch","Individual species","Lethrinidae","Lethrinus","miniatus",NA,"Catch per unit effort (CPUE)","Standard error","NTZ","Malinidi National Marine Park","Outside is ""reserve"" with little bit of protection","No fish per trap per day","2","-1000","6.78","0.64","1.64"
"1493",1525,"Catch","Individual species","Lethrinidae","Lethrinus","miniatus",NA,"Catch per unit effort (CPUE)","Standard error","NTZ","Malinidi National Marine Park","Outside is ""reserve"" with little bit of protection","No fish per trap per day","3","-400","2.21","0.71","0.71"
"1494",1525,"Catch","Individual species","Lethrinidae","Lethrinus","miniatus",NA,"Catch per unit effort (CPUE)","Standard error","NTZ","Malinidi National Marine Park","Outside is ""reserve"" with little bit of protection","No fish per trap per day","4","-80","1.05","0.43","0.43"
"1495",1525,"Catch","Individual species","Lethrinidae","Lethrinus","miniatus",NA,"Catch per unit effort (CPUE)","Standard error","NTZ","Malinidi National Marine Park","Outside is ""reserve"" with little bit of protection","No fish per trap per day","5","0","0.23","0.33","0.33"
"1496",1525,"Catch","Individual species","Lethrinidae","Lethrnius","miniatus",NA,"Catch per unit effort (CPUE)","Standard error","NTZ","Malindi National Marine Park","Outside is ""reserve"" with little bit of protection","No. fish per trap per day","1","322","0.06","0.29","0.29"
"1497",1525,"Catch","Individual species","Lethrinidae","Lethrnius","miniatus",NA,"Catch per unit effort (CPUE)","Standard error","NTZ","Malindi National Marine Park","Outside is ""reserve"" with little bit of protection","No. fish per trap per day","2","700","0","0","0"
"1498",1525,"Catch","Individual species","Lethrinidae","Lethrnius","miniatus",NA,"Catch per unit effort (CPUE)","Standard error","NTZ","Malindi National Marine Park","Outside is ""reserve"" with little bit of protection","No. fish per trap per day","3","1500","0","0","0"
"1499",1525,"Catch","Individual species","Lethrinidae","Lethrnius","miniatus",NA,"Catch per unit effort (CPUE)","Standard error","NTZ","Malindi National Marine Park","Outside is ""reserve"" with little bit of protection","No. fish per trap per day","4","3100","0","0","0"
"1500",1525,"Catch","Individual species","Lethrinidae","Lethrnius","miniatus",NA,"Catch per unit effort (CPUE)","Standard error","NTZ","Malindi National Marine Park","Outside is ""reserve"" with little bit of protection","No. fish per trap per day","5",NA,NA,NA,NA
"1501",1525,"Catch","Individual species","Labridae","Leptoscarus","vaigensis",NA,"Catch per unit effort (CPUE)","Standard error","NTZ","Malindi National Marine Park","Outside is ""reserve"" with little bit of protection","No. fish per trap per day","1","-1500","0.45","0.16","0.16"
"1502",1525,"Catch","Individual species","Labridae","Leptoscarus","vaigensis",NA,"Catch per unit effort (CPUE)","Standard error","NTZ","Malindi National Marine Park","Outside is ""reserve"" with little bit of protection","No. fish per trap per day","2","-1000","0","0","0"
"1503",1525,"Catch","Individual species","Labridae","Leptoscarus","vaigensis",NA,"Catch per unit effort (CPUE)","Standard error","NTZ","Malindi National Marine Park","Outside is ""reserve"" with little bit of protection","No. fish per trap per day","3","-500","0.8","0.31","0.31"
"1504",1525,"Catch","Individual species","Labridae","Leptoscarus","vaigensis",NA,"Catch per unit effort (CPUE)","Standard error","NTZ","Malindi National Marine Park","Outside is ""reserve"" with little bit of protection","No. fish per trap per day","4","-100","1.01","0.24","0.24"
"1505",1525,"Catch","Individual species","Labridae","Leptoscarus","vaigensis",NA,"Catch per unit effort (CPUE)","Standard error","NTZ","Malindi National Marine Park","Outside is ""reserve"" with little bit of protection","No. fish per trap per day","5","0","0.43","0.11","0.11"
"1506",1525,"Catch","Individual species","Labridae","Leptoscarus","vaigensis",NA,"Catch per unit effort (CPUE)","Standard error","NTZ","Malindi National Marine Park","Outside is ""reserve"" with little bit of protection","No. fish per trap per day","1","300","1.76","0.62","0.62"
"1507",1525,"Catch","Individual species","Labridae","Leptoscarus","vaigensis",NA,"Catch per unit effort (CPUE)","Standard error","NTZ","Malindi National Marine Park","Outside is ""reserve"" with little bit of protection","No. fish per trap per day","2","700","0.82","0.28","0.82"
"1508",1525,"Catch","Individual species","Labridae","Leptoscarus","vaigensis",NA,"Catch per unit effort (CPUE)","Standard error","NTZ","Malindi National Marine Park","Outside is ""reserve"" with little bit of protection","No. fish per trap per day","3","1500","0","0","0"
"1509",1525,"Catch","Individual species","Labridae","Leptoscarus","vaigensis",NA,"Catch per unit effort (CPUE)","Standard error","NTZ","Malindi National Marine Park","Outside is ""reserve"" with little bit of protection","No. fish per trap per day","4","3100","0","0","0"
"1510",1525,"Catch","Individual species","Labridae","Leptoscarus","vaigensis",NA,"Catch per unit effort (CPUE)","Standard error","NTZ","Malindi National Marine Park","Outside is ""reserve"" with little bit of protection","No. fish per trap per day","5",NA,NA,NA,NA
"1511",1525,"Catch","Individual species","Labridae","Leptoscarus","vaigensis",NA,"Catch per unit effort (CPUE)","Standard error","NTZ","Malindi National Marine Park","Outside is ""reserve"" with little bit of protection","No. fish per trap per day","1","-500","0.74","0.09","0.09"
"1512",1525,"Catch","Individual species","Labridae","Leptoscarus","vaigensis",NA,"Catch per unit effort (CPUE)","Standard error","NTZ","Malindi National Marine Park","Outside is ""reserve"" with little bit of protection","No. fish per trap per day","2","-100","0.75","0.24","0.24"
"1513",1525,"Catch","Individual species","Labridae","Leptoscarus","vaigensis",NA,"Catch per unit effort (CPUE)","Standard error","NTZ","Malindi National Marine Park","Outside is ""reserve"" with little bit of protection","No. fish per trap per day","3","0","1.15","0.43","0.43"
"1514",1525,"Catch","Individual species","Labridae","Leptoscarus","vaigensis",NA,"Catch per unit effort (CPUE)","Standard error","NTZ","Malindi National Marine Park","Outside is ""reserve"" with little bit of protection","No. fish per trap per day","4","300","0.54","0.23","0.23"
"1515",1525,"Catch","Individual species","Labridae","Leptoscarus","vaigensis",NA,"Catch per unit effort (CPUE)","Standard error","NTZ","Malindi National Marine Park","Outside is ""reserve"" with little bit of protection","No. fish per trap per day","5","700","1","0.69","0.69"
"1516",1525,"Catch","Individual species","Labridae","Leptoscarus","vaigensis",NA,"Catch per unit effort (CPUE)","Standard error","NTZ","Malindi National Marine Park","Outside is ""reserve"" with little bit of protection","No. fish per trap per day","1","1500","0.32","0.13","0.13"
"1517",1525,"Catch","Individual species","Labridae","Leptoscarus","vaigensis",NA,"Catch per unit effort (CPUE)","Standard error","NTZ","Malindi National Marine Park","Outside is ""reserve"" with little bit of protection","No. fish per trap per day","2","3000","0.32","0.11","0.11"
"1518",1525,"Catch","Individual species","Labridae","Leptoscarus","vaigensis",NA,"Catch per unit effort (CPUE)","Standard error","NTZ","Malindi National Marine Park","Outside is ""reserve"" with little bit of protection","No. fish per trap per day","3",NA,NA,NA,NA
"1519",1525,"Catch","Individual species","Labridae","Leptoscarus","vaigensis",NA,"Catch per unit effort (CPUE)","Standard error","NTZ","Malindi National Marine Park","Outside is ""reserve"" with little bit of protection","No. fish per trap per day","4",NA,NA,NA,NA
"1520",1525,"Catch","Individual species","Labridae","Leptoscarus","vaigensis",NA,"Catch per unit effort (CPUE)","Standard error","NTZ","Malindi National Marine Park","Outside is ""reserve"" with little bit of protection","No. fish per trap per day","5",NA,NA,NA,NA
"1521",1525,"Catch","Individual species","Haemulidae","Plectorhinchus","flavomaculatus",NA,"Catch per unit effort (CPUE)","Standard error","NTZ","Malindi National Marine Park","Outside is ""reserve"" with little bit of protection","No. fish per trap per day","1","-1500","2.26","0.25","0.25"
"1522",1525,"Catch","Individual species","Haemulidae","Plectorhinchus","flavomaculatus",NA,"Catch per unit effort (CPUE)","Standard error","NTZ","Malindi National Marine Park","Outside is ""reserve"" with little bit of protection","No. fish per trap per day","2","-500","0.32","0.09","0.09"
"1523",1525,"Catch","Individual species","Haemulidae","Plectorhinchus","flavomaculatus",NA,"Catch per unit effort (CPUE)","Standard error","NTZ","Malindi National Marine Park","Outside is ""reserve"" with little bit of protection","No. fish per trap per day","3","-100","0.66","0.2","0.2"
"1524",1525,"Catch","Individual species","Haemulidae","Plectorhinchus","flavomaculatus",NA,"Catch per unit effort (CPUE)","Standard error","NTZ","Malindi National Marine Park","Outside is ""reserve"" with little bit of protection","No. fish per trap per day","4","0","0.46","0.12","0.12"
"1525",1525,"Catch","Individual species","Haemulidae","Plectorhinchus","flavomaculatus",NA,"Catch per unit effort (CPUE)","Standard error","NTZ","Malindi National Marine Park","Outside is ""reserve"" with little bit of protection","No. fish per trap per day","5","300","0.58","0.21","0.21"
"1526",1525,"Catch","Individual species","Haemulidae","Plectorhinchus","flavomaculatus",NA,"Catch per unit effort (CPUE)","Standard error","NTZ","Malindi National Marine Park","Outside is ""reserve"" with little bit of protection","No. fish per trap per day","1","700","1.22","0.13","0.13"
"1527",1525,"Catch","Individual species","Haemulidae","Plectorhinchus","flavomaculatus",NA,"Catch per unit effort (CPUE)","Standard error","NTZ","Malindi National Marine Park","Outside is ""reserve"" with little bit of protection","No. fish per trap per day","2","1500","0","0","0"
"1528",1525,"Catch","Individual species","Haemulidae","Plectorhinchus","flavomaculatus",NA,"Catch per unit effort (CPUE)","Standard error","NTZ","Malindi National Marine Park","Outside is ""reserve"" with little bit of protection","No. fish per trap per day","3","3100","0","0","0"
"1529",1525,"Catch","Individual species","Haemulidae","Plectorhinchus","flavomaculatus",NA,"Catch per unit effort (CPUE)","Standard error","NTZ","Malindi National Marine Park","Outside is ""reserve"" with little bit of protection","No. fish per trap per day","4",NA,NA,NA,NA
"1530",1525,"Catch","Individual species","Haemulidae","Plectorhinchus","flavomaculatus",NA,"Catch per unit effort (CPUE)","Standard error","NTZ","Malindi National Marine Park","Outside is ""reserve"" with little bit of protection","No. fish per trap per day","5",NA,NA,NA,NA
"1531",1525,"Catch","Individual species","Siganidae","Siganus","sutor",NA,"Catch per unit effort (CPUE)","Standard error","NTZ","Malindi. National Marine Park","Outside is ""reserve"" with little bit of protection","No. fish per trap per day","1","-1500","3.48","1.06","1.06"
"1532",1525,"Catch","Individual species","Siganidae","Siganus","sutor",NA,"Catch per unit effort (CPUE)","Standard error","NTZ","Malindi. National Marine Park","Outside is ""reserve"" with little bit of protection","No. fish per trap per day","2","-1000","5.81","1.31","1.31"
"1533",1525,"Catch","Individual species","Siganidae","Siganus","sutor",NA,"Catch per unit effort (CPUE)","Standard error","NTZ","Malindi. National Marine Park","Outside is ""reserve"" with little bit of protection","No. fish per trap per day","3","-495","1.45","1.25","1.25"
"1534",1525,"Catch","Individual species","Siganidae","Siganus","sutor",NA,"Catch per unit effort (CPUE)","Standard error","NTZ","Malindi. National Marine Park","Outside is ""reserve"" with little bit of protection","No. fish per trap per day","4","-80","2.39","0.79","0.79"
"1535",1525,"Catch","Individual species","Siganidae","Siganus","sutor",NA,"Catch per unit effort (CPUE)","Standard error","NTZ","Malindi. National Marine Park","Outside is ""reserve"" with little bit of protection","No. fish per trap per day","5","0","2.58","0.71","0.71"
"1536",1525,"Catch","Individual species","Siganidae","Siganus","sutor",NA,"Catch per unit effort (CPUE)","Standard error","NTZ","Malindi National Marine Park","Outside is ""reserve"" with little bit of protection","No. fish per trap per day","1","300","1.52","0.89","0.89"
"1537",1525,"Catch","Individual species","Siganidae","Siganus","sutor",NA,"Catch per unit effort (CPUE)","Standard error","NTZ","Malindi National Marine Park","Outside is ""reserve"" with little bit of protection","No. fish per trap per day","2","700","1.76","0.66","0.66"
"1538",1525,"Catch","Individual species","Siganidae","Siganus","sutor",NA,"Catch per unit effort (CPUE)","Standard error","NTZ","Malindi National Marine Park","Outside is ""reserve"" with little bit of protection","No. fish per trap per day","3","1500","0.51","2.01","2.01"
"1539",1525,"Catch","Individual species","Siganidae","Siganus","sutor",NA,"Catch per unit effort (CPUE)","Standard error","NTZ","Malindi National Marine Park","Outside is ""reserve"" with little bit of protection","No. fish per trap per day","4",NA,NA,NA,NA
"1540",1525,"Catch","Individual species","Siganidae","Siganus","sutor",NA,"Catch per unit effort (CPUE)","Standard error","NTZ","Malindi National Marine Park","Outside is ""reserve"" with little bit of protection","No. fish per trap per day","5",NA,NA,NA,NA
"1541",1525,"Catch","Individual species","Siganidae","Siganus","sutor",NA,"Catch per unit effort (CPUE)","Standard error","NTZ","Malindi National Marine Park","Outside is ""reserve"" with little bit of protection","No. fish per trap per day","1","-1100","16.15","0.58","0.58"
"1542",1525,"Catch","Individual species","Siganidae","Siganus","sutor",NA,"Catch per unit effort (CPUE)","Standard error","NTZ","Malindi National Marine Park","Outside is ""reserve"" with little bit of protection","No. fish per trap per day","2","-800","4.76","1.3","1.3"
"1543",1525,"Catch","Individual species","Siganidae","Siganus","sutor",NA,"Catch per unit effort (CPUE)","Standard error","NTZ","Malindi National Marine Park","Outside is ""reserve"" with little bit of protection","No. fish per trap per day","3","-350","2.3","0.51","0.51"
"1544",1525,"Catch","Individual species","Siganidae","Siganus","sutor",NA,"Catch per unit effort (CPUE)","Standard error","NTZ","Malindi National Marine Park","Outside is ""reserve"" with little bit of protection","No. fish per trap per day","4","-50","2.34","0.61","0.61"
"1545",1525,"Catch","Individual species","Siganidae","Siganus","sutor",NA,"Catch per unit effort (CPUE)","Standard error","NTZ","Malindi National Marine Park","Outside is ""reserve"" with little bit of protection","No. fish per trap per day","5","0","1.29","0.41","0.41"
"1546",1525,"Catch","Individual species","Siganidae","Siganus","sutor",NA,"Catch per unit effort (CPUE)","Standard error","NTZ","Malindi National Marine Park","Outside is ""reserve"" with little bit of protection","No. fish per trap per day","1","300","2.93","1.13","1.13"
"1547",1525,"Catch","Individual species","Siganidae","Siganus","sutor",NA,"Catch per unit effort (CPUE)","Standard error","NTZ","Malindi National Marine Park","Outside is ""reserve"" with little bit of protection","No. fish per trap per day","2","600","1.36","0.49","0.49"
"1548",1525,"Catch","Individual species","Siganidae","Siganus","sutor",NA,"Catch per unit effort (CPUE)","Standard error","NTZ","Malindi National Marine Park","Outside is ""reserve"" with little bit of protection","No. fish per trap per day","3","1200","2.8","1.41","1.41"
"1549",1525,"Catch","Individual species","Siganidae","Siganus","sutor",NA,"Catch per unit effort (CPUE)","Standard error","NTZ","Malindi National Marine Park","Outside is ""reserve"" with little bit of protection","No. fish per trap per day","4","2400","0.44","0.56","0.56"
"1550",1525,"Catch","Individual species","Siganidae","Siganus","sutor",NA,"Catch per unit effort (CPUE)","Standard error","NTZ","Malindi National Marine Park","Outside is ""reserve"" with little bit of protection","No. fish per trap per day","5",NA,NA,NA,NA
"1551",1525,"Catch","Target species as a group",NA,NA,NA,"All other species caught in trap","Catch per unit effort (CPUE)","Standard error","NTZ","Malindi National Marine Park","Outside is ""reserve"" with little bit of protection","No. fish per trap per day","1","-1500","2.25","0.36","0.36"
"1552",1525,"Catch","Target species as a group",NA,NA,NA,"All other species caught in trap","Catch per unit effort (CPUE)","Standard error","NTZ","Malindi National Marine Park","Outside is ""reserve"" with little bit of protection","No. fish per trap per day","2","-1100","3","0.4","0.4"
"1553",1525,"Catch","Target species as a group",NA,NA,NA,"All other species caught in trap","Catch per unit effort (CPUE)","Standard error","NTZ","Malindi National Marine Park","Outside is ""reserve"" with little bit of protection","No. fish per trap per day","3","-500","0.7","0.23","0.23"
"1554",1525,"Catch","Target species as a group",NA,NA,NA,"All other species caught in trap","Catch per unit effort (CPUE)","Standard error","NTZ","Malindi National Marine Park","Outside is ""reserve"" with little bit of protection","No. fish per trap per day","4","-100","1.17","0.29","0.29"
"1555",1525,"Catch","Target species as a group",NA,NA,NA,"All other species caught in trap","Catch per unit effort (CPUE)","Standard error","NTZ","Malindi National Marine Park","Outside is ""reserve"" with little bit of protection","No. fish per trap per day","5","0","0.95","0.27","0.27"
"1556",1525,"Catch","Target species as a group",NA,NA,NA,"All other fish caught in trap","Catch per unit effort (CPUE)","Standard error","NTZ","Malindi National Marine Park","Outside is ""reserve"" with little bit of protection","No. fish per trap per day","1","300","1.87","0.76","0.76"
"1557",1525,"Catch","Target species as a group",NA,NA,NA,"All other fish caught in trap","Catch per unit effort (CPUE)","Standard error","NTZ","Malindi National Marine Park","Outside is ""reserve"" with little bit of protection","No. fish per trap per day","2","700","2.74","0.51","0.51"
"1558",1525,"Catch","Target species as a group",NA,NA,NA,"All other fish caught in trap","Catch per unit effort (CPUE)","Standard error","NTZ","Malindi National Marine Park","Outside is ""reserve"" with little bit of protection","No. fish per trap per day","3","1500","2.12","0.62","0.62"
"1559",1525,"Catch","Target species as a group",NA,NA,NA,"All other fish caught in trap","Catch per unit effort (CPUE)","Standard error","NTZ","Malindi National Marine Park","Outside is ""reserve"" with little bit of protection","No. fish per trap per day","4","3200","2.48","0.21","0.21"
"1560",1525,"Catch","Target species as a group",NA,NA,NA,"All other fish caught in trap","Catch per unit effort (CPUE)","Standard error","NTZ","Malindi National Marine Park","Outside is ""reserve"" with little bit of protection","No. fish per trap per day","5",NA,NA,NA,NA
"1561",1525,"Catch","Target species as a group",NA,NA,NA,"All other fish caught in trap","Catch per unit effort (CPUE)","Standard error","NTZ","Malindi National Marine Park","Outside is ""reserve"" with little bit of protection","No. fish per trap per day","1","-1500","1.98","0.12","0.12"
"1562",1525,"Catch","Target species as a group",NA,NA,NA,"All other fish caught in trap","Catch per unit effort (CPUE)","Standard error","NTZ","Malindi National Marine Park","Outside is ""reserve"" with little bit of protection","No. fish per trap per day","2","-1100","1.26","0.26","0.26"
"1563",1525,"Catch","Target species as a group",NA,NA,NA,"All other fish caught in trap","Catch per unit effort (CPUE)","Standard error","NTZ","Malindi National Marine Park","Outside is ""reserve"" with little bit of protection","No. fish per trap per day","3","-500","0.64","0.35","0.35"
"1564",1525,"Catch","Target species as a group",NA,NA,NA,"All other fish caught in trap","Catch per unit effort (CPUE)","Standard error","NTZ","Malindi National Marine Park","Outside is ""reserve"" with little bit of protection","No. fish per trap per day","4","-100","0.3","0.12","0.12"
"1565",1525,"Catch","Target species as a group",NA,NA,NA,"All other fish caught in trap","Catch per unit effort (CPUE)","Standard error","NTZ","Malindi National Marine Park","Outside is ""reserve"" with little bit of protection","No. fish per trap per day","5","0","0.58","0.11","0.11"
"1566",1525,"Catch","Target species as a group",NA,NA,NA,"All other fish caught in trap","Catch per unit effort (CPUE)","Standard error","NTZ","Malindi National Marine Park","Outside is ""reserve"" with little bit of protection","No. fish per trap per day","1","300","0.56","0.2","0.2"
"1567",1525,"Catch","Target species as a group",NA,NA,NA,"All other fish caught in trap","Catch per unit effort (CPUE)","Standard error","NTZ","Malindi National Marine Park","Outside is ""reserve"" with little bit of protection","No. fish per trap per day","2","700","1.18","0.22","0.22"
"1568",1525,"Catch","Target species as a group",NA,NA,NA,"All other fish caught in trap","Catch per unit effort (CPUE)","Standard error","NTZ","Malindi National Marine Park","Outside is ""reserve"" with little bit of protection","No. fish per trap per day","3","1500","0.53","0.2","0.2"
"1569",1525,"Catch","Target species as a group",NA,NA,NA,"All other fish caught in trap","Catch per unit effort (CPUE)","Standard error","NTZ","Malindi National Marine Park","Outside is ""reserve"" with little bit of protection","No. fish per trap per day","4","3100","0.58","0.12","0.12"
"1570",1525,"Catch","Target species as a group",NA,NA,NA,"All other fish caught in trap","Catch per unit effort (CPUE)","Standard error","NTZ","Malindi National Marine Park","Outside is ""reserve"" with little bit of protection","No. fish per trap per day","5",NA,NA,NA,NA
"1571",1525,"Catch","Target species as a group",NA,NA,NA,"All fish caught in traps","Total catch on patch reef","Standard error","NTZ","Malindi National Marine Park","Outside is ""reserve"" with little bit of protection","No. fish per trap per day","1","-1500","6.77","1.45","1.45"
"1572",1525,"Catch","Target species as a group",NA,NA,NA,"All fish caught in traps","Total catch on patch reef","Standard error","NTZ","Malindi National Marine Park","Outside is ""reserve"" with little bit of protection","No. fish per trap per day","2","-1100","15.29","2.27","2.27"
"1573",1525,"Catch","Target species as a group",NA,NA,NA,"All fish caught in traps","Total catch on patch reef","Standard error","NTZ","Malindi National Marine Park","Outside is ""reserve"" with little bit of protection","No. fish per trap per day","3","-500","4.6","1.02","10.2"
"1574",1525,"Catch","Target species as a group",NA,NA,NA,"All fish caught in traps","Total catch on patch reef","Standard error","NTZ","Malindi National Marine Park","Outside is ""reserve"" with little bit of protection","No. fish per trap per day","4","-90","3.94","0.73","0.73"
"1575",1525,"Catch","Target species as a group",NA,NA,NA,"All fish caught in traps","Total catch on patch reef","Standard error","NTZ","Malindi National Marine Park","Outside is ""reserve"" with little bit of protection","No. fish per trap per day","5","0","2.75","0.47","0.47"
"1576",1525,"Catch","Target species as a group",NA,NA,NA,"All fish caught in trap","Total catch on patch reef","Standard error","NTZ","Malindi National Marine Park","Outside is ""reserve"" with little bit of protection","No. fish per trap per day","1","300","4.2","1.09","10.09"
"1577",1525,"Catch","Target species as a group",NA,NA,NA,"All fish caught in trap","Total catch on patch reef","Standard error","NTZ","Malindi National Marine Park","Outside is ""reserve"" with little bit of protection","No. fish per trap per day","2","700","4.78","1.19","1.19"
"1578",1525,"Catch","Target species as a group",NA,NA,NA,"All fish caught in trap","Total catch on patch reef","Standard error","NTZ","Malindi National Marine Park","Outside is ""reserve"" with little bit of protection","No. fish per trap per day","3","1500","3.22","1.29","1.29"
"1579",1525,"Catch","Target species as a group",NA,NA,NA,"All fish caught in trap","Total catch on patch reef","Standard error","NTZ","Malindi National Marine Park","Outside is ""reserve"" with little bit of protection","No. fish per trap per day","4","3100","2.47","1.3","1.3"
"1580",1525,"Catch","Target species as a group",NA,NA,NA,"All fish caught in trap","Total catch on patch reef","Standard error","NTZ","Malindi National Marine Park","Outside is ""reserve"" with little bit of protection","No. fish per trap per day","5",NA,NA,NA,NA
"1581",1525,"Catch","Target species as a group",NA,NA,NA,"All fish caught in traps","Total catch on patch reef","Standard error","NTZ","Malindi National Marine Park","Outside is ""reserve"" with little bit of protection","No. fish per trap per day","1","-1500","17.95","0.59","0.59"
"1582",1525,"Catch","Target species as a group",NA,NA,NA,"All fish caught in traps","Total catch on patch reef","Standard error","NTZ","Malindi National Marine Park","Outside is ""reserve"" with little bit of protection","No. fish per trap per day","2","-1100","11.08","3.4","3.4"
"1583",1525,"Catch","Target species as a group",NA,NA,NA,"All fish caught in traps","Total catch on patch reef","Standard error","NTZ","Malindi National Marine Park","Outside is ""reserve"" with little bit of protection","No. fish per trap per day","3","-500","2.92","0.73","0.73"
"1584",1525,"Catch","Target species as a group",NA,NA,NA,"All fish caught in traps","Total catch on patch reef","Standard error","NTZ","Malindi National Marine Park","Outside is ""reserve"" with little bit of protection","No. fish per trap per day","4","-90","2.83","0.61","0.61"
"1585",1525,"Catch","Target species as a group",NA,NA,NA,"All fish caught in traps","Total catch on patch reef","Standard error","NTZ","Malindi National Marine Park","Outside is ""reserve"" with little bit of protection","No. fish per trap per day","5","0","1.84","0.49","0.49"
"1586",1525,"Catch","Target species as a group",NA,NA,NA,"All fish caught in trap","Total catch on patch reef","Standard error","NTZ","Malindi National Marine Park","Outside is ""reserve"" with little bit of protection","No.  fish per trap per day","1","300","3.96","1.23","1.23"
"1587",1525,"Catch","Target species as a group",NA,NA,NA,"All fish caught in trap","Total catch on patch reef","Standard error","NTZ","Malindi National Marine Park","Outside is ""reserve"" with little bit of protection","No.  fish per trap per day","2","700","1.99","0.67","0.67"
"1588",1525,"Catch","Target species as a group",NA,NA,NA,"All fish caught in trap","Total catch on patch reef","Standard error","NTZ","Malindi National Marine Park","Outside is ""reserve"" with little bit of protection","No.  fish per trap per day","3","1500","4.22","0.6","0.6"
"1589",1525,"Catch","Target species as a group",NA,NA,NA,"All fish caught in trap","Total catch on patch reef","Standard error","NTZ","Malindi National Marine Park","Outside is ""reserve"" with little bit of protection","No.  fish per trap per day","4","3100","0.24","0.35","0.35"
"1590",1525,"Catch","Target species as a group",NA,NA,NA,"All fish caught in trap","Total catch on patch reef","Standard error","NTZ","Malindi National Marine Park","Outside is ""reserve"" with little bit of protection","No.  fish per trap per day","5",NA,NA,NA,NA
"1591",1525,"Catch","Target species as a group",NA,NA,NA,"All fish caught in trap","Total catch on fringing reef","Standard error","NTZ","Malindi National Marine Park","Yes","No. fish per trap per day","1","-1500","8.32","5.13","5.13"
"1592",1525,"Catch","Target species as a group",NA,NA,NA,"All fish caught in trap","Total catch on fringing reef","Standard error","NTZ","Malindi National Marine Park","Yes","No. fish per trap per day","2","-700","7.74","3.15","3.15"
"1593",1525,"Catch","Target species as a group",NA,NA,NA,"All fish caught in trap","Total catch on fringing reef","Standard error","NTZ","Malindi National Marine Park","Yes","No. fish per trap per day","3","0","12.02","0.64","0.64"
"1594",1525,"Catch","Target species as a group",NA,NA,NA,"All fish caught in trap","Total catch on fringing reef","Standard error","NTZ","Malindi National Marine Park","Yes","No. fish per trap per day","4","300","9.54","1.04","1.04"
"1595",1525,"Catch","Target species as a group",NA,NA,NA,"All fish caught in trap","Total catch on fringing reef","Standard error","NTZ","Malindi National Marine Park","Yes","No. fish per trap per day","5","1200","0.67","0.67","0.67"
"1596",1525,"Catch","Target species as a group",NA,NA,NA,"All fish caught in trap","Total catch on fringing reef","Standard error","NTZ","Malindi National Marine Park","Outside is ""reserve"" with little bit of protection","No. fish per trap per day","1","2500","3.38","1.06","1.06"
"1597",1525,"Catch","Target species as a group",NA,NA,NA,"All fish caught in trap","Total catch on fringing reef","Standard error","NTZ","Malindi National Marine Park","Outside is ""reserve"" with little bit of protection","No. fish per trap per day","2","5000","2.47","1.32","1.32"
"1598",1525,"Catch","Target species as a group",NA,NA,NA,"All fish caught in trap","Total catch on fringing reef","Standard error","NTZ","Malindi National Marine Park","Outside is ""reserve"" with little bit of protection","No. fish per trap per day","3",NA,NA,NA,NA
"1599",1525,"Catch","Target species as a group",NA,NA,NA,"All fish caught in trap","Total catch on fringing reef","Standard error","NTZ","Malindi National Marine Park","Outside is ""reserve"" with little bit of protection","No. fish per trap per day","4",NA,NA,NA,NA
"1600",1525,"Catch","Target species as a group",NA,NA,NA,"All fish caught in trap","Total catch on fringing reef","Standard error","NTZ","Malindi National Marine Park","Outside is ""reserve"" with little bit of protection","No. fish per trap per day","5",NA,NA,NA,NA
"1601",1525,"Catch","Target species as a group",NA,NA,NA,"All fish caught in trap","Total catch on fringing reef","Standard error","NTZ","Malindi National Marine Park","Outside is ""reserve"" with little bit of protection","No. fish per trap per day","1","-1000","9.97","1.93","1.93"
"1602",1525,"Catch","Target species as a group",NA,NA,NA,"All fish caught in trap","Total catch on fringing reef","Standard error","NTZ","Malindi National Marine Park","Outside is ""reserve"" with little bit of protection","No. fish per trap per day","2","-500","8.85","1.84","1.84"
"1603",1525,"Catch","Target species as a group",NA,NA,NA,"All fish caught in trap","Total catch on fringing reef","Standard error","NTZ","Malindi National Marine Park","Outside is ""reserve"" with little bit of protection","No. fish per trap per day","3","0","2.28","0.64","0.64"
"1604",1525,"Catch","Target species as a group",NA,NA,NA,"All fish caught in trap","Total catch on fringing reef","Standard error","NTZ","Malindi National Marine Park","Outside is ""reserve"" with little bit of protection","No. fish per trap per day","4","200","1.33","0.67","0.67"
"1605",1525,"Catch","Target species as a group",NA,NA,NA,"All fish caught in trap","Total catch on fringing reef","Standard error","NTZ","Malindi National Marine Park","Outside is ""reserve"" with little bit of protection","No. fish per trap per day","5","800","0.51","0.54","0.54"
"1606",1525,"Catch","Target species as a group",NA,NA,NA,"All fish caught in trap","Total catch on fringing reef","Standard error","NTZ","Malindi National Marine Park","Outside is ""reserve"" with little bit of protection","No. fish per trap per day","1","1600","0.66","0.64","0.64"
"1607",1525,"Catch","Target species as a group",NA,NA,NA,"All fish caught in trap","Total catch on fringing reef","Standard error","NTZ","Malindi National Marine Park","Outside is ""reserve"" with little bit of protection","No. fish per trap per day","2","3200","0.67","0.53","0.53"
"1608",1525,"Catch","Target species as a group",NA,NA,NA,"All fish caught in trap","Total catch on fringing reef","Standard error","NTZ","Malindi National Marine Park","Outside is ""reserve"" with little bit of protection","No. fish per trap per day","3",NA,NA,NA,NA
"1609",1525,"Catch","Target species as a group",NA,NA,NA,"All fish caught in trap","Total catch on fringing reef","Standard error","NTZ","Malindi National Marine Park","Outside is ""reserve"" with little bit of protection","No. fish per trap per day","4",NA,NA,NA,NA
"1610",1525,"Catch","Target species as a group",NA,NA,NA,"All fish caught in trap","Total catch on fringing reef","Standard error","NTZ","Malindi National Marine Park","Outside is ""reserve"" with little bit of protection","No. fish per trap per day","5",NA,NA,NA,NA
"1611",1535,"Transect count","Individual species","Acanthuridae","Naso","vlamingii",NA,"Density","Standard error","NTZ","Apo Island Marine Reserve","Yes","Mean no. fish per 1000 m^2","1","200-300","3.27","1.39","1.39"
"1612",1535,"Transect count","Individual species","Acanthuridae","Naso","vlamingii",NA,"Density","Standard error","NTZ","Apo Island Marine Reserve","Yes","Mean no. fish per 1000 m^2","2","300-400","1.25","0.84","0.84"
"1613",1535,"Transect count","Individual species","Acanthuridae","Naso","vlamingii",NA,"Density","Standard error","NTZ","Apo Island Marine Reserve","Yes","Mean no. fish per 1000 m^2","3","400-500","0.32","0.26","0.26"
"1614",1535,"Transect count","Individual species","Acanthuridae","Naso","vlamingii",NA,"Density","Standard error","NTZ","Apo Island Marine Reserve","Yes","Mean no. fish per 1000 m^2","4",NA,NA,NA,NA
"1615",1535,"Transect count","Individual species","Acanthuridae","Naso","vlamingii",NA,"Density","Standard error","NTZ","Apo Island Marine Reserve","Yes","Mean no. fish per 1000 m^2","5",NA,NA,NA,NA
"1616",1535,"Transect count","Individual species","Acanthuridae","Naso","vlamingii",NA,"Density","Standard error","NTZ","Apo Island Marine Reserve","Yes","Mean no. fish per 1000 m^2","1","200-300","7.51","5.58","5.58"
"1617",1535,"Transect count","Individual species","Acanthuridae","Naso","vlamingii",NA,"Density","Standard error","NTZ","Apo Island Marine Reserve","Yes","Mean no. fish per 1000 m^2","2","300-400","0.22","0.36","0.36"
"1618",1535,"Transect count","Individual species","Acanthuridae","Naso","vlamingii",NA,"Density","Standard error","NTZ","Apo Island Marine Reserve","Yes","Mean no. fish per 1000 m^2","3","400-500","0.86","0.33","0.33"
"1619",1535,"Transect count","Individual species","Acanthuridae","Naso","vlamingii",NA,"Density","Standard error","NTZ","Apo Island Marine Reserve","Yes","Mean no. fish per 1000 m^2","4",NA,NA,NA,NA
"1620",1535,"Transect count","Individual species","Acanthuridae","Naso","vlamingii",NA,"Density","Standard error","NTZ","Apo Island Marine Reserve","Yes","Mean no. fish per 1000 m^2","5",NA,NA,NA,NA
"1621",1535,"Transect count","Individual species","Acanthuridae","Naso","vlamingii",NA,"Density","Standard error","NTZ","Apo Island Marine Reserve","Yes","Mean no. fish per 1000 m^2","1","200-300","10.4","4.1","4.1"
"1622",1535,"Transect count","Individual species","Acanthuridae","Naso","vlamingii",NA,"Density","Standard error","NTZ","Apo Island Marine Reserve","Yes","Mean no. fish per 1000 m^2","2","300-400","1.78","0.75","0.75"
"1623",1535,"Transect count","Individual species","Acanthuridae","Naso","vlamingii",NA,"Density","Standard error","NTZ","Apo Island Marine Reserve","Yes","Mean no. fish per 1000 m^2","3","400-500","1.37","0.79","0.79"
"1624",1535,"Transect count","Individual species","Acanthuridae","Naso","vlamingii",NA,"Density","Standard error","NTZ","Apo Island Marine Reserve","Yes","Mean no. fish per 1000 m^2","4",NA,NA,NA,NA
"1625",1535,"Transect count","Individual species","Acanthuridae","Naso","vlamingii",NA,"Density","Standard error","NTZ","Apo Island Marine Reserve","Yes","Mean no. fish per 1000 m^2","5",NA,NA,NA,NA
"1626",1535,"Transect count","Individual species","Acanthuridae","Naso","vlamingii",NA,"Density","Standard error","NTZ","Apo Island Marine Reserve","Yes","Mean no. fish per 1000 m^2","1","200-300","5.4","1.98","1.98"
"1627",1535,"Transect count","Individual species","Acanthuridae","Naso","vlamingii",NA,"Density","Standard error","NTZ","Apo Island Marine Reserve","Yes","Mean no. fish per 1000 m^2","2","300-400","2.62","0.52","0.52"
"1628",1535,"Transect count","Individual species","Acanthuridae","Naso","vlamingii",NA,"Density","Standard error","NTZ","Apo Island Marine Reserve","Yes","Mean no. fish per 1000 m^2","3","400-500","2.73","0.55","0.55"
"1629",1535,"Transect count","Individual species","Acanthuridae","Naso","vlamingii",NA,"Density","Standard error","NTZ","Apo Island Marine Reserve","Yes","Mean no. fish per 1000 m^2","4",NA,NA,NA,NA
"1630",1535,"Transect count","Individual species","Acanthuridae","Naso","vlamingii",NA,"Density","Standard error","NTZ","Apo Island Marine Reserve","Yes","Mean no. fish per 1000 m^2","5",NA,NA,NA,NA
"1631",1535,"Catch","Individual species","Acanthuridae","Naso","vlamingii",NA,"Catch per unit effort (CPUE)","Standard error","NTZ","Apo Island Marine Reserve","Yes","No. fish per person per hour","1","50-100","0.16","0.07","0.07"
"1632",1535,"Catch","Individual species","Acanthuridae","Naso","vlamingii",NA,"Catch per unit effort (CPUE)","Standard error","NTZ","Apo Island Marine Reserve","Yes","No. fish per person per hour","2","150-200","0.69","0.13","0.13"
"1633",1535,"Catch","Individual species","Acanthuridae","Naso","vlamingii",NA,"Catch per unit effort (CPUE)","Standard error","NTZ","Apo Island Marine Reserve","Yes","No. fish per person per hour","3","250-300","0.34","0.11","0.11"
"1634",1535,"Catch","Individual species","Acanthuridae","Naso","vlamingii",NA,"Catch per unit effort (CPUE)","Standard error","NTZ","Apo Island Marine Reserve","Yes","No. fish per person per hour","4","400","0","0","0"
"1635",1535,"Catch","Individual species","Acanthuridae","Naso","vlamingii",NA,"Catch per unit effort (CPUE)","Standard error","NTZ","Apo Island Marine Reserve","Yes","No. fish per person per hour","5","500","0","0","0"
"1636",1535,"Catch","Individual species","Acanthuridae","Naso","vlamingii",NA,"Fish size","Standard error","NTZ","Apo Island Marine Reserve","Yes","cm","1","50-100","34.47","1.39","1.39"
"1637",1535,"Catch","Individual species","Acanthuridae","Naso","vlamingii",NA,"Fish size","Standard error","NTZ","Apo Island Marine Reserve","Yes","cm","2","150-200","30.9","1.22","1.22"
"1638",1535,"Catch","Individual species","Acanthuridae","Naso","vlamingii",NA,"Fish size","Standard error","NTZ","Apo Island Marine Reserve","Yes","cm","3","250-300","31.97","0.72","0.72"
"1639",1535,"Catch","Individual species","Acanthuridae","Naso","vlamingii",NA,"Fish size","Standard error","NTZ","Apo Island Marine Reserve","Yes","cm","4",NA,NA,NA,NA
"1640",1535,"Catch","Individual species","Acanthuridae","Naso","vlamingii",NA,"Fish size","Standard error","NTZ","Apo Island Marine Reserve","Yes","cm","5",NA,NA,NA,NA
"1641",1535,"Catch","Individual species","Acanthuridae","Naso","vlamingii",NA,"Fish size","Standard error","NTZ","Apo Island Marine Reserve","Yes","cm","1","50-100","36.53","0.5","0.5"
"1642",1535,"Catch","Individual species","Acanthuridae","Naso","vlamingii",NA,"Fish size","Standard error","NTZ","Apo Island Marine Reserve","Yes","cm","2","150-200","34.3","0.76","0.76"
"1643",1535,"Catch","Individual species","Acanthuridae","Naso","vlamingii",NA,"Fish size","Standard error","NTZ","Apo Island Marine Reserve","Yes","cm","3","250-300","31.42","1.32","1.32"
"1644",1535,"Catch","Individual species","Acanthuridae","Naso","vlamingii",NA,"Fish size","Standard error","NTZ","Apo Island Marine Reserve","Yes","cm","4",NA,NA,NA,NA
"1645",1535,"Catch","Individual species","Acanthuridae","Naso","vlamingii",NA,"Fish size","Standard error","NTZ","Apo Island Marine Reserve","Yes","cm","5",NA,NA,NA,NA
"1646",1550,"Transect count","Individual species","Palinuridae","Jasus","edwardsii",NA,"Abundance",NA,"NTZ","Tonga Island Marine Reserve","Yes",NA,"1","100","3.07",NA,NA
"1647",1550,"Transect count","Individual species","Palinuridae","Jasus","edwardsii",NA,"Abundance",NA,"NTZ","Tonga Island Marine Reserve","Yes",NA,"2","300","5.05",NA,NA
"1648",1550,"Transect count","Individual species","Palinuridae","Jasus","edwardsii",NA,"Abundance",NA,"NTZ","Tonga Island Marine Reserve","Yes",NA,"3","500","0","0","0"
"1649",1550,"Transect count","Individual species","Palinuridae","Jasus","edwardsii",NA,"Abundance",NA,"NTZ","Tonga Island Marine Reserve","Yes",NA,"4","700","1.07",NA,NA
"1650",1550,"Transect count","Individual species","Palinuridae","Jasus","edwardsii",NA,"Abundance",NA,"NTZ","Tonga Island Marine Reserve","Yes",NA,"5","900","0","0","0"
"1651",1550,"Transect count","Individual species","Palinuridae","Jasus","edwardsii",NA,"Abundance",NA,"NTZ","Tonga Island Marine Reserve","Yes",NA,"1","1100","14.02","0","0"
"1652",1550,"Transect count","Individual species","Palinuridae","Jasus","edwardsii",NA,"Abundance",NA,"NTZ","Tonga Island Marine Reserve","Yes",NA,"2",NA,NA,NA,NA
"1653",1550,"Transect count","Individual species","Palinuridae","Jasus","edwardsii",NA,"Abundance",NA,"NTZ","Tonga Island Marine Reserve","Yes",NA,"3",NA,NA,NA,NA
"1654",1550,"Transect count","Individual species","Palinuridae","Jasus","edwardsii",NA,"Abundance",NA,"NTZ","Tonga Island Marine Reserve","Yes",NA,"4",NA,NA,NA,NA
"1655",1550,"Transect count","Individual species","Palinuridae","Jasus","edwardsii",NA,"Abundance",NA,"NTZ","Tonga Island Marine Reserve","Yes",NA,"5",NA,NA,NA,NA
"1656",1550,"Transect count","Individual species","Palinuridae","Jasus","edwardsii",NA,"Abundance",NA,"NTZ","Tonga Island Marine Reserve","Yes",NA,"1","100","0",NA,NA
"1657",1550,"Transect count","Individual species","Palinuridae","Jasus","edwardsii",NA,"Abundance",NA,"NTZ","Tonga Island Marine Reserve","Yes",NA,"2","300","1.05",NA,NA
"1658",1550,"Transect count","Individual species","Palinuridae","Jasus","edwardsii",NA,"Abundance",NA,"NTZ","Tonga Island Marine Reserve","Yes",NA,"3","500","4.07",NA,NA
"1659",1550,"Transect count","Individual species","Palinuridae","Jasus","edwardsii",NA,"Abundance",NA,"NTZ","Tonga Island Marine Reserve","Yes",NA,"4","700","19.1",NA,NA
"1660",1550,"Transect count","Individual species","Palinuridae","Jasus","edwardsii",NA,"Abundance",NA,"NTZ","Tonga Island Marine Reserve","Yes",NA,"5","900","6.06",NA,NA
"1661",1550,"Transect count","Individual species","Palinuridae","Jasus","edwardsii",NA,"Abundance",NA,"NTZ","Tonga Island Marine Reserve","Yes",NA,"1","1100","20.05",NA,NA
"1662",1550,"Transect count","Individual species","Palinuridae","Jasus","edwardsii",NA,"Abundance",NA,"NTZ","Tonga Island Marine Reserve","Yes",NA,"2",NA,NA,NA,NA
"1663",1550,"Transect count","Individual species","Palinuridae","Jasus","edwardsii",NA,"Abundance",NA,"NTZ","Tonga Island Marine Reserve","Yes",NA,"3",NA,NA,NA,NA
"1664",1550,"Transect count","Individual species","Palinuridae","Jasus","edwardsii",NA,"Abundance",NA,"NTZ","Tonga Island Marine Reserve","Yes",NA,"4",NA,NA,NA,NA
"1665",1550,"Transect count","Individual species","Palinuridae","Jasus","edwardsii",NA,"Abundance",NA,"NTZ","Tonga Island Marine Reserve","Yes",NA,"5",NA,NA,NA,NA
"1666",1550,"Catch","Individual species","Palinuridae","Jasus","edwardsii",NA,"Catch per unit effort (CPUE)",NA,"NTZ","Tonga Island Marine Reserve","Catches were from the boundary in","Number of lobsters per two pot nights","1","-117","1",NA,NA
"1667",1550,"Catch","Individual species","Palinuridae","Jasus","edwardsii",NA,"Catch per unit effort (CPUE)",NA,"NTZ","Tonga Island Marine Reserve","Catches were from the boundary in","Number of lobsters per two pot nights","2","-197","3",NA,NA
"1668",1550,"Catch","Individual species","Palinuridae","Jasus","edwardsii",NA,"Catch per unit effort (CPUE)",NA,"NTZ","Tonga Island Marine Reserve","Catches were from the boundary in","Number of lobsters per two pot nights","3","-237","1",NA,NA
"1669",1550,"Catch","Individual species","Palinuridae","Jasus","edwardsii",NA,"Catch per unit effort (CPUE)",NA,"NTZ","Tonga Island Marine Reserve","Catches were from the boundary in","Number of lobsters per two pot nights","4","-277","1",NA,NA
"1670",1550,"Catch","Individual species","Palinuridae","Jasus","edwardsii",NA,"Catch per unit effort (CPUE)",NA,"NTZ","Tonga Island Marine Reserve","Catches were from the boundary in","Number of lobsters per two pot nights","5","-318","1",NA,NA
"1671",1550,"Catch","Individual species","Palinuridae","Jasus","edwardsii",NA,"Catch per unit effort (CPUE)",NA,"NTZ","Tonga Island Marine Reserve","Catches were from boundary into the reserve","Number of lobster per two pot nights","1","-483","3",NA,NA
"1672",1550,"Catch","Individual species","Palinuridae","Jasus","edwardsii",NA,"Catch per unit effort (CPUE)",NA,"NTZ","Tonga Island Marine Reserve","Catches were from boundary into the reserve","Number of lobster per two pot nights","2","-517","1",NA,NA
"1673",1550,"Catch","Individual species","Palinuridae","Jasus","edwardsii",NA,"Catch per unit effort (CPUE)",NA,"NTZ","Tonga Island Marine Reserve","Catches were from boundary into the reserve","Number of lobster per two pot nights","3","-558","2",NA,NA
"1674",1550,"Catch","Individual species","Palinuridae","Jasus","edwardsii",NA,"Catch per unit effort (CPUE)",NA,"NTZ","Tonga Island Marine Reserve","Catches were from boundary into the reserve","Number of lobster per two pot nights","4","-599","3",NA,NA
"1675",1550,"Catch","Individual species","Palinuridae","Jasus","edwardsii",NA,"Catch per unit effort (CPUE)",NA,"NTZ","Tonga Island Marine Reserve","Catches were from boundary into the reserve","Number of lobster per two pot nights","5","-638","1",NA,NA
"1676",1550,"Catch","Individual species","Palinuridae","Jasus","edwardsii",NA,"Catch per unit effort (CPUE)",NA,"NTZ","Tonga Island Marine Reserve","Catches were from reserve boundary in","Number of lobster per two pot night","1","-678","2",NA,NA
"1677",1550,"Catch","Individual species","Palinuridae","Jasus","edwardsii",NA,"Catch per unit effort (CPUE)",NA,"NTZ","Tonga Island Marine Reserve","Catches were from reserve boundary in","Number of lobster per two pot night","2","-719","2",NA,NA
"1678",1550,"Catch","Individual species","Palinuridae","Jasus","edwardsii",NA,"Catch per unit effort (CPUE)",NA,"NTZ","Tonga Island Marine Reserve","Catches were from reserve boundary in","Number of lobster per two pot night","3","-758","4",NA,NA
"1679",1550,"Catch","Individual species","Palinuridae","Jasus","edwardsii",NA,"Catch per unit effort (CPUE)",NA,"NTZ","Tonga Island Marine Reserve","Catches were from reserve boundary in","Number of lobster per two pot night","4","-799","2",NA,NA
"1680",1550,"Catch","Individual species","Palinuridae","Jasus","edwardsii",NA,"Catch per unit effort (CPUE)",NA,"NTZ","Tonga Island Marine Reserve","Catches were from reserve boundary in","Number of lobster per two pot night","5","-879","5",NA,NA
"1681",1552,"Transect count and catch","Genus group","Sparidae","Diplodus","spp.",NA,"Abundance",NA,"NTZ","Carry-le-Rouet Marine Reserve","Yes","No. of individuals","1","-350","23.52",NA,NA
"1682",1552,"Transect count and catch","Genus group","Sparidae","Diplodus","spp.",NA,"Abundance",NA,"NTZ","Carry-le-Rouet Marine Reserve","Yes","No. of individuals","2","0","7.41",NA,NA
"1683",1552,"Transect count and catch","Genus group","Sparidae","Diplodus","spp.",NA,"Abundance",NA,"NTZ","Carry-le-Rouet Marine Reserve","Yes","No. of individuals","3","500","3.74",NA,NA
"1684",1552,"Transect count and catch","Genus group","Sparidae","Diplodus","spp.",NA,"Abundance",NA,"NTZ","Carry-le-Rouet Marine Reserve","Yes","No. of individuals","4","1000","3.09",NA,NA
"1685",1552,"Transect count and catch","Genus group","Sparidae","Diplodus","spp.",NA,"Abundance",NA,"NTZ","Carry-le-Rouet Marine Reserve","Yes","No. of individuals","5","1500","2.93",NA,NA
"1686",1552,"Transect count and catch","Genus group","Sparidae","Diplodus","spp.",NA,"Abundance",NA,"NTZ","Carry-le-Rouet","Yes","No. individuals","1","2000","2.73",NA,NA
"1687",1552,"Transect count and catch","Genus group","Sparidae","Diplodus","spp.",NA,"Abundance",NA,"NTZ","Carry-le-Rouet","Yes","No. individuals","2","2500","2.68",NA,NA
"1688",1552,"Transect count and catch","Genus group","Sparidae","Diplodus","spp.",NA,"Abundance",NA,"NTZ","Carry-le-Rouet","Yes","No. individuals","3","3000","2.69",NA,NA
"1689",1552,"Transect count and catch","Genus group","Sparidae","Diplodus","spp.",NA,"Abundance",NA,"NTZ","Carry-le-Rouet","Yes","No. individuals","4",NA,NA,NA,NA
"1690",1552,"Transect count and catch","Genus group","Sparidae","Diplodus","spp.",NA,"Abundance",NA,"NTZ","Carry-le-Rouet","Yes","No. individuals","5",NA,NA,NA,NA
"1691",1595,"Catch","Individual species","Sparidae","Pagellus","erythrinus",NA,"Fish size",NA,"NTZ","Medes Islands Marine Reserve","Buffer zone then open","cm","1","0","37.69",NA,NA
"1692",1595,"Catch","Individual species","Sparidae","Pagellus","erythrinus",NA,"Fish size",NA,"NTZ","Medes Islands Marine Reserve","Buffer zone then open","cm","2","1000","27.07",NA,NA
"1693",1595,"Catch","Individual species","Sparidae","Pagellus","erythrinus",NA,"Fish size",NA,"NTZ","Medes Islands Marine Reserve","Buffer zone then open","cm","3","2000","24.06",NA,NA
"1694",1595,"Catch","Individual species","Sparidae","Pagellus","erythrinus",NA,"Fish size",NA,"NTZ","Medes Islands Marine Reserve","Buffer zone then open","cm","4","3000","27.1",NA,NA
"1695",1595,"Catch","Individual species","Sparidae","Pagellus","erythrinus",NA,"Fish size",NA,"NTZ","Medes Islands Marine Reserve","Buffer zone then open","cm","5","4000","33.06",NA,NA
"1696",1595,"Catch","Individual species","Sparidae","Pagellus","erythrinus",NA,"Fish size",NA,"NTZ","Medes Islands Marine Reserve","Buffer zone then open","cm","1","5000","28.23",NA,NA
"1697",1595,"Catch","Individual species","Sparidae","Pagellus","erythrinus",NA,"Fish size",NA,"NTZ","Medes Islands Marine Reserve","Buffer zone then open","cm","2","6000","32.66",NA,NA
"1698",1595,"Catch","Individual species","Sparidae","Pagellus","erythrinus",NA,"Fish size",NA,"NTZ","Medes Islands Marine Reserve","Buffer zone then open","cm","3",NA,NA,NA,NA
"1699",1595,"Catch","Individual species","Sparidae","Pagellus","erythrinus",NA,"Fish size",NA,"NTZ","Medes Islands Marine Reserve","Buffer zone then open","cm","4",NA,NA,NA,NA
"1700",1595,"Catch","Individual species","Sparidae","Pagellus","erythrinus",NA,"Fish size",NA,"NTZ","Medes Islands Marine Reserve","Buffer zone then open","cm","5",NA,NA,NA,NA
"1701",1605,"Catch","Target species as a group",NA,NA,NA,NA,"Catch (numbers or weight)","Standard error","NTZ","Tabarca Marine Reserve","Buffer zone then transitional area then open","kg per 100 m of net","1","<500","2.39","0.15","0.15"
"1702",1605,"Catch","Target species as a group",NA,NA,NA,NA,"Catch (numbers or weight)","Standard error","NTZ","Tabarca Marine Reserve","Buffer zone then transitional area then open","kg per 100 m of net","2","500-1000","1.98","0.19","0.19"
"1703",1605,"Catch","Target species as a group",NA,NA,NA,NA,"Catch (numbers or weight)","Standard error","NTZ","Tabarca Marine Reserve","Buffer zone then transitional area then open","kg per 100 m of net","3","2000-3000","2.07","0.27","0.27"
"1704",1605,"Catch","Target species as a group",NA,NA,NA,NA,"Catch (numbers or weight)","Standard error","NTZ","Tabarca Marine Reserve","Buffer zone then transitional area then open","kg per 100 m of net","4",NA,NA,NA,NA
"1705",1605,"Catch","Target species as a group",NA,NA,NA,NA,"Catch (numbers or weight)","Standard error","NTZ","Tabarca Marine Reserve","Buffer zone then transitional area then open","kg per 100 m of net","5",NA,NA,NA,NA
"1706",1605,"Catch","Target species as a group",NA,NA,NA,NA,"Catch (numbers or weight)","Standard error","NTZ","Tabarca Marine Reserve","Buffer zone then transitional zone then open","kg per 100 m of net","1","<500","4.12","0.3","0.3"
"1707",1605,"Catch","Target species as a group",NA,NA,NA,NA,"Catch (numbers or weight)","Standard error","NTZ","Tabarca Marine Reserve","Buffer zone then transitional zone then open","kg per 100 m of net","2","500-1000","3.22","0.32","0.32"
"1708",1605,"Catch","Target species as a group",NA,NA,NA,NA,"Catch (numbers or weight)","Standard error","NTZ","Tabarca Marine Reserve","Buffer zone then transitional zone then open","kg per 100 m of net","3","2000-3000","2.86","0.3","0.3"
"1709",1605,"Catch","Target species as a group",NA,NA,NA,NA,"Catch (numbers or weight)","Standard error","NTZ","Tabarca Marine Reserve","Buffer zone then transitional zone then open","kg per 100 m of net","4",NA,NA,NA,NA
"1710",1605,"Catch","Target species as a group",NA,NA,NA,NA,"Catch (numbers or weight)","Standard error","NTZ","Tabarca Marine Reserve","Buffer zone then transitional zone then open","kg per 100 m of net","5",NA,NA,NA,NA
"1711",1605,"Catch","Target species as a group",NA,NA,NA,NA,"Catch (numbers or weight)","Standard error","NTZ","Tabarca Marine Reserve","Buffer zone then transitional zone then open","Kg per 100 m of net","1","<500","0.2","0.19","0.19"
"1712",1605,"Catch","Target species as a group",NA,NA,NA,NA,"Catch (numbers or weight)","Standard error","NTZ","Tabarca Marine Reserve","Buffer zone then transitional zone then open","Kg per 100 m of net","2","500-1000","1.89","0.16","0.16"
"1713",1605,"Catch","Target species as a group",NA,NA,NA,NA,"Catch (numbers or weight)","Standard error","NTZ","Tabarca Marine Reserve","Buffer zone then transitional zone then open","Kg per 100 m of net","3","2000-3000","2.79","0.25","0.25"
"1714",1605,"Catch","Target species as a group",NA,NA,NA,NA,"Catch (numbers or weight)","Standard error","NTZ","Tabarca Marine Reserve","Buffer zone then transitional zone then open","Kg per 100 m of net","4",NA,NA,NA,NA
"1715",1605,"Catch","Target species as a group",NA,NA,NA,NA,"Catch (numbers or weight)","Standard error","NTZ","Tabarca Marine Reserve","Buffer zone then transitional zone then open","Kg per 100 m of net","5",NA,NA,NA,NA
"1716",1605,"Catch","Target species as a group",NA,NA,NA,NA,"Catch (numbers or weight)","Standard error","NTZ","Carry-le-Rouet Marine Reserve","Yes","Kg per 100 m of net","1","<500","2.58","0.29","0.29"
"1717",1605,"Catch","Target species as a group",NA,NA,NA,NA,"Catch (numbers or weight)","Standard error","NTZ","Carry-le-Rouet Marine Reserve","Yes","Kg per 100 m of net","2","500-1000","0.97","0.15","0.15"
"1718",1605,"Catch","Target species as a group",NA,NA,NA,NA,"Catch (numbers or weight)","Standard error","NTZ","Carry-le-Rouet Marine Reserve","Yes","Kg per 100 m of net","3","2000-3000","1.58","0.21","0.21"
"1719",1605,"Catch","Target species as a group",NA,NA,NA,NA,"Catch (numbers or weight)","Standard error","NTZ","Carry-le-Rouet Marine Reserve","Yes","Kg per 100 m of net","4",NA,NA,NA,NA
"1720",1605,"Catch","Target species as a group",NA,NA,NA,NA,"Catch (numbers or weight)","Standard error","NTZ","Carry-le-Rouet Marine Reserve","Yes","Kg per 100 m of net","5",NA,NA,NA,NA
"1721",1605,"Catch","Target species as a group",NA,NA,NA,NA,"Catch (numbers or weight)","Standard error","NTZ","Carry-le-Rouet Marine Reserve","Yes","Kg per 100 m of net","1","<500","1.93","0.27","0.27"
"1722",1605,"Catch","Target species as a group",NA,NA,NA,NA,"Catch (numbers or weight)","Standard error","NTZ","Carry-le-Rouet Marine Reserve","Yes","Kg per 100 m of net","2","500-1000","1.39","0.14","0.14"
"1723",1605,"Catch","Target species as a group",NA,NA,NA,NA,"Catch (numbers or weight)","Standard error","NTZ","Carry-le-Rouet Marine Reserve","Yes","Kg per 100 m of net","3","2000-3000","1.92","0.33","0.33"
"1724",1605,"Catch","Target species as a group",NA,NA,NA,NA,"Catch (numbers or weight)","Standard error","NTZ","Carry-le-Rouet Marine Reserve","Yes","Kg per 100 m of net","4",NA,NA,NA,NA
"1725",1605,"Catch","Target species as a group",NA,NA,NA,NA,"Catch (numbers or weight)","Standard error","NTZ","Carry-le-Rouet Marine Reserve","Yes","Kg per 100 m of net","5",NA,NA,NA,NA
"1726",1605,"Catch","Target species as a group",NA,NA,NA,NA,"Catch (numbers or weight)","Standard error","NTZ","Carry-le-Rouet Marine Reserve","Yes","Kg per 100 m of net","1","<500","2.04","0.16","0.16"
"1727",1605,"Catch","Target species as a group",NA,NA,NA,NA,"Catch (numbers or weight)","Standard error","NTZ","Carry-le-Rouet Marine Reserve","Yes","Kg per 100 m of net","2","500-1000","1.29","0.22","0.22"
"1728",1605,"Catch","Target species as a group",NA,NA,NA,NA,"Catch (numbers or weight)","Standard error","NTZ","Carry-le-Rouet Marine Reserve","Yes","Kg per 100 m of net","3","2000-3000","1.32","0.13","0.13"
"1729",1605,"Catch","Target species as a group",NA,NA,NA,NA,"Catch (numbers or weight)","Standard error","NTZ","Carry-le-Rouet Marine Reserve","Yes","Kg per 100 m of net","4",NA,NA,NA,NA
"1730",1605,"Catch","Target species as a group",NA,NA,NA,NA,"Catch (numbers or weight)","Standard error","NTZ","Carry-le-Rouet Marine Reserve","Yes","Kg per 100 m of net","5",NA,NA,NA,NA
"1731",1605,"Catch","Target species as a group",NA,NA,NA,NA,"Catch (numbers or weight)","Standard error","NTZ","Tabarca Marine Reserve","Buffer zone then transitional zone then open","Kg per 100 m of net","1","<500","1.4","0.24","0.24"
"1732",1605,"Catch","Target species as a group",NA,NA,NA,NA,"Catch (numbers or weight)","Standard error","NTZ","Tabarca Marine Reserve","Buffer zone then transitional zone then open","Kg per 100 m of net","2","500-1000","2","0.32","0.32"
"1733",1605,"Catch","Target species as a group",NA,NA,NA,NA,"Catch (numbers or weight)","Standard error","NTZ","Tabarca Marine Reserve","Buffer zone then transitional zone then open","Kg per 100 m of net","3","2000-3000","1.44","0.22","0.22"
"1734",1605,"Catch","Target species as a group",NA,NA,NA,NA,"Catch (numbers or weight)","Standard error","NTZ","Tabarca Marine Reserve","Buffer zone then transitional zone then open","Kg per 100 m of net","4",NA,NA,NA,NA
"1735",1605,"Catch","Target species as a group",NA,NA,NA,NA,"Catch (numbers or weight)","Standard error","NTZ","Tabarca Marine Reserve","Buffer zone then transitional zone then open","Kg per 100 m of net","5",NA,NA,NA,NA
"1736",1605,"Catch","Target species as a group",NA,NA,NA,NA,"Catch (numbers or weight)","Standard error","NTZ","Tabarca Marine Reserve","Buffer zone then transitional zone then open","Kg per 100 m of net","1","<500","0.82","0.1","0.1"
"1737",1605,"Catch","Target species as a group",NA,NA,NA,NA,"Catch (numbers or weight)","Standard error","NTZ","Tabarca Marine Reserve","Buffer zone then transitional zone then open","Kg per 100 m of net","2","500-1000","2.15","0.33","0.33"
"1738",1605,"Catch","Target species as a group",NA,NA,NA,NA,"Catch (numbers or weight)","Standard error","NTZ","Tabarca Marine Reserve","Buffer zone then transitional zone then open","Kg per 100 m of net","3","2000-3000","1.28","0.23","0.23"
"1739",1605,"Catch","Target species as a group",NA,NA,NA,NA,"Catch (numbers or weight)","Standard error","NTZ","Tabarca Marine Reserve","Buffer zone then transitional zone then open","Kg per 100 m of net","4",NA,NA,NA,NA
"1740",1605,"Catch","Target species as a group",NA,NA,NA,NA,"Catch (numbers or weight)","Standard error","NTZ","Tabarca Marine Reserve","Buffer zone then transitional zone then open","Kg per 100 m of net","5",NA,NA,NA,NA
"1741",1605,"Catch","Target species as a group",NA,NA,NA,NA,"Catch (numbers or weight)","Standard error","NTZ","Tabarca Marine Reserve","Buffer zone then transitional zone then open","Kg per 100 m of net","1",">500","1.06","0.18","0.18"
"1742",1605,"Catch","Target species as a group",NA,NA,NA,NA,"Catch (numbers or weight)","Standard error","NTZ","Tabarca Marine Reserve","Buffer zone then transitional zone then open","Kg per 100 m of net","2","500-1000","1.38","0.13","0.13"
"1743",1605,"Catch","Target species as a group",NA,NA,NA,NA,"Catch (numbers or weight)","Standard error","NTZ","Tabarca Marine Reserve","Buffer zone then transitional zone then open","Kg per 100 m of net","3","2000-3000","0.88","0.12","0.12"
"1744",1605,"Catch","Target species as a group",NA,NA,NA,NA,"Catch (numbers or weight)","Standard error","NTZ","Tabarca Marine Reserve","Buffer zone then transitional zone then open","Kg per 100 m of net","4",NA,NA,NA,NA
"1745",1605,"Catch","Target species as a group",NA,NA,NA,NA,"Catch (numbers or weight)","Standard error","NTZ","Tabarca Marine Reserve","Buffer zone then transitional zone then open","Kg per 100 m of net","5",NA,NA,NA,NA
"1746",1605,"Catch","Target species as a group",NA,NA,NA,NA,"Catch (numbers or weight)","Standard error","NTZ","Cerbère-Banyuls Marine Reserve","Buffer zone then open","Kg per 100 m of net","1","<500","0.49","0.11","0.11"
"1747",1605,"Catch","Target species as a group",NA,NA,NA,NA,"Catch (numbers or weight)","Standard error","NTZ","Cerbère-Banyuls Marine Reserve","Buffer zone then open","Kg per 100 m of net","2","500-1000","0.65","0.11","0.11"
"1748",1605,"Catch","Target species as a group",NA,NA,NA,NA,"Catch (numbers or weight)","Standard error","NTZ","Cerbère-Banyuls Marine Reserve","Buffer zone then open","Kg per 100 m of net","3","2000-3000","0.56","0.11","0.11"
"1749",1605,"Catch","Target species as a group",NA,NA,NA,NA,"Catch (numbers or weight)","Standard error","NTZ","Cerbère-Banyuls Marine Reserve","Buffer zone then open","Kg per 100 m of net","4",NA,NA,NA,NA
"1750",1605,"Catch","Target species as a group",NA,NA,NA,NA,"Catch (numbers or weight)","Standard error","NTZ","Cerbère-Banyuls Marine Reserve","Buffer zone then open","Kg per 100 m of net","5",NA,NA,NA,NA
"1751",1605,"Catch","Target species as a group",NA,NA,NA,NA,"Catch (numbers or weight)","Standard error","NTZ","Cèrbere-Banyuls Marine Reserve","Buffer zone then open","Kg per 100 m of net","1","<500","1.11","0.21","0.21"
"1752",1605,"Catch","Target species as a group",NA,NA,NA,NA,"Catch (numbers or weight)","Standard error","NTZ","Cèrbere-Banyuls Marine Reserve","Buffer zone then open","Kg per 100 m of net","2","500-1000","0.52","0.11","0.11"
"1753",1605,"Catch","Target species as a group",NA,NA,NA,NA,"Catch (numbers or weight)","Standard error","NTZ","Cèrbere-Banyuls Marine Reserve","Buffer zone then open","Kg per 100 m of net","3","2000-3000","1.6","0.33","0.33"
"1754",1605,"Catch","Target species as a group",NA,NA,NA,NA,"Catch (numbers or weight)","Standard error","NTZ","Cèrbere-Banyuls Marine Reserve","Buffer zone then open","Kg per 100 m of net","4",NA,NA,NA,NA
"1755",1605,"Catch","Target species as a group",NA,NA,NA,NA,"Catch (numbers or weight)","Standard error","NTZ","Cèrbere-Banyuls Marine Reserve","Buffer zone then open","Kg per 100 m of net","5",NA,NA,NA,NA
"1756",1605,"Catch","Individual species","Scorpaenidae","Scorpaena","porcus",NA,"Catch (numbers or weight)","Standard error","NTZ","Tabarca Marine Reserve","Buffer zone then transitional zone then open","g per 100 m of net","1","<500291.90","32.19","32.19","32.19"
"1757",1605,"Catch","Individual species","Scorpaenidae","Scorpaena","porcus",NA,"Catch (numbers or weight)","Standard error","NTZ","Tabarca Marine Reserve","Buffer zone then transitional zone then open","g per 100 m of net","2","500-1000","234.04","34.58","34.58"
"1758",1605,"Catch","Individual species","Scorpaenidae","Scorpaena","porcus",NA,"Catch (numbers or weight)","Standard error","NTZ","Tabarca Marine Reserve","Buffer zone then transitional zone then open","g per 100 m of net","3","2000-3000","155.95","31.69","31.69"
"1759",1605,"Catch","Individual species","Scorpaenidae","Scorpaena","porcus",NA,"Catch (numbers or weight)","Standard error","NTZ","Tabarca Marine Reserve","Buffer zone then transitional zone then open","g per 100 m of net","4",NA,NA,NA,NA
"1760",1605,"Catch","Individual species","Scorpaenidae","Scorpaena","porcus",NA,"Catch (numbers or weight)","Standard error","NTZ","Tabarca Marine Reserve","Buffer zone then transitional zone then open","g per 100 m of net","5",NA,NA,NA,NA
"1761",1605,"Catch","Target species as a group","Scorpaenidae","Scorpaena","porcus",NA,"Catch (numbers or weight)","Standard error","NTZ","Tabarca Marine Reserve","Buffer zone then transitional zone then open","g per 100 m of net","1","<500","727.15","77.16","77.16"
"1762",1605,"Catch","Target species as a group","Scorpaenidae","Scorpaena","porcus",NA,"Catch (numbers or weight)","Standard error","NTZ","Tabarca Marine Reserve","Buffer zone then transitional zone then open","g per 100 m of net","2","500-1000","670.36","111.76","111.76"
"1763",1605,"Catch","Target species as a group","Scorpaenidae","Scorpaena","porcus",NA,"Catch (numbers or weight)","Standard error","NTZ","Tabarca Marine Reserve","Buffer zone then transitional zone then open","g per 100 m of net","3","2000-3000","266.21","38.23","38.23"
"1764",1605,"Catch","Target species as a group","Scorpaenidae","Scorpaena","porcus",NA,"Catch (numbers or weight)","Standard error","NTZ","Tabarca Marine Reserve","Buffer zone then transitional zone then open","g per 100 m of net","4",NA,NA,NA,NA
"1765",1605,"Catch","Target species as a group","Scorpaenidae","Scorpaena","porcus",NA,"Catch (numbers or weight)","Standard error","NTZ","Tabarca Marine Reserve","Buffer zone then transitional zone then open","g per 100 m of net","5",NA,NA,NA,NA
"1766",1605,"Catch","Individual species","Scorpaenidae","Scorpaena","porcus",NA,"Catch (numbers or weight)","Standard error","NTZ","Tabarca Marine Reserve","Buffer zone then transitional zone then open","g per 100 m of net","1","<500","377.12","57.4","57.4"
"1767",1605,"Catch","Individual species","Scorpaenidae","Scorpaena","porcus",NA,"Catch (numbers or weight)","Standard error","NTZ","Tabarca Marine Reserve","Buffer zone then transitional zone then open","g per 100 m of net","2","500-1000","320.46","39.42","39.42"
"1768",1605,"Catch","Individual species","Scorpaenidae","Scorpaena","porcus",NA,"Catch (numbers or weight)","Standard error","NTZ","Tabarca Marine Reserve","Buffer zone then transitional zone then open","g per 100 m of net","3","2000-3000","174.85","30.79","30.79"
"1769",1605,"Catch","Individual species","Scorpaenidae","Scorpaena","porcus",NA,"Catch (numbers or weight)","Standard error","NTZ","Tabarca Marine Reserve","Buffer zone then transitional zone then open","g per 100 m of net","4",NA,NA,NA,NA
"1770",1605,"Catch","Individual species","Scorpaenidae","Scorpaena","porcus",NA,"Catch (numbers or weight)","Standard error","NTZ","Tabarca Marine Reserve","Buffer zone then transitional zone then open","g per 100 m of net","5",NA,NA,NA,NA
"1771",1605,"Catch","Individual species","Scorpaenidae","Scorpaena","porcus",NA,"Catch (numbers or weight)","Standard error","NTZ","Carry-le-Rouet Marine Reserve","Yes","g per 100 m of net","1","<500","877.02","113.09","113.09"
"1772",1605,"Catch","Individual species","Scorpaenidae","Scorpaena","porcus",NA,"Catch (numbers or weight)","Standard error","NTZ","Carry-le-Rouet Marine Reserve","Yes","g per 100 m of net","2","500-1000","350.93","55.41","55.41"
"1773",1605,"Catch","Individual species","Scorpaenidae","Scorpaena","porcus",NA,"Catch (numbers or weight)","Standard error","NTZ","Carry-le-Rouet Marine Reserve","Yes","g per 100 m of net","3","2000-3000","274.55","46.56","46.56"
"1774",1605,"Catch","Individual species","Scorpaenidae","Scorpaena","porcus",NA,"Catch (numbers or weight)","Standard error","NTZ","Carry-le-Rouet Marine Reserve","Yes","g per 100 m of net","4",NA,NA,NA,NA
"1775",1605,"Catch","Individual species","Scorpaenidae","Scorpaena","porcus",NA,"Catch (numbers or weight)","Standard error","NTZ","Carry-le-Rouet Marine Reserve","Yes","g per 100 m of net","5",NA,NA,NA,NA
"1776",1605,"Catch","Individual species","Scorpaenidae","Scorpaena","porcus",NA,"Catch (numbers or weight)","Standard error","NTZ","Carry-le-Rouet","Yes","g per 100 m of net","1","<500","157.59","42.68","42.68"
"1777",1605,"Catch","Individual species","Scorpaenidae","Scorpaena","porcus",NA,"Catch (numbers or weight)","Standard error","NTZ","Carry-le-Rouet","Yes","g per 100 m of net","2","500-1000","137.55","26.1","26.1"
"1778",1605,"Catch","Individual species","Scorpaenidae","Scorpaena","porcus",NA,"Catch (numbers or weight)","Standard error","NTZ","Carry-le-Rouet","Yes","g per 100 m of net","3","2000-3000","111.35","25.72","25.72"
"1779",1605,"Catch","Individual species","Scorpaenidae","Scorpaena","porcus",NA,"Catch (numbers or weight)","Standard error","NTZ","Carry-le-Rouet","Yes","g per 100 m of net","4",NA,NA,NA,NA
"1780",1605,"Catch","Individual species","Scorpaenidae","Scorpaena","porcus",NA,"Catch (numbers or weight)","Standard error","NTZ","Carry-le-Rouet","Yes","g per 100 m of net","5",NA,NA,NA,NA
"1781",1605,"Catch","Individual species","Scorpaenidae","Scorpaena","porcus",NA,"Catch (numbers or weight)","Standard error","NTZ","Carry-le-Rouet Marine Reserve","Yes","g per 100 m of net","1","<500","180.63","44.65","44.65"
"1782",1605,"Catch","Individual species","Scorpaenidae","Scorpaena","porcus",NA,"Catch (numbers or weight)","Standard error","NTZ","Carry-le-Rouet Marine Reserve","Yes","g per 100 m of net","2","500-1000","209.71","61.53","61.53"
"1783",1605,"Catch","Individual species","Scorpaenidae","Scorpaena","porcus",NA,"Catch (numbers or weight)","Standard error","NTZ","Carry-le-Rouet Marine Reserve","Yes","g per 100 m of net","3","2000-3000","122.38","25.82","25.82"
"1784",1605,"Catch","Individual species","Scorpaenidae","Scorpaena","porcus",NA,"Catch (numbers or weight)","Standard error","NTZ","Carry-le-Rouet Marine Reserve","Yes","g per 100 m of net","4",NA,NA,NA,NA
"1785",1605,"Catch","Individual species","Scorpaenidae","Scorpaena","porcus",NA,"Catch (numbers or weight)","Standard error","NTZ","Carry-le-Rouet Marine Reserve","Yes","g per 100 m of net","5",NA,NA,NA,NA
"1786",1605,"Catch","Individual species","Labridae","Labrus","merula",NA,"Catch (numbers or weight)","Standard error","NTZ","Tabarca Marine Reserve","Buffer zone then transitional zone then open","g per 100 m of net","1","<500","1033.46","94.49","94.49"
"1787",1605,"Catch","Individual species","Labridae","Labrus","merula",NA,"Catch (numbers or weight)","Standard error","NTZ","Tabarca Marine Reserve","Buffer zone then transitional zone then open","g per 100 m of net","2","500-1000","886.52","118.49","118.49"
"1788",1605,"Catch","Individual species","Labridae","Labrus","merula",NA,"Catch (numbers or weight)","Standard error","NTZ","Tabarca Marine Reserve","Buffer zone then transitional zone then open","g per 100 m of net","3","2000-3000","696.98","108.65","108.65"
"1789",1605,"Catch","Individual species","Labridae","Labrus","merula",NA,"Catch (numbers or weight)","Standard error","NTZ","Tabarca Marine Reserve","Buffer zone then transitional zone then open","g per 100 m of net","4",NA,NA,NA,NA
"1790",1605,"Catch","Individual species","Labridae","Labrus","merula",NA,"Catch (numbers or weight)","Standard error","NTZ","Tabarca Marine Reserve","Buffer zone then transitional zone then open","g per 100 m of net","5",NA,NA,NA,NA
"1791",1605,"Catch","Individual species","Labridae","Labrus","merula",NA,"Catch (numbers or weight)","Standard error","NTZ","Tabarca Marine Reserve","Buffer zone then transitional zone then open","g per 100 m of net","1","<500","799.8","103.71","103.71"
"1792",1605,"Catch","Individual species","Labridae","Labrus","merula",NA,"Catch (numbers or weight)","Standard error","NTZ","Tabarca Marine Reserve","Buffer zone then transitional zone then open","g per 100 m of net","2","500-1000","431.95","83.46","83.46"
"1793",1605,"Catch","Individual species","Labridae","Labrus","merula",NA,"Catch (numbers or weight)","Standard error","NTZ","Tabarca Marine Reserve","Buffer zone then transitional zone then open","g per 100 m of net","3","2000-3000","355.74","87.37","87.37"
"1794",1605,"Catch","Individual species","Labridae","Labrus","merula",NA,"Catch (numbers or weight)","Standard error","NTZ","Tabarca Marine Reserve","Buffer zone then transitional zone then open","g per 100 m of net","4",NA,NA,NA,NA
"1795",1605,"Catch","Individual species","Labridae","Labrus","merula",NA,"Catch (numbers or weight)","Standard error","NTZ","Tabarca Marine Reserve","Buffer zone then transitional zone then open","g per 100 m of net","5",NA,NA,NA,NA
"1796",1605,"Catch","Individual species","Labridae","Labrus","merula",NA,"Catch (numbers or weight)","Standard error","NTZ","Tabarca Marine Reserve","Buffer zone then transitional zone then open","g per 100 m of net","1","<500","699.98","105.68","105.68"
"1797",1605,"Catch","Individual species","Labridae","Labrus","merula",NA,"Catch (numbers or weight)","Standard error","NTZ","Tabarca Marine Reserve","Buffer zone then transitional zone then open","g per 100 m of net","2","500-1000","634.53","83.28","83.28"
"1798",1605,"Catch","Individual species","Labridae","Labrus","merula",NA,"Catch (numbers or weight)","Standard error","NTZ","Tabarca Marine Reserve","Buffer zone then transitional zone then open","g per 100 m of net","3","2000-3000","534.05","84.94","84.94"
"1799",1605,"Catch","Individual species","Labridae","Labrus","merula",NA,"Catch (numbers or weight)","Standard error","NTZ","Tabarca Marine Reserve","Buffer zone then transitional zone then open","g per 100 m of net","4",NA,NA,NA,NA
"1800",1605,"Catch","Individual species","Labridae","Labrus","merula",NA,"Catch (numbers or weight)","Standard error","NTZ","Tabarca Marine Reserve","Buffer zone then transitional zone then open","g per 100 m of net","5",NA,NA,NA,NA
"1801",1605,"Catch","Individual species","Labridae","Labrus","merula",NA,"Catch (numbers or weight)","Standard error","NTZ","Carry-le-Rouet","Yes","g per 100 m of net","1","<500","150.92","43.62","43.62"
"1802",1605,"Catch","Individual species","Labridae","Labrus","merula",NA,"Catch (numbers or weight)","Standard error","NTZ","Carry-le-Rouet","Yes","g per 100 m of net","2","500-1000","26.49","14.27","14.27"
"1803",1605,"Catch","Individual species","Labridae","Labrus","merula",NA,"Catch (numbers or weight)","Standard error","NTZ","Carry-le-Rouet","Yes","g per 100 m of net","3","2000-3000","36.93","19.81","19.81"
"1804",1605,"Catch","Individual species","Labridae","Labrus","merula",NA,"Catch (numbers or weight)","Standard error","NTZ","Carry-le-Rouet","Yes","g per 100 m of net","4",NA,NA,NA,NA
"1805",1605,"Catch","Individual species","Labridae","Labrus","merula",NA,"Catch (numbers or weight)","Standard error","NTZ","Carry-le-Rouet","Yes","g per 100 m of net","5",NA,NA,NA,NA
"1806",1605,"Catch","Individual species","Labridae","Labrus","merula",NA,"Catch (numbers or weight)","Standard error","NTZ","Carry-le-Rouet Marine Reserve","Yes","g per 100 m of net","1","<500","258.68","58.11","58.11"
"1807",1605,"Catch","Individual species","Labridae","Labrus","merula",NA,"Catch (numbers or weight)","Standard error","NTZ","Carry-le-Rouet Marine Reserve","Yes","g per 100 m of net","2","500-1000","98.6","31.32","31.32"
"1808",1605,"Catch","Individual species","Labridae","Labrus","merula",NA,"Catch (numbers or weight)","Standard error","NTZ","Carry-le-Rouet Marine Reserve","Yes","g per 100 m of net","3","2000-3000","150.03","35.46","35.46"
"1809",1605,"Catch","Individual species","Labridae","Labrus","merula",NA,"Catch (numbers or weight)","Standard error","NTZ","Carry-le-Rouet Marine Reserve","Yes","g per 100 m of net","4",NA,NA,NA,NA
"1810",1605,"Catch","Individual species","Labridae","Labrus","merula",NA,"Catch (numbers or weight)","Standard error","NTZ","Carry-le-Rouet Marine Reserve","Yes","g per 100 m of net","5",NA,NA,NA,NA
"1811",1605,"Catch","Individual species","Labridae","Labrus","merula",NA,"Catch (numbers or weight)","Standard error","NTZ","Carry-le-Rouet Marine Reserve","Yes","g per 100m of net","1","<500","165.97","47.69","47.69"
"1812",1605,"Catch","Individual species","Labridae","Labrus","merula",NA,"Catch (numbers or weight)","Standard error","NTZ","Carry-le-Rouet Marine Reserve","Yes","g per 100m of net","2","500-1000","25.72","13.09","13.09"
"1813",1605,"Catch","Individual species","Labridae","Labrus","merula",NA,"Catch (numbers or weight)","Standard error","NTZ","Carry-le-Rouet Marine Reserve","Yes","g per 100m of net","3","2000-3000","71.29","27.4","27.4"
"1814",1605,"Catch","Individual species","Labridae","Labrus","merula",NA,"Catch (numbers or weight)","Standard error","NTZ","Carry-le-Rouet Marine Reserve","Yes","g per 100m of net","4",NA,NA,NA,NA
"1815",1605,"Catch","Individual species","Labridae","Labrus","merula",NA,"Catch (numbers or weight)","Standard error","NTZ","Carry-le-Rouet Marine Reserve","Yes","g per 100m of net","5",NA,NA,NA,NA
"1816",1605,"Catch","Target species as a group","Mullidae","Mullus","surmuletus",NA,"Catch (numbers or weight)","Standard error","NTZ","Tabarca","Buffer zone then transitional zone then open","g per 100 m of net","1","<500","14.66","11.84","11.84"
"1817",1605,"Catch","Target species as a group","Mullidae","Mullus","surmuletus",NA,"Catch (numbers or weight)","Standard error","NTZ","Tabarca","Buffer zone then transitional zone then open","g per 100 m of net","2","500-1000","16.98","9.48","9.48"
"1818",1605,"Catch","Target species as a group","Mullidae","Mullus","surmuletus",NA,"Catch (numbers or weight)","Standard error","NTZ","Tabarca","Buffer zone then transitional zone then open","g per 100 m of net","3","2000-3000","11.46","7.71","7.71"
"1819",1605,"Catch","Target species as a group","Mullidae","Mullus","surmuletus",NA,"Catch (numbers or weight)","Standard error","NTZ","Tabarca","Buffer zone then transitional zone then open","g per 100 m of net","4",NA,NA,NA,NA
"1820",1605,"Catch","Target species as a group","Mullidae","Mullus","surmuletus",NA,"Catch (numbers or weight)","Standard error","NTZ","Tabarca","Buffer zone then transitional zone then open","g per 100 m of net","5",NA,NA,NA,NA
"1821",1605,"Catch","Individual species","Mullidae","Mullus","surmuletus",NA,"Catch (numbers or weight)","Standard error","NTZ","Tabarca Marine Reserve","Buffer zone then transitional zone then open","g per 100 m of net","1","<500","178.51","40.63","40.63"
"1822",1605,"Catch","Individual species","Mullidae","Mullus","surmuletus",NA,"Catch (numbers or weight)","Standard error","NTZ","Tabarca Marine Reserve","Buffer zone then transitional zone then open","g per 100 m of net","2","500-1000","69.55","26.03","26.03"
"1823",1605,"Catch","Individual species","Mullidae","Mullus","surmuletus",NA,"Catch (numbers or weight)","Standard error","NTZ","Tabarca Marine Reserve","Buffer zone then transitional zone then open","g per 100 m of net","3","2000-3000","30.42","11.81","11.81"
"1824",1605,"Catch","Individual species","Mullidae","Mullus","surmuletus",NA,"Catch (numbers or weight)","Standard error","NTZ","Tabarca Marine Reserve","Buffer zone then transitional zone then open","g per 100 m of net","4",NA,NA,NA,NA
"1825",1605,"Catch","Individual species","Mullidae","Mullus","surmuletus",NA,"Catch (numbers or weight)","Standard error","NTZ","Tabarca Marine Reserve","Buffer zone then transitional zone then open","g per 100 m of net","5",NA,NA,NA,NA
"1826",1605,"Catch","Individual species","Mullidae","Mullus","surmuletus",NA,"Catch (numbers or weight)","Standard error","NTZ","Tabarca Marine Reserve","Buffer zone then transitional zone then open","g per 100 m of net","1","<500","47.79","19.7","19.7"
"1827",1605,"Catch","Individual species","Mullidae","Mullus","surmuletus",NA,"Catch (numbers or weight)","Standard error","NTZ","Tabarca Marine Reserve","Buffer zone then transitional zone then open","g per 100 m of net","2","500-1000","51.09","21.12","21.12"
"1828",1605,"Catch","Individual species","Mullidae","Mullus","surmuletus",NA,"Catch (numbers or weight)","Standard error","NTZ","Tabarca Marine Reserve","Buffer zone then transitional zone then open","g per 100 m of net","3","2000-3000","4.39","3.68","3.68"
"1829",1605,"Catch","Individual species","Mullidae","Mullus","surmuletus",NA,"Catch (numbers or weight)","Standard error","NTZ","Tabarca Marine Reserve","Buffer zone then transitional zone then open","g per 100 m of net","4",NA,NA,NA,NA
"1830",1605,"Catch","Individual species","Mullidae","Mullus","surmuletus",NA,"Catch (numbers or weight)","Standard error","NTZ","Tabarca Marine Reserve","Buffer zone then transitional zone then open","g per 100 m of net","5",NA,NA,NA,NA
"1831",1605,"Catch","Individual species","Mullidae","Mullus","surmuletus",NA,"Catch (numbers or weight)","Standard error","NTZ","Carry-le-Rouet Marine Reserve","Yes","g per 100 m of net","1","<500","0","0","0"
"1832",1605,"Catch","Individual species","Mullidae","Mullus","surmuletus",NA,"Catch (numbers or weight)","Standard error","NTZ","Carry-le-Rouet Marine Reserve","Yes","g per 100 m of net","2","500-1000","0","0","0"
"1833",1605,"Catch","Individual species","Mullidae","Mullus","surmuletus",NA,"Catch (numbers or weight)","Standard error","NTZ","Carry-le-Rouet Marine Reserve","Yes","g per 100 m of net","3","2000-3000","11.2","11.01","11.01"
"1834",1605,"Catch","Individual species","Mullidae","Mullus","surmuletus",NA,"Catch (numbers or weight)","Standard error","NTZ","Carry-le-Rouet Marine Reserve","Yes","g per 100 m of net","4",NA,NA,NA,NA
"1835",1605,"Catch","Individual species","Mullidae","Mullus","surmuletus",NA,"Catch (numbers or weight)","Standard error","NTZ","Carry-le-Rouet Marine Reserve","Yes","g per 100 m of net","5",NA,NA,NA,NA
"1836",1605,"Catch","Individual species","Mullidae","Mullus","surmuletus",NA,"Catch (numbers or weight)","Standard error","NTZ","Carry-le-Rouet Marine Reserve","Yes","g per 100 m of net","1","<500","48.12","18.47","18.47"
"1837",1605,"Catch","Individual species","Mullidae","Mullus","surmuletus",NA,"Catch (numbers or weight)","Standard error","NTZ","Carry-le-Rouet Marine Reserve","Yes","g per 100 m of net","2","500-1000","36.21","15.52","15.52"
"1838",1605,"Catch","Individual species","Mullidae","Mullus","surmuletus",NA,"Catch (numbers or weight)","Standard error","NTZ","Carry-le-Rouet Marine Reserve","Yes","g per 100 m of net","3","2000-3000","31.45","16.67","16.67"
"1839",1605,"Catch","Individual species","Mullidae","Mullus","surmuletus",NA,"Catch (numbers or weight)","Standard error","NTZ","Carry-le-Rouet Marine Reserve","Yes","g per 100 m of net","4",NA,NA,NA,NA
"1840",1605,"Catch","Individual species","Mullidae","Mullus","surmuletus",NA,"Catch (numbers or weight)","Standard error","NTZ","Carry-le-Rouet Marine Reserve","Yes","g per 100 m of net","5",NA,NA,NA,NA
"1841",1605,"Catch","Individual species","Mullidae","Mullus","surmuletus",NA,"Catch (numbers or weight)","Standard error","NTZ","Carry-le-Rouet","Yes","g per 100 m of net","1","<500","35.52","19.18","19.18"
"1842",1605,"Catch","Individual species","Mullidae","Mullus","surmuletus",NA,"Catch (numbers or weight)","Standard error","NTZ","Carry-le-Rouet","Yes","g per 100 m of net","2","500-1000","0","0","0"
"1843",1605,"Catch","Individual species","Mullidae","Mullus","surmuletus",NA,"Catch (numbers or weight)","Standard error","NTZ","Carry-le-Rouet","Yes","g per 100 m of net","3","2000-30000","0","0","0"
"1844",1605,"Catch","Individual species","Mullidae","Mullus","surmuletus",NA,"Catch (numbers or weight)","Standard error","NTZ","Carry-le-Rouet","Yes","g per 100 m of net","4",NA,NA,NA,NA
"1845",1605,"Catch","Individual species","Mullidae","Mullus","surmuletus",NA,"Catch (numbers or weight)","Standard error","NTZ","Carry-le-Rouet","Yes","g per 100 m of net","5",NA,NA,NA,NA
"1846",1605,"Catch","Individual species","Labridae","Symphodus","tinca",NA,"Catch (numbers or weight)","Standard error","NTZ","Tabarca","Buffer zone then transitional zone then open","g per 100 m of net","1","<500","171.05","77.94","77.94"
"1847",1605,"Catch","Individual species","Labridae","Symphodus","tinca",NA,"Catch (numbers or weight)","Standard error","NTZ","Tabarca","Buffer zone then transitional zone then open","g per 100 m of net","2","500-1000","210.76","53.27","53.27"
"1848",1605,"Catch","Individual species","Labridae","Symphodus","tinca",NA,"Catch (numbers or weight)","Standard error","NTZ","Tabarca","Buffer zone then transitional zone then open","g per 100 m of net","3","2000-3000","296.01","45.91","45.91"
"1849",1605,"Catch","Individual species","Labridae","Symphodus","tinca",NA,"Catch (numbers or weight)","Standard error","NTZ","Tabarca","Buffer zone then transitional zone then open","g per 100 m of net","4",NA,NA,NA,NA
"1850",1605,"Catch","Individual species","Labridae","Symphodus","tinca",NA,"Catch (numbers or weight)","Standard error","NTZ","Tabarca","Buffer zone then transitional zone then open","g per 100 m of net","5",NA,NA,NA,NA
"1851",1605,"Catch","Individual species","Labridae","Symphodus","tinca",NA,"Catch (numbers or weight)","Standard error","NTZ","Tabarca Marine Reserve","Buffer zone then transitional zone then open","g per 100 m of net","1","<500","430.17","62.36","62.36"
"1852",1605,"Catch","Individual species","Labridae","Symphodus","tinca",NA,"Catch (numbers or weight)","Standard error","NTZ","Tabarca Marine Reserve","Buffer zone then transitional zone then open","g per 100 m of net","2","500-1000","170.82","42.25","42.25"
"1853",1605,"Catch","Individual species","Labridae","Symphodus","tinca",NA,"Catch (numbers or weight)","Standard error","NTZ","Tabarca Marine Reserve","Buffer zone then transitional zone then open","g per 100 m of net","3","2000-3000","220.91","55.85","55.85"
"1854",1605,"Catch","Individual species","Labridae","Symphodus","tinca",NA,"Catch (numbers or weight)","Standard error","NTZ","Tabarca Marine Reserve","Buffer zone then transitional zone then open","g per 100 m of net","4",NA,NA,NA,NA
"1855",1605,"Catch","Individual species","Labridae","Symphodus","tinca",NA,"Catch (numbers or weight)","Standard error","NTZ","Tabarca Marine Reserve","Buffer zone then transitional zone then open","g per 100 m of net","5",NA,NA,NA,NA
"1856",1605,"Catch","Individual species","Labridae","Symphodus","tinca",NA,"Catch (numbers or weight)","Standard error","NTZ","Tabarca Marine Reserve","Buffer zone then transitional zone then open","g per 100 m of net","1","<500","259.22","45.04","45.04"
"1857",1605,"Catch","Individual species","Labridae","Symphodus","tinca",NA,"Catch (numbers or weight)","Standard error","NTZ","Tabarca Marine Reserve","Buffer zone then transitional zone then open","g per 100 m of net","2","500-1000","230.7","44.3","44.3"
"1858",1605,"Catch","Individual species","Labridae","Symphodus","tinca",NA,"Catch (numbers or weight)","Standard error","NTZ","Tabarca Marine Reserve","Buffer zone then transitional zone then open","g per 100 m of net","3","2000-3000","931.37","142.73","142.73"
"1859",1605,"Catch","Individual species","Labridae","Symphodus","tinca",NA,"Catch (numbers or weight)","Standard error","NTZ","Tabarca Marine Reserve","Buffer zone then transitional zone then open","g per 100 m of net","4",NA,NA,NA,NA
"1860",1605,"Catch","Individual species","Labridae","Symphodus","tinca",NA,"Catch (numbers or weight)","Standard error","NTZ","Tabarca Marine Reserve","Buffer zone then transitional zone then open","g per 100 m of net","5",NA,NA,NA,NA
"1861",1605,"Catch","Individual species","Labridae","Symphodus ","tinca",NA,"Catch (numbers or weight)","Standard error","NTZ","Carry-le-Rouet","Yes","g per 100 m of net","1","<500","310.75","54.04","54.04"
"1862",1605,"Catch","Individual species","Labridae","Symphodus ","tinca",NA,"Catch (numbers or weight)","Standard error","NTZ","Carry-le-Rouet","Yes","g per 100 m of net","2","500-1000","108.73","21.52","21.52"
"1863",1605,"Catch","Individual species","Labridae","Symphodus ","tinca",NA,"Catch (numbers or weight)","Standard error","NTZ","Carry-le-Rouet","Yes","g per 100 m of net","3","2000-3000","134.37","29.71","29.71"
"1864",1605,"Catch","Individual species","Labridae","Symphodus ","tinca",NA,"Catch (numbers or weight)","Standard error","NTZ","Carry-le-Rouet","Yes","g per 100 m of net","4",NA,NA,NA,NA
"1865",1605,"Catch","Individual species","Labridae","Symphodus ","tinca",NA,"Catch (numbers or weight)","Standard error","NTZ","Carry-le-Rouet","Yes","g per 100 m of net","5",NA,NA,NA,NA
"1866",1605,"Catch","Individual species","Labridae","Symphodus","tinca",NA,"Catch (numbers or weight)","Standard error","NTZ","Carry-le-Rouet Marine Reserve","Yes","g per 100 m of net","1","<500","399.46","66.38","66.38"
"1867",1605,"Catch","Individual species","Labridae","Symphodus","tinca",NA,"Catch (numbers or weight)","Standard error","NTZ","Carry-le-Rouet Marine Reserve","Yes","g per 100 m of net","2","500-1000","285.74","48.97","48.97"
"1868",1605,"Catch","Individual species","Labridae","Symphodus","tinca",NA,"Catch (numbers or weight)","Standard error","NTZ","Carry-le-Rouet Marine Reserve","Yes","g per 100 m of net","3","2000-3000","235.21","38.27","38.27"
"1869",1605,"Catch","Individual species","Labridae","Symphodus","tinca",NA,"Catch (numbers or weight)","Standard error","NTZ","Carry-le-Rouet Marine Reserve","Yes","g per 100 m of net","4",NA,NA,NA,NA
"1870",1605,"Catch","Individual species","Labridae","Symphodus","tinca",NA,"Catch (numbers or weight)","Standard error","NTZ","Carry-le-Rouet Marine Reserve","Yes","g per 100 m of net","5",NA,NA,NA,NA
"1871",1605,"Catch","Individual species","Labridae","Symphodus","tinca",NA,"Catch (numbers or weight)","Standard error","NTZ","Carry-le-Rouet Marine Reserve","Yes","g per 100 m of net","1","<500","511.25","86.08","86.08"
"1872",1605,"Catch","Individual species","Labridae","Symphodus","tinca",NA,"Catch (numbers or weight)","Standard error","NTZ","Carry-le-Rouet Marine Reserve","Yes","g per 100 m of net","2","500-1000","165.14","29.05","29.05"
"1873",1605,"Catch","Individual species","Labridae","Symphodus","tinca",NA,"Catch (numbers or weight)","Standard error","NTZ","Carry-le-Rouet Marine Reserve","Yes","g per 100 m of net","3","2000-3000","235.88","42.83","42.83"
"1874",1605,"Catch","Individual species","Labridae","Symphodus","tinca",NA,"Catch (numbers or weight)","Standard error","NTZ","Carry-le-Rouet Marine Reserve","Yes","g per 100 m of net","4",NA,NA,NA,NA
"1875",1605,"Catch","Individual species","Labridae","Symphodus","tinca",NA,"Catch (numbers or weight)","Standard error","NTZ","Carry-le-Rouet Marine Reserve","Yes","g per 100 m of net","5",NA,NA,NA,NA
"1876",1605,"Catch","Individual species","Sparidae","Diplodus","vulgaris",NA,"Catch (numbers or weight)","Standard error","NTZ","Tabarca Marine Reserve","Yes","g per 100 m of net","1","<500","86.54",NA,NA
"1877",1605,"Catch","Individual species","Sparidae","Diplodus","vulgaris",NA,"Catch (numbers or weight)","Standard error","NTZ","Tabarca Marine Reserve","Yes","g per 100 m of net","2","500-1000","60","13.98","13.98"
"1878",1605,"Catch","Individual species","Sparidae","Diplodus","vulgaris",NA,"Catch (numbers or weight)","Standard error","NTZ","Tabarca Marine Reserve","Yes","g per 100 m of net","3","2000-3000","44","11.3","11.3"
"1879",1605,"Catch","Individual species","Sparidae","Diplodus","vulgaris",NA,"Catch (numbers or weight)","Standard error","NTZ","Tabarca Marine Reserve","Yes","g per 100 m of net","4",NA,NA,NA,NA
"1880",1605,"Catch","Individual species","Sparidae","Diplodus","vulgaris",NA,"Catch (numbers or weight)","Standard error","NTZ","Tabarca Marine Reserve","Yes","g per 100 m of net","5",NA,NA,NA,NA
"1881",1605,"Catch","Individual species","Sparidae","Diplodus","vulgaris",NA,"Catch (numbers or weight)","Standard error","NTZ","Tabarca Marine Reserve","Buffer zone then transitional zone then open","g per 100 m of net","1","<500","104.62","82.03","82.03"
"1882",1605,"Catch","Individual species","Sparidae","Diplodus","vulgaris",NA,"Catch (numbers or weight)","Standard error","NTZ","Tabarca Marine Reserve","Buffer zone then transitional zone then open","g per 100 m of net","2","500-1000","58.22","41.76","41.76"
"1883",1605,"Catch","Individual species","Sparidae","Diplodus","vulgaris",NA,"Catch (numbers or weight)","Standard error","NTZ","Tabarca Marine Reserve","Buffer zone then transitional zone then open","g per 100 m of net","3","2000-3000","132.37","25.95","25.95"
"1884",1605,"Catch","Individual species","Sparidae","Diplodus","vulgaris",NA,"Catch (numbers or weight)","Standard error","NTZ","Tabarca Marine Reserve","Buffer zone then transitional zone then open","g per 100 m of net","4",NA,NA,NA,NA
"1885",1605,"Catch","Individual species","Sparidae","Diplodus","vulgaris",NA,"Catch (numbers or weight)","Standard error","NTZ","Tabarca Marine Reserve","Buffer zone then transitional zone then open","g per 100 m of net","5",NA,NA,NA,NA
"1886",1605,"Catch","Individual species","Sparidae","Diplodus","vulgaris",NA,"Catch (numbers or weight)","Standard error","NTZ","Tabarca","Buffer zone then transitional zone then open","g per 100 m of net","1","<500","9.22","30.71","30.71"
"1887",1605,"Catch","Individual species","Sparidae","Diplodus","vulgaris",NA,"Catch (numbers or weight)","Standard error","NTZ","Tabarca","Buffer zone then transitional zone then open","g per 100 m of net","2","500-1000","72.62","23.82","23.82"
"1888",1605,"Catch","Individual species","Sparidae","Diplodus","vulgaris",NA,"Catch (numbers or weight)","Standard error","NTZ","Tabarca","Buffer zone then transitional zone then open","g per 100 m of net","3","500-1000","58.32","14.3","14.3"
"1889",1605,"Catch","Individual species","Sparidae","Diplodus","vulgaris",NA,"Catch (numbers or weight)","Standard error","NTZ","Tabarca","Buffer zone then transitional zone then open","g per 100 m of net","4",NA,NA,NA,NA
"1890",1605,"Catch","Individual species","Sparidae","Diplodus","vulgaris",NA,"Catch (numbers or weight)","Standard error","NTZ","Tabarca","Buffer zone then transitional zone then open","g per 100 m of net","5",NA,NA,NA,"Na"
"1891",1605,"Catch","Individual species","Sparidae","Diplodus","vulgaris",NA,"Catch (numbers or weight)","Standard error","NTZ","Carry-le-Rouet","Yes","g per 100 m of net","1","<500","0","0","0"
"1892",1605,"Catch","Individual species","Sparidae","Diplodus","vulgaris",NA,"Catch (numbers or weight)","Standard error","NTZ","Carry-le-Rouet","Yes","g per 100 m of net","2","500-1000","0","0","0"
"1893",1605,"Catch","Individual species","Sparidae","Diplodus","vulgaris",NA,"Catch (numbers or weight)","Standard error","NTZ","Carry-le-Rouet","Yes","g per 100 m of net","3","2000-3000","3.55","2.34","2.34"
"1894",1605,"Catch","Individual species","Sparidae","Diplodus","vulgaris",NA,"Catch (numbers or weight)","Standard error","NTZ","Carry-le-Rouet","Yes","g per 100 m of net","4",NA,NA,NA,NA
"1895",1605,"Catch","Individual species","Sparidae","Diplodus","vulgaris",NA,"Catch (numbers or weight)","Standard error","NTZ","Carry-le-Rouet","Yes","g per 100 m of net","5",NA,NA,NA,NA
"1896",1605,"Catch","Individual species","Sparidae","Diplodus","vulgaris",NA,"Catch (numbers or weight)","Standard error","NTZ","Carry-le-Rouet","Yes","g per 100 m of net","1","<500","38.3","14.72","15.72"
"1897",1605,"Catch","Individual species","Sparidae","Diplodus","vulgaris",NA,"Catch (numbers or weight)","Standard error","NTZ","Carry-le-Rouet","Yes","g per 100 m of net","2","500-1000","18.53","6.6","6.6"
"1898",1605,"Catch","Individual species","Sparidae","Diplodus","vulgaris",NA,"Catch (numbers or weight)","Standard error","NTZ","Carry-le-Rouet","Yes","g per 100 m of net","3","2000-3000","13.49","6.99","6.99"
"1899",1605,"Catch","Individual species","Sparidae","Diplodus","vulgaris",NA,"Catch (numbers or weight)","Standard error","NTZ","Carry-le-Rouet","Yes","g per 100 m of net","4",NA,NA,NA,NA
"1900",1605,"Catch","Individual species","Sparidae","Diplodus","vulgaris",NA,"Catch (numbers or weight)","Standard error","NTZ","Carry-le-Rouet","Yes","g per 100 m of net","5",NA,NA,NA,"Na"
"1901",1605,"Catch","Individual species","Sparidae","Diplodus","vulgaris",NA,"Catch (numbers or weight)","Standard error","NTZ","Carry-le-Rouet","Yes","g per 100 m of net","1","<500","26.49","9.93","9.93"
"1902",1605,"Catch","Individual species","Sparidae","Diplodus","vulgaris",NA,"Catch (numbers or weight)","Standard error","NTZ","Carry-le-Rouet","Yes","g per 100 m of net","2","500-1000","6.63","3.52","3.52"
"1903",1605,"Catch","Individual species","Sparidae","Diplodus","vulgaris",NA,"Catch (numbers or weight)","Standard error","NTZ","Carry-le-Rouet","Yes","g per 100 m of net","3","2000-3000","4.76","2.89","2.89"
"1904",1605,"Catch","Individual species","Sparidae","Diplodus","vulgaris",NA,"Catch (numbers or weight)","Standard error","NTZ","Carry-le-Rouet","Yes","g per 100 m of net","4",NA,NA,NA,NA
"1905",1605,"Catch","Individual species","Sparidae","Diplodus","vulgaris",NA,"Catch (numbers or weight)","Standard error","NTZ","Carry-le-Rouet","Yes","g per 100 m of net","5",NA,NA,NA,NA
"1906",1605,"Catch","Individual species","Sciaenidae","Sciaena","umbra",NA,"Catch (numbers or weight)","Standard error","NTZ","Tabarca Marine Reserve","Buffer zone then transitional zone then open","g per 100 m of net","1","<500","321.33","61.09","61.09"
"1907",1605,"Catch","Individual species","Sciaenidae","Sciaena","umbra",NA,"Catch (numbers or weight)","Standard error","NTZ","Tabarca Marine Reserve","Buffer zone then transitional zone then open","g per 100 m of net","2","500-1000","180.48","39.18","39.18"
"1908",1605,"Catch","Individual species","Sciaenidae","Sciaena","umbra",NA,"Catch (numbers or weight)","Standard error","NTZ","Tabarca Marine Reserve","Buffer zone then transitional zone then open","g per 100 m of net","3","2000-3000","236.67","44.34","44.34"
"1909",1605,"Catch","Individual species","Sciaenidae","Sciaena","umbra",NA,"Catch (numbers or weight)","Standard error","NTZ","Tabarca Marine Reserve","Buffer zone then transitional zone then open","g per 100 m of net","4",NA,NA,NA,NA
"1910",1605,"Catch","Individual species","Sciaenidae","Sciaena","umbra",NA,"Catch (numbers or weight)","Standard error","NTZ","Tabarca Marine Reserve","Buffer zone then transitional zone then open","g per 100 m of net","5",NA,NA,NA,NA
"1911",1605,"Catch","Individual species","Sciaenidae","Sciaena","umbra",NA,"Catch (numbers or weight)","Standard error","NTZ","Tabarca Marine Reserve","Buffer zone then transitional zone then open","g per 100 m of net","1","<500","6.99","129.42","129.42"
"1912",1605,"Catch","Individual species","Sciaenidae","Sciaena","umbra",NA,"Catch (numbers or weight)","Standard error","NTZ","Tabarca Marine Reserve","Buffer zone then transitional zone then open","g per 100 m of net","2","500-1000","508.31","87.65","87.65"
"1913",1605,"Catch","Individual species","Sciaenidae","Sciaena","umbra",NA,"Catch (numbers or weight)","Standard error","NTZ","Tabarca Marine Reserve","Buffer zone then transitional zone then open","g per 100 m of net","3","2000-3000","185.66","38.36","38.36"
"1914",1605,"Catch","Individual species","Sciaenidae","Sciaena","umbra",NA,"Catch (numbers or weight)","Standard error","NTZ","Tabarca Marine Reserve","Buffer zone then transitional zone then open","g per 100 m of net","4",NA,"Na",NA,NA
"1915",1605,"Catch","Individual species","Sciaenidae","Sciaena","umbra",NA,"Catch (numbers or weight)","Standard error","NTZ","Tabarca Marine Reserve","Buffer zone then transitional zone then open","g per 100 m of net","5",NA,NA,NA,NA
"1916",1605,"Catch","Individual species","Sciaenidae","Sciaena","umbra",NA,"Catch (numbers or weight)","Standard error","NTZ","Tabarca Marine Reserve","Buffer zone then transitional zone then open","g per 100 m of net","1","<500","135.1","47.56","47.56"
"1917",1605,"Catch","Individual species","Sciaenidae","Sciaena","umbra",NA,"Catch (numbers or weight)","Standard error","NTZ","Tabarca Marine Reserve","Buffer zone then transitional zone then open","g per 100 m of net","2","500-1000","109.78","40.91","40.91"
"1918",1605,"Catch","Individual species","Sciaenidae","Sciaena","umbra",NA,"Catch (numbers or weight)","Standard error","NTZ","Tabarca Marine Reserve","Buffer zone then transitional zone then open","g per 100 m of net","3","2000-3000","107.47","52.12","52.12"
"1919",1605,"Catch","Individual species","Sciaenidae","Sciaena","umbra",NA,"Catch (numbers or weight)","Standard error","NTZ","Tabarca Marine Reserve","Buffer zone then transitional zone then open","g per 100 m of net","4",NA,NA,NA,NA
"1920",1605,"Catch","Individual species","Sciaenidae","Sciaena","umbra",NA,"Catch (numbers or weight)","Standard error","NTZ","Tabarca Marine Reserve","Buffer zone then transitional zone then open","g per 100 m of net","5",NA,NA,NA,NA
"1921",1605,"Catch","Individual species","Sparidae","Dentex","dentex",NA,"Catch (numbers or weight)","Standard error","NTZ","Tabarca Marine Reserve","Buffer zone then transitional zone then open","g per 100 m of net","1","<500","46.29","25.36","25.36"
"1922",1605,"Catch","Individual species","Sparidae","Dentex","dentex",NA,"Catch (numbers or weight)","Standard error","NTZ","Tabarca Marine Reserve","Buffer zone then transitional zone then open","g per 100 m of net","2","500-1000","51.73","23.4","23.4"
"1923",1605,"Catch","Individual species","Sparidae","Dentex","dentex",NA,"Catch (numbers or weight)","Standard error","NTZ","Tabarca Marine Reserve","Buffer zone then transitional zone then open","g per 100 m of net","3","2000-3000","15.67","11.04","11.04"
"1924",1605,"Catch","Individual species","Sparidae","Dentex","dentex",NA,"Catch (numbers or weight)","Standard error","NTZ","Tabarca Marine Reserve","Buffer zone then transitional zone then open","g per 100 m of net","4",NA,NA,NA,NA
"1925",1605,"Catch","Individual species","Sparidae","Dentex","dentex",NA,"Catch (numbers or weight)","Standard error","NTZ","Tabarca Marine Reserve","Buffer zone then transitional zone then open","g per 100 m of net","5",NA,NA,NA,NA
"1926",1605,"Catch","Individual species","Sparidae","Dentex","dentex",NA,"Catch (numbers or weight)","Standard error","NTZ","Tabarca Marine Reserve","Buffer zone then transitional zone then open","g per 100 m of net","1","<500","241.87","55.88","55.88"
"1927",1605,"Catch","Individual species","Sparidae","Dentex","dentex",NA,"Catch (numbers or weight)","Standard error","NTZ","Tabarca Marine Reserve","Buffer zone then transitional zone then open","g per 100 m of net","2","500-1000","92.61","37.55","37.55"
"1928",1605,"Catch","Individual species","Sparidae","Dentex","dentex",NA,"Catch (numbers or weight)","Standard error","NTZ","Tabarca Marine Reserve","Buffer zone then transitional zone then open","g per 100 m of net","3","2000-3000","128.94","62.17","62.17"
"1929",1605,"Catch","Individual species","Sparidae","Dentex","dentex",NA,"Catch (numbers or weight)","Standard error","NTZ","Tabarca Marine Reserve","Buffer zone then transitional zone then open","g per 100 m of net","4",NA,NA,NA,NA
"1930",1605,"Catch","Individual species","Sparidae","Dentex","dentex",NA,"Catch (numbers or weight)","Standard error","NTZ","Tabarca Marine Reserve","Buffer zone then transitional zone then open","g per 100 m of net","5",NA,NA,NA,NA
"1931",1605,"Catch","Individual species","Sparidae","Dentex","dentex",NA,"Catch (numbers or weight)","Standard error","NTZ","Tabarca Marine Reserve","Buffer zone then transitional zone then open","g per 100 m of net","1","<500","92.58","32.54","32.54"
"1932",1605,"Catch","Individual species","Sparidae","Dentex","dentex",NA,"Catch (numbers or weight)","Standard error","NTZ","Tabarca Marine Reserve","Buffer zone then transitional zone then open","g per 100 m of net","2","500-1000","0","0","0"
"1933",1605,"Catch","Individual species","Sparidae","Dentex","dentex",NA,"Catch (numbers or weight)","Standard error","NTZ","Tabarca Marine Reserve","Buffer zone then transitional zone then open","g per 100 m of net","3","2000-3000","12.16","8.04","8.04"
"1934",1605,"Catch","Individual species","Sparidae","Dentex","dentex",NA,"Catch (numbers or weight)","Standard error","NTZ","Tabarca Marine Reserve","Buffer zone then transitional zone then open","g per 100 m of net","4",NA,NA,NA,NA
"1935",1605,"Catch","Individual species","Sparidae","Dentex","dentex",NA,"Catch (numbers or weight)","Standard error","NTZ","Tabarca Marine Reserve","Buffer zone then transitional zone then open","g per 100 m of net","5",NA,NA,NA,NA
"1936",1605,"Catch","Individual species","Congridae","Conger","conger",NA,"Catch (numbers or weight)","Standard error","NTZ","Carry-le-Rouet","Yes","g per 100 m of net","1","<500","385.84","161.63","161.63"
"1937",1605,"Catch","Individual species","Congridae","Conger","conger",NA,"Catch (numbers or weight)","Standard error","NTZ","Carry-le-Rouet","Yes","g per 100 m of net","2","500-1000","23.31","18.63","18.63"
"1938",1605,"Catch","Individual species","Congridae","Conger","conger",NA,"Catch (numbers or weight)","Standard error","NTZ","Carry-le-Rouet","Yes","g per 100 m of net","3","2000-3000","115.52","84.35","84.35"
"1939",1605,"Catch","Individual species","Congridae","Conger","conger",NA,"Catch (numbers or weight)","Standard error","NTZ","Carry-le-Rouet","Yes","g per 100 m of net","4",NA,NA,NA,NA
"1940",1605,"Catch","Individual species","Congridae","Conger","conger",NA,"Catch (numbers or weight)","Standard error","NTZ","Carry-le-Rouet","Yes","g per 100 m of net","5",NA,NA,NA,NA
"1941",1605,"Catch","Individual species","Congridae","Conger","conger",NA,"Catch (numbers or weight)","Standard error","NTZ","Carry-le-Rouet Marine Reserve","Yes","g per 100 m of net","1","<500","183.04","117.27","117.27"
"1942",1605,"Catch","Individual species","Congridae","Conger","conger",NA,"Catch (numbers or weight)","Standard error","NTZ","Carry-le-Rouet Marine Reserve","Yes","g per 100 m of net","2","500-1000","0","0","0"
"1943",1605,"Catch","Individual species","Congridae","Conger","conger",NA,"Catch (numbers or weight)","Standard error","NTZ","Carry-le-Rouet Marine Reserve","Yes","g per 100 m of net","3","2000-3000","30.75","28.75","28.75"
"1944",1605,"Catch","Individual species","Congridae","Conger","conger",NA,"Catch (numbers or weight)","Standard error","NTZ","Carry-le-Rouet Marine Reserve","Yes","g per 100 m of net","4",NA,NA,NA,NA
"1945",1605,"Catch","Individual species","Congridae","Conger","conger",NA,"Catch (numbers or weight)","Standard error","NTZ","Carry-le-Rouet Marine Reserve","Yes","g per 100 m of net","5",NA,NA,NA,NA
"1946",1605,"Catch","Individual species","Congridae","Conger","conger",NA,"Catch (numbers or weight)","Standard error","NTZ","Carry-le-Rouet Marine Reserve","Yes","g per 100 m of net","1","<500","85.24","67.22","67.22"
"1947",1605,"Catch","Individual species","Congridae","Conger","conger",NA,"Catch (numbers or weight)","Standard error","NTZ","Carry-le-Rouet Marine Reserve","Yes","g per 100 m of net","2","500-1000","0","0","0"
"1948",1605,"Catch","Individual species","Congridae","Conger","conger",NA,"Catch (numbers or weight)","Standard error","NTZ","Carry-le-Rouet Marine Reserve","Yes","g per 100 m of net","3","2000-3000","37.34","35.34","35.34"
"1949",1605,"Catch","Individual species","Congridae","Conger","conger",NA,"Catch (numbers or weight)","Standard error","NTZ","Carry-le-Rouet Marine Reserve","Yes","g per 100 m of net","4",NA,NA,NA,NA
"1950",1605,"Catch","Individual species","Congridae","Conger","conger",NA,"Catch (numbers or weight)","Standard error","NTZ","Carry-le-Rouet Marine Reserve","Yes","g per 100 m of net","5",NA,NA,NA,NA
"1951",1605,"Catch","Individual species","Phycidae","Phycis","phycis",NA,"Catch (numbers or weight)","Standard error","NTZ","Carry-le-Rouet Marine Reserve","Yes","g per 100 m of net","1","<500","33.07","14.49","14.49"
"1952",1605,"Catch","Individual species","Phycidae","Phycis","phycis",NA,"Catch (numbers or weight)","Standard error","NTZ","Carry-le-Rouet Marine Reserve","Yes","g per 100 m of net","2","500-1000","0","0","0"
"1953",1605,"Catch","Individual species","Phycidae","Phycis","phycis",NA,"Catch (numbers or weight)","Standard error","NTZ","Carry-le-Rouet Marine Reserve","Yes","g per 100 m of net","3","2000-3000","9.45","7.04","7.04"
"1954",1605,"Catch","Individual species","Phycidae","Phycis","phycis",NA,"Catch (numbers or weight)","Standard error","NTZ","Carry-le-Rouet Marine Reserve","Yes","g per 100 m of net","4",NA,NA,NA,NA
"1955",1605,"Catch","Individual species","Phycidae","Phycis","phycis",NA,"Catch (numbers or weight)","Standard error","NTZ","Carry-le-Rouet Marine Reserve","Yes","g per 100 m of net","5",NA,NA,NA,NA
"1956",1605,"Catch","Individual species","Phycidae","Phycis","phycis",NA,"Catch (numbers or weight)","Standard error","NTZ","Carry-le-Rouet Marine Reserve","Yes","g per 100 m of net","1","<500","113.78","45.51","45.51"
"1957",1605,"Catch","Individual species","Phycidae","Phycis","phycis",NA,"Catch (numbers or weight)","Standard error","NTZ","Carry-le-Rouet Marine Reserve","Yes","g per 100 m of net","2","500-1000","18.81","12.62","12.62"
"1958",1605,"Catch","Individual species","Phycidae","Phycis","phycis",NA,"Catch (numbers or weight)","Standard error","NTZ","Carry-le-Rouet Marine Reserve","Yes","g per 100 m of net","3","2000-3000","35.42","18.67","18.67"
"1959",1605,"Catch","Individual species","Phycidae","Phycis","phycis",NA,"Catch (numbers or weight)","Standard error","NTZ","Carry-le-Rouet Marine Reserve","Yes","g per 100 m of net","4",NA,NA,NA,NA
"1960",1605,"Catch","Individual species","Phycidae","Phycis","phycis",NA,"Catch (numbers or weight)","Standard error","NTZ","Carry-le-Rouet Marine Reserve","Yes","g per 100 m of net","5",NA,NA,NA,NA
"1961",1605,"Catch","Individual species","Phycidae","Phycis","phycis",NA,"Catch (numbers or weight)","Standard error","NTZ","Carry-le-Rouet Marine Reserve","Yes","g per 100 m of net","1","<500","293.04","86.87","86.87"
"1962",1605,"Catch","Individual species","Phycidae","Phycis","phycis",NA,"Catch (numbers or weight)","Standard error","NTZ","Carry-le-Rouet Marine Reserve","Yes","g per 100 m of net","2","500-1000","21.77","14.94","14.94"
"1963",1605,"Catch","Individual species","Phycidae","Phycis","phycis",NA,"Catch (numbers or weight)","Standard error","NTZ","Carry-le-Rouet Marine Reserve","Yes","g per 100 m of net","3","2000-3000","15.43","13.31","13.31"
"1964",1605,"Catch","Individual species","Phycidae","Phycis","phycis",NA,"Catch (numbers or weight)","Standard error","NTZ","Carry-le-Rouet Marine Reserve","Yes","g per 100 m of net","4",NA,NA,NA,NA
"1965",1605,"Catch","Individual species","Phycidae","Phycis","phycis",NA,"Catch (numbers or weight)","Standard error","NTZ","Carry-le-Rouet Marine Reserve","Yes","g per 100 m of net","5",NA,NA,NA,NA
"1966",1605,"Catch","Individual species","Myliobatidae","Myliobatis","aquila",NA,"Catch (numbers or weight)","Standard error","NTZ","Tabarca Marine Reserve","Buffer zone then transitional zone then open","g per 100 m of net","1","<500","0","0","0"
"1967",1605,"Catch","Individual species","Myliobatidae","Myliobatis","aquila",NA,"Catch (numbers or weight)","Standard error","NTZ","Tabarca Marine Reserve","Buffer zone then transitional zone then open","g per 100 m of net","2","500-1000","3-3.76","234.52","234.52"
"1968",1605,"Catch","Individual species","Myliobatidae","Myliobatis","aquila",NA,"Catch (numbers or weight)","Standard error","NTZ","Tabarca Marine Reserve","Buffer zone then transitional zone then open","g per 100 m of net","3","2000-3000","0","0","0"
"1969",1605,"Catch","Individual species","Myliobatidae","Myliobatis","aquila",NA,"Catch (numbers or weight)","Standard error","NTZ","Tabarca Marine Reserve","Buffer zone then transitional zone then open","g per 100 m of net","4",NA,NA,NA,NA
"1970",1605,"Catch","Individual species","Myliobatidae","Myliobatis","aquila",NA,"Catch (numbers or weight)","Standard error","NTZ","Tabarca Marine Reserve","Buffer zone then transitional zone then open","g per 100 m of net","5",NA,NA,NA,NA
"1971",1605,"Catch","Individual species","Myliobatidae","Myliobatis","aquila",NA,"Catch (numbers or weight)","Standard error","NTZ","Tabarca Marine Reserve","Buffer zone then transitional zone then open","g per 100 m of net","1","<500","0","0","0"
"1972",1605,"Catch","Individual species","Myliobatidae","Myliobatis","aquila",NA,"Catch (numbers or weight)","Standard error","NTZ","Tabarca Marine Reserve","Buffer zone then transitional zone then open","g per 100 m of net","2","500-1000","442.77","274.75","274.75"
"1973",1605,"Catch","Individual species","Myliobatidae","Myliobatis","aquila",NA,"Catch (numbers or weight)","Standard error","NTZ","Tabarca Marine Reserve","Buffer zone then transitional zone then open","g per 100 m of net","3","2000-3000","0","0","0"
"1974",1605,"Catch","Individual species","Myliobatidae","Myliobatis","aquila",NA,"Catch (numbers or weight)","Standard error","NTZ","Tabarca Marine Reserve","Buffer zone then transitional zone then open","g per 100 m of net","4",NA,NA,NA,NA
"1975",1605,"Catch","Individual species","Myliobatidae","Myliobatis","aquila",NA,"Catch (numbers or weight)","Standard error","NTZ","Tabarca Marine Reserve","Buffer zone then transitional zone then open","g per 100 m of net","5",NA,NA,NA,NA
"1976",1605,"Catch","Individual species","Myliobatidae","Myliobatis","aquila",NA,"Catch (numbers or weight)","Standard error","NTZ","Tabarca Marine Reserve","Buffer zone then transitional zone then open","g per 100 m of net","1","<500","15.33","7.84","7.84"
"1977",1605,"Catch","Individual species","Myliobatidae","Myliobatis","aquila",NA,"Catch (numbers or weight)","Standard error","NTZ","Tabarca Marine Reserve","Buffer zone then transitional zone then open","g per 100 m of net","2","500-1000","0","0","0"
"1978",1605,"Catch","Individual species","Myliobatidae","Myliobatis","aquila",NA,"Catch (numbers or weight)","Standard error","NTZ","Tabarca Marine Reserve","Buffer zone then transitional zone then open","g per 100 m of net","3","2000-3000","0","0","0"
"1979",1605,"Catch","Individual species","Myliobatidae","Myliobatis","aquila",NA,"Catch (numbers or weight)","Standard error","NTZ","Tabarca Marine Reserve","Buffer zone then transitional zone then open","g per 100 m of net","4",NA,NA,NA,NA
"1980",1605,"Catch","Individual species","Myliobatidae","Myliobatis","aquila",NA,"Catch (numbers or weight)","Standard error","NTZ","Tabarca Marine Reserve","Buffer zone then transitional zone then open","g per 100 m of net","5",NA,NA,NA,NA
"1981",1605,"Catch","Genus group","Rajidae","Raja","spp.",NA,"Catch (numbers or weight)","Standard error","NTZ","Tabarca Marine Reserve","Buffer zone then transitional zone then open","g per 100 m of net","1","<500","5.14","4.73","4.73"
"1982",1605,"Catch","Genus group","Rajidae","Raja","spp.",NA,"Catch (numbers or weight)","Standard error","NTZ","Tabarca Marine Reserve","Buffer zone then transitional zone then open","g per 100 m of net","2","500-1000","70.69","49.29","49.29"
"1983",1605,"Catch","Genus group","Rajidae","Raja","spp.",NA,"Catch (numbers or weight)","Standard error","NTZ","Tabarca Marine Reserve","Buffer zone then transitional zone then open","g per 100 m of net","3","2000-3000","2.9","3.12","3.12"
"1984",1605,"Catch","Genus group","Rajidae","Raja","spp.",NA,"Catch (numbers or weight)","Standard error","NTZ","Tabarca Marine Reserve","Buffer zone then transitional zone then open","g per 100 m of net","4",NA,NA,NA,NA
"1985",1605,"Catch","Genus group","Rajidae","Raja","spp.",NA,"Catch (numbers or weight)","Standard error","NTZ","Tabarca Marine Reserve","Buffer zone then transitional zone then open","g per 100 m of net","5",NA,NA,NA,NA
"1986",1605,"Catch","Genus group","Rajidae","Raja","spp.",NA,"Catch (numbers or weight)","Standard error","NTZ","Tabarca Marine Reserve","Buffer zone then transitional zone then open","g per 100 m of net","1","<500","35.57","23.24","23.24"
"1987",1605,"Catch","Genus group","Rajidae","Raja","spp.",NA,"Catch (numbers or weight)","Standard error","NTZ","Tabarca Marine Reserve","Buffer zone then transitional zone then open","g per 100 m of net","2","500-1000","190.38","99.8","99.8"
"1988",1605,"Catch","Genus group","Rajidae","Raja","spp.",NA,"Catch (numbers or weight)","Standard error","NTZ","Tabarca Marine Reserve","Buffer zone then transitional zone then open","g per 100 m of net","3","2000-3000","14.55","17.76","7.76"
"1989",1605,"Catch","Genus group","Rajidae","Raja","spp.",NA,"Catch (numbers or weight)","Standard error","NTZ","Tabarca Marine Reserve","Buffer zone then transitional zone then open","g per 100 m of net","4",NA,NA,NA,NA
"1990",1605,"Catch","Genus group","Rajidae","Raja","spp.",NA,"Catch (numbers or weight)","Standard error","NTZ","Tabarca Marine Reserve","Buffer zone then transitional zone then open","g per 100 m of net","5",NA,NA,NA,NA
"1991",1605,"Catch","Individual species","Uranoscopidae","Uranoscopus","scaber",NA,"Catch (numbers or weight)","Standard error","NTZ","Tabarca Marine Reserve","Buffer zone then transitional zone then open","g per 100 m of net","1","<500","0","0","0"
"1992",1605,"Catch","Individual species","Uranoscopidae","Uranoscopus","scaber",NA,"Catch (numbers or weight)","Standard error","NTZ","Tabarca Marine Reserve","Buffer zone then transitional zone then open","g per 100 m of net","2","500-1000","81.89","45.06","45.06"
"1993",1605,"Catch","Individual species","Uranoscopidae","Uranoscopus","scaber",NA,"Catch (numbers or weight)","Standard error","NTZ","Tabarca Marine Reserve","Buffer zone then transitional zone then open","g per 100 m of net","3","2000-3000","9.58","7.47","7.47"
"1994",1605,"Catch","Individual species","Uranoscopidae","Uranoscopus","scaber",NA,"Catch (numbers or weight)","Standard error","NTZ","Tabarca Marine Reserve","Buffer zone then transitional zone then open","g per 100 m of net","4",NA,NA,NA,NA
"1995",1605,"Catch","Individual species","Uranoscopidae","Uranoscopus","scaber",NA,"Catch (numbers or weight)","Standard error","NTZ","Tabarca Marine Reserve","Buffer zone then transitional zone then open","g per 100 m of net","5",NA,NA,NA,NA
"1996",1605,"Catch","Individual species","Uranoscopidae","Uranoscopus","scaber",NA,"Catch (numbers or weight)","Standard error","NTZ","Tabarca Marine Reserve","Buffer zone then transitional zone then open","g per 100 m of net","1","<500","9.58","7.47","7.47"
"1997",1605,"Catch","Individual species","Uranoscopidae","Uranoscopus","scaber",NA,"Catch (numbers or weight)","Standard error","NTZ","Tabarca Marine Reserve","Buffer zone then transitional zone then open","g per 100 m of net","2","500-1000","63.51","24.2","24.2"
"1998",1605,"Catch","Individual species","Uranoscopidae","Uranoscopus","scaber",NA,"Catch (numbers or weight)","Standard error","NTZ","Tabarca Marine Reserve","Buffer zone then transitional zone then open","g per 100 m of net","3","2000-3000","7.79","5.46","5.36"
"1999",1605,"Catch","Individual species","Uranoscopidae","Uranoscopus","scaber",NA,"Catch (numbers or weight)","Standard error","NTZ","Tabarca Marine Reserve","Buffer zone then transitional zone then open","g per 100 m of net","4",NA,NA,NA,NA
"2000",1605,"Catch","Individual species","Uranoscopidae","Uranoscopus","scaber",NA,"Catch (numbers or weight)","Standard error","NTZ","Tabarca Marine Reserve","Buffer zone then transitional zone then open","g per 100 m of net","5",NA,NA,NA,NA
"2001",1605,"Catch","Individual species","Uranoscopidae","Uranoscopus","scaber",NA,"Catch (numbers or weight)","Standard error","NTZ","Tabarca Marine Reserve","Buffer zone then transitional zone then open","g per 100 m of net","1","<500","9.88","9.71","9.71"
"2002",1605,"Catch","Individual species","Uranoscopidae","Uranoscopus","scaber",NA,"Catch (numbers or weight)","Standard error","NTZ","Tabarca Marine Reserve","Buffer zone then transitional zone then open","g per 100 m of net","2","500-1000","57.39","2.12","27.13"
"2003",1605,"Catch","Individual species","Uranoscopidae","Uranoscopus","scaber",NA,"Catch (numbers or weight)","Standard error","NTZ","Tabarca Marine Reserve","Buffer zone then transitional zone then open","g per 100 m of net","3","2000-3000","10.09","7.44","7.44"
"2004",1605,"Catch","Individual species","Uranoscopidae","Uranoscopus","scaber",NA,"Catch (numbers or weight)","Standard error","NTZ","Tabarca Marine Reserve","Buffer zone then transitional zone then open","g per 100 m of net","4",NA,NA,NA,NA
"2005",1605,"Catch","Individual species","Uranoscopidae","Uranoscopus","scaber",NA,"Catch (numbers or weight)","Standard error","NTZ","Tabarca Marine Reserve","Buffer zone then transitional zone then open","g per 100 m of net","5",NA,NA,NA,NA
"2006",1605,"Catch","Individual species","Sciaenidae","Sciaena","umbra",NA,"Catch (numbers or weight)","Standard error","NTZ","Tabarca Marine Reserve","Buffer zone then transitional zone then open","g per 100 m of net","1","<500","13.53","11.89","11.89"
"2007",1605,"Catch","Individual species","Sciaenidae","Sciaena","umbra",NA,"Catch (numbers or weight)","Standard error","NTZ","Tabarca Marine Reserve","Buffer zone then transitional zone then open","g per 100 m of net","2","500-1000","27.03","17.21","17.21"
"2008",1605,"Catch","Individual species","Sciaenidae","Sciaena","umbra",NA,"Catch (numbers or weight)","Standard error","NTZ","Tabarca Marine Reserve","Buffer zone then transitional zone then open","g per 100 m of net","3","2000-3000","64.93","38.76","38.76"
"2009",1605,"Catch","Individual species","Sciaenidae","Sciaena","umbra",NA,"Catch (numbers or weight)","Standard error","NTZ","Tabarca Marine Reserve","Buffer zone then transitional zone then open","g per 100 m of net","4",NA,NA,NA,NA
"2010",1605,"Catch","Individual species","Sciaenidae","Sciaena","umbra",NA,"Catch (numbers or weight)","Standard error","NTZ","Tabarca Marine Reserve","Buffer zone then transitional zone then open","g per 100 m of net","5",NA,NA,NA,NA
"2011",1605,"Catch","Individual species","Sciaenidae","Sciaena","umbra",NA,"Catch (numbers or weight)","Standard error","NTZ","Tabarca Marine Reserve","Buffer zone then transitional zone then open","g per 100 m of net","1","<500","89.45","26.73","26.73"
"2012",1605,"Catch","Individual species","Sciaenidae","Sciaena","umbra",NA,"Catch (numbers or weight)","Standard error","NTZ","Tabarca Marine Reserve","Buffer zone then transitional zone then open","g per 100 m of net","2","500-1000","170.05","56.51","56.51"
"2013",1605,"Catch","Individual species","Sciaenidae","Sciaena","umbra",NA,"Catch (numbers or weight)","Standard error","NTZ","Tabarca Marine Reserve","Buffer zone then transitional zone then open","g per 100 m of net","3","2000-3000","280.07","58.75","58.75"
"2014",1605,"Catch","Individual species","Sciaenidae","Sciaena","umbra",NA,"Catch (numbers or weight)","Standard error","NTZ","Tabarca Marine Reserve","Buffer zone then transitional zone then open","g per 100 m of net","4",NA,NA,NA,NA
"2015",1605,"Catch","Individual species","Sciaenidae","Sciaena","umbra",NA,"Catch (numbers or weight)","Standard error","NTZ","Tabarca Marine Reserve","Buffer zone then transitional zone then open","g per 100 m of net","5",NA,NA,NA,NA
"2016",1605,"Catch","Individual species","Sciaenidae","Sciaena","umbra","NNA","Catch (numbers or weight)","Standard error","NTZ","Tabarca Marine Reserve","Buffer zone then transitional zone then open","g per 100 m of net","1","<500","24.41","18.53","18.53"
"2017",1605,"Catch","Individual species","Sciaenidae","Sciaena","umbra","NNA","Catch (numbers or weight)","Standard error","NTZ","Tabarca Marine Reserve","Buffer zone then transitional zone then open","g per 100 m of net","2","500-1000","67.67","30.06","30.06"
"2018",1605,"Catch","Individual species","Sciaenidae","Sciaena","umbra","NNA","Catch (numbers or weight)","Standard error","NTZ","Tabarca Marine Reserve","Buffer zone then transitional zone then open","g per 100 m of net","3","2000-3000","65.46","36.49","36.49"
"2019",1605,"Catch","Individual species","Sciaenidae","Sciaena","umbra","NNA","Catch (numbers or weight)","Standard error","NTZ","Tabarca Marine Reserve","Buffer zone then transitional zone then open","g per 100 m of net","4",NA,NA,NA,NA
"2020",1605,"Catch","Individual species","Sciaenidae","Sciaena","umbra","NNA","Catch (numbers or weight)","Standard error","NTZ","Tabarca Marine Reserve","Buffer zone then transitional zone then open","g per 100 m of net","5",NA,NA,NA,NA
"2021",1605,"Catch","Individual species","Sparidae","Pagellus","erythrinus",NA,"Catch (numbers or weight)","Standard error","NTZ","Tabarca Marine Reserve","Pagellus erythrinus","g per 100 m of net","1","<500","112.72","58.62","58.62"
"2022",1605,"Catch","Individual species","Sparidae","Pagellus","erythrinus",NA,"Catch (numbers or weight)","Standard error","NTZ","Tabarca Marine Reserve","Pagellus erythrinus","g per 100 m of net","2","500-1000","37.04","13.63","13.63"
"2023",1605,"Catch","Individual species","Sparidae","Pagellus","erythrinus",NA,"Catch (numbers or weight)","Standard error","NTZ","Tabarca Marine Reserve","Pagellus erythrinus","g per 100 m of net","3","2000-3000","12.55","7.32","7.32"
"2024",1605,"Catch","Individual species","Sparidae","Pagellus","erythrinus",NA,"Catch (numbers or weight)","Standard error","NTZ","Tabarca Marine Reserve","Pagellus erythrinus","g per 100 m of net","4",NA,NA,NA,NA
"2025",1605,"Catch","Individual species","Sparidae","Pagellus","erythrinus",NA,"Catch (numbers or weight)","Standard error","NTZ","Tabarca Marine Reserve","Pagellus erythrinus","g per 100 m of net","5",NA,NA,NA,NA
"2026",1605,"Catch","Individual species","Sparidae","Pagellus","erythrinus",NA,"Catch (numbers or weight)","Standard error","NTZ","Tabarca Marine Reserve","Pagellus erythrinus","g per 100 m of net","1","<100","41.25","20.52","20.52"
"2027",1605,"Catch","Individual species","Sparidae","Pagellus","erythrinus",NA,"Catch (numbers or weight)","Standard error","NTZ","Tabarca Marine Reserve","Pagellus erythrinus","g per 100 m of net","2","500-1000","31.09","14.62","14.62"
"2028",1605,"Catch","Individual species","Sparidae","Pagellus","erythrinus",NA,"Catch (numbers or weight)","Standard error","NTZ","Tabarca Marine Reserve","Pagellus erythrinus","g per 100 m of net","3","2000-3000","2.73","3.48","3.48"
"2029",1605,"Catch","Individual species","Sparidae","Pagellus","erythrinus",NA,"Catch (numbers or weight)","Standard error","NTZ","Tabarca Marine Reserve","Pagellus erythrinus","g per 100 m of net","4",NA,NA,NA,NA
"2030",1605,"Catch","Individual species","Sparidae","Pagellus","erythrinus",NA,"Catch (numbers or weight)","Standard error","NTZ","Tabarca Marine Reserve","Pagellus erythrinus","g per 100 m of net","5",NA,NA,NA,NA
"2031",1605,"Catch","Individual species","Sparidae","Pagellus ","erythrinus",NA,"Catch (numbers or weight)","Standard error","NTZ","Tabarca Marine Reserve","Pagellus erythrinus","g per 100 m of net","1","<500","40.85","14.52","14.52"
"2032",1605,"Catch","Individual species","Sparidae","Pagellus ","erythrinus",NA,"Catch (numbers or weight)","Standard error","NTZ","Tabarca Marine Reserve","Pagellus erythrinus","g per 100 m of net","2","500-1000","72.52","27.94","27.92"
"2033",1605,"Catch","Individual species","Sparidae","Pagellus ","erythrinus",NA,"Catch (numbers or weight)","Standard error","NTZ","Tabarca Marine Reserve","Pagellus erythrinus","g per 100 m of net","3","2000-3000","40.57","17.52","17.52"
"2034",1605,"Catch","Individual species","Sparidae","Pagellus ","erythrinus",NA,"Catch (numbers or weight)","Standard error","NTZ","Tabarca Marine Reserve","Pagellus erythrinus","g per 100 m of net","4",NA,NA,NA,NA
"2035",1605,"Catch","Individual species","Sparidae","Pagellus ","erythrinus",NA,"Catch (numbers or weight)","Standard error","NTZ","Tabarca Marine Reserve","Pagellus erythrinus","g per 100 m of net","5",NA,NA,NA,NA
"2036",1605,"Catch","Individual species","Scorpaenidae","Scorpaena","porcus",NA,"Catch (numbers or weight)","Standard error","NTZ","Tabarca Marine Reserve","Buffer zone then transitional zone then open","g per 100 m of net","1","<500","691.76","152.7","152.7"
"2037",1605,"Catch","Individual species","Scorpaenidae","Scorpaena","porcus",NA,"Catch (numbers or weight)","Standard error","NTZ","Tabarca Marine Reserve","Buffer zone then transitional zone then open","g per 100 m of net","2","500-1000","360.01","110.41","110.41"
"2038",1605,"Catch","Individual species","Scorpaenidae","Scorpaena","porcus",NA,"Catch (numbers or weight)","Standard error","NTZ","Tabarca Marine Reserve","Buffer zone then transitional zone then open","g per 100 m of net","3","2000-3000","583.45","124.46","124.46"
"2039",1605,"Catch","Individual species","Scorpaenidae","Scorpaena","porcus",NA,"Catch (numbers or weight)","Standard error","NTZ","Tabarca Marine Reserve","Buffer zone then transitional zone then open","g per 100 m of net","4",NA,NA,NA,NA
"2040",1605,"Catch","Individual species","Scorpaenidae","Scorpaena","porcus",NA,"Catch (numbers or weight)","Standard error","NTZ","Tabarca Marine Reserve","Buffer zone then transitional zone then open","g per 100 m of net","5",NA,NA,NA,NA
"2041",1605,"Catch","Individual species","Scorpaenidae","Scorpaena","porcus",NA,"Catch (numbers or weight)","Standard error","NTZ","Tabarca Marine Reserve","Buffer zone then transitional zone then open","g per 100 m of net","1","<500","18.5","12.3","12.3"
"2042",1605,"Catch","Individual species","Scorpaenidae","Scorpaena","porcus",NA,"Catch (numbers or weight)","Standard error","NTZ","Tabarca Marine Reserve","Buffer zone then transitional zone then open","g per 100 m of net","2","500-1000","36.45","18.26","18.26"
"2043",1605,"Catch","Individual species","Scorpaenidae","Scorpaena","porcus",NA,"Catch (numbers or weight)","Standard error","NTZ","Tabarca Marine Reserve","Buffer zone then transitional zone then open","g per 100 m of net","3","2000-3000","65.58","22.56","22.56"
"2044",1605,"Catch","Individual species","Scorpaenidae","Scorpaena","porcus",NA,"Catch (numbers or weight)","Standard error","NTZ","Tabarca Marine Reserve","Buffer zone then transitional zone then open","g per 100 m of net","4",NA,NA,NA,NA
"2045",1605,"Catch","Individual species","Scorpaenidae","Scorpaena","porcus",NA,"Catch (numbers or weight)","Standard error","NTZ","Tabarca Marine Reserve","Buffer zone then transitional zone then open","g per 100 m of net","5",NA,NA,NA,NA
"2046",1605,"Catch","Individual species","Scorpaenidae","Scorpaena","porcus",NA,"Catch (numbers or weight)","Standard error","NTZ","Tabarca Marine Reserve","Buffer zone then transitional zone then open","g per 100 m of net","1","<500","3.11","12.07","12.07"
"2047",1605,"Catch","Individual species","Scorpaenidae","Scorpaena","porcus",NA,"Catch (numbers or weight)","Standard error","NTZ","Tabarca Marine Reserve","Buffer zone then transitional zone then open","g per 100 m of net","2","500-1000","9.08","7.94","7.94"
"2048",1605,"Catch","Individual species","Scorpaenidae","Scorpaena","porcus",NA,"Catch (numbers or weight)","Standard error","NTZ","Tabarca Marine Reserve","Buffer zone then transitional zone then open","g per 100 m of net","3","2000-3000","1.82","10.25","10.25"
"2049",1605,"Catch","Individual species","Scorpaenidae","Scorpaena","porcus",NA,"Catch (numbers or weight)","Standard error","NTZ","Tabarca Marine Reserve","Buffer zone then transitional zone then open","g per 100 m of net","4",NA,NA,NA,NA
"2050",1605,"Catch","Individual species","Scorpaenidae","Scorpaena","porcus",NA,"Catch (numbers or weight)","Standard error","NTZ","Tabarca Marine Reserve","Buffer zone then transitional zone then open","g per 100 m of net","5",NA,NA,NA,NA
"2051",1605,"Catch","Individual species","Sparidae","Spicara","maena",NA,"Catch (numbers or weight)","Standard error","NTZ","Tabarca Marine Reserve","Buffer zone then transitional zone then open","g per 100 m ofnet","1","<500","94.67","35.97","35.97"
"2052",1605,"Catch","Individual species","Sparidae","Spicara","maena",NA,"Catch (numbers or weight)","Standard error","NTZ","Tabarca Marine Reserve","Buffer zone then transitional zone then open","g per 100 m ofnet","2","500-1000","36.48","15.34","15.34"
"2053",1605,"Catch","Individual species","Sparidae","Spicara","maena",NA,"Catch (numbers or weight)","Standard error","NTZ","Tabarca Marine Reserve","Buffer zone then transitional zone then open","g per 100 m ofnet","3","2000-3000","67.19","28.82","28.82"
"2054",1605,"Catch","Individual species","Sparidae","Spicara","maena",NA,"Catch (numbers or weight)","Standard error","NTZ","Tabarca Marine Reserve","Buffer zone then transitional zone then open","g per 100 m ofnet","4",NA,NA,NA,NA
"2055",1605,"Catch","Individual species","Sparidae","Spicara","maena",NA,"Catch (numbers or weight)","Standard error","NTZ","Tabarca Marine Reserve","Buffer zone then transitional zone then open","g per 100 m ofnet","5",NA,NA,NA,NA
"2056",1605,"Catch","Individual species","Sparidae","Spicara","maena",NA,"Catch (numbers or weight)","Standard error","NTZ","Tabarca Marine Reserve","Buffer zone then transitional zone then open","g per 100 m of net","1","<500","0","0","0"
"2057",1605,"Catch","Individual species","Sparidae","Spicara","maena",NA,"Catch (numbers or weight)","Standard error","NTZ","Tabarca Marine Reserve","Buffer zone then transitional zone then open","g per 100 m of net","2","500-1000","2.07","1.75","1.75"
"2058",1605,"Catch","Individual species","Sparidae","Spicara","maena",NA,"Catch (numbers or weight)","Standard error","NTZ","Tabarca Marine Reserve","Buffer zone then transitional zone then open","g per 100 m of net","3","2000-3000","32.59","9.57","9.57"
"2059",1605,"Catch","Individual species","Sparidae","Spicara","maena",NA,"Catch (numbers or weight)","Standard error","NTZ","Tabarca Marine Reserve","Buffer zone then transitional zone then open","g per 100 m of net","4",NA,NA,NA,NA
"2060",1605,"Catch","Individual species","Sparidae","Spicara","maena",NA,"Catch (numbers or weight)","Standard error","NTZ","Tabarca Marine Reserve","Buffer zone then transitional zone then open","g per 100 m of net","5",NA,NA,NA,NA
"2061",1605,"Catch","Individual species","Sparidae","Spicara","maena",NA,"Catch (numbers or weight)","Standard error","NTZ","Tabarca Marine Reserve","Buffer zone then transitional zone then open","g per 100 m of net","1","<500","0","0","0"
"2062",1605,"Catch","Individual species","Sparidae","Spicara","maena",NA,"Catch (numbers or weight)","Standard error","NTZ","Tabarca Marine Reserve","Buffer zone then transitional zone then open","g per 100 m of net","2","500-1000","0","0","0"
"2063",1605,"Catch","Individual species","Sparidae","Spicara","maena",NA,"Catch (numbers or weight)","Standard error","NTZ","Tabarca Marine Reserve","Buffer zone then transitional zone then open","g per 100 m of net","3","2000-3000","2.1","1.41","1.41"
"2064",1605,"Catch","Individual species","Sparidae","Spicara","maena",NA,"Catch (numbers or weight)","Standard error","NTZ","Tabarca Marine Reserve","Buffer zone then transitional zone then open","g per 100 m of net","4",NA,NA,NA,NA
"2065",1605,"Catch","Individual species","Sparidae","Spicara","maena",NA,"Catch (numbers or weight)","Standard error","NTZ","Tabarca Marine Reserve","Buffer zone then transitional zone then open","g per 100 m of net","5",NA,NA,NA,NA
"2066",1605,"Catch","Individual species","Torpedinidae","Torpedo","marmorata",NA,"Catch (numbers or weight)","Standard error","NTZ","Tabarca Marine Reserve","Buffer zone then transitional zone then open","g per 100 m of net","1","<500","73.58","27.6","27.6"
"2067",1605,"Catch","Individual species","Torpedinidae","Torpedo","marmorata",NA,"Catch (numbers or weight)","Standard error","NTZ","Tabarca Marine Reserve","Buffer zone then transitional zone then open","g per 100 m of net","2","500-1000","51.48","24.83","24.83"
"2068",1605,"Catch","Individual species","Torpedinidae","Torpedo","marmorata",NA,"Catch (numbers or weight)","Standard error","NTZ","Tabarca Marine Reserve","Buffer zone then transitional zone then open","g per 100 m of net","3","2000-3000","42.24","22.41","22.41"
"2069",1605,"Catch","Individual species","Torpedinidae","Torpedo","marmorata",NA,"Catch (numbers or weight)","Standard error","NTZ","Tabarca Marine Reserve","Buffer zone then transitional zone then open","g per 100 m of net","4",NA,NA,NA,NA
"2070",1605,"Catch","Individual species","Torpedinidae","Torpedo","marmorata",NA,"Catch (numbers or weight)","Standard error","NTZ","Tabarca Marine Reserve","Buffer zone then transitional zone then open","g per 100 m of net","5",NA,NA,NA,NA
"2071",1605,"Catch","Individual species","Torpedinidae","Torpedo","marmorata",NA,"Catch (numbers or weight)","Standard error","NTZ","Tabarca Marine Reserve","Buffer zone then transitional zone then open","g per 100 m of net","1","<500","202.4","60.72","60.72"
"2072",1605,"Catch","Individual species","Torpedinidae","Torpedo","marmorata",NA,"Catch (numbers or weight)","Standard error","NTZ","Tabarca Marine Reserve","Buffer zone then transitional zone then open","g per 100 m of net","2","500-1000","159.72","47.11","47.11"
"2073",1605,"Catch","Individual species","Torpedinidae","Torpedo","marmorata",NA,"Catch (numbers or weight)","Standard error","NTZ","Tabarca Marine Reserve","Buffer zone then transitional zone then open","g per 100 m of net","3","2000-3000","100.81","34.36","34.36"
"2074",1605,"Catch","Individual species","Torpedinidae","Torpedo","marmorata",NA,"Catch (numbers or weight)","Standard error","NTZ","Tabarca Marine Reserve","Buffer zone then transitional zone then open","g per 100 m of net","4",NA,NA,NA,NA
"2075",1605,"Catch","Individual species","Torpedinidae","Torpedo","marmorata",NA,"Catch (numbers or weight)","Standard error","NTZ","Tabarca Marine Reserve","Buffer zone then transitional zone then open","g per 100 m of net","5",NA,NA,NA,NA
"2076",1605,"Catch","Individual species","Torpedinidae","Torpedo","marmorata",NA,"Catch (numbers or weight)","Standard error","NTZ","Tabarca Marine Reserve","Buffer zone then transitional zone then open","g per 100 m of net","1","<500","78.84","42.93","42.93"
"2077",1605,"Catch","Individual species","Torpedinidae","Torpedo","marmorata",NA,"Catch (numbers or weight)","Standard error","NTZ","Tabarca Marine Reserve","Buffer zone then transitional zone then open","g per 100 m of net","2","500-1000","100.83","34.24","34.24"
"2078",1605,"Catch","Individual species","Torpedinidae","Torpedo","marmorata",NA,"Catch (numbers or weight)","Standard error","NTZ","Tabarca Marine Reserve","Buffer zone then transitional zone then open","g per 100 m of net","3","2000-3000","67.3","30.52","30.52"
"2079",1605,"Catch","Individual species","Torpedinidae","Torpedo","marmorata",NA,"Catch (numbers or weight)","Standard error","NTZ","Tabarca Marine Reserve","Buffer zone then transitional zone then open","g per 100 m of net","4",NA,NA,NA,NA
"2080",1605,"Catch","Individual species","Torpedinidae","Torpedo","marmorata",NA,"Catch (numbers or weight)","Standard error","NTZ","Tabarca Marine Reserve","Buffer zone then transitional zone then open","g per 100 m of net","5",NA,NA,NA,NA
"2081",1605,"Catch","Individual species","Sparidae","Pagellus","acarne",NA,"Catch (numbers or weight)","Standard error","NTZ","Cerbère-Banyuls Marine Reserve","Restricted use area then open","g per 100 m of net","1","<500","133.04","39.2","39.2"
"2082",1605,"Catch","Individual species","Sparidae","Pagellus","acarne",NA,"Catch (numbers or weight)","Standard error","NTZ","Cerbère-Banyuls Marine Reserve","Restricted use area then open","g per 100 m of net","2","500-1000","83.25","38.5","38.5"
"2083",1605,"Catch","Individual species","Sparidae","Pagellus","acarne",NA,"Catch (numbers or weight)","Standard error","NTZ","Cerbère-Banyuls Marine Reserve","Restricted use area then open","g per 100 m of net","3","2000-3000","43.53","16.44","16.44"
"2084",1605,"Catch","Individual species","Sparidae","Pagellus","acarne",NA,"Catch (numbers or weight)","Standard error","NTZ","Cerbère-Banyuls Marine Reserve","Restricted use area then open","g per 100 m of net","4",NA,NA,NA,NA
"2085",1605,"Catch","Individual species","Sparidae","Pagellus","acarne",NA,"Catch (numbers or weight)","Standard error","NTZ","Cerbère-Banyuls Marine Reserve","Restricted use area then open","g per 100 m of net","5",NA,NA,NA,NA
"2086",1605,"Catch","Individual species","Sparidae","Pagellus","acarne",NA,"Catch (numbers or weight)","Standard error","NTZ","Cerbère-Banyuls Marine Reserve","Restricted use area then open","g per 100 m of net","1","<500","134.08","45.05","45.05"
"2087",1605,"Catch","Individual species","Sparidae","Pagellus","acarne",NA,"Catch (numbers or weight)","Standard error","NTZ","Cerbère-Banyuls Marine Reserve","Restricted use area then open","g per 100 m of net","2","500-1000","21.15","13.08","13.08"
"2088",1605,"Catch","Individual species","Sparidae","Pagellus","acarne",NA,"Catch (numbers or weight)","Standard error","NTZ","Cerbère-Banyuls Marine Reserve","Restricted use area then open","g per 100 m of net","3","2000-3000","44.09","19.53","19.52"
"2089",1605,"Catch","Individual species","Sparidae","Pagellus","acarne",NA,"Catch (numbers or weight)","Standard error","NTZ","Cerbère-Banyuls Marine Reserve","Restricted use area then open","g per 100 m of net","4",NA,NA,NA,NA
"2090",1605,"Catch","Individual species","Sparidae","Pagellus","acarne",NA,"Catch (numbers or weight)","Standard error","NTZ","Cerbère-Banyuls Marine Reserve","Restricted use area then open","g per 100 m of net","5",NA,NA,NA,NA
"2091",1605,"Catch","Individual species","Palinuridae","Palinurus","elephas",NA,"Catch (numbers or weight)","Standard error","NTZ","Cerbère-Banyuls Marine Reserve","Restricted use area then open","g per 100 m of net","1","<500","17.97","13.14","13.14"
"2092",1605,"Catch","Individual species","Palinuridae","Palinurus","elephas",NA,"Catch (numbers or weight)","Standard error","NTZ","Cerbère-Banyuls Marine Reserve","Restricted use area then open","g per 100 m of net","2","500-1000","8.23","8.2","8.2"
"2093",1605,"Catch","Individual species","Palinuridae","Palinurus","elephas",NA,"Catch (numbers or weight)","Standard error","NTZ","Cerbère-Banyuls Marine Reserve","Restricted use area then open","g per 100 m of net","3","2000-3000","0","0","0"
"2094",1605,"Catch","Individual species","Palinuridae","Palinurus","elephas",NA,"Catch (numbers or weight)","Standard error","NTZ","Cerbère-Banyuls Marine Reserve","Restricted use area then open","g per 100 m of net","4",NA,NA,NA,NA
"2095",1605,"Catch","Individual species","Palinuridae","Palinurus","elephas",NA,"Catch (numbers or weight)","Standard error","NTZ","Cerbère-Banyuls Marine Reserve","Restricted use area then open","g per 100 m of net","5",NA,NA,NA,NA
"2096",1605,"Catch","Individual species","Palinuridae","Palinurus","elephas",NA,"Catch (numbers or weight)","Standard error","NTZ","Cerbère-Banyuls Marine Reserve","Restricted use area then open","g per 100 m of net","1","<500","25.36","12.02","12.02"
"2097",1605,"Catch","Individual species","Palinuridae","Palinurus","elephas",NA,"Catch (numbers or weight)","Standard error","NTZ","Cerbère-Banyuls Marine Reserve","Restricted use area then open","g per 100 m of net","2","500-1000","17.43","17.33","17.33"
"2098",1605,"Catch","Individual species","Palinuridae","Palinurus","elephas",NA,"Catch (numbers or weight)","Standard error","NTZ","Cerbère-Banyuls Marine Reserve","Restricted use area then open","g per 100 m of net","3","2000-3000","15.06","15.41","15.41"
"2099",1605,"Catch","Individual species","Palinuridae","Palinurus","elephas",NA,"Catch (numbers or weight)","Standard error","NTZ","Cerbère-Banyuls Marine Reserve","Restricted use area then open","g per 100 m of net","4",NA,NA,NA,NA
"2100",1605,"Catch","Individual species","Palinuridae","Palinurus","elephas",NA,"Catch (numbers or weight)","Standard error","NTZ","Cerbère-Banyuls Marine Reserve","Restricted use area then open","g per 100 m of net","5",NA,NA,NA,NA
"2101",1605,"Catch","Individual species","Mullidae","Mullus","surmuletus",NA,"Catch (numbers or weight)","Standard error","NTZ","Cerbère-Banyuls Marine Reserve","Restricted use area then open","g per 100 m of net","1","<500","33.29","17.13","17.13"
"2102",1605,"Catch","Individual species","Mullidae","Mullus","surmuletus",NA,"Catch (numbers or weight)","Standard error","NTZ","Cerbère-Banyuls Marine Reserve","Restricted use area then open","g per 100 m of net","2","500-1000","82.67","31.51","31.51"
"2103",1605,"Catch","Individual species","Mullidae","Mullus","surmuletus",NA,"Catch (numbers or weight)","Standard error","NTZ","Cerbère-Banyuls Marine Reserve","Restricted use area then open","g per 100 m of net","3","2000-3000","7.72","6.84","6.84"
"2104",1605,"Catch","Individual species","Mullidae","Mullus","surmuletus",NA,"Catch (numbers or weight)","Standard error","NTZ","Cerbère-Banyuls Marine Reserve","Restricted use area then open","g per 100 m of net","4",NA,NA,NA,NA
"2105",1605,"Catch","Individual species","Mullidae","Mullus","surmuletus",NA,"Catch (numbers or weight)","Standard error","NTZ","Cerbère-Banyuls Marine Reserve","Restricted use area then open","g per 100 m of net","5",NA,NA,NA,NA
"2106",1605,"Catch","Individual species","Mullidae","Mullus","surmuletus",NA,"Catch (numbers or weight)","Standard error","NTZ","Cerbère-Banyuls Marine Reserve","Restricted use area then open","g per 100 m of net","1","<500","22.89","11.21","11.21"
"2107",1605,"Catch","Individual species","Mullidae","Mullus","surmuletus",NA,"Catch (numbers or weight)","Standard error","NTZ","Cerbère-Banyuls Marine Reserve","Restricted use area then open","g per 100 m of net","2","500-1000","0","0","0"
"2108",1605,"Catch","Individual species","Mullidae","Mullus","surmuletus",NA,"Catch (numbers or weight)","Standard error","NTZ","Cerbère-Banyuls Marine Reserve","Restricted use area then open","g per 100 m of net","3","2000-3000","7.92","5.61","5.61"
"2109",1605,"Catch","Individual species","Mullidae","Mullus","surmuletus",NA,"Catch (numbers or weight)","Standard error","NTZ","Cerbère-Banyuls Marine Reserve","Restricted use area then open","g per 100 m of net","4",NA,NA,NA,NA
"2110",1605,"Catch","Individual species","Mullidae","Mullus","surmuletus",NA,"Catch (numbers or weight)","Standard error","NTZ","Cerbère-Banyuls Marine Reserve","Restricted use area then open","g per 100 m of net","5",NA,NA,NA,NA
"2111",1605,"Catch","Individual species","Sepiidae","Sepia","officinalis",NA,"Catch (numbers or weight)","Standard error","NTZ","Cerbère-Banyuls Marine Reserve","Restricted use area then open","g per 100 m of net","1","<500","74.74","37.26","37.26"
"2112",1605,"Catch","Individual species","Sepiidae","Sepia","officinalis",NA,"Catch (numbers or weight)","Standard error","NTZ","Cerbère-Banyuls Marine Reserve","Restricted use area then open","g per 100 m of net","2","500-1000","40.29","30.37","30.37"
"2113",1605,"Catch","Individual species","Sepiidae","Sepia","officinalis",NA,"Catch (numbers or weight)","Standard error","NTZ","Cerbère-Banyuls Marine Reserve","Restricted use area then open","g per 100 m of net","3","2000-3000","54.08","28.19","28.19"
"2114",1605,"Catch","Individual species","Sepiidae","Sepia","officinalis",NA,"Catch (numbers or weight)","Standard error","NTZ","Cerbère-Banyuls Marine Reserve","Restricted use area then open","g per 100 m of net","4",NA,NA,NA,NA
"2115",1605,"Catch","Individual species","Sepiidae","Sepia","officinalis",NA,"Catch (numbers or weight)","Standard error","NTZ","Cerbère-Banyuls Marine Reserve","Restricted use area then open","g per 100 m of net","5",NA,NA,NA,NA
"2116",1605,"Catch","Individual species","Sepiidae","Sepia","officinalis",NA,"Catch (numbers or weight)","Standard error","NTZ","Cerbère-Banyuls Marine Reserve","Restricted use area then open","g per 100 m of net","1","<500","55.66","30.76","30.76"
"2117",1605,"Catch","Individual species","Sepiidae","Sepia","officinalis",NA,"Catch (numbers or weight)","Standard error","NTZ","Cerbère-Banyuls Marine Reserve","Restricted use area then open","g per 100 m of net","2","500-1000","18.33","11.29","11.29"
"2118",1605,"Catch","Individual species","Sepiidae","Sepia","officinalis",NA,"Catch (numbers or weight)","Standard error","NTZ","Cerbère-Banyuls Marine Reserve","Restricted use area then open","g per 100 m of net","3","2000-3000","148.2","77.98","77.98"
"2119",1605,"Catch","Individual species","Sepiidae","Sepia","officinalis",NA,"Catch (numbers or weight)","Standard error","NTZ","Cerbère-Banyuls Marine Reserve","Restricted use area then open","g per 100 m of net","4",NA,NA,NA,NA
"2120",1605,"Catch","Individual species","Sepiidae","Sepia","officinalis",NA,"Catch (numbers or weight)","Standard error","NTZ","Cerbère-Banyuls Marine Reserve","Restricted use area then open","g per 100 m of net","5",NA,NA,NA,NA
"2121",1605,"Catch","Individual species","Uranoscopidae","Uranoscopus","scaber",NA,"Catch (numbers or weight)","Standard error","NTZ","Cerbère-Banyuls Marine Reserve","Restricted use area then open","g per 100 m of net","1","<500","38.14","17.06","17.06"
"2122",1605,"Catch","Individual species","Uranoscopidae","Uranoscopus","scaber",NA,"Catch (numbers or weight)","Standard error","NTZ","Cerbère-Banyuls Marine Reserve","Restricted use area then open","g per 100 m of net","2","500-1000","18.55","18.69","18.69"
"2123",1605,"Catch","Individual species","Uranoscopidae","Uranoscopus","scaber",NA,"Catch (numbers or weight)","Standard error","NTZ","Cerbère-Banyuls Marine Reserve","Restricted use area then open","g per 100 m of net","3","2000-3000","9.8","6.63","6.63"
"2124",1605,"Catch","Individual species","Uranoscopidae","Uranoscopus","scaber",NA,"Catch (numbers or weight)","Standard error","NTZ","Cerbère-Banyuls Marine Reserve","Restricted use area then open","g per 100 m of net","4",NA,NA,NA,NA
"2125",1605,"Catch","Individual species","Uranoscopidae","Uranoscopus","scaber",NA,"Catch (numbers or weight)","Standard error","NTZ","Cerbère-Banyuls Marine Reserve","Restricted use area then open","g per 100 m of net","5",NA,NA,NA,NA
"2126",1605,"Catch","Individual species","Uranoscopidae","Uranoscopus","scaber",NA,"Catch (numbers or weight)","Standard error","NTZ","Cerbère-Bayuls Marine Reserve","Restricted use area then open","g per 100 m of net","1","<500","56.85","20.95","20.95"
"2127",1605,"Catch","Individual species","Uranoscopidae","Uranoscopus","scaber",NA,"Catch (numbers or weight)","Standard error","NTZ","Cerbère-Bayuls Marine Reserve","Restricted use area then open","g per 100 m of net","2","500-1000","107.23","39.12","39.12"
"2128",1605,"Catch","Individual species","Uranoscopidae","Uranoscopus","scaber",NA,"Catch (numbers or weight)","Standard error","NTZ","Cerbère-Bayuls Marine Reserve","Restricted use area then open","g per 100 m of net","3","2000-3000","30.42","16.64","16.64"
"2129",1605,"Catch","Individual species","Uranoscopidae","Uranoscopus","scaber",NA,"Catch (numbers or weight)","Standard error","NTZ","Cerbère-Bayuls Marine Reserve","Restricted use area then open","g per 100 m of net","4",NA,NA,NA,NA
"2130",1605,"Catch","Individual species","Uranoscopidae","Uranoscopus","scaber",NA,"Catch (numbers or weight)","Standard error","NTZ","Cerbère-Bayuls Marine Reserve","Restricted use area then open","g per 100 m of net","5",NA,NA,NA,NA
"2131",1616,"Catch","Genus group","Holocentridae","Holocentrus","spp.",NA,"Catch (numbers or weight)",NA,"NTZ","Barabdos Marine Reserve","Yes","Mean no. fish per trap","1","-745","1.28",NA,NA
"2132",1616,"Catch","Genus group","Holocentridae","Holocentrus","spp.",NA,"Catch (numbers or weight)",NA,"NTZ","Barabdos Marine Reserve","Yes","Mean no. fish per trap","2","-550","4.51",NA,NA
"2133",1616,"Catch","Genus group","Holocentridae","Holocentrus","spp.",NA,"Catch (numbers or weight)",NA,"NTZ","Barabdos Marine Reserve","Yes","Mean no. fish per trap","3","-200","0.99",NA,NA
"2134",1616,"Catch","Genus group","Holocentridae","Holocentrus","spp.",NA,"Catch (numbers or weight)",NA,"NTZ","Barabdos Marine Reserve","Yes","Mean no. fish per trap","4","-100","1.51",NA,NA
"2135",1616,"Catch","Genus group","Holocentridae","Holocentrus","spp.",NA,"Catch (numbers or weight)",NA,"NTZ","Barabdos Marine Reserve","Yes","Mean no. fish per trap","5","0","0.41",NA,NA
"2136",1616,"Catch","Genus group","Holocentridae","Holocentrus","spp.",NA,"Catch (numbers or weight)",NA,"NTZ","Barbados Marine Reserve","Yes","Mean no. fish per trap","1","145","0.46",NA,NA
"2137",1616,"Catch","Genus group","Holocentridae","Holocentrus","spp.",NA,"Catch (numbers or weight)",NA,"NTZ","Barbados Marine Reserve","Yes","Mean no. fish per trap","2","400","0.05",NA,NA
"2138",1616,"Catch","Genus group","Holocentridae","Holocentrus","spp.",NA,"Catch (numbers or weight)",NA,"NTZ","Barbados Marine Reserve","Yes","Mean no. fish per trap","3","600","0.48",NA,NA
"2139",1616,"Catch","Genus group","Holocentridae","Holocentrus","spp.",NA,"Catch (numbers or weight)",NA,"NTZ","Barbados Marine Reserve","Yes","Mean no. fish per trap","4","750","0.49",NA,NA
"2140",1616,"Catch","Genus group","Holocentridae","Holocentrus","spp.",NA,"Catch (numbers or weight)",NA,"NTZ","Barbados Marine Reserve","Yes","Mean no. fish per trap","5","1000","1.63",NA,NA
"2141",1616,"Catch","Genus group","Holocentridae","Holocentrus","spp.",NA,"Catch (numbers or weight)",NA,"NTZ","Barbados Marine Reserve","Yes","Mean no. fish per trap","1","1350","0",NA,NA
"2142",1616,"Catch","Genus group","Holocentridae","Holocentrus","spp.",NA,"Catch (numbers or weight)",NA,"NTZ","Barbados Marine Reserve","Yes","Mean no. fish per trap","2","2100","1.27",NA,NA
"2143",1616,"Catch","Genus group","Holocentridae","Holocentrus","spp.",NA,"Catch (numbers or weight)",NA,"NTZ","Barbados Marine Reserve","Yes","Mean no. fish per trap","3",NA,NA,NA,NA
"2144",1616,"Catch","Genus group","Holocentridae","Holocentrus","spp.",NA,"Catch (numbers or weight)",NA,"NTZ","Barbados Marine Reserve","Yes","Mean no. fish per trap","4",NA,NA,NA,NA
"2145",1616,"Catch","Genus group","Holocentridae","Holocentrus","spp.",NA,"Catch (numbers or weight)",NA,"NTZ","Barbados Marine Reserve","Yes","Mean no. fish per trap","5",NA,NA,NA,NA
"2146",1616,"Catch","Individual species","Haemulidae","Haemulon","flavolineatum",NA,"Catch (numbers or weight)",NA,"NTZ","Barbados Marine Reserve","Yes","Mean no. fish per trap","1","-745","5.77",NA,NA
"2147",1616,"Catch","Individual species","Haemulidae","Haemulon","flavolineatum",NA,"Catch (numbers or weight)",NA,"NTZ","Barbados Marine Reserve","Yes","Mean no. fish per trap","2","-550","1.23",NA,NA
"2148",1616,"Catch","Individual species","Haemulidae","Haemulon","flavolineatum",NA,"Catch (numbers or weight)",NA,"NTZ","Barbados Marine Reserve","Yes","Mean no. fish per trap","3","-200","0.5",NA,NA
"2149",1616,"Catch","Individual species","Haemulidae","Haemulon","flavolineatum",NA,"Catch (numbers or weight)",NA,"NTZ","Barbados Marine Reserve","Yes","Mean no. fish per trap","4","-100","3.49",NA,NA
"2150",1616,"Catch","Individual species","Haemulidae","Haemulon","flavolineatum",NA,"Catch (numbers or weight)",NA,"NTZ","Barbados Marine Reserve","Yes","Mean no. fish per trap","5","0","2",NA,NA
"2151",1616,"Catch","Individual species","Haemulidae","Haemulon","flavolineatum",NA,"Catch (numbers or weight)",NA,"NTZ","Barbados Marine Reserve","Yes","Mean no. fish per trap","1","145","5.02",NA,NA
"2152",1616,"Catch","Individual species","Haemulidae","Haemulon","flavolineatum",NA,"Catch (numbers or weight)",NA,"NTZ","Barbados Marine Reserve","Yes","Mean no. fish per trap","2","400","1.75",NA,NA
"2153",1616,"Catch","Individual species","Haemulidae","Haemulon","flavolineatum",NA,"Catch (numbers or weight)",NA,"NTZ","Barbados Marine Reserve","Yes","Mean no. fish per trap","3","600","3.74",NA,NA
"2154",1616,"Catch","Individual species","Haemulidae","Haemulon","flavolineatum",NA,"Catch (numbers or weight)",NA,"NTZ","Barbados Marine Reserve","Yes","Mean no. fish per trap","4","750","0.54",NA,NA
"2155",1616,"Catch","Individual species","Haemulidae","Haemulon","flavolineatum",NA,"Catch (numbers or weight)",NA,"NTZ","Barbados Marine Reserve","Yes","Mean no. fish per trap","5","1000","0.69",NA,NA
"2156",1616,"Catch","Individual species","Haemulidae","Haemulon","flavolineatum",NA,"Catch (numbers or weight)",NA,"NTZ","Barbados Marine Reserve","Yes","Mean no. fish per trap","1","1350","3.32",NA,NA
"2157",1616,"Catch","Individual species","Haemulidae","Haemulon","flavolineatum",NA,"Catch (numbers or weight)",NA,"NTZ","Barbados Marine Reserve","Yes","Mean no. fish per trap","2","2100","1.06",NA,NA
"2158",1616,"Catch","Individual species","Haemulidae","Haemulon","flavolineatum",NA,"Catch (numbers or weight)",NA,"NTZ","Barbados Marine Reserve","Yes","Mean no. fish per trap","3",NA,NA,NA,NA
"2159",1616,"Catch","Individual species","Haemulidae","Haemulon","flavolineatum",NA,"Catch (numbers or weight)",NA,"NTZ","Barbados Marine Reserve","Yes","Mean no. fish per trap","4",NA,NA,NA,NA
"2160",1616,"Catch","Individual species","Haemulidae","Haemulon","flavolineatum",NA,"Catch (numbers or weight)",NA,"NTZ","Barbados Marine Reserve","Yes","Mean no. fish per trap","5",NA,NA,NA,NA
"2161",1616,"Catch","Individual species","Chaetodontidae","Chaetodon","striatus",NA,"Catch (numbers or weight)",NA,"NTZ","Barbados Marine Reserve","Yes","Mean no. of fish per trap","1","-745","5.42",NA,NA
"2162",1616,"Catch","Individual species","Chaetodontidae","Chaetodon","striatus",NA,"Catch (numbers or weight)",NA,"NTZ","Barbados Marine Reserve","Yes","Mean no. of fish per trap","2","-550","11.44",NA,NA
"2163",1616,"Catch","Individual species","Chaetodontidae","Chaetodon","striatus",NA,"Catch (numbers or weight)",NA,"NTZ","Barbados Marine Reserve","Yes","Mean no. of fish per trap","3","-200","5.92",NA,NA
"2164",1616,"Catch","Individual species","Chaetodontidae","Chaetodon","striatus",NA,"Catch (numbers or weight)",NA,"NTZ","Barbados Marine Reserve","Yes","Mean no. of fish per trap","4","-100","7.94",NA,NA
"2165",1616,"Catch","Individual species","Chaetodontidae","Chaetodon","striatus",NA,"Catch (numbers or weight)",NA,"NTZ","Barbados Marine Reserve","Yes","Mean no. of fish per trap","5","0","5.36",NA,NA
"2166",1616,"Catch","Individual species","Chaetodontidae","Chaetodon","striatus",NA,"Catch (numbers or weight)",NA,"NTZ","Barbados Marine Reserve","Yes","Mean no. fish per trap","1","145","0.57",NA,NA
"2167",1616,"Catch","Individual species","Chaetodontidae","Chaetodon","striatus",NA,"Catch (numbers or weight)",NA,"NTZ","Barbados Marine Reserve","Yes","Mean no. fish per trap","2","400","3.24",NA,NA
"2168",1616,"Catch","Individual species","Chaetodontidae","Chaetodon","striatus",NA,"Catch (numbers or weight)",NA,"NTZ","Barbados Marine Reserve","Yes","Mean no. fish per trap","3","600","0.23",NA,NA
"2169",1616,"Catch","Individual species","Chaetodontidae","Chaetodon","striatus",NA,"Catch (numbers or weight)",NA,"NTZ","Barbados Marine Reserve","Yes","Mean no. fish per trap","4","740","0.73",NA,NA
"2170",1616,"Catch","Individual species","Chaetodontidae","Chaetodon","striatus",NA,"Catch (numbers or weight)",NA,"NTZ","Barbados Marine Reserve","Yes","Mean no. fish per trap","5","1000","3.95",NA,NA
"2171",1616,"Catch","Individual species","Chaetodontidae","Chaetodon","striatus",NA,"Catch (numbers or weight)",NA,"NTZ","Barbados Marine Reserve","Yes","Mean no. fish per trap","1","1350","1.02",NA,NA
"2172",1616,"Catch","Individual species","Chaetodontidae","Chaetodon","striatus",NA,"Catch (numbers or weight)",NA,"NTZ","Barbados Marine Reserve","Yes","Mean no. fish per trap","2","2100","0.02",NA,NA
"2173",1616,"Catch","Individual species","Chaetodontidae","Chaetodon","striatus",NA,"Catch (numbers or weight)",NA,"NTZ","Barbados Marine Reserve","Yes","Mean no. fish per trap","3",NA,NA,NA,NA
"2174",1616,"Catch","Individual species","Chaetodontidae","Chaetodon","striatus",NA,"Catch (numbers or weight)",NA,"NTZ","Barbados Marine Reserve","Yes","Mean no. fish per trap","4",NA,NA,NA,NA
"2175",1616,"Catch","Individual species","Chaetodontidae","Chaetodon","striatus",NA,"Catch (numbers or weight)",NA,"NTZ","Barbados Marine Reserve","Yes","Mean no. fish per trap","5",NA,NA,NA,NA
"2176",1616,"Catch","Individual species","Pomacentridae","Microspathodon","chrysurus",NA,"Catch (numbers or weight)",NA,"NTZ","Barbados Marine Reserve","Yes","Mean no. fish per trap","1","-745","1.72",NA,NA
"2177",1616,"Catch","Individual species","Pomacentridae","Microspathodon","chrysurus",NA,"Catch (numbers or weight)",NA,"NTZ","Barbados Marine Reserve","Yes","Mean no. fish per trap","2","-550","0.71",NA,NA
"2178",1616,"Catch","Individual species","Pomacentridae","Microspathodon","chrysurus",NA,"Catch (numbers or weight)",NA,"NTZ","Barbados Marine Reserve","Yes","Mean no. fish per trap","3","-200","4.93",NA,NA
"2179",1616,"Catch","Individual species","Pomacentridae","Microspathodon","chrysurus",NA,"Catch (numbers or weight)",NA,"NTZ","Barbados Marine Reserve","Yes","Mean no. fish per trap","4","-100","0",NA,NA
"2180",1616,"Catch","Individual species","Pomacentridae","Microspathodon","chrysurus",NA,"Catch (numbers or weight)",NA,"NTZ","Barbados Marine Reserve","Yes","Mean no. fish per trap","5","0","1.75",NA,NA
"2181",1616,"Catch","Individual species","Pomacentridae","Microspathodon","chrysurus",NA,"Catch (numbers or weight)",NA,"NTZ","Barbados Marine Reserve","Yes","Mean no. fish per trap","1","145","2.4",NA,NA
"2182",1616,"Catch","Individual species","Pomacentridae","Microspathodon","chrysurus",NA,"Catch (numbers or weight)",NA,"NTZ","Barbados Marine Reserve","Yes","Mean no. fish per trap","2","400","1.09",NA,NA
"2183",1616,"Catch","Individual species","Pomacentridae","Microspathodon","chrysurus",NA,"Catch (numbers or weight)",NA,"NTZ","Barbados Marine Reserve","Yes","Mean no. fish per trap","3","600","5.65",NA,NA
"2184",1616,"Catch","Individual species","Pomacentridae","Microspathodon","chrysurus",NA,"Catch (numbers or weight)",NA,"NTZ","Barbados Marine Reserve","Yes","Mean no. fish per trap","4","750","2.65",NA,NA
"2185",1616,"Catch","Individual species","Pomacentridae","Microspathodon","chrysurus",NA,"Catch (numbers or weight)",NA,"NTZ","Barbados Marine Reserve","Yes","Mean no. fish per trap","5","1000","0.67",NA,NA
"2186",1616,"Catch","Individual species","Pomacentridae","Microspathodon","striatus",NA,"Catch (numbers or weight)",NA,"NTZ","Barbados Marine Reserve","Yes","Mean no. fish per trap","1","1350","1.91",NA,NA
"2187",1616,"Catch","Individual species","Pomacentridae","Microspathodon","striatus",NA,"Catch (numbers or weight)",NA,"NTZ","Barbados Marine Reserve","Yes","Mean no. fish per trap","2","2100","3.87",NA,NA
"2188",1616,"Catch","Individual species","Pomacentridae","Microspathodon","striatus",NA,"Catch (numbers or weight)",NA,"NTZ","Barbados Marine Reserve","Yes","Mean no. fish per trap","3",NA,NA,NA,NA
"2189",1616,"Catch","Individual species","Pomacentridae","Microspathodon","striatus",NA,"Catch (numbers or weight)",NA,"NTZ","Barbados Marine Reserve","Yes","Mean no. fish per trap","4",NA,NA,NA,NA
"2190",1616,"Catch","Individual species","Pomacentridae","Microspathodon","striatus",NA,"Catch (numbers or weight)",NA,"NTZ","Barbados Marine Reserve","Yes","Mean no. fish per trap","5",NA,NA,NA,NA
"2191",1616,"Catch","Genus group","Scaridae","Scarus","spp.",NA,"Catch (numbers or weight)",NA,"NTZ","Barbados Marine Reserve","Yes","Mean no. fish per trap","1","-745","6.45",NA,NA
"2192",1616,"Catch","Genus group","Scaridae","Scarus","spp.",NA,"Catch (numbers or weight)",NA,"NTZ","Barbados Marine Reserve","Yes","Mean no. fish per trap","2","-550","0.29",NA,NA
"2193",1616,"Catch","Genus group","Scaridae","Scarus","spp.",NA,"Catch (numbers or weight)",NA,"NTZ","Barbados Marine Reserve","Yes","Mean no. fish per trap","3","-200","1.5",NA,NA
"2194",1616,"Catch","Genus group","Scaridae","Scarus","spp.",NA,"Catch (numbers or weight)",NA,"NTZ","Barbados Marine Reserve","Yes","Mean no. fish per trap","4","-100","5.52",NA,NA
"2195",1616,"Catch","Genus group","Scaridae","Scarus","spp.",NA,"Catch (numbers or weight)",NA,"NTZ","Barbados Marine Reserve","Yes","Mean no. fish per trap","5","0","6.22",NA,NA
"2196",1616,"Catch","Individual species","Scaridae","Scarus","spp.",NA,"Catch (numbers or weight)",NA,"NTZ","Barbados Marine Reserve","Yes","Mean no. fish per trap","1","145","0.99",NA,NA
"2197",1616,"Catch","Individual species","Scaridae","Scarus","spp.",NA,"Catch (numbers or weight)",NA,"NTZ","Barbados Marine Reserve","Yes","Mean no. fish per trap","2","400","3.76",NA,NA
"2198",1616,"Catch","Individual species","Scaridae","Scarus","spp.",NA,"Catch (numbers or weight)",NA,"NTZ","Barbados Marine Reserve","Yes","Mean no. fish per trap","3","600","0.49",NA,NA
"2199",1616,"Catch","Individual species","Scaridae","Scarus","spp.",NA,"Catch (numbers or weight)",NA,"NTZ","Barbados Marine Reserve","Yes","Mean no. fish per trap","4","750","0.49",NA,NA
"2200",1616,"Catch","Individual species","Scaridae","Scarus","spp.",NA,"Catch (numbers or weight)",NA,"NTZ","Barbados Marine Reserve","Yes","Mean no. fish per trap","5","1000","1.36",NA,NA
"2201",1616,"Catch","Genus group","Scaridae","Scarus","spp.",NA,"Catch (numbers or weight)",NA,"NTZ","Barbados Marine Reserve","Yes","Mean no. fish per trap","1","1350","0.68",NA,NA
"2202",1616,"Catch","Genus group","Scaridae","Scarus","spp.",NA,"Catch (numbers or weight)",NA,"NTZ","Barbados Marine Reserve","Yes","Mean no. fish per trap","2","2100","0.36",NA,NA
"2203",1616,"Catch","Genus group","Scaridae","Scarus","spp.",NA,"Catch (numbers or weight)",NA,"NTZ","Barbados Marine Reserve","Yes","Mean no. fish per trap","3",NA,NA,NA,NA
"2204",1616,"Catch","Genus group","Scaridae","Scarus","spp.",NA,"Catch (numbers or weight)",NA,"NTZ","Barbados Marine Reserve","Yes","Mean no. fish per trap","4",NA,NA,NA,NA
"2205",1616,"Catch","Genus group","Scaridae","Scarus","spp.",NA,"Catch (numbers or weight)",NA,"NTZ","Barbados Marine Reserve","Yes","Mean no. fish per trap","5",NA,NA,NA,NA
"2206",1616,"Catch","Individual species","Acanthuridae","Acanthurus","bahianus",NA,"Catch (numbers or weight)",NA,"NTZ","Barbados Marine Reserve","Yes","Mean no. fish per trap","1","-745","3.46",NA,NA
"2207",1616,"Catch","Individual species","Acanthuridae","Acanthurus","bahianus",NA,"Catch (numbers or weight)",NA,"NTZ","Barbados Marine Reserve","Yes","Mean no. fish per trap","2","-550","2.71",NA,NA
"2208",1616,"Catch","Individual species","Acanthuridae","Acanthurus","bahianus",NA,"Catch (numbers or weight)",NA,"NTZ","Barbados Marine Reserve","Yes","Mean no. fish per trap","3","-200","4.46",NA,NA
"2209",1616,"Catch","Individual species","Acanthuridae","Acanthurus","bahianus",NA,"Catch (numbers or weight)",NA,"NTZ","Barbados Marine Reserve","Yes","Mean no. fish per trap","4","-100","4.71",NA,NA
"2210",1616,"Catch","Individual species","Acanthuridae","Acanthurus","bahianus",NA,"Catch (numbers or weight)",NA,"NTZ","Barbados Marine Reserve","Yes","Mean no. fish per trap","5","0","7",NA,NA
"2211",1616,"Catch","Individual species","Acanthuridae","Acanthurus","bahianus",NA,"Catch (numbers or weight)",NA,"NTZ","Barbados Marine Reserve","Yes","Mean no. fish per trap","1","145","15.47",NA,NA
"2212",1616,"Catch","Individual species","Acanthuridae","Acanthurus","bahianus",NA,"Catch (numbers or weight)",NA,"NTZ","Barbados Marine Reserve","Yes","Mean no. fish per trap","2","400","1.95",NA,NA
"2213",1616,"Catch","Individual species","Acanthuridae","Acanthurus","bahianus",NA,"Catch (numbers or weight)",NA,"NTZ","Barbados Marine Reserve","Yes","Mean no. fish per trap","3","600","8.67",NA,NA
"2214",1616,"Catch","Individual species","Acanthuridae","Acanthurus","bahianus",NA,"Catch (numbers or weight)",NA,"NTZ","Barbados Marine Reserve","Yes","Mean no. fish per trap","4","750","6.48",NA,NA
"2215",1616,"Catch","Individual species","Acanthuridae","Acanthurus","bahianus",NA,"Catch (numbers or weight)",NA,"NTZ","Barbados Marine Reserve","Yes","Mean no. fish per trap","5","1000","0",NA,NA
"2216",1616,"Catch","Individual species","Acanthuridae","Acanthurus","bahianus",NA,"Catch (numbers or weight)",NA,"NTZ","Barbados Marine Reserve","Yes","Mean no. fish per trap","1","1350","1.59",NA,NA
"2217",1616,"Catch","Individual species","Acanthuridae","Acanthurus","bahianus",NA,"Catch (numbers or weight)",NA,"NTZ","Barbados Marine Reserve","Yes","Mean no. fish per trap","2","2100","2.93",NA,NA
"2218",1616,"Catch","Individual species","Acanthuridae","Acanthurus","bahianus",NA,"Catch (numbers or weight)",NA,"NTZ","Barbados Marine Reserve","Yes","Mean no. fish per trap","3",NA,NA,NA,NA
"2219",1616,"Catch","Individual species","Acanthuridae","Acanthurus","bahianus",NA,"Catch (numbers or weight)",NA,"NTZ","Barbados Marine Reserve","Yes","Mean no. fish per trap","4",NA,NA,NA,NA
"2220",1616,"Catch","Individual species","Acanthuridae","Acanthurus","bahianus",NA,"Catch (numbers or weight)",NA,"NTZ","Barbados Marine Reserve","Yes","Mean no. fish per trap","5",NA,NA,NA,NA
"2221",1616,"Transect count","Trappable size fish (Backreef)",NA,NA,NA,NA,"Density",NA,"NTZ","Barbados Marine Reserve","Yes","Mean number of fish per 240 m^3","1","-750","77.18",NA,NA
"2222",1616,"Transect count","Trappable size fish (Backreef)",NA,NA,NA,NA,"Density",NA,"NTZ","Barbados Marine Reserve","Yes","Mean number of fish per 240 m^3","2","-550","131.26",NA,NA
"2223",1616,"Transect count","Trappable size fish (Backreef)",NA,NA,NA,NA,"Density",NA,"NTZ","Barbados Marine Reserve","Yes","Mean number of fish per 240 m^3","3","-200","184.09",NA,NA
"2224",1616,"Transect count","Trappable size fish (Backreef)",NA,NA,NA,NA,"Density",NA,"NTZ","Barbados Marine Reserve","Yes","Mean number of fish per 240 m^3","4","-100","153.51","nA",NA
"2225",1616,"Transect count","Trappable size fish (Backreef)",NA,NA,NA,NA,"Density",NA,"NTZ","Barbados Marine Reserve","Yes","Mean number of fish per 240 m^3","5","0","177.42",NA,NA
"2226",1616,"Transect count","Trappable size fish (Backreef)",NA,NA,NA,NA,"Density",NA,"NTZ","Barbados Marine Reserve","Yes","Mean number of fish per 240 m^3","1","135","82.37",NA,NA
"2227",1616,"Transect count","Trappable size fish (Backreef)",NA,NA,NA,NA,"Density",NA,"NTZ","Barbados Marine Reserve","Yes","Mean number of fish per 240 m^3","2","400","126.36",NA,NA
"2228",1616,"Transect count","Trappable size fish (Backreef)",NA,NA,NA,NA,"Density",NA,"NTZ","Barbados Marine Reserve","Yes","Mean number of fish per 240 m^3","3","600","54.26",NA,NA
"2229",1616,"Transect count","Trappable size fish (Backreef)",NA,NA,NA,NA,"Density",NA,"NTZ","Barbados Marine Reserve","Yes","Mean number of fish per 240 m^3","4","750","39.72",NA,NA
"2230",1616,"Transect count","Trappable size fish (Backreef)",NA,NA,NA,NA,"Density",NA,"NTZ","Barbados Marine Reserve","Yes","Mean number of fish per 240 m^3","5","1000","59.33",NA,NA
"2231",1616,"Transect count","Trappable size fish (Backreef)",NA,NA,NA,NA,"Density",NA,"NTZ","Barbados Marine Reserve","Yes","Mean number of fish per 240 m^3","1","1300","32.62",NA,NA
"2232",1616,"Transect count","Trappable size fish (Backreef)",NA,NA,NA,NA,"Density",NA,"NTZ","Barbados Marine Reserve","Yes","Mean number of fish per 240 m^3","2","2100","34.89",NA,NA
"2233",1616,"Transect count","Trappable size fish (Backreef)",NA,NA,NA,NA,"Density",NA,"NTZ","Barbados Marine Reserve","Yes","Mean number of fish per 240 m^3","3","2600","45.95",NA,NA
"2234",1616,"Transect count","Trappable size fish (Backreef)",NA,NA,NA,NA,"Density",NA,"NTZ","Barbados Marine Reserve","Yes","Mean number of fish per 240 m^3","4",NA,NA,NA,NA
"2235",1616,"Transect count","Trappable size fish (Backreef)",NA,NA,NA,NA,"Density",NA,"NTZ","Barbados Marine Reserve","Yes","Mean number of fish per 240 m^3","5",NA,NA,NA,NA
"2236",1616,"Transect count","Trappable size fish (Crest-spur zone)",NA,NA,NA,NA,"Density",NA,"NTZ","Barbados Marine Reserve","Yes","Mean number of fish per 240 m^3","1","-750","206.72",NA,NA
"2237",1616,"Transect count","Trappable size fish (Crest-spur zone)",NA,NA,NA,NA,"Density",NA,"NTZ","Barbados Marine Reserve","Yes","Mean number of fish per 240 m^3","2","-550","153.42",NA,NA
"2238",1616,"Transect count","Trappable size fish (Crest-spur zone)",NA,NA,NA,NA,"Density",NA,"NTZ","Barbados Marine Reserve","Yes","Mean number of fish per 240 m^3","3","-200","159.33",NA,NA
"2239",1616,"Transect count","Trappable size fish (Crest-spur zone)",NA,NA,NA,NA,"Density",NA,"NTZ","Barbados Marine Reserve","Yes","Mean number of fish per 240 m^3","4","-100","175.75",NA,NA
"2240",1616,"Transect count","Trappable size fish (Crest-spur zone)",NA,NA,NA,NA,"Density",NA,"NTZ","Barbados Marine Reserve","Yes","Mean number of fish per 240 m^3","5","0","132.85",NA,NA
"2241",1616,"Transect count","Trappable size fish (Crest-spur zone)",NA,NA,NA,NA,"Density",NA,"NTZ","Barbados Marine Reserve","Yes","Mean number of fish per 240 m^3","1","135","72.35",NA,NA
"2242",1616,"Transect count","Trappable size fish (Crest-spur zone)",NA,NA,NA,NA,"Density",NA,"NTZ","Barbados Marine Reserve","Yes","Mean number of fish per 240 m^3","2","400","79.2",NA,NA
"2243",1616,"Transect count","Trappable size fish (Crest-spur zone)",NA,NA,NA,NA,"Density",NA,"NTZ","Barbados Marine Reserve","Yes","Mean number of fish per 240 m^3","3","600","106.53",NA,NA
"2244",1616,"Transect count","Trappable size fish (Crest-spur zone)",NA,NA,NA,NA,"Density",NA,"NTZ","Barbados Marine Reserve","Yes","Mean number of fish per 240 m^3","4","750","84.03",NA,NA
"2245",1616,"Transect count","Trappable size fish (Crest-spur zone)",NA,NA,NA,NA,"Density",NA,"NTZ","Barbados Marine Reserve","Yes","Mean number of fish per 240 m^3","5","1000","110.49",NA,NA
"2246",1616,"Transect count","Trappable size fish (Crest-spur zone)",NA,NA,NA,NA,"Density",NA,"NTZ","Barbados Marine Reserve","Yes","Mean number of fish per 240 m^3","1","1300","94.2",NA,NA
"2247",1616,"Transect count","Trappable size fish (Crest-spur zone)",NA,NA,NA,NA,"Density",NA,"NTZ","Barbados Marine Reserve","Yes","Mean number of fish per 240 m^3","2","2100","94.96",NA,NA
"2248",1616,"Transect count","Trappable size fish (Crest-spur zone)",NA,NA,NA,NA,"Density",NA,"NTZ","Barbados Marine Reserve","Yes","Mean number of fish per 240 m^3","3","2600","176.59",NA,NA
"2249",1616,"Transect count","Trappable size fish (Crest-spur zone)",NA,NA,NA,NA,"Density",NA,"NTZ","Barbados Marine Reserve","Yes","Mean number of fish per 240 m^3","4",NA,NA,NA,NA
"2250",1616,"Transect count","Trappable size fish (Crest-spur zone)",NA,NA,NA,NA,"Density",NA,"NTZ","Barbados Marine Reserve","Yes","Mean number of fish per 240 m^3","5",NA,NA,NA,NA
"2251",1616,"Transect count","Non-trappable size fish (Backreef)",NA,NA,NA,NA,"Density",NA,"NTZ","Barbados Marine Reserve","Yes","Mean number of fish per 60 m^3","1","-750","160.53",NA,NA
"2252",1616,"Transect count","Non-trappable size fish (Backreef)",NA,NA,NA,NA,"Density",NA,"NTZ","Barbados Marine Reserve","Yes","Mean number of fish per 60 m^3","2","-550","131.45",NA,NA
"2253",1616,"Transect count","Non-trappable size fish (Backreef)",NA,NA,NA,NA,"Density",NA,"NTZ","Barbados Marine Reserve","Yes","Mean number of fish per 60 m^3","3","-200","203.93",NA,NA
"2254",1616,"Transect count","Non-trappable size fish (Backreef)",NA,NA,NA,NA,"Density",NA,"NTZ","Barbados Marine Reserve","Yes","Mean number of fish per 60 m^3","4","-100","121.9",NA,NA
"2255",1616,"Transect count","Non-trappable size fish (Backreef)",NA,NA,NA,NA,"Density",NA,"NTZ","Barbados Marine Reserve","Yes","Mean number of fish per 60 m^3","5","0","125.2",NA,NA
"2256",161,"Stationary count","Non-trappable size fish (Backreef)",NA,NA,NA,NA,"Density",NA,"NTZ","Barbados Marine Reserve","Yes","Mean number of fish per 60 m^3","1","135","147.11",NA,NA
"2257",161,"Stationary count","Non-trappable size fish (Backreef)",NA,NA,NA,NA,"Density",NA,"NTZ","Barbados Marine Reserve","Yes","Mean number of fish per 60 m^3","2","400","170.02",NA,NA
"2258",161,"Stationary count","Non-trappable size fish (Backreef)",NA,NA,NA,NA,"Density",NA,"NTZ","Barbados Marine Reserve","Yes","Mean number of fish per 60 m^3","3","600","204.55",NA,NA
"2259",161,"Stationary count","Non-trappable size fish (Backreef)",NA,NA,NA,NA,"Density",NA,"NTZ","Barbados Marine Reserve","Yes","Mean number of fish per 60 m^3","4","750","166.73",NA,NA
"2260",161,"Stationary count","Non-trappable size fish (Backreef)",NA,NA,NA,NA,"Density",NA,"NTZ","Barbados Marine Reserve","Yes","Mean number of fish per 60 m^3","5","1000","199.08",NA,NA
"2261",1616,"Transect count","Non-trappable size fish (Backreef)",NA,NA,NA,NA,"Density",NA,"NTZ","Barbados Marine Reserve","Yes","Mean number of fish per 60 m^3","1","1300","143.12",NA,NA
"2262",1616,"Transect count","Non-trappable size fish (Backreef)",NA,NA,NA,NA,"Density",NA,"NTZ","Barbados Marine Reserve","Yes","Mean number of fish per 60 m^3","2","2100","195.07",NA,NA
"2263",1616,"Transect count","Non-trappable size fish (Backreef)",NA,NA,NA,NA,"Density",NA,"NTZ","Barbados Marine Reserve","Yes","Mean number of fish per 60 m^3","3","2600","206.07",NA,NA
"2264",1616,"Transect count","Non-trappable size fish (Backreef)",NA,NA,NA,NA,"Density",NA,"NTZ","Barbados Marine Reserve","Yes","Mean number of fish per 60 m^3","4",NA,NA,NA,NA
"2265",1616,"Transect count","Non-trappable size fish (Backreef)",NA,NA,NA,NA,"Density",NA,"NTZ","Barbados Marine Reserve","Yes","Mean number of fish per 60 m^3","5",NA,NA,NA,NA
"2266",1616,"Transect count","Non-trappable size fish (Crest-spur zone)",NA,NA,NA,NA,"Density",NA,"NTZ","Barbados Marine Reserve","Yes","Mean number of fish per 60 m^3","1","-750","275.59",NA,NA
"2267",1616,"Transect count","Non-trappable size fish (Crest-spur zone)",NA,NA,NA,NA,"Density",NA,"NTZ","Barbados Marine Reserve","Yes","Mean number of fish per 60 m^3","2","-550","252.24",NA,NA
"2268",1616,"Transect count","Non-trappable size fish (Crest-spur zone)",NA,NA,NA,NA,"Density",NA,"NTZ","Barbados Marine Reserve","Yes","Mean number of fish per 60 m^3","3","-200","168.92",NA,NA
"2269",1616,"Transect count","Non-trappable size fish (Crest-spur zone)",NA,NA,NA,NA,"Density",NA,"NTZ","Barbados Marine Reserve","Yes","Mean number of fish per 60 m^3","4","-100","194.7",NA,NA
"2270",1616,"Transect count","Non-trappable size fish (Crest-spur zone)",NA,NA,NA,NA,"Density",NA,"NTZ","Barbados Marine Reserve","Yes","Mean number of fish per 60 m^3","5","0","228.35",NA,NA
"2271",1616,"Transect count","Non-trappable size fish (Crest-spur zone)",NA,NA,NA,NA,"Density",NA,"NTZ","Barbados Marine Reserve","Yes","Mean number of fish per 60 m^3","1","135","185.08",NA,NA
"2272",1616,"Transect count","Non-trappable size fish (Crest-spur zone)",NA,NA,NA,NA,"Density",NA,"NTZ","Barbados Marine Reserve","Yes","Mean number of fish per 60 m^3","2","400","205.56",NA,NA
"2273",1616,"Transect count","Non-trappable size fish (Crest-spur zone)",NA,NA,NA,NA,"Density",NA,"NTZ","Barbados Marine Reserve","Yes","Mean number of fish per 60 m^3","3","600","264.85",NA,NA
"2274",1616,"Transect count","Non-trappable size fish (Crest-spur zone)",NA,NA,NA,NA,"Density",NA,"NTZ","Barbados Marine Reserve","Yes","Mean number of fish per 60 m^3","4","750","232.94",NA,NA
"2275",1616,"Transect count","Non-trappable size fish (Crest-spur zone)",NA,NA,NA,NA,"Density",NA,"NTZ","Barbados Marine Reserve","Yes","Mean number of fish per 60 m^3","5","1000","290.64",NA,NA
"2276",1616,"Transect count","Non-trappable size fish (Crest-reef spur)",NA,NA,NA,NA,"Density",NA,"NTZ","Barbados Marine Reserve","Yes","Mean number of fish per 60 m^3","1","1300","224.91",NA,NA
"2277",1616,"Transect count","Non-trappable size fish (Crest-reef spur)",NA,NA,NA,NA,"Density",NA,"NTZ","Barbados Marine Reserve","Yes","Mean number of fish per 60 m^3","2","2100","279.85",NA,NA
"2278",1616,"Transect count","Non-trappable size fish (Crest-reef spur)",NA,NA,NA,NA,"Density",NA,"NTZ","Barbados Marine Reserve","Yes","Mean number of fish per 60 m^3","3","2600","332.15",NA,NA
"2279",1616,"Transect count","Non-trappable size fish (Crest-reef spur)",NA,NA,NA,NA,"Density",NA,"NTZ","Barbados Marine Reserve","Yes","Mean number of fish per 60 m^3","4",NA,NA,NA,NA
"2280",1616,"Transect count","Non-trappable size fish (Crest-reef spur)",NA,NA,NA,NA,"Density",NA,"NTZ","Barbados Marine Reserve","Yes","Mean number of fish per 60 m^3","5",NA,NA,NA,NA
"2281",1616,"Transect count","Number of trappable size fish (Crest-spur zone_","Haemulidae","Haemulon","chrysargyeum",NA,"Density",NA,"NTZ","Barbados Marine Reserve","Yes","Mean number of fish per 240 m^3","1","-750","56.06",NA,NA
"2282",1616,"Transect count","Number of trappable size fish (Crest-spur zone_","Haemulidae","Haemulon","chrysargyeum",NA,"Density",NA,"NTZ","Barbados Marine Reserve","Yes","Mean number of fish per 240 m^3","2","-550","19.72",NA,NA
"2283",1616,"Transect count","Number of trappable size fish (Crest-spur zone_","Haemulidae","Haemulon","chrysargyeum",NA,"Density",NA,"NTZ","Barbados Marine Reserve","Yes","Mean number of fish per 240 m^3","3","-200","3.34",NA,NA
"2284",1616,"Transect count","Number of trappable size fish (Crest-spur zone_","Haemulidae","Haemulon","chrysargyeum",NA,"Density",NA,"NTZ","Barbados Marine Reserve","Yes","Mean number of fish per 240 m^3","4","-100","12.81",NA,NA
"2285",1616,"Transect count","Number of trappable size fish (Crest-spur zone_","Haemulidae","Haemulon","chrysargyeum",NA,"Density",NA,"NTZ","Barbados Marine Reserve","Yes","Mean number of fish per 240 m^3","5","0","5.05",NA,NA
"2286",1616,"Transect count","Trappable size fish (Crest-spur zone)","Haemulidae","Haemulon","chrysargyreum",NA,"Density",NA,"NTZ","Barbados Marine Reserve","Yes","Mean number of fish per 240 m^3","1","135","5.44",NA,NA
"2287",1616,"Transect count","Trappable size fish (Crest-spur zone)","Haemulidae","Haemulon","chrysargyreum",NA,"Density",NA,"NTZ","Barbados Marine Reserve","Yes","Mean number of fish per 240 m^3","2","400","2.53",NA,NA
"2288",1616,"Transect count","Trappable size fish (Crest-spur zone)","Haemulidae","Haemulon","chrysargyreum",NA,"Density",NA,"NTZ","Barbados Marine Reserve","Yes","Mean number of fish per 240 m^3","3","600","17.84",NA,NA
"2289",1616,"Transect count","Trappable size fish (Crest-spur zone)","Haemulidae","Haemulon","chrysargyreum",NA,"Density",NA,"NTZ","Barbados Marine Reserve","Yes","Mean number of fish per 240 m^3","4","750","4.97",NA,NA
"2290",1616,"Transect count","Trappable size fish (Crest-spur zone)","Haemulidae","Haemulon","chrysargyreum",NA,"Density",NA,"NTZ","Barbados Marine Reserve","Yes","Mean number of fish per 240 m^3","5","1000","12.96",NA,NA
"2291",1616,"Transect count","Trappable size fish (Crest-spur zone)","Haemulidae","Haemulon","chrysargyreum",NA,"Density",NA,"NTZ","Barbados Marine Reserve","Yes","Mean number of fish per 240 m^3","1","1300","3.33",NA,NA
"2292",1616,"Transect count","Trappable size fish (Crest-spur zone)","Haemulidae","Haemulon","chrysargyreum",NA,"Density",NA,"NTZ","Barbados Marine Reserve","Yes","Mean number of fish per 240 m^3","2","2100","7.05",NA,NA
"2293",1616,"Transect count","Trappable size fish (Crest-spur zone)","Haemulidae","Haemulon","chrysargyreum",NA,"Density",NA,"NTZ","Barbados Marine Reserve","Yes","Mean number of fish per 240 m^3","3","2600","32.42",NA,NA
"2294",1616,"Transect count","Trappable size fish (Crest-spur zone)","Haemulidae","Haemulon","chrysargyreum",NA,"Density",NA,"NTZ","Barbados Marine Reserve","Yes","Mean number of fish per 240 m^3","4",NA,NA,NA,NA
"2295",1616,"Transect count","Trappable size fish (Crest-spur zone)","Haemulidae","Haemulon","chrysargyreum",NA,"Density",NA,"NTZ","Barbados Marine Reserve","Yes","Mean number of fish per 240 m^3","5",NA,NA,NA,NA
"2296",1616,"Transect count","Trappable size fish (Crest-spur zone)","Pomacentridae","Microspathodon","chrysurus",NA,"Density",NA,"NTZ","Barbados Marine Reserve","Yes","Mean number of fish per 240 m^3","1","-750","44.35",NA,NA
"2297",1616,"Transect count","Trappable size fish (Crest-spur zone)","Pomacentridae","Microspathodon","chrysurus",NA,"Density",NA,"NTZ","Barbados Marine Reserve","Yes","Mean number of fish per 240 m^3","2","-550","45.1",NA,NA
"2298",1616,"Transect count","Trappable size fish (Crest-spur zone)","Pomacentridae","Microspathodon","chrysurus",NA,"Density",NA,"NTZ","Barbados Marine Reserve","Yes","Mean number of fish per 240 m^3","3","-200","27.45",NA,NA
"2299",1616,"Transect count","Trappable size fish (Crest-spur zone)","Pomacentridae","Microspathodon","chrysurus",NA,"Density",NA,"NTZ","Barbados Marine Reserve","Yes","Mean number of fish per 240 m^3","4","-100","26.59","na",NA
"2300",1616,"Transect count","Trappable size fish (Crest-spur zone)","Pomacentridae","Microspathodon","chrysurus",NA,"Density",NA,"NTZ","Barbados Marine Reserve","Yes","Mean number of fish per 240 m^3","5","0","25.85",NA,NA
"2301",1616,"Transect count","Trappable size fish (Crest-spur zone)","Pomacentridae","Microspathodon","chrysurus",NA,"Density",NA,"NTZ","Barbados Marine Reserve","Yes","Mean number of fish per 240 m^3","1","135","23.79",NA,NA
"2302",1616,"Transect count","Trappable size fish (Crest-spur zone)","Pomacentridae","Microspathodon","chrysurus",NA,"Density",NA,"NTZ","Barbados Marine Reserve","Yes","Mean number of fish per 240 m^3","2","400","16.02",NA,NA
"2303",1616,"Transect count","Trappable size fish (Crest-spur zone)","Pomacentridae","Microspathodon","chrysurus",NA,"Density",NA,"NTZ","Barbados Marine Reserve","Yes","Mean number of fish per 240 m^3","3","600","38.86",NA,NA
"2304",1616,"Transect count","Trappable size fish (Crest-spur zone)","Pomacentridae","Microspathodon","chrysurus",NA,"Density",NA,"NTZ","Barbados Marine Reserve","Yes","Mean number of fish per 240 m^3","4","750","27",NA,NA
"2305",1616,"Transect count","Trappable size fish (Crest-spur zone)","Pomacentridae","Microspathodon","chrysurus",NA,"Density",NA,"NTZ","Barbados Marine Reserve","Yes","Mean number of fish per 240 m^3","5","1000","29.93",NA,NA
"2306",1616,"Transect count","Trappable size fish (Crest-spur zone)","Pomacentridae","Microspathodon","chrysurus",NA,"Density",NA,"NTZ","Barbados Marine Reserve","Yes","Mean number of fish per 240 m^3","1","1300","18.55",NA,NA
"2307",1616,"Transect count","Trappable size fish (Crest-spur zone)","Pomacentridae","Microspathodon","chrysurus",NA,"Density",NA,"NTZ","Barbados Marine Reserve","Yes","Mean number of fish per 240 m^3","2","2100","22.95",NA,NA
"2308",1616,"Transect count","Trappable size fish (Crest-spur zone)","Pomacentridae","Microspathodon","chrysurus",NA,"Density",NA,"NTZ","Barbados Marine Reserve","Yes","Mean number of fish per 240 m^3","3","2600","31.92",NA,NA
"2309",1616,"Transect count","Trappable size fish (Crest-spur zone)","Pomacentridae","Microspathodon","chrysurus",NA,"Density",NA,"NTZ","Barbados Marine Reserve","Yes","Mean number of fish per 240 m^3","4",NA,NA,NA,NA
"2310",1616,"Transect count","Trappable size fish (Crest-spur zone)","Pomacentridae","Microspathodon","chrysurus",NA,"Density",NA,"NTZ","Barbados Marine Reserve","Yes","Mean number of fish per 240 m^3","5",NA,NA,NA,NA
"2311",1616,"Transect count","Trappable size fish (Crest-spur zone)","Acanthuridae","Acanthurus","bahianus",NA,"Density",NA,"NTZ","Barbados Marine Reserve","Yes","Mean number of fish per 240 m^3","1","-750","15.36",NA,NA
"2312",1616,"Transect count","Trappable size fish (Crest-spur zone)","Acanthuridae","Acanthurus","bahianus",NA,"Density",NA,"NTZ","Barbados Marine Reserve","Yes","Mean number of fish per 240 m^3","2","-550","21.11",NA,NA
"2313",1616,"Transect count","Trappable size fish (Crest-spur zone)","Acanthuridae","Acanthurus","bahianus",NA,"Density",NA,"NTZ","Barbados Marine Reserve","Yes","Mean number of fish per 240 m^3","3","-200","59.17",NA,NA
"2314",1616,"Transect count","Trappable size fish (Crest-spur zone)","Acanthuridae","Acanthurus","bahianus",NA,"Density",NA,"NTZ","Barbados Marine Reserve","Yes","Mean number of fish per 240 m^3","4","-100","62.02",NA,NA
"2315",1616,"Transect count","Trappable size fish (Crest-spur zone)","Acanthuridae","Acanthurus","bahianus",NA,"Density",NA,"NTZ","Barbados Marine Reserve","Yes","Mean number of fish per 240 m^3","5","0","44.73",NA,NA
"2316",1616,"Transect count","Trappable size fish (Crest-spur zone)","Acanthuridae","Acanthurus","bahianus",NA,"Density",NA,"NTZ","Barbados Marine Reserve","Yes","Mean number of fish per 240 m^3","1","135","10.63",NA,NA
"2317",1616,"Transect count","Trappable size fish (Crest-spur zone)","Acanthuridae","Acanthurus","bahianus",NA,"Density",NA,"NTZ","Barbados Marine Reserve","Yes","Mean number of fish per 240 m^3","2","400","16.29",NA,NA
"2318",1616,"Transect count","Trappable size fish (Crest-spur zone)","Acanthuridae","Acanthurus","bahianus",NA,"Density",NA,"NTZ","Barbados Marine Reserve","Yes","Mean number of fish per 240 m^3","3","600","0",NA,NA
"2319",1616,"Transect count","Trappable size fish (Crest-spur zone)","Acanthuridae","Acanthurus","bahianus",NA,"Density",NA,"NTZ","Barbados Marine Reserve","Yes","Mean number of fish per 240 m^3","4","750","26.62",NA,NA
"2320",1616,"Transect count","Trappable size fish (Crest-spur zone)","Acanthuridae","Acanthurus","bahianus",NA,"Density",NA,"NTZ","Barbados Marine Reserve","Yes","Mean number of fish per 240 m^3","5","1000","13.63",NA,NA
"2321",1616,"Transect count","Trappable size fish (Crest-spur zone)","Acanthuridae","Acanthurus","bahianus",NA,"Density",NA,"NTZ","Barbados Marine Reserve","Yes","Mean number of fish per 240 m^3","1","1300","23.8",NA,NA
"2322",1616,"Transect count","Trappable size fish (Crest-spur zone)","Acanthuridae","Acanthurus","bahianus",NA,"Density",NA,"NTZ","Barbados Marine Reserve","Yes","Mean number of fish per 240 m^3","2","2100","34.47",NA,NA
"2323",1616,"Transect count","Trappable size fish (Crest-spur zone)","Acanthuridae","Acanthurus","bahianus",NA,"Density",NA,"NTZ","Barbados Marine Reserve","Yes","Mean number of fish per 240 m^3","3","2600","72.84",NA,NA
"2324",1616,"Transect count","Trappable size fish (Crest-spur zone)","Acanthuridae","Acanthurus","bahianus",NA,"Density",NA,"NTZ","Barbados Marine Reserve","Yes","Mean number of fish per 240 m^3","4",NA,NA,NA,NA
"2325",1616,"Transect count","Trappable size fish (Crest-spur zone)","Acanthuridae","Acanthurus","bahianus",NA,"Density",NA,"NTZ","Barbados Marine Reserve","Yes","Mean number of fish per 240 m^3","5",NA,NA,NA,NA
"2326",1616,"Transect count","Trappable size fish (Crest-spur zone)","Haemulidae","Haemulon","aurolineatum",NA,"Density",NA,"NTZ","Barbados Marine Reserve","Yes","Mean number of fish per 240 m^3","1","-750","9.34",NA,NA
"2327",1616,"Transect count","Trappable size fish (Crest-spur zone)","Haemulidae","Haemulon","aurolineatum",NA,"Density",NA,"NTZ","Barbados Marine Reserve","Yes","Mean number of fish per 240 m^3","2","-550","1.35",NA,NA
"2328",1616,"Transect count","Trappable size fish (Crest-spur zone)","Haemulidae","Haemulon","aurolineatum",NA,"Density",NA,"NTZ","Barbados Marine Reserve","Yes","Mean number of fish per 240 m^3","3","-200","0",NA,NA
"2329",1616,"Transect count","Trappable size fish (Crest-spur zone)","Haemulidae","Haemulon","aurolineatum",NA,"Density",NA,"NTZ","Barbados Marine Reserve","Yes","Mean number of fish per 240 m^3","4","-100","0.56",NA,NA
"2330",1616,"Transect count","Trappable size fish (Crest-spur zone)","Haemulidae","Haemulon","aurolineatum",NA,"Density",NA,"NTZ","Barbados Marine Reserve","Yes","Mean number of fish per 240 m^3","5","0","0.57",NA,NA
"2331",1616,"Transect count","Trappable size fish (Crest-spur zone)","Haemulidae","Haemulon","aurolineatum",NA,"Density",NA,"NTZ","Barbados Marine Reserve","Yes","Mean number of fish per 240 m^3","1","135","2.22","nA",NA
"2332",1616,"Transect count","Trappable size fish (Crest-spur zone)","Haemulidae","Haemulon","aurolineatum",NA,"Density",NA,"NTZ","Barbados Marine Reserve","Yes","Mean number of fish per 240 m^3","2","400","0.94",NA,NA
"2333",1616,"Transect count","Trappable size fish (Crest-spur zone)","Haemulidae","Haemulon","aurolineatum",NA,"Density",NA,"NTZ","Barbados Marine Reserve","Yes","Mean number of fish per 240 m^3","3","600","13.06",NA,NA
"2334",1616,"Transect count","Trappable size fish (Crest-spur zone)","Haemulidae","Haemulon","aurolineatum",NA,"Density",NA,"NTZ","Barbados Marine Reserve","Yes","Mean number of fish per 240 m^3","4","750","1.12",NA,NA
"2335",1616,"Transect count","Trappable size fish (Crest-spur zone)","Haemulidae","Haemulon","aurolineatum",NA,"Density",NA,"NTZ","Barbados Marine Reserve","Yes","Mean number of fish per 240 m^3","5","1000","2.47",NA,NA
"2336",1616,"Transect count","Trappable size fish (Crest-spur zone)","Haemulidae","Haemulon","aurolineatum",NA,"Density",NA,"NTZ","Barbados Marine Reserve","Yes","Mean number of fish per 240 m^3","1","1300","4.48",NA,NA
"2337",1616,"Transect count","Trappable size fish (Crest-spur zone)","Haemulidae","Haemulon","aurolineatum",NA,"Density",NA,"NTZ","Barbados Marine Reserve","Yes","Mean number of fish per 240 m^3","2","2100","1.71",NA,NA
"2338",1616,"Transect count","Trappable size fish (Crest-spur zone)","Haemulidae","Haemulon","aurolineatum",NA,"Density",NA,"NTZ","Barbados Marine Reserve","Yes","Mean number of fish per 240 m^3","3","2600","13.17",NA,NA
"2339",1616,"Transect count","Trappable size fish (Crest-spur zone)","Haemulidae","Haemulon","aurolineatum",NA,"Density",NA,"NTZ","Barbados Marine Reserve","Yes","Mean number of fish per 240 m^3","4",NA,NA,NA,NA
"2340",1616,"Transect count","Trappable size fish (Crest-spur zone)","Haemulidae","Haemulon","aurolineatum",NA,"Density",NA,"NTZ","Barbados Marine Reserve","Yes","Mean number of fish per 240 m^3","5",NA,NA,NA,NA
"2341",1616,"Transect count","Trappable size fish (Crest-spur zone)","Pomacentridae","Pomacentrus","spp.",NA,"Density",NA,"NTZ","Barbados Marine Reserve","Yes","Mean number of fish per 240 m^3","1","-750","3.69",NA,NA
"2342",1616,"Transect count","Trappable size fish (Crest-spur zone)","Pomacentridae","Pomacentrus","spp.",NA,"Density",NA,"NTZ","Barbados Marine Reserve","Yes","Mean number of fish per 240 m^3","2","-550","7.58",NA,NA
"2343",1616,"Transect count","Trappable size fish (Crest-spur zone)","Pomacentridae","Pomacentrus","spp.",NA,"Density",NA,"NTZ","Barbados Marine Reserve","Yes","Mean number of fish per 240 m^3","3","-200","8.13",NA,NA
"2344",1616,"Transect count","Trappable size fish (Crest-spur zone)","Pomacentridae","Pomacentrus","spp.",NA,"Density",NA,"NTZ","Barbados Marine Reserve","Yes","Mean number of fish per 240 m^3","4","-100","3.86",NA,NA
"2345",1616,"Transect count","Trappable size fish (Crest-spur zone)","Pomacentridae","Pomacentrus","spp.",NA,"Density",NA,"NTZ","Barbados Marine Reserve","Yes","Mean number of fish per 240 m^3","5","0","6.59",NA,NA
"2346",1616,"Transect count","Trappable size fish","Pomacentridae","Pomacentrus","spp.",NA,"Density",NA,"NTZ","Barbados Marine Reserve","Yes","Mean number of fish per 240 m^3","1","135","5.61",NA,NA
"2347",1616,"Transect count","Trappable size fish","Pomacentridae","Pomacentrus","spp.",NA,"Density",NA,"NTZ","Barbados Marine Reserve","Yes","Mean number of fish per 240 m^3","2","400","13.07",NA,NA
"2348",1616,"Transect count","Trappable size fish","Pomacentridae","Pomacentrus","spp.",NA,"Density",NA,"NTZ","Barbados Marine Reserve","Yes","Mean number of fish per 240 m^3","3","600","4.75",NA,NA
"2349",1616,"Transect count","Trappable size fish","Pomacentridae","Pomacentrus","spp.",NA,"Density",NA,"NTZ","Barbados Marine Reserve","Yes","Mean number of fish per 240 m^3","4","750","2.4",NA,NA
"2350",1616,"Transect count","Trappable size fish","Pomacentridae","Pomacentrus","spp.",NA,"Density",NA,"NTZ","Barbados Marine Reserve","Yes","Mean number of fish per 240 m^3","5","1000","0.73",NA,NA
"2351",1616,"Transect count","Trappable size fish (Crest-spur zone)","Pomacentridae","Pomacentrus","spp.",NA,"Density",NA,"NTZ","Barbados Marine Reserve","Yes","Mean number of fish per 240 m^3","1","1300","0.9",NA,NA
"2352",1616,"Transect count","Trappable size fish (Crest-spur zone)","Pomacentridae","Pomacentrus","spp.",NA,"Density",NA,"NTZ","Barbados Marine Reserve","Yes","Mean number of fish per 240 m^3","2","2100","0.8",NA,NA
"2353",1616,"Transect count","Trappable size fish (Crest-spur zone)","Pomacentridae","Pomacentrus","spp.",NA,"Density",NA,"NTZ","Barbados Marine Reserve","Yes","Mean number of fish per 240 m^3","3","2600","0.55",NA,NA
"2354",1616,"Transect count","Trappable size fish (Crest-spur zone)","Pomacentridae","Pomacentrus","spp.",NA,"Density",NA,"NTZ","Barbados Marine Reserve","Yes","Mean number of fish per 240 m^3","4",NA,NA,NA,NA
"2355",1616,"Transect count","Trappable size fish (Crest-spur zone)","Pomacentridae","Pomacentrus","spp.",NA,"Density",NA,"NTZ","Barbados Marine Reserve","Yes","Mean number of fish per 240 m^3","5",NA,NA,NA,NA
"2356",1616,"Transect count","Trappable size fish (Crest-spur zone)","Acanthuridae","Acanthurus","coeruleus",NA,"Density",NA,"NTZ","Barbados Marine Reserve","Yes","Mean number of fisher per 240 m^3","1","-750","9.28",NA,NA
"2357",1616,"Transect count","Trappable size fish (Crest-spur zone)","Acanthuridae","Acanthurus","coeruleus",NA,"Density",NA,"NTZ","Barbados Marine Reserve","Yes","Mean number of fisher per 240 m^3","2","-550","2.38",NA,NA
"2358",1616,"Transect count","Trappable size fish (Crest-spur zone)","Acanthuridae","Acanthurus","coeruleus",NA,"Density",NA,"NTZ","Barbados Marine Reserve","Yes","Mean number of fisher per 240 m^3","3","-200","1.4",NA,NA
"2359",1616,"Transect count","Trappable size fish (Crest-spur zone)","Acanthuridae","Acanthurus","coeruleus",NA,"Density",NA,"NTZ","Barbados Marine Reserve","Yes","Mean number of fisher per 240 m^3","4","-100","17.66",NA,NA
"2360",1616,"Transect count","Trappable size fish (Crest-spur zone)","Acanthuridae","Acanthurus","coeruleus",NA,"Density",NA,"NTZ","Barbados Marine Reserve","Yes","Mean number of fisher per 240 m^3","5","0","15.76",NA,NA
"2361",1616,"Transect count","Trappable size fish (Crest-spur zone)","Acanthuridae","Acanthurus","coeruleus",NA,"Density",NA,"NTZ","Barbados Marine Reserve","Yes","Mean number of fish per 240 m^3","1","135","0.95",NA,NA
"2362",1616,"Transect count","Trappable size fish (Crest-spur zone)","Acanthuridae","Acanthurus","coeruleus",NA,"Density",NA,"NTZ","Barbados Marine Reserve","Yes","Mean number of fish per 240 m^3","2","400","0.75",NA,NA
"2363",1616,"Transect count","Trappable size fish (Crest-spur zone)","Acanthuridae","Acanthurus","coeruleus",NA,"Density",NA,"NTZ","Barbados Marine Reserve","Yes","Mean number of fish per 240 m^3","3","600","2.13",NA,NA
"2364",1616,"Transect count","Trappable size fish (Crest-spur zone)","Acanthuridae","Acanthurus","coeruleus",NA,"Density",NA,"NTZ","Barbados Marine Reserve","Yes","Mean number of fish per 240 m^3","4","750","8.12",NA,NA
"2365",1616,"Transect count","Trappable size fish (Crest-spur zone)","Acanthuridae","Acanthurus","coeruleus",NA,"Density",NA,"NTZ","Barbados Marine Reserve","Yes","Mean number of fish per 240 m^3","5","1000","3.17",NA,NA
"2366",1616,"Transect count","Trappable size fish (Crest-spur zone)","Acanthuridae ","Acanthurus","coeruleus",NA,"Density",NA,"NTZ","Barbados Marine Reserve","Yes","Mean number of fish per 240 m^3","1","1300","5.23",NA,NA
"2367",1616,"Transect count","Trappable size fish (Crest-spur zone)","Acanthuridae ","Acanthurus","coeruleus",NA,"Density",NA,"NTZ","Barbados Marine Reserve","Yes","Mean number of fish per 240 m^3","2","2100","6.96",NA,NA
"2368",1616,"Transect count","Trappable size fish (Crest-spur zone)","Acanthuridae ","Acanthurus","coeruleus",NA,"Density",NA,"NTZ","Barbados Marine Reserve","Yes","Mean number of fish per 240 m^3","3","2600","1.66",NA,NA
"2369",1616,"Transect count","Trappable size fish (Crest-spur zone)","Acanthuridae ","Acanthurus","coeruleus",NA,"Density",NA,"NTZ","Barbados Marine Reserve","Yes","Mean number of fish per 240 m^3","4",NA,NA,NA,NA
"2370",1616,"Transect count","Trappable size fish (Crest-spur zone)","Acanthuridae ","Acanthurus","coeruleus",NA,"Density",NA,"NTZ","Barbados Marine Reserve","Yes","Mean number of fish per 240 m^3","5",NA,NA,NA,NA
"2371",1616,"Transect count","Trappable size fish (Crest-spur zone)","Haemulidae","Haemulon","flavolineatum",NA,"Density",NA,"NTZ","Barbados Marine Reserve","Yes","Mean number of fish per 240 m^3","1","-750","7",NA,NA
"2372",1616,"Transect count","Trappable size fish (Crest-spur zone)","Haemulidae","Haemulon","flavolineatum",NA,"Density",NA,"NTZ","Barbados Marine Reserve","Yes","Mean number of fish per 240 m^3","2","-550","6.68",NA,NA
"2373",1616,"Transect count","Trappable size fish (Crest-spur zone)","Haemulidae","Haemulon","flavolineatum",NA,"Density",NA,"NTZ","Barbados Marine Reserve","Yes","Mean number of fish per 240 m^3","3","-200","1.4",NA,NA
"2374",1616,"Transect count","Trappable size fish (Crest-spur zone)","Haemulidae","Haemulon","flavolineatum",NA,"Density",NA,"NTZ","Barbados Marine Reserve","Yes","Mean number of fish per 240 m^3","4","-100","10.74",NA,NA
"2375",1616,"Transect count","Trappable size fish (Crest-spur zone)","Haemulidae","Haemulon","flavolineatum",NA,"Density",NA,"NTZ","Barbados Marine Reserve","Yes","Mean number of fish per 240 m^3","5","0","3.41",NA,NA
"2376",1616,"Transect count","Trappable size fish (Crest-spur zone)","Haemulidae","Haemulon","flavolineatum",NA,"Density",NA,"NTZ","Barbados Marine Reserve","Yes","Mean number of fish per 240 m^3","1","135","6.73",NA,NA
"2377",1616,"Transect count","Trappable size fish (Crest-spur zone)","Haemulidae","Haemulon","flavolineatum",NA,"Density",NA,"NTZ","Barbados Marine Reserve","Yes","Mean number of fish per 240 m^3","2","400","0.43",NA,NA
"2378",1616,"Transect count","Trappable size fish (Crest-spur zone)","Haemulidae","Haemulon","flavolineatum",NA,"Density",NA,"NTZ","Barbados Marine Reserve","Yes","Mean number of fish per 240 m^3","3","600","4.75",NA,NA
"2379",1616,"Transect count","Trappable size fish (Crest-spur zone)","Haemulidae","Haemulon","flavolineatum",NA,"Density",NA,"NTZ","Barbados Marine Reserve","Yes","Mean number of fish per 240 m^3","4","750","1.97",NA,NA
"2380",1616,"Transect count","Trappable size fish (Crest-spur zone)","Haemulidae","Haemulon","flavolineatum",NA,"Density",NA,"NTZ","Barbados Marine Reserve","Yes","Mean number of fish per 240 m^3","5","1000","3.15",NA,NA
"2381",1616,"Transect count","Trappable size fish (Crest-spur zone)","Haemulidae","Haemulon","flavolineatum",NA,"Density",NA,"NTZ","Barbados Marine Reserve","Yes","Mean number of fish per 240 m^3","1","1300","3.16",NA,NA
"2382",1616,"Transect count","Trappable size fish (Crest-spur zone)","Haemulidae","Haemulon","flavolineatum",NA,"Density",NA,"NTZ","Barbados Marine Reserve","Yes","Mean number of fish per 240 m^3","2","2100","3.05",NA,NA
"2383",1616,"Transect count","Trappable size fish (Crest-spur zone)","Haemulidae","Haemulon","flavolineatum",NA,"Density",NA,"NTZ","Barbados Marine Reserve","Yes","Mean number of fish per 240 m^3","3","2600","1.19",NA,NA
"2384",1616,"Transect count","Trappable size fish (Crest-spur zone)","Haemulidae","Haemulon","flavolineatum",NA,"Density",NA,"NTZ","Barbados Marine Reserve","Yes","Mean number of fish per 240 m^3","4",NA,NA,NA,NA
"2385",1616,"Transect count","Trappable size fish (Crest-spur zone)","Haemulidae","Haemulon","flavolineatum",NA,"Density",NA,"NTZ","Barbados Marine Reserve","Yes","Mean number of fish per 240 m^3","5",NA,NA,NA,NA
"2386",1616,"Transect count","Trappable size fish (Crest-spur zone)","Scaridae","Scarus","vetula",NA,"Density",NA,"NTZ","Barbados Marine Reserve","Yes","Barbados Marine Reserve","1","-750","9.63",NA,NA
"2387",1616,"Transect count","Trappable size fish (Crest-spur zone)","Scaridae","Scarus","vetula",NA,"Density",NA,"NTZ","Barbados Marine Reserve","Yes","Barbados Marine Reserve","2","-500","6.01",NA,NA
"2388",1616,"Transect count","Trappable size fish (Crest-spur zone)","Scaridae","Scarus","vetula",NA,"Density",NA,"NTZ","Barbados Marine Reserve","Yes","Barbados Marine Reserve","3","-200","15.37",NA,NA
"2389",1616,"Transect count","Trappable size fish (Crest-spur zone)","Scaridae","Scarus","vetula",NA,"Density",NA,"NTZ","Barbados Marine Reserve","Yes","Barbados Marine Reserve","4","-100","11.22",NA,NA
"2390",1616,"Transect count","Trappable size fish (Crest-spur zone)","Scaridae","Scarus","vetula",NA,"Density",NA,"NTZ","Barbados Marine Reserve","Yes","Barbados Marine Reserve","5","0","4.08",NA,NA
"2391",1616,"Transect count","Trappable size fish (Crest-spur zone)","Scaridae","Scarus","vetula",NA,"Density",NA,"NTZ","Barbados Marine Reserve","Yes","Mean number of fish per 240 m^3","1","135","5.05",NA,NA
"2392",1616,"Transect count","Trappable size fish (Crest-spur zone)","Scaridae","Scarus","vetula",NA,"Density",NA,"NTZ","Barbados Marine Reserve","Yes","Mean number of fish per 240 m^3","2","400","3.91",NA,NA
"2393",1616,"Transect count","Trappable size fish (Crest-spur zone)","Scaridae","Scarus","vetula",NA,"Density",NA,"NTZ","Barbados Marine Reserve","Yes","Mean number of fish per 240 m^3","3","600","0.13",NA,NA
"2394",1616,"Transect count","Trappable size fish (Crest-spur zone)","Scaridae","Scarus","vetula",NA,"Density",NA,"NTZ","Barbados Marine Reserve","Yes","Mean number of fish per 240 m^3","4","750","1.29",NA,NA
"2395",1616,"Transect count","Trappable size fish (Crest-spur zone)","Scaridae","Scarus","vetula",NA,"Density",NA,"NTZ","Barbados Marine Reserve","Yes","Mean number of fish per 240 m^3","5","1000","0.49",NA,NA
"2396",1616,"Transect count","Trappable size fish (Crest-spur zone)","Scaridae","Scarus","vetula",NA,"Density",NA,"NTZ","Barbados Marine Reserve","Yes","Mean number of fish per 240 m^3","1","1300","1.15",NA,NA
"2397",1616,"Transect count","Trappable size fish (Crest-spur zone)","Scaridae","Scarus","vetula",NA,"Density",NA,"NTZ","Barbados Marine Reserve","Yes","Mean number of fish per 240 m^3","2","2100","0.72",NA,NA
"2398",1616,"Transect count","Trappable size fish (Crest-spur zone)","Scaridae","Scarus","vetula",NA,"Density",NA,"NTZ","Barbados Marine Reserve","Yes","Mean number of fish per 240 m^3","3","2600","0.59",NA,NA
"2399",1616,"Transect count","Trappable size fish (Crest-spur zone)","Scaridae","Scarus","vetula",NA,"Density",NA,"NTZ","Barbados Marine Reserve","Yes","Mean number of fish per 240 m^3","4",NA,NA,NA,NA
"2400",1616,"Transect count","Trappable size fish (Crest-spur zone)","Scaridae","Scarus","vetula",NA,"Density",NA,"NTZ","Barbados Marine Reserve","Yes","Mean number of fish per 240 m^3","5",NA,NA,NA,NA
"2401",1616,"Transect count","Trappable size fish (Crest-spur zone)","Mullidae","Mulloidichthys","martinicus",NA,"Density",NA,"NTZ","Barbados Marine Reserve","Yes","Mean number of fish per 240 m^3","1","-750","14.36",NA,NA
"2402",1616,"Transect count","Trappable size fish (Crest-spur zone)","Mullidae","Mulloidichthys","martinicus",NA,"Density",NA,"NTZ","Barbados Marine Reserve","Yes","Mean number of fish per 240 m^3","2","-550","10.68",NA,NA
"2403",1616,"Transect count","Trappable size fish (Crest-spur zone)","Mullidae","Mulloidichthys","martinicus",NA,"Density",NA,"NTZ","Barbados Marine Reserve","Yes","Mean number of fish per 240 m^3","3","-200","0",NA,NA
"2404",1616,"Transect count","Trappable size fish (Crest-spur zone)","Mullidae","Mulloidichthys","martinicus",NA,"Density",NA,"NTZ","Barbados Marine Reserve","Yes","Mean number of fish per 240 m^3","4","-100","1.19",NA,NA
"2405",1616,"Transect count","Trappable size fish (Crest-spur zone)","Mullidae","Mulloidichthys","martinicus",NA,"Density",NA,"NTZ","Barbados Marine Reserve","Yes","Mean number of fish per 240 m^3","5","0","3.41",NA,NA
"2406",1616,"Transect count","Trappable size fish (Crest-spur zone)","Mullidae","Mulloidichthys","martinicus",NA,"Density",NA,"NTZ","Barbados Marine Reserve","Yes","Mean number of fish per 240 m^2","1","135","0.91",NA,NA
"2407",1616,"Transect count","Trappable size fish (Crest-spur zone)","Mullidae","Mulloidichthys","martinicus",NA,"Density",NA,"NTZ","Barbados Marine Reserve","Yes","Mean number of fish per 240 m^2","2","400","2.89",NA,NA
"2408",1616,"Transect count","Trappable size fish (Crest-spur zone)","Mullidae","Mulloidichthys","martinicus",NA,"Density",NA,"NTZ","Barbados Marine Reserve","Yes","Mean number of fish per 240 m^2","3","600","6.75",NA,NA
"2409",1616,"Transect count","Trappable size fish (Crest-spur zone)","Mullidae","Mulloidichthys","martinicus",NA,"Density",NA,"NTZ","Barbados Marine Reserve","Yes","Mean number of fish per 240 m^2","4","750","0.9",NA,NA
"2410",1616,"Transect count","Trappable size fish (Crest-spur zone)","Mullidae","Mulloidichthys","martinicus",NA,"Density",NA,"NTZ","Barbados Marine Reserve","Yes","Mean number of fish per 240 m^2","5","1000","1.06",NA,NA
"2411",1616,"Transect count","Trappable size fish (Crest-spur zone)","Mullidae","Mulloidichthys","martinicus",NA,"Density",NA,"NTZ","Barbados Marine Reserve","Yes","Mean number of fish per 240 m^3","1","1300","3.44",NA,NA
"2412",1616,"Transect count","Trappable size fish (Crest-spur zone)","Mullidae","Mulloidichthys","martinicus",NA,"Density",NA,"NTZ","Barbados Marine Reserve","Yes","Mean number of fish per 240 m^3","2","2100","0.42",NA,NA
"2413",1616,"Transect count","Trappable size fish (Crest-spur zone)","Mullidae","Mulloidichthys","martinicus",NA,"Density",NA,"NTZ","Barbados Marine Reserve","Yes","Mean number of fish per 240 m^3","3","2600","4.14",NA,NA
"2414",1616,"Transect count","Trappable size fish (Crest-spur zone)","Mullidae","Mulloidichthys","martinicus",NA,"Density",NA,"NTZ","Barbados Marine Reserve","Yes","Mean number of fish per 240 m^3","4",NA,NA,NA,NA
"2415",1616,"Transect count","Trappable size fish (Crest-spur zone)","Mullidae","Mulloidichthys","martinicus",NA,"Density",NA,"NTZ","Barbados Marine Reserve","Yes","Mean number of fish per 240 m^3","5",NA,NA,NA,NA
"2416",1616,"Catch","Target species as a group",NA,NA,NA,NA,"Catch (numbers or weight)",NA,"NTZ","Barbados Marine Reserve","Yes","Mean number of fish per trap","1","-745","43.81",NA,NA
"2417",1616,"Catch","Target species as a group",NA,NA,NA,NA,"Catch (numbers or weight)",NA,"NTZ","Barbados Marine Reserve","Yes","Mean number of fish per trap","2","-550","34.74",NA,NA
"2418",1616,"Catch","Target species as a group",NA,NA,NA,NA,"Catch (numbers or weight)",NA,"NTZ","Barbados Marine Reserve","Yes","Mean number of fish per trap","3","-200","38.51",NA,NA
"2419",1616,"Catch","Target species as a group",NA,NA,NA,NA,"Catch (numbers or weight)",NA,"NTZ","Barbados Marine Reserve","Yes","Mean number of fish per trap","4","-100","32.48",NA,NA
"2420",1616,"Catch","Target species as a group",NA,NA,NA,NA,"Catch (numbers or weight)",NA,"NTZ","Barbados Marine Reserve","Yes","Mean number of fish per trap","5","0","31",NA,NA
"2421",1616,"Catch","Target species as a group",NA,NA,NA,NA,"Catch (numbers or weight)",NA,"NTZ","Barbados Marine Reserve","Yes","Mean number of fish per trap","1","145","35.47",NA,NA
"2422",1616,"Catch","Target species as a group",NA,NA,NA,NA,"Catch (numbers or weight)",NA,"NTZ","Barbados Marine Reserve","Yes","Mean number of fish per trap","2","400","24.99",NA,NA
"2423",1616,"Catch","Target species as a group",NA,NA,NA,NA,"Catch (numbers or weight)",NA,"NTZ","Barbados Marine Reserve","Yes","Mean number of fish per trap","3","600","31.3",NA,NA
"2424",1616,"Catch","Target species as a group",NA,NA,NA,NA,"Catch (numbers or weight)",NA,"NTZ","Barbados Marine Reserve","Yes","Mean number of fish per trap","4","750","22.59",NA,NA
"2425",1616,"Catch","Target species as a group",NA,NA,NA,NA,"Catch (numbers or weight)",NA,"NTZ","Barbados Marine Reserve","Yes","Mean number of fish per trap","5","1000","15.34",NA,NA
"2426",1616,"Catch","Target species as a group",NA,NA,NA,NA,"Catch (numbers or weight)",NA,"NTZ","Barbados Marine Reserve","Yes","Mean number of fish per trap","1","1350","13.77",NA,NA
"2427",1616,"Catch","Target species as a group",NA,NA,NA,NA,"Catch (numbers or weight)",NA,"NTZ","Barbados Marine Reserve","Yes","Mean number of fish per trap","2","2100","16.35",NA,NA
"2428",1616,"Catch","Target species as a group",NA,NA,NA,NA,"Catch (numbers or weight)",NA,"NTZ","Barbados Marine Reserve","Yes","Mean number of fish per trap","3",NA,NA,NA,NA
"2429",1616,"Catch","Target species as a group",NA,NA,NA,NA,"Catch (numbers or weight)",NA,"NTZ","Barbados Marine Reserve","Yes","Mean number of fish per trap","4",NA,NA,NA,NA
"2430",1616,"Catch","Target species as a group",NA,NA,NA,NA,"Catch (numbers or weight)",NA,"NTZ","Barbados Marine Reserve","Yes","Mean number of fish per trap","5",NA,NA,NA,NA
"2431",1617,"Transect count","Individual species","Epinephelidae","Epinephelus","striatus",NA,"Biomass","Standard error","NTZ","Exuma Cays Land and Sea Park","Yes","g per 100 m^2","1","-7500","497.08","140.17","140.17"
"2432",1617,"Transect count","Individual species","Epinephelidae","Epinephelus","striatus",NA,"Biomass","Standard error","NTZ","Exuma Cays Land and Sea Park","Yes","g per 100 m^2","2","-2500","431.4","135.46","135.46"
"2433",1617,"Transect count","Individual species","Epinephelidae","Epinephelus","striatus",NA,"Biomass","Standard error","NTZ","Exuma Cays Land and Sea Park","Yes","g per 100 m^2","3","2500","234.97","21.92","21.92"
"2434",1617,"Transect count","Individual species","Epinephelidae","Epinephelus","striatus",NA,"Biomass","Standard error","NTZ","Exuma Cays Land and Sea Park","Yes","g per 100 m^2","4","7500","113.01","65.5","65.5"
"2435",1617,"Transect count","Individual species","Epinephelidae","Epinephelus","striatus",NA,"Biomass","Standard error","NTZ","Exuma Cays Land and Sea Park","Yes","g per 100 m^2","5","12500","113.01","41.88","41.88"
"2436",1617,"Transect count","Individual species","Epinephelidae","Epinephelus","striatus",NA,"Biomass","Standard error","NTZ","Exuma Cays Land and Sea Park","Yes","g per 100 m^2","1","17500","75.77","38.21","38.21"
"2437",1617,"Transect count","Individual species","Epinephelidae","Epinephelus","striatus",NA,"Biomass","Standard error","NTZ","Exuma Cays Land and Sea Park","Yes","g per 100 m^2","2",NA,NA,NA,NA
"2438",1617,"Transect count","Individual species","Epinephelidae","Epinephelus","striatus",NA,"Biomass","Standard error","NTZ","Exuma Cays Land and Sea Park","Yes","g per 100 m^2","3",NA,NA,NA,NA
"2439",1617,"Transect count","Individual species","Epinephelidae","Epinephelus","striatus",NA,"Biomass","Standard error","NTZ","Exuma Cays Land and Sea Park","Yes","g per 100 m^2","4",NA,NA,NA,NA
"2440",1617,"Transect count","Individual species","Epinephelidae","Epinephelus","striatus",NA,"Biomass","Standard error","NTZ","Exuma Cays Land and Sea Park","Yes","g per 100 m^2","5",NA,NA,NA,NA
"2441",1617,"Transect count","Individual species","Epinephelidae","Epinephelus","striatus",NA,"Biomass","Standard error","NTZ","Exuma Cays Land and Sea Park","Yes","g per 100 m^2","1","-12500","604.14","64.36","65.36"
"2442",1617,"Transect count","Individual species","Epinephelidae","Epinephelus","striatus",NA,"Biomass","Standard error","NTZ","Exuma Cays Land and Sea Park","Yes","g per 100 m^2","2","-7500","273.08","32.34","32.34"
"2443",1617,"Transect count","Individual species","Epinephelidae","Epinephelus","striatus",NA,"Biomass","Standard error","NTZ","Exuma Cays Land and Sea Park","Yes","g per 100 m^2","3","-2500","1295.6",NA,NA
"2444",1617,"Transect count","Individual species","Epinephelidae","Epinephelus","striatus",NA,"Biomass","Standard error","NTZ","Exuma Cays Land and Sea Park","Yes","g per 100 m^2","4","2500","278.7","118.21","118.21"
"2445",1617,"Transect count","Individual species","Epinephelidae","Epinephelus","striatus",NA,"Biomass","Standard error","NTZ","Exuma Cays Land and Sea Park","Yes","g per 100 m^2","5","7500","169.55","120.19","120.19"
"2446",1617,"Transect count","Individual species","Epinephelidae","Epinephelus","striatus",NA,"Biomass","Standard error","NTZ","Exuma Cays Land and Sea Park","Yes","g per 100 m^2","1","12500","178.28","108.05","108.05"
"2447",1617,"Transect count","Individual species","Epinephelidae","Epinephelus","striatus",NA,"Biomass","Standard error","NTZ","Exuma Cays Land and Sea Park","Yes","g per 100 m^2","2","17500","189.81","115.82","115.82"
"2448",1617,"Transect count","Individual species","Epinephelidae","Epinephelus","striatus",NA,"Biomass","Standard error","NTZ","Exuma Cays Land and Sea Park","Yes","g per 100 m^2","3","22500","123.24","95.92","95.92"
"2449",1617,"Transect count","Individual species","Epinephelidae","Epinephelus","striatus",NA,"Biomass","Standard error","NTZ","Exuma Cays Land and Sea Park","Yes","g per 100 m^2","4","27500","67.89","26.71","26.71"
"2450",1617,"Transect count","Individual species","Epinephelidae","Epinephelus","striatus",NA,"Biomass","Standard error","NTZ","Exuma Cays Land and Sea Park","Yes","g per 100 m^2","5",NA,NA,NA,NA
"2451",1618,"Catch","Individual species","Palinuridae","Jasus","edwardsii",NA,"Catch per unit effort (CPUE)",NA,"NTZ","Te Tapuwae o Rongokako Marine Reserve","Yes","Individuals per pot lift","1","3000",NA,NA,NA
"2452",1618,"Catch","Individual species","Palinuridae","Jasus","edwardsii",NA,"Catch per unit effort (CPUE)",NA,"NTZ","Te Tapuwae o Rongokako Marine Reserve","Yes","Individuals per pot lift","2","2000","1.15",NA,NA
"2453",1618,"Catch","Individual species","Palinuridae","Jasus","edwardsii",NA,"Catch per unit effort (CPUE)",NA,"NTZ","Te Tapuwae o Rongokako Marine Reserve","Yes","Individuals per pot lift","3","1000","1.38",NA,NA
"2454",1618,"Catch","Individual species","Palinuridae","Jasus","edwardsii",NA,"Catch per unit effort (CPUE)",NA,"NTZ","Te Tapuwae o Rongokako Marine Reserve","Yes","Individuals per pot lift","4","0","2.57",NA,NA
"2455",1618,"Catch","Individual species","Palinuridae","Jasus","edwardsii",NA,"Catch per unit effort (CPUE)",NA,"NTZ","Te Tapuwae o Rongokako Marine Reserve","Yes","Individuals per pot lift","5","-1000","13.2",NA,NA
"2456",1618,"Catch","Individual species","Palinuridae","Jasus","edwardsii",NA,"Catch per unit effort (CPUE)",NA,"NTZ","Te Tapuwae o Rongokako Marine Reserve","Yes","Individuals per pot lift","1","-2000","23.58",NA,NA
"2457",1618,"Catch","Individual species","Palinuridae","Jasus","edwardsii",NA,"Catch per unit effort (CPUE)",NA,"NTZ","Te Tapuwae o Rongokako Marine Reserve","Yes","Individuals per pot lift","2","-3000","21.11",NA,NA
"2458",1618,"Catch","Individual species","Palinuridae","Jasus","edwardsii",NA,"Catch per unit effort (CPUE)",NA,"NTZ","Te Tapuwae o Rongokako Marine Reserve","Yes","Individuals per pot lift","3",NA,NA,NA,NA
"2459",1618,"Catch","Individual species","Palinuridae","Jasus","edwardsii",NA,"Catch per unit effort (CPUE)",NA,"NTZ","Te Tapuwae o Rongokako Marine Reserve","Yes","Individuals per pot lift","4",NA,NA,NA,NA
"2460",1618,"Catch","Individual species","Palinuridae","Jasus","edwardsii",NA,"Catch per unit effort (CPUE)",NA,"NTZ","Te Tapuwae o Rongokako Marine Reserve","Yes","Individuals per pot lift","5",NA,NA,NA,NA
"2461",1618,"Catch","Individual species","Palinuridae","Jasus","edwardsii",NA,"Catch per unit effort (CPUE)",NA,"NTZ","Te Tapuwae o Rongokako Marine Reserve","Yes","Individuals per pot lift","1","-3000","23.35",NA,NA
"2462",1618,"Catch","Individual species","Palinuridae","Jasus","edwardsii",NA,"Catch per unit effort (CPUE)",NA,"NTZ","Te Tapuwae o Rongokako Marine Reserve","Yes","Individuals per pot lift","2","-2000","18.8",NA,NA
"2463",1618,"Catch","Individual species","Palinuridae","Jasus","edwardsii",NA,"Catch per unit effort (CPUE)",NA,"NTZ","Te Tapuwae o Rongokako Marine Reserve","Yes","Individuals per pot lift","3","-1000","14.87",NA,NA
"2464",1618,"Catch","Individual species","Palinuridae","Jasus","edwardsii",NA,"Catch per unit effort (CPUE)",NA,"NTZ","Te Tapuwae o Rongokako Marine Reserve","Yes","Individuals per pot lift","4","0","1.4",NA,NA
"2465",1618,"Catch","Individual species","Palinuridae","Jasus","edwardsii",NA,"Catch per unit effort (CPUE)",NA,"NTZ","Te Tapuwae o Rongokako Marine Reserve","Yes","Individuals per pot lift","5","1000","0.85",NA,NA
"2466",1618,"Catch","Individual species","Palinuridae","Jasus","edwardsii",NA,"Catch per unit effort (CPUE)",NA,"NTZ","Te Tapuwae o Rongokako Marine Reserve","Yes","Individuals per pot lift","1","2000","0.9",NA,NA
"2467",1618,"Catch","Individual species","Palinuridae","Jasus","edwardsii",NA,"Catch per unit effort (CPUE)",NA,"NTZ","Te Tapuwae o Rongokako Marine Reserve","Yes","Individuals per pot lift","2","3000","3.44",NA,NA
"2468",1618,"Catch","Individual species","Palinuridae","Jasus","edwardsii",NA,"Catch per unit effort (CPUE)",NA,"NTZ","Te Tapuwae o Rongokako Marine Reserve","Yes","Individuals per pot lift","3",NA,NA,NA,NA
"2469",1618,"Catch","Individual species","Palinuridae","Jasus","edwardsii",NA,"Catch per unit effort (CPUE)",NA,"NTZ","Te Tapuwae o Rongokako Marine Reserve","Yes","Individuals per pot lift","4",NA,NA,NA,NA
"2470",1618,"Catch","Individual species","Palinuridae","Jasus","edwardsii",NA,"Catch per unit effort (CPUE)",NA,"NTZ","Te Tapuwae o Rongokako Marine Reserve","Yes","Individuals per pot lift","5",NA,NA,NA,NA
"2471",1618,"Catch","Individual species","Palinuridae","Jasus","edwardsii",NA,"Fish size",NA,"NTZ","Te Tapuwae o Rongokako Marine Reserve","Yes","mm","1","3000","54.15",NA,NA
"2472",1618,"Catch","Individual species","Palinuridae","Jasus","edwardsii",NA,"Fish size",NA,"NTZ","Te Tapuwae o Rongokako Marine Reserve","Yes","mm","2","2000","55.44",NA,NA
"2473",1618,"Catch","Individual species","Palinuridae","Jasus","edwardsii",NA,"Fish size",NA,"NTZ","Te Tapuwae o Rongokako Marine Reserve","Yes","mm","3","1000","55.87",NA,NA
"2474",1618,"Catch","Individual species","Palinuridae","Jasus","edwardsii",NA,"Fish size",NA,"NTZ","Te Tapuwae o Rongokako Marine Reserve","Yes","mm","4","0","57.09",NA,NA
"2475",1618,"Catch","Individual species","Palinuridae","Jasus","edwardsii",NA,"Fish size",NA,"NTZ","Te Tapuwae o Rongokako Marine Reserve","Yes","mm","5","-1000","58.3",NA,NA
"2476",1618,"Catch","Individual species","Palinuridae","Jasus","edwardsii",NA,"Fish size",NA,"NTZ","Te Tapuwae o Rongokako Marine Reserve","Yes","mm","1","-2000","60.89",NA,NA
"2477",1618,"Catch","Individual species","Palinuridae","Jasus","edwardsii",NA,"Fish size",NA,"NTZ","Te Tapuwae o Rongokako Marine Reserve","Yes","mm","2","-3000","60.5",NA,NA
"2478",1618,"Catch","Individual species","Palinuridae","Jasus","edwardsii",NA,"Fish size",NA,"NTZ","Te Tapuwae o Rongokako Marine Reserve","Yes","mm","3",NA,NA,NA,NA
"2479",1618,"Catch","Individual species","Palinuridae","Jasus","edwardsii",NA,"Fish size",NA,"NTZ","Te Tapuwae o Rongokako Marine Reserve","Yes","mm","4",NA,NA,NA,NA
"2480",1618,"Catch","Individual species","Palinuridae","Jasus","edwardsii",NA,"Fish size",NA,"NTZ","Te Tapuwae o Rongokako Marine Reserve","Yes","mm","5",NA,NA,NA,NA
"2481",1618,"Catch","Individual species","Palinuridae","Jasus","edwardsii",NA,"Fish size",NA,"NTZ","Te Tapuwae o Rongokako Marine Reserve","Yes","mm","1","-3000","60.82",NA,NA
"2482",1618,"Catch","Individual species","Palinuridae","Jasus","edwardsii",NA,"Fish size",NA,"NTZ","Te Tapuwae o Rongokako Marine Reserve","Yes","mm","2","-2000","60.52",NA,NA
"2483",1618,"Catch","Individual species","Palinuridae","Jasus","edwardsii",NA,"Fish size",NA,"NTZ","Te Tapuwae o Rongokako Marine Reserve","Yes","mm","3","-1000","60.64",NA,NA
"2484",1618,"Catch","Individual species","Palinuridae","Jasus","edwardsii",NA,"Fish size",NA,"NTZ","Te Tapuwae o Rongokako Marine Reserve","Yes","mm","4","0","56.95",NA,NA
"2485",1618,"Catch","Individual species","Palinuridae","Jasus","edwardsii",NA,"Fish size",NA,"NTZ","Te Tapuwae o Rongokako Marine Reserve","Yes","mm","5","1000","56.2",NA,NA
"2486",1618,"Catch","Individual species","Palinuridae","Jasus","edwardsii",NA,"Fish size",NA,"NTZ","Te Tapuwae o Rongokako Marine Reserve","Yes","mm","1","2000","57.52",NA,NA
"2487",1618,"Catch","Individual species","Palinuridae","Jasus","edwardsii",NA,"Fish size",NA,"NTZ","Te Tapuwae o Rongokako Marine Reserve","Yes","mm","2","3000","59.92",NA,NA
"2488",1618,"Catch","Individual species","Palinuridae","Jasus","edwardsii",NA,"Fish size",NA,"NTZ","Te Tapuwae o Rongokako Marine Reserve","Yes","mm","3",NA,NA,NA,NA
"2489",1618,"Catch","Individual species","Palinuridae","Jasus","edwardsii",NA,"Fish size",NA,"NTZ","Te Tapuwae o Rongokako Marine Reserve","Yes","mm","4",NA,NA,NA,NA
"2490",1618,"Catch","Individual species","Palinuridae","Jasus","edwardsii",NA,"Fish size",NA,"NTZ","Te Tapuwae o Rongokako Marine Reserve","Yes","mm","5",NA,NA,NA,NA
"2491",398,"Catch","Individual species","Plainuridae","Homarus","gammarus",NA,"Catch per unit effort (CPUE)","95% confidence intervals","NTZ","Flamanville Marine Protected Area","Yes","Number of individuals per trap (fishing effort as an offset)","1","610","0.24","0.06","0.06"
"2492",398,"Catch","Individual species","Plainuridae","Homarus","gammarus",NA,"Catch per unit effort (CPUE)","95% confidence intervals","NTZ","Flamanville Marine Protected Area","Yes","Number of individuals per trap (fishing effort as an offset)","2","950","0.24","0.06","0.06"
"2493",398,"Catch","Individual species","Plainuridae","Homarus","gammarus",NA,"Catch per unit effort (CPUE)","95% confidence intervals","NTZ","Flamanville Marine Protected Area","Yes","Number of individuals per trap (fishing effort as an offset)","3","1140","0.23","0.06","0.06"
"2494",398,"Catch","Individual species","Plainuridae","Homarus","gammarus",NA,"Catch per unit effort (CPUE)","95% confidence intervals","NTZ","Flamanville Marine Protected Area","Yes","Number of individuals per trap (fishing effort as an offset)","4","1250","0.23","0.06","0.06"
"2495",398,"Catch","Individual species","Plainuridae","Homarus","gammarus",NA,"Catch per unit effort (CPUE)","95% confidence intervals","NTZ","Flamanville Marine Protected Area","Yes","Number of individuals per trap (fishing effort as an offset)","5","1530","0.23","0.05","0.05"
"2496",398,"Catch","Individual species","Palinuridae","Homarus","gammarus",NA,"Catch per unit effort (CPUE)","95% confidence intervals","NTZ","Flamanville Marine Protected Area","Yes","Number of individuals per trap (fishing effort as an offset)","1","1620","0.22","0.05","0.05"
"2497",398,"Catch","Individual species","Palinuridae","Homarus","gammarus",NA,"Catch per unit effort (CPUE)","95% confidence intervals","NTZ","Flamanville Marine Protected Area","Yes","Number of individuals per trap (fishing effort as an offset)","2","1730","0.22","0.04","0.04"
"2498",398,"Catch","Individual species","Palinuridae","Homarus","gammarus",NA,"Catch per unit effort (CPUE)","95% confidence intervals","NTZ","Flamanville Marine Protected Area","Yes","Number of individuals per trap (fishing effort as an offset)","3","2220","0.21","0.04","0.04"
"2499",398,"Catch","Individual species","Palinuridae","Homarus","gammarus",NA,"Catch per unit effort (CPUE)","95% confidence intervals","NTZ","Flamanville Marine Protected Area","Yes","Number of individuals per trap (fishing effort as an offset)","4","3480","0.19","0.05","0.05"
"2500",398,"Catch","Individual species","Palinuridae","Homarus","gammarus",NA,"Catch per unit effort (CPUE)","95% confidence intervals","NTZ","Flamanville Marine Protected Area","Yes","Number of individuals per trap (fishing effort as an offset)","5","4150","0.18","0.06","0.06"
"2501",398,"Catch","Individual species","Palinuridae","Homarus","gammarus",NA,"Catch per unit effort (CPUE)","95% confidence intervals","NTZ","Flamanville Marine Protected Area","Yes","Number of individuals per trap (fishing effort as an offset)","1","5400","0.17","0.07","0.07"
"2502",398,"Catch","Individual species","Palinuridae","Homarus","gammarus",NA,"Catch per unit effort (CPUE)","95% confidence intervals","NTZ","Flamanville Marine Protected Area","Yes","Number of individuals per trap (fishing effort as an offset)","2","6330","0.16","0.08","0.08"
"2503",398,"Catch","Individual species","Palinuridae","Homarus","gammarus",NA,"Catch per unit effort (CPUE)","95% confidence intervals","NTZ","Flamanville Marine Protected Area","Yes","Number of individuals per trap (fishing effort as an offset)","3",NA,NA,NA,NA
"2504",398,"Catch","Individual species","Palinuridae","Homarus","gammarus",NA,"Catch per unit effort (CPUE)","95% confidence intervals","NTZ","Flamanville Marine Protected Area","Yes","Number of individuals per trap (fishing effort as an offset)","4",NA,NA,NA,NA
"2505",398,"Catch","Individual species","Palinuridae","Homarus","gammarus",NA,"Catch per unit effort (CPUE)","95% confidence intervals","NTZ","Flamanville Marine Protected Area","Yes","Number of individuals per trap (fishing effort as an offset)","5",NA,NA,NA,NA
"2506",398,"Catch","Individual species","Palinuridae","Homarus","gammarus",NA,"Catch per unit effort (CPUE)","95% confidence intervals","NTZ","Flamanville Marine Protected Area","Yes","Number of individuals per trap (fishing effort as an offset)","1","610","0.17","0.06","0.06"
"2507",398,"Catch","Individual species","Palinuridae","Homarus","gammarus",NA,"Catch per unit effort (CPUE)","95% confidence intervals","NTZ","Flamanville Marine Protected Area","Yes","Number of individuals per trap (fishing effort as an offset)","2","950","0.17","0.06","0.06"
"2508",398,"Catch","Individual species","Palinuridae","Homarus","gammarus",NA,"Catch per unit effort (CPUE)","95% confidence intervals","NTZ","Flamanville Marine Protected Area","Yes","Number of individuals per trap (fishing effort as an offset)","3","1140","0.17","0.06","0.06"
"2509",398,"Catch","Individual species","Palinuridae","Homarus","gammarus",NA,"Catch per unit effort (CPUE)","95% confidence intervals","NTZ","Flamanville Marine Protected Area","Yes","Number of individuals per trap (fishing effort as an offset)","4","1250","0.17","0.06","0.06"
"2510",398,"Catch","Individual species","Palinuridae","Homarus","gammarus",NA,"Catch per unit effort (CPUE)","95% confidence intervals","NTZ","Flamanville Marine Protected Area","Yes","Number of individuals per trap (fishing effort as an offset)","5","1530","0.17","0.05","0.05"
"2511",398,"Catch","Individual species","Palinuridae","Homarus","gammarus",NA,"Catch per unit effort (CPUE)","95% confidence intervals","NTZ","Flamanville Marine Protected Area","Yes","Number of individuals per trap (fishing effort as an offset)","1","1620","0.17","0.04","0.04"
"2512",398,"Catch","Individual species","Palinuridae","Homarus","gammarus",NA,"Catch per unit effort (CPUE)","95% confidence intervals","NTZ","Flamanville Marine Protected Area","Yes","Number of individuals per trap (fishing effort as an offset)","2","1730","0.16","0.04","0.04"
"2513",398,"Catch","Individual species","Palinuridae","Homarus","gammarus",NA,"Catch per unit effort (CPUE)","95% confidence intervals","NTZ","Flamanville Marine Protected Area","Yes","Number of individuals per trap (fishing effort as an offset)","3","2220","0.16","0.04","0.04"
"2514",398,"Catch","Individual species","Palinuridae","Homarus","gammarus",NA,"Catch per unit effort (CPUE)","95% confidence intervals","NTZ","Flamanville Marine Protected Area","Yes","Number of individuals per trap (fishing effort as an offset)","4","3480","0.15","0.04","0.04"
"2515",398,"Catch","Individual species","Palinuridae","Homarus","gammarus",NA,"Catch per unit effort (CPUE)","95% confidence intervals","NTZ","Flamanville Marine Protected Area","Yes","Number of individuals per trap (fishing effort as an offset)","5","4150","0.15","0.05","0.05"
"2516",398,"Catch","Individual species","Palinuridae","Homarus","gammarus",NA,"Catch per unit effort (CPUE)","95% confidence intervals","NTZ","Flamanville Marine Protected Area","Yes","Number of individuals per trap (fishing effort as an offset)","1","5400","0.13","0.06","0.06"
"2517",398,"Catch","Individual species","Palinuridae","Homarus","gammarus",NA,"Catch per unit effort (CPUE)","95% confidence intervals","NTZ","Flamanville Marine Protected Area","Yes","Number of individuals per trap (fishing effort as an offset)","2","6330","0.12","0.07","0.07"
"2518",398,"Catch","Individual species","Palinuridae","Homarus","gammarus",NA,"Catch per unit effort (CPUE)","95% confidence intervals","NTZ","Flamanville Marine Protected Area","Yes","Number of individuals per trap (fishing effort as an offset)","3",NA,NA,NA,NA
"2519",398,"Catch","Individual species","Palinuridae","Homarus","gammarus",NA,"Catch per unit effort (CPUE)","95% confidence intervals","NTZ","Flamanville Marine Protected Area","Yes","Number of individuals per trap (fishing effort as an offset)","4",NA,NA,NA,NA
"2520",398,"Catch","Individual species","Palinuridae","Homarus","gammarus",NA,"Catch per unit effort (CPUE)","95% confidence intervals","NTZ","Flamanville Marine Protected Area","Yes","Number of individuals per trap (fishing effort as an offset)","5",NA,NA,NA,NA
"2521",398,"Catch","Individual species","Palinuridae","Homarus","gammarus",NA,"Catch per unit effort (CPUE)","95% confidence intervals","NTZ","Flamanville Marine Protected Area","Yes","Number of individuals per trap (fishing effort as an offset)","1","610","0.63","0.17","0.17"
"2522",398,"Catch","Individual species","Palinuridae","Homarus","gammarus",NA,"Catch per unit effort (CPUE)","95% confidence intervals","NTZ","Flamanville Marine Protected Area","Yes","Number of individuals per trap (fishing effort as an offset)","2","950","0.53","0.14","0.14"
"2523",398,"Catch","Individual species","Palinuridae","Homarus","gammarus",NA,"Catch per unit effort (CPUE)","95% confidence intervals","NTZ","Flamanville Marine Protected Area","Yes","Number of individuals per trap (fishing effort as an offset)","3","1140","0.77","0.14","0.14"
"2524",398,"Catch","Individual species","Palinuridae","Homarus","gammarus",NA,"Catch per unit effort (CPUE)","95% confidence intervals","NTZ","Flamanville Marine Protected Area","Yes","Number of individuals per trap (fishing effort as an offset)","4","1250","0.89","0.16","0.16"
"2525",398,"Catch","Individual species","Palinuridae","Homarus","gammarus",NA,"Catch per unit effort (CPUE)","95% confidence intervals","NTZ","Flamanville Marine Protected Area","Yes","Number of individuals per trap (fishing effort as an offset)","5","1530","0.63","0.11","0.11"
"2526",398,"Catch","Individual species","Palinuridae","Homarus","gammarus",NA,"Catch per unit effort (CPUE)","95% confidence intervals","NTZ","Flamanville Marine Protected Area","Yes","Number of individuals per trap (fishing effort as an offset)","1","1620","0.45","0.1","0.1"
"2527",398,"Catch","Individual species","Palinuridae","Homarus","gammarus",NA,"Catch per unit effort (CPUE)","95% confidence intervals","NTZ","Flamanville Marine Protected Area","Yes","Number of individuals per trap (fishing effort as an offset)","2","1730","0.36","0.1","0.1"
"2528",398,"Catch","Individual species","Palinuridae","Homarus","gammarus",NA,"Catch per unit effort (CPUE)","95% confidence intervals","NTZ","Flamanville Marine Protected Area","Yes","Number of individuals per trap (fishing effort as an offset)","3","2220","0.81","0.16","0.16"
"2529",398,"Catch","Individual species","Palinuridae","Homarus","gammarus",NA,"Catch per unit effort (CPUE)","95% confidence intervals","NTZ","Flamanville Marine Protected Area","Yes","Number of individuals per trap (fishing effort as an offset)","4","3480","0.23","0.11","0.11"
"2530",398,"Catch","Individual species","Palinuridae","Homarus","gammarus",NA,"Catch per unit effort (CPUE)","95% confidence intervals","NTZ","Flamanville Marine Protected Area","Yes","Number of individuals per trap (fishing effort as an offset)","5","4150","0.4","0.14","0.14"
"2531",398,"Catch","Individual species","Palinuridae","Homarus","gammarus",NA,"Catch per unit effort (CPUE)","95% confidence intervals","NTZ","Flamanville Marine Protected Area","Yes","Number of individuals per trap (fishing effort as an offset)","1","5400","0.24","0.11","0.11"
"2532",398,"Catch","Individual species","Palinuridae","Homarus","gammarus",NA,"Catch per unit effort (CPUE)","95% confidence intervals","NTZ","Flamanville Marine Protected Area","Yes","Number of individuals per trap (fishing effort as an offset)","2","6330","0.35","0.13","0.13"
"2533",398,"Catch","Individual species","Palinuridae","Homarus","gammarus",NA,"Catch per unit effort (CPUE)","95% confidence intervals","NTZ","Flamanville Marine Protected Area","Yes","Number of individuals per trap (fishing effort as an offset)","3",NA,NA,NA,NA
"2534",398,"Catch","Individual species","Palinuridae","Homarus","gammarus",NA,"Catch per unit effort (CPUE)","95% confidence intervals","NTZ","Flamanville Marine Protected Area","Yes","Number of individuals per trap (fishing effort as an offset)","4",NA,NA,NA,NA
"2535",398,"Catch","Individual species","Palinuridae","Homarus","gammarus",NA,"Catch per unit effort (CPUE)","95% confidence intervals","NTZ","Flamanville Marine Protected Area","Yes","Number of individuals per trap (fishing effort as an offset)","5",NA,NA,NA,NA
"2536",398,"Catch","Individual species","Palinuridae","Homarus","gammarus",NA,"Catch per unit effort (CPUE)","95% confidence intervals","NTZ","Flamanville Marine Protected Area","Yes","Number of individuals per trap (fishing effort as an offset)","1","610","0.58","-0.16","0.16"
"2537",398,"Catch","Individual species","Palinuridae","Homarus","gammarus",NA,"Catch per unit effort (CPUE)","95% confidence intervals","NTZ","Flamanville Marine Protected Area","Yes","Number of individuals per trap (fishing effort as an offset)","2","950","0.48","0.14","0.14"
"2538",398,"Catch","Individual species","Palinuridae","Homarus","gammarus",NA,"Catch per unit effort (CPUE)","95% confidence intervals","NTZ","Flamanville Marine Protected Area","Yes","Number of individuals per trap (fishing effort as an offset)","3","1140","-0.75","0.12","0.12"
"2539",398,"Catch","Individual species","Palinuridae","Homarus","gammarus",NA,"Catch per unit effort (CPUE)","95% confidence intervals","NTZ","Flamanville Marine Protected Area","Yes","Number of individuals per trap (fishing effort as an offset)","4","1250","0.83","0.15","0.15"
"2540",398,"Catch","Individual species","Palinuridae","Homarus","gammarus",NA,"Catch per unit effort (CPUE)","95% confidence intervals","NTZ","Flamanville Marine Protected Area","Yes","Number of individuals per trap (fishing effort as an offset)","5","1530","0.46","0.1","0.1"
"2541",398,"Catch","Individual species","Palinuridae","Homarus","gammarus",NA,"Catch per unit effort (CPUE)","95% confidence intervals","NTZ","Flamanville Marine Protected Area","Yes","Number of individuals per trap (fishing effort as an offset)","1","1620","0.32","0.06","0.06"
"2542",398,"Catch","Individual species","Palinuridae","Homarus","gammarus",NA,"Catch per unit effort (CPUE)","95% confidence intervals","NTZ","Flamanville Marine Protected Area","Yes","Number of individuals per trap (fishing effort as an offset)","2","1730","0.25","0.09","0.09"
"2543",398,"Catch","Individual species","Palinuridae","Homarus","gammarus",NA,"Catch per unit effort (CPUE)","95% confidence intervals","NTZ","Flamanville Marine Protected Area","Yes","Number of individuals per trap (fishing effort as an offset)","3","2220","0.72","0.15","0.15"
"2544",398,"Catch","Individual species","Palinuridae","Homarus","gammarus",NA,"Catch per unit effort (CPUE)","95% confidence intervals","NTZ","Flamanville Marine Protected Area","Yes","Number of individuals per trap (fishing effort as an offset)","4","3480","0.19","0.1","0.1"
"2545",398,"Catch","Individual species","Palinuridae","Homarus","gammarus",NA,"Catch per unit effort (CPUE)","95% confidence intervals","NTZ","Flamanville Marine Protected Area","Yes","Number of individuals per trap (fishing effort as an offset)","5","4150","0.34","0.13","0.13"
"2546",398,"Catch","Individual species","Palinuridae","Homarus","gammarus",NA,"Catch per unit effort (CPUE)","95% confidence intervals","NTZ","Flamanville Marine Protected Area","Yes","Number of individuals per trap (fishing effort as an offset)","1","5400","0.16","0.1","0.1"
"2547",398,"Catch","Individual species","Palinuridae","Homarus","gammarus",NA,"Catch per unit effort (CPUE)","95% confidence intervals","NTZ","Flamanville Marine Protected Area","Yes","Number of individuals per trap (fishing effort as an offset)","2","6330","0.32","0.12","0.12"
"2548",398,"Catch","Individual species","Palinuridae","Homarus","gammarus",NA,"Catch per unit effort (CPUE)","95% confidence intervals","NTZ","Flamanville Marine Protected Area","Yes","Number of individuals per trap (fishing effort as an offset)","3",NA,NA,NA,NA
"2549",398,"Catch","Individual species","Palinuridae","Homarus","gammarus",NA,"Catch per unit effort (CPUE)","95% confidence intervals","NTZ","Flamanville Marine Protected Area","Yes","Number of individuals per trap (fishing effort as an offset)","4",NA,NA,NA,NA
"2550",398,"Catch","Individual species","Palinuridae","Homarus","gammarus",NA,"Catch per unit effort (CPUE)","95% confidence intervals","NTZ","Flamanville Marine Protected Area","Yes","Number of individuals per trap (fishing effort as an offset)","5",NA,NA,NA,NA
"2551",398,"Catch","Individual species","Cancridae","Cancer","pagurus",NA,"Catch per unit effort (CPUE)","95% confidence intervals","NTZ","Flamanville Marine Protected Area","Yes","Number of individuals per trap (fishing effort as an offset)","1","610","0.94","0.15","0.15"
"2552",398,"Catch","Individual species","Cancridae","Cancer","pagurus",NA,"Catch per unit effort (CPUE)","95% confidence intervals","NTZ","Flamanville Marine Protected Area","Yes","Number of individuals per trap (fishing effort as an offset)","2","950","0.86","0.12","0.12"
"2553",398,"Catch","Individual species","Cancridae","Cancer","pagurus",NA,"Catch per unit effort (CPUE)","95% confidence intervals","NTZ","Flamanville Marine Protected Area","Yes","Number of individuals per trap (fishing effort as an offset)","3","1140","0.81","0.1","0.1"
"2554",398,"Catch","Individual species","Cancridae","Cancer","pagurus",NA,"Catch per unit effort (CPUE)","95% confidence intervals","NTZ","Flamanville Marine Protected Area","Yes","Number of individuals per trap (fishing effort as an offset)","4","1250","0.8","0.09","0.09"
"2555",398,"Catch","Individual species","Cancridae","Cancer","pagurus",NA,"Catch per unit effort (CPUE)","95% confidence intervals","NTZ","Flamanville Marine Protected Area","Yes","Number of individuals per trap (fishing effort as an offset)","5","1530","0.75","0.09","0.09"
"2556",398,"Catch","Individual species","Cancridae","Cancer","pagurus",NA,"Catch per unit effort (CPUE)","95% confidence intervals","NTZ","Flamanville Marine Protected Area","Yes","Number of individuals per trap (fishing effort as an offset)","1","1620","0.73","0.08","0.08"
"2557",398,"Catch","Individual species","Cancridae","Cancer","pagurus",NA,"Catch per unit effort (CPUE)","95% confidence intervals","NTZ","Flamanville Marine Protected Area","Yes","Number of individuals per trap (fishing effort as an offset)","2","1730","0.72","0.08","0.08"
"2558",398,"Catch","Individual species","Cancridae","Cancer","pagurus",NA,"Catch per unit effort (CPUE)","95% confidence intervals","NTZ","Flamanville Marine Protected Area","Yes","Number of individuals per trap (fishing effort as an offset)","3","2220","0.63","0.08","0.08"
"2559",398,"Catch","Individual species","Cancridae","Cancer","pagurus",NA,"Catch per unit effort (CPUE)","95% confidence intervals","NTZ","Flamanville Marine Protected Area","Yes","Number of individuals per trap (fishing effort as an offset)","4","3480","0.48","0.09","0.09"
"2560",398,"Catch","Individual species","Cancridae","Cancer","pagurus",NA,"Catch per unit effort (CPUE)","95% confidence intervals","NTZ","Flamanville Marine Protected Area","Yes","Number of individuals per trap (fishing effort as an offset)","5","4150","0.42","0.08","0.08"
"2561",398,"Catch","Individual species","Cancridae","Cancer","pagurus",NA,"Catch per unit effort (CPUE)","95% confidence intervals","NTZ","Flamanville Marine Protected Area","Yes","Number of individuals per trap (fishing effort as an offset)","1","5400","0.33","0.1","0.1"
"2562",398,"Catch","Individual species","Cancridae","Cancer","pagurus",NA,"Catch per unit effort (CPUE)","95% confidence intervals","NTZ","Flamanville Marine Protected Area","Yes","Number of individuals per trap (fishing effort as an offset)","2","6330","0.28","0.11","0.11"
"2563",398,"Catch","Individual species","Cancridae","Cancer","pagurus",NA,"Catch per unit effort (CPUE)","95% confidence intervals","NTZ","Flamanville Marine Protected Area","Yes","Number of individuals per trap (fishing effort as an offset)","3",NA,NA,NA,NA
"2564",398,"Catch","Individual species","Cancridae","Cancer","pagurus",NA,"Catch per unit effort (CPUE)","95% confidence intervals","NTZ","Flamanville Marine Protected Area","Yes","Number of individuals per trap (fishing effort as an offset)","4",NA,NA,NA,NA
"2565",398,"Catch","Individual species","Cancridae","Cancer","pagurus",NA,"Catch per unit effort (CPUE)","95% confidence intervals","NTZ","Flamanville Marine Protected Area","Yes","Number of individuals per trap (fishing effort as an offset)","5",NA,NA,NA,NA
"2566",398,"Catch","Individual species","Cancridae","Cancer","pagurus",NA,"Catch per unit effort (CPUE)","95% confidence intervals","NTZ","Flamanville Marine Protected Area","Yes","Number of individuals per trap (fishing effort as an offset)","1","610","0.75","0.14","0.14"
"2567",398,"Catch","Individual species","Cancridae","Cancer","pagurus",NA,"Catch per unit effort (CPUE)","95% confidence intervals","NTZ","Flamanville Marine Protected Area","Yes","Number of individuals per trap (fishing effort as an offset)","2","950","0.7","0.1","0.1"
"2568",398,"Catch","Individual species","Cancridae","Cancer","pagurus",NA,"Catch per unit effort (CPUE)","95% confidence intervals","NTZ","Flamanville Marine Protected Area","Yes","Number of individuals per trap (fishing effort as an offset)","3","1140","0.69","0.09","0.09"
"2569",398,"Catch","Individual species","Cancridae","Cancer","pagurus",NA,"Catch per unit effort (CPUE)","95% confidence intervals","NTZ","Flamanville Marine Protected Area","Yes","Number of individuals per trap (fishing effort as an offset)","4","1250","0.68","0.09","0.09"
"2570",398,"Catch","Individual species","Cancridae","Cancer","pagurus",NA,"Catch per unit effort (CPUE)","95% confidence intervals","NTZ","Flamanville Marine Protected Area","Yes","Number of individuals per trap (fishing effort as an offset)","5","1530","0.65","0.08","0.08"
"2571",398,"Catch","Individual species","Cancridae","Cancer","pagurus",NA,"Catch per unit effort (CPUE)","95% confidence intervals","NTZ","Flamanville Marine Protected Area","Yes","Number of individuals per trap (fishing effort as an offset)","1","1620","0.64","0.07","0.07"
"2572",398,"Catch","Individual species","Cancridae","Cancer","pagurus",NA,"Catch per unit effort (CPUE)","95% confidence intervals","NTZ","Flamanville Marine Protected Area","Yes","Number of individuals per trap (fishing effort as an offset)","2","1730","0.63","0.08","0.08"
"2573",398,"Catch","Individual species","Cancridae","Cancer","pagurus",NA,"Catch per unit effort (CPUE)","95% confidence intervals","NTZ","Flamanville Marine Protected Area","Yes","Number of individuals per trap (fishing effort as an offset)","3","2220","0.58","0.08","0.08"
"2574",398,"Catch","Individual species","Cancridae","Cancer","pagurus",NA,"Catch per unit effort (CPUE)","95% confidence intervals","NTZ","Flamanville Marine Protected Area","Yes","Number of individuals per trap (fishing effort as an offset)","4","3480","0.51","0.09","0.09"
"2575",398,"Catch","Individual species","Cancridae","Cancer","pagurus",NA,"Catch per unit effort (CPUE)","95% confidence intervals","NTZ","Flamanville Marine Protected Area","Yes","Number of individuals per trap (fishing effort as an offset)","5","4150","0.47","0.09","0.09"
"2576",398,"Catch","Individual species","Cancridae","Cancer","pagurus",NA,"Catch per unit effort (CPUE)","95% confidence intervals","NTZ","Flamanville Marine Protected Area","Yes","Number of individuals per trap (fishing effort as an offset)","1","5400","0.42","0.1","0.1"
"2577",398,"Catch","Individual species","Cancridae","Cancer","pagurus",NA,"Catch per unit effort (CPUE)","95% confidence intervals","NTZ","Flamanville Marine Protected Area","Yes","Number of individuals per trap (fishing effort as an offset)","2","6330","0.39","0.13","0.13"
"2578",398,"Catch","Individual species","Cancridae","Cancer","pagurus",NA,"Catch per unit effort (CPUE)","95% confidence intervals","NTZ","Flamanville Marine Protected Area","Yes","Number of individuals per trap (fishing effort as an offset)","3",NA,NA,NA,NA
"2579",398,"Catch","Individual species","Cancridae","Cancer","pagurus",NA,"Catch per unit effort (CPUE)","95% confidence intervals","NTZ","Flamanville Marine Protected Area","Yes","Number of individuals per trap (fishing effort as an offset)","4",NA,NA,NA,NA
"2580",398,"Catch","Individual species","Cancridae","Cancer","pagurus",NA,"Catch per unit effort (CPUE)","95% confidence intervals","NTZ","Flamanville Marine Protected Area","Yes","Number of individuals per trap (fishing effort as an offset)","5",NA,NA,NA,NA
"2581",398,"Catch","Individual species","Cancridae","Cancer","pagurus",NA,"Catch per unit effort (CPUE)","95% confidence intervals","NTZ","Flamanville Marine Protected Area","Yes","Number of individuals per trap (fishing effort as an offset)","1","610","1.15","0.17","0.17"
"2582",398,"Catch","Individual species","Cancridae","Cancer","pagurus",NA,"Catch per unit effort (CPUE)","95% confidence intervals","NTZ","Flamanville Marine Protected Area","Yes","Number of individuals per trap (fishing effort as an offset)","2","950","1.02","0.1","0.1"
"2583",398,"Catch","Individual species","Cancridae","Cancer","pagurus",NA,"Catch per unit effort (CPUE)","95% confidence intervals","NTZ","Flamanville Marine Protected Area","Yes","Number of individuals per trap (fishing effort as an offset)","3","1140","0.95","0.09","0.09"
"2584",398,"Catch","Individual species","Cancridae","Cancer","pagurus",NA,"Catch per unit effort (CPUE)","95% confidence intervals","NTZ","Flamanville Marine Protected Area","Yes","Number of individuals per trap (fishing effort as an offset)","4","1250","0.93","0.09","0.09"
"2585",398,"Catch","Individual species","Cancridae","Cancer","pagurus",NA,"Catch per unit effort (CPUE)","95% confidence intervals","NTZ","Flamanville Marine Protected Area","Yes","Number of individuals per trap (fishing effort as an offset)","5","1530","0.85","0.08","0.08"
"2586",398,"Catch","Individual species","Cancridae","Cancer","pagurus",NA,"Catch per unit effort (CPUE)","95% confidence intervals","NTZ","Flamanville Marine Protected Area","Yes","Number of individuals per trap (fishing effort as an offset)","1","1620","0.82","0.08","0.08"
"2587",398,"Catch","Individual species","Cancridae","Cancer","pagurus",NA,"Catch per unit effort (CPUE)","95% confidence intervals","NTZ","Flamanville Marine Protected Area","Yes","Number of individuals per trap (fishing effort as an offset)","2","1730","0.79","0.08","0.08"
"2588",398,"Catch","Individual species","Cancridae","Cancer","pagurus",NA,"Catch per unit effort (CPUE)","95% confidence intervals","NTZ","Flamanville Marine Protected Area","Yes","Number of individuals per trap (fishing effort as an offset)","3","2220","0.68","0.08","0.08"
"2589",398,"Catch","Individual species","Cancridae","Cancer","pagurus",NA,"Catch per unit effort (CPUE)","95% confidence intervals","NTZ","Flamanville Marine Protected Area","Yes","Number of individuals per trap (fishing effort as an offset)","4","3480","0.51","0.08","0.08"
"2590",398,"Catch","Individual species","Cancridae","Cancer","pagurus",NA,"Catch per unit effort (CPUE)","95% confidence intervals","NTZ","Flamanville Marine Protected Area","Yes","Number of individuals per trap (fishing effort as an offset)","5","4150","0.45","0.09","0.09"
"2591",398,"Catch","Individual species","Cancridae","Cancer","pagurus",NA,"Catch per unit effort (CPUE)","95% confidence intervals","NTZ","Flamanville Marine Protected Area","Yes","Number of individuals per trap (fishing effort as an offset)","1","5400","0.38","0.08","0.08"
"2592",398,"Catch","Individual species","Cancridae","Cancer","pagurus",NA,"Catch per unit effort (CPUE)","95% confidence intervals","NTZ","Flamanville Marine Protected Area","Yes","Number of individuals per trap (fishing effort as an offset)","2","6330","0.34","0.11","0.11"
"2593",398,"Catch","Individual species","Cancridae","Cancer","pagurus",NA,"Catch per unit effort (CPUE)","95% confidence intervals","NTZ","Flamanville Marine Protected Area","Yes","Number of individuals per trap (fishing effort as an offset)","3",NA,NA,NA,NA
"2594",398,"Catch","Individual species","Cancridae","Cancer","pagurus",NA,"Catch per unit effort (CPUE)","95% confidence intervals","NTZ","Flamanville Marine Protected Area","Yes","Number of individuals per trap (fishing effort as an offset)","4",NA,NA,NA,NA
"2595",398,"Catch","Individual species","Cancridae","Cancer","pagurus",NA,"Catch per unit effort (CPUE)","95% confidence intervals","NTZ","Flamanville Marine Protected Area","Yes","Number of individuals per trap (fishing effort as an offset)","5",NA,NA,NA,NA
"2596",398,"Catch","Individual species","Cancridae","Cancer","pagurus",NA,"Catch per unit effort (CPUE)","95% confidence intervals","NTZ","Flamanville Marine Protected Area","Yes","Number of individuals per trap (fishing effort as an offset)","1","610","1.06","0.11","0.11"
"2597",398,"Catch","Individual species","Cancridae","Cancer","pagurus",NA,"Catch per unit effort (CPUE)","95% confidence intervals","NTZ","Flamanville Marine Protected Area","Yes","Number of individuals per trap (fishing effort as an offset)","2","950","0.98","0.09","0.09"
"2598",398,"Catch","Individual species","Cancridae","Cancer","pagurus",NA,"Catch per unit effort (CPUE)","95% confidence intervals","NTZ","Flamanville Marine Protected Area","Yes","Number of individuals per trap (fishing effort as an offset)","3","1140","0.94","0.09","0.09"
"2599",398,"Catch","Individual species","Cancridae","Cancer","pagurus",NA,"Catch per unit effort (CPUE)","95% confidence intervals","NTZ","Flamanville Marine Protected Area","Yes","Number of individuals per trap (fishing effort as an offset)","4","1250","0.91","0.08","0.08"
"2600",398,"Catch","Individual species","Cancridae","Cancer","pagurus",NA,"Catch per unit effort (CPUE)","95% confidence intervals","NTZ","Flamanville Marine Protected Area","Yes","Number of individuals per trap (fishing effort as an offset)","5","1530","0.86","0.07","0.07"
"2601",398,"Catch","Individual species","Cancridae","Cancer","pagurus",NA,"Catch per unit effort (CPUE)","95% confidence intervals","NTZ","Flamanville Marine Protected Area","Yes","Number of individuals per trap (fishing effort as an offset)","1","1620","0.84","0.06","0.06"
"2602",398,"Catch","Individual species","Cancridae","Cancer","pagurus",NA,"Catch per unit effort (CPUE)","95% confidence intervals","NTZ","Flamanville Marine Protected Area","Yes","Number of individuals per trap (fishing effort as an offset)","2","1730","0.82","0.06","0.06"
"2603",398,"Catch","Individual species","Cancridae","Cancer","pagurus",NA,"Catch per unit effort (CPUE)","95% confidence intervals","NTZ","Flamanville Marine Protected Area","Yes","Number of individuals per trap (fishing effort as an offset)","3","2220","0.73","0.06","0.06"
"2604",398,"Catch","Individual species","Cancridae","Cancer","pagurus",NA,"Catch per unit effort (CPUE)","95% confidence intervals","NTZ","Flamanville Marine Protected Area","Yes","Number of individuals per trap (fishing effort as an offset)","4","3480","0.55","0.06","0.06"
"2605",398,"Catch","Individual species","Cancridae","Cancer","pagurus",NA,"Catch per unit effort (CPUE)","95% confidence intervals","NTZ","Flamanville Marine Protected Area","Yes","Number of individuals per trap (fishing effort as an offset)","5","4150","0.47","0.07","0.07"
"2606",398,"Catch","Individual species","Cancridae","Cancer","pagurus",NA,"Catch per unit effort (CPUE)","95% confidence intervals","NTZ","Flamanville Marine Protected Area","Yes","Number of individuals per trap (fishing effort as an offset)","1","5400","0.35","0.07","0.07"
"2607",398,"Catch","Individual species","Cancridae","Cancer","pagurus",NA,"Catch per unit effort (CPUE)","95% confidence intervals","NTZ","Flamanville Marine Protected Area","Yes","Number of individuals per trap (fishing effort as an offset)","2","6330","0.29","0.07","0.07"
"2608",398,"Catch","Individual species","Cancridae","Cancer","pagurus",NA,"Catch per unit effort (CPUE)","95% confidence intervals","NTZ","Flamanville Marine Protected Area","Yes","Number of individuals per trap (fishing effort as an offset)","3",NA,NA,NA,NA
"2609",398,"Catch","Individual species","Cancridae","Cancer","pagurus",NA,"Catch per unit effort (CPUE)","95% confidence intervals","NTZ","Flamanville Marine Protected Area","Yes","Number of individuals per trap (fishing effort as an offset)","4",NA,NA,NA,NA
"2610",398,"Catch","Individual species","Cancridae","Cancer","pagurus",NA,"Catch per unit effort (CPUE)","95% confidence intervals","NTZ","Flamanville Marine Protected Area","Yes","Number of individuals per trap (fishing effort as an offset)","5",NA,NA,NA,NA
"2611",398,"Catch","Individual species","Majidae","Maja","brachydactyla",NA,"Catch per unit effort (CPUE)","95% confidence intervals","NTZ","Flamanville Marine Protected Area","Yes","Number of individuals per trap (fishing effort as an offset)","1","0.13","0.05","0.05","0.05"
"2612",398,"Catch","Individual species","Majidae","Maja","brachydactyla",NA,"Catch per unit effort (CPUE)","95% confidence intervals","NTZ","Flamanville Marine Protected Area","Yes","Number of individuals per trap (fishing effort as an offset)","2","950","0.13","0.05","0.05"
"2613",398,"Catch","Individual species","Majidae","Maja","brachydactyla",NA,"Catch per unit effort (CPUE)","95% confidence intervals","NTZ","Flamanville Marine Protected Area","Yes","Number of individuals per trap (fishing effort as an offset)","3","1140","0.14","0.05","0.05"
"2614",398,"Catch","Individual species","Majidae","Maja","brachydactyla",NA,"Catch per unit effort (CPUE)","95% confidence intervals","NTZ","Flamanville Marine Protected Area","Yes","Number of individuals per trap (fishing effort as an offset)","4","1250","0.14","0.05","0.05"
"2615",398,"Catch","Individual species","Majidae","Maja","brachydactyla",NA,"Catch per unit effort (CPUE)","95% confidence intervals","NTZ","Flamanville Marine Protected Area","Yes","Number of individuals per trap (fishing effort as an offset)","5","1530","0.15","0.05","0.05"
"2616",398,"Catch","Individual species","Majidae","Maja","brachydactyla",NA,"Catch per unit effort (CPUE)","95% confidence intervals","NTZ","Flamanville Marine Protected Area","Yes","Number of individuals per trap (fishing effort as an offset)","1","1620","0.15","0.05","0.05"
"2617",398,"Catch","Individual species","Majidae","Maja","brachydactyla",NA,"Catch per unit effort (CPUE)","95% confidence intervals","NTZ","Flamanville Marine Protected Area","Yes","Number of individuals per trap (fishing effort as an offset)","2","1730","0.15","0.05","0.05"
"2618",398,"Catch","Individual species","Majidae","Maja","brachydactyla",NA,"Catch per unit effort (CPUE)","95% confidence intervals","NTZ","Flamanville Marine Protected Area","Yes","Number of individuals per trap (fishing effort as an offset)","3","2220","0.16","0.05","0.05"
"2619",398,"Catch","Individual species","Majidae","Maja","brachydactyla",NA,"Catch per unit effort (CPUE)","95% confidence intervals","NTZ","Flamanville Marine Protected Area","Yes","Number of individuals per trap (fishing effort as an offset)","4","3480","0.2","0.05","0.05"
"2620",398,"Catch","Individual species","Majidae","Maja","brachydactyla",NA,"Catch per unit effort (CPUE)","95% confidence intervals","NTZ","Flamanville Marine Protected Area","Yes","Number of individuals per trap (fishing effort as an offset)","5","4150","0.22","0.05","0.05"
"2621",398,"Catch","Individual species","Majidae","Maja","brachydactyla",NA,"Catch per unit effort (CPUE)","95% confidence intervals","NTZ","Flamanville Marine Protected Area","Yes","Number of individuals per trap (fishing effort as an offset)","1","5400","0.26","0.09","0.09"
"2622",398,"Catch","Individual species","Majidae","Maja","brachydactyla",NA,"Catch per unit effort (CPUE)","95% confidence intervals","NTZ","Flamanville Marine Protected Area","Yes","Number of individuals per trap (fishing effort as an offset)","2","6330","0.3","0.12","0.12"
"2623",398,"Catch","Individual species","Majidae","Maja","brachydactyla",NA,"Catch per unit effort (CPUE)","95% confidence intervals","NTZ","Flamanville Marine Protected Area","Yes","Number of individuals per trap (fishing effort as an offset)","3",NA,NA,NA,NA
"2624",398,"Catch","Individual species","Majidae","Maja","brachydactyla",NA,"Catch per unit effort (CPUE)","95% confidence intervals","NTZ","Flamanville Marine Protected Area","Yes","Number of individuals per trap (fishing effort as an offset)","4",NA,NA,NA,NA
"2625",398,"Catch","Individual species","Majidae","Maja","brachydactyla",NA,"Catch per unit effort (CPUE)","95% confidence intervals","NTZ","Flamanville Marine Protected Area","Yes","Number of individuals per trap (fishing effort as an offset)","5",NA,NA,NA,NA
"2626",398,"Catch","Individual species","Majidae","Maja","brachydactyla",NA,"Catch per unit effort (CPUE)","95% confidence intervals","NTZ","Flamanville Marine Protected Area","Yes","Number of individuals per trap (fishing effort as an offset)","1","610","0.16","0.12","0.12"
"2627",398,"Catch","Individual species","Majidae","Maja","brachydactyla",NA,"Catch per unit effort (CPUE)","95% confidence intervals","NTZ","Flamanville Marine Protected Area","Yes","Number of individuals per trap (fishing effort as an offset)","2","950","0.19","0.09","0.09"
"2628",398,"Catch","Individual species","Majidae","Maja","brachydactyla",NA,"Catch per unit effort (CPUE)","95% confidence intervals","NTZ","Flamanville Marine Protected Area","Yes","Number of individuals per trap (fishing effort as an offset)","3","1140","0.2","0.08","0.08"
"2629",398,"Catch","Individual species","Majidae","Maja","brachydactyla",NA,"Catch per unit effort (CPUE)","95% confidence intervals","NTZ","Flamanville Marine Protected Area","Yes","Number of individuals per trap (fishing effort as an offset)","4","1250","0.21","0.08","0.08"
"2630",398,"Catch","Individual species","Majidae","Maja","brachydactyla",NA,"Catch per unit effort (CPUE)","95% confidence intervals","NTZ","Flamanville Marine Protected Area","Yes","Number of individuals per trap (fishing effort as an offset)","5","1530","0.24","0.07","0.07"
"2631",398,"Catch","Individual species","Majidae","Maja","brachydactyla",NA,"Catch per unit effort (CPUE)","95% confidence intervals","NTZ","Flamanville Marine Protected Area","Yes","Number of individuals per trap (fishing effort as an offset)","1","1620","0.24","0.07","0.07"
"2632",398,"Catch","Individual species","Majidae","Maja","brachydactyla",NA,"Catch per unit effort (CPUE)","95% confidence intervals","NTZ","Flamanville Marine Protected Area","Yes","Number of individuals per trap (fishing effort as an offset)","2","1730","0.25","0.08","0.08"
"2633",398,"Catch","Individual species","Majidae","Maja","brachydactyla",NA,"Catch per unit effort (CPUE)","95% confidence intervals","NTZ","Flamanville Marine Protected Area","Yes","Number of individuals per trap (fishing effort as an offset)","3","2220","0.25","0.09","0.09"
"2634",398,"Catch","Individual species","Majidae","Maja","brachydactyla",NA,"Catch per unit effort (CPUE)","95% confidence intervals","NTZ","Flamanville Marine Protected Area","Yes","Number of individuals per trap (fishing effort as an offset)","4","3480","0.41","0.15","0.15"
"2635",398,"Catch","Individual species","Majidae","Maja","brachydactyla",NA,"Catch per unit effort (CPUE)","95% confidence intervals","NTZ","Flamanville Marine Protected Area","Yes","Number of individuals per trap (fishing effort as an offset)","5","4150","0.78","0.23","0.23"
"2636",398,"Catch","Individual species","Majidae","Maja","brachydactyla",NA,"Catch per unit effort (CPUE)","95% confidence intervals","NTZ","Flamanville Marine Protected Area","Yes","Number of individuals per trap (fishing effort as an offset)","1","5400","0.78","0.24","0.24"
"2637",398,"Catch","Individual species","Majidae","Maja","brachydactyla",NA,"Catch per unit effort (CPUE)","95% confidence intervals","NTZ","Flamanville Marine Protected Area","Yes","Number of individuals per trap (fishing effort as an offset)","2","6330","0.72","0.25","0.25"
"2638",398,"Catch","Individual species","Majidae","Maja","brachydactyla",NA,"Catch per unit effort (CPUE)","95% confidence intervals","NTZ","Flamanville Marine Protected Area","Yes","Number of individuals per trap (fishing effort as an offset)","3",NA,NA,NA,NA
"2639",398,"Catch","Individual species","Majidae","Maja","brachydactyla",NA,"Catch per unit effort (CPUE)","95% confidence intervals","NTZ","Flamanville Marine Protected Area","Yes","Number of individuals per trap (fishing effort as an offset)","4",NA,NA,NA,NA
"2640",398,"Catch","Individual species","Majidae","Maja","brachydactyla",NA,"Catch per unit effort (CPUE)","95% confidence intervals","NTZ","Flamanville Marine Protected Area","Yes","Number of individuals per trap (fishing effort as an offset)","5",NA,NA,NA,NA
"2641",398,"Catch","Individual species","Majidae","Maja","brachydactyla",NA,"Catch per unit effort (CPUE)","95% confidence intervals","NTZ","Flamanville Marine Protected Area","Yes","Number of individuals per trap (fishing effort as an offset)","1","610","0.24","0.05","0.05"
"2642",398,"Catch","Individual species","Majidae","Maja","brachydactyla",NA,"Catch per unit effort (CPUE)","95% confidence intervals","NTZ","Flamanville Marine Protected Area","Yes","Number of individuals per trap (fishing effort as an offset)","2","950","0.26","0.05","0.05"
"2643",398,"Catch","Individual species","Majidae","Maja","brachydactyla",NA,"Catch per unit effort (CPUE)","95% confidence intervals","NTZ","Flamanville Marine Protected Area","Yes","Number of individuals per trap (fishing effort as an offset)","3","1140","0.26","0.04","0.04"
"2644",398,"Catch","Individual species","Majidae","Maja","brachydactyla",NA,"Catch per unit effort (CPUE)","95% confidence intervals","NTZ","Flamanville Marine Protected Area","Yes","Number of individuals per trap (fishing effort as an offset)","4","1250","0.27","0.04","0.04"
"2645",398,"Catch","Individual species","Majidae","Maja","brachydactyla",NA,"Catch per unit effort (CPUE)","95% confidence intervals","NTZ","Flamanville Marine Protected Area","Yes","Number of individuals per trap (fishing effort as an offset)","5","1530","0.27","0.04","0.04"
"2646",398,"Catch","Individual species","Majidae","Maja","brachydactyla",NA,"Catch per unit effort (CPUE)","95% confidence intervals","NTZ","Flamanville Marine Protected Area","Yes","Number of individuals per trap (fishing effort as an offset)","1","1620","0.28","0.04","0.04"
"2647",398,"Catch","Individual species","Majidae","Maja","brachydactyla",NA,"Catch per unit effort (CPUE)","95% confidence intervals","NTZ","Flamanville Marine Protected Area","Yes","Number of individuals per trap (fishing effort as an offset)","2","1730","0.28","0.04","0.04"
"2648",398,"Catch","Individual species","Majidae","Maja","brachydactyla",NA,"Catch per unit effort (CPUE)","95% confidence intervals","NTZ","Flamanville Marine Protected Area","Yes","Number of individuals per trap (fishing effort as an offset)","3","2220","0.31","0.04","0.04"
"2649",398,"Catch","Individual species","Majidae","Maja","brachydactyla",NA,"Catch per unit effort (CPUE)","95% confidence intervals","NTZ","Flamanville Marine Protected Area","Yes","Number of individuals per trap (fishing effort as an offset)","4","3480","0.38","0.05","0.05"
"2650",398,"Catch","Individual species","Majidae","Maja","brachydactyla",NA,"Catch per unit effort (CPUE)","95% confidence intervals","NTZ","Flamanville Marine Protected Area","Yes","Number of individuals per trap (fishing effort as an offset)","5","4150","0.42","0.05","0.05"
"2651",398,"Catch","Individual species","Majida","Maja","brachydactyla",NA,"Catch per unit effort (CPUE)","95% confidence intervals","NTZ","Flamanville Marine Protected Area","Yes","Number of individuals per trap (fishing effort as an offset)","1","5400","0.52","0.09","0.09"
"2652",398,"Catch","Individual species","Majida","Maja","brachydactyla",NA,"Catch per unit effort (CPUE)","95% confidence intervals","NTZ","Flamanville Marine Protected Area","Yes","Number of individuals per trap (fishing effort as an offset)","2","6330","0.6","0.13","0.13"
"2653",398,"Catch","Individual species","Majida","Maja","brachydactyla",NA,"Catch per unit effort (CPUE)","95% confidence intervals","NTZ","Flamanville Marine Protected Area","Yes","Number of individuals per trap (fishing effort as an offset)","3",NA,NA,NA,NA
"2654",398,"Catch","Individual species","Majida","Maja","brachydactyla",NA,"Catch per unit effort (CPUE)","95% confidence intervals","NTZ","Flamanville Marine Protected Area","Yes","Number of individuals per trap (fishing effort as an offset)","4",NA,NA,NA,NA
"2655",398,"Catch","Individual species","Majida","Maja","brachydactyla",NA,"Catch per unit effort (CPUE)","95% confidence intervals","NTZ","Flamanville Marine Protected Area","Yes","Number of individuals per trap (fishing effort as an offset)","5",NA,NA,NA,NA
"2656",398,"Catch","Individual species","Majidae","Maja","brachydactyla",NA,"Catch per unit effort (CPUE)","95% confidence intervals","NTZ","Flamanville Marine Protected Area","Yes","Number of individuals per trap (fishing effort as an offset)","1","610","0.09","0.06","0.06"
"2657",398,"Catch","Individual species","Majidae","Maja","brachydactyla",NA,"Catch per unit effort (CPUE)","95% confidence intervals","NTZ","Flamanville Marine Protected Area","Yes","Number of individuals per trap (fishing effort as an offset)","2","950","0.14","0.06","0.06"
"2658",398,"Catch","Individual species","Majidae","Maja","brachydactyla",NA,"Catch per unit effort (CPUE)","95% confidence intervals","NTZ","Flamanville Marine Protected Area","Yes","Number of individuals per trap (fishing effort as an offset)","3","1140","0.17","0.06","0.06"
"2659",398,"Catch","Individual species","Majidae","Maja","brachydactyla",NA,"Catch per unit effort (CPUE)","95% confidence intervals","NTZ","Flamanville Marine Protected Area","Yes","Number of individuals per trap (fishing effort as an offset)","4","1250","0.19","0.06","0.06"
"2660",398,"Catch","Individual species","Majidae","Maja","brachydactyla",NA,"Catch per unit effort (CPUE)","95% confidence intervals","NTZ","Flamanville Marine Protected Area","Yes","Number of individuals per trap (fishing effort as an offset)","5","1250","0.19","0.06","0.06"
"2661",398,"Catch","Individual species","Majidae","Maja","brachydactyla",NA,"Catch per unit effort (CPUE)","95% confidence intervals","NTZ","Flamanville Marine Protected Area","Yes","Number of individuals per trap (fishing effort as an offset)","1","1620","0.32","0.07","0.07"
"2662",398,"Catch","Individual species","Majidae","Maja","brachydactyla",NA,"Catch per unit effort (CPUE)","95% confidence intervals","NTZ","Flamanville Marine Protected Area","Yes","Number of individuals per trap (fishing effort as an offset)","2","1730","0.34","0.07","0.07"
"2663",398,"Catch","Individual species","Majidae","Maja","brachydactyla",NA,"Catch per unit effort (CPUE)","95% confidence intervals","NTZ","Flamanville Marine Protected Area","Yes","Number of individuals per trap (fishing effort as an offset)","3","2220","0.43","0.11","0.11"
"2664",398,"Catch","Individual species","Majidae","Maja","brachydactyla",NA,"Catch per unit effort (CPUE)","95% confidence intervals","NTZ","Flamanville Marine Protected Area","Yes","Number of individuals per trap (fishing effort as an offset)","4","3480","0.57","0.14","0.14"
"2665",398,"Catch","Individual species","Majidae","Maja","brachydactyla",NA,"Catch per unit effort (CPUE)","95% confidence intervals","NTZ","Flamanville Marine Protected Area","Yes","Number of individuals per trap (fishing effort as an offset)","5","4150","0.8","0.18","0.18"
"2666",398,"Catch","Individual species","Majidae","Maja","brachydactyla",NA,"Catch per unit effort (CPUE)","95% confidence intervals","NTZ","Flamanville Marine Protected Area","Yes","Number of individuals per trap (fishing effort as an offset)","1","5400","0.8","0.19","0.19"
"2667",398,"Catch","Individual species","Majidae","Maja","brachydactyla",NA,"Catch per unit effort (CPUE)","95% confidence intervals","NTZ","Flamanville Marine Protected Area","Yes","Number of individuals per trap (fishing effort as an offset)","2","6330","0.65","0.19","0.19"
"2668",398,"Catch","Individual species","Majidae","Maja","brachydactyla",NA,"Catch per unit effort (CPUE)","95% confidence intervals","NTZ","Flamanville Marine Protected Area","Yes","Number of individuals per trap (fishing effort as an offset)","3",NA,NA,NA,NA
"2669",398,"Catch","Individual species","Majidae","Maja","brachydactyla",NA,"Catch per unit effort (CPUE)","95% confidence intervals","NTZ","Flamanville Marine Protected Area","Yes","Number of individuals per trap (fishing effort as an offset)","4",NA,NA,NA,NA
"2670",398,"Catch","Individual species","Majidae","Maja","brachydactyla",NA,"Catch per unit effort (CPUE)","95% confidence intervals","NTZ","Flamanville Marine Protected Area","Yes","Number of individuals per trap (fishing effort as an offset)","5",NA,NA,NA,NA
"2671",1020,"Transect count","Individual species","Strombidae","Strombus","Strombus gigas",NA,"Density",NA,"PPS","East Harbour Lobster and Conch Reserve","Yes","log(n+1) transformed density (indiv. ha⁻¹)","1","-2152","3.56",NA,NA
"2672",1020,"Transect count","Individual species","Strombidae","Strombus","Strombus gigas",NA,"Density",NA,"PPS","East Harbour Lobster and Conch Reserve","Yes","log(n+1) transformed density (indiv. ha⁻¹)","2","-1896","2.99",NA,NA
"2673",1020,"Transect count","Individual species","Strombidae","Strombus","Strombus gigas",NA,"Density",NA,"PPS","East Harbour Lobster and Conch Reserve","Yes","log(n+1) transformed density (indiv. ha⁻¹)","3","-1262","1.42",NA,NA
"2674",1020,"Transect count","Individual species","Strombidae","Strombus","Strombus gigas",NA,"Density",NA,"PPS","East Harbour Lobster and Conch Reserve","Yes","log(n+1) transformed density (indiv. ha⁻¹)","4","-517","0.74",NA,NA
"2675",1020,"Transect count","Individual species","Strombidae","Strombus","Strombus gigas",NA,"Density",NA,"PPS","East Harbour Lobster and Conch Reserve","Yes","log(n+1) transformed density (indiv. ha⁻¹)","5","-68","0.27",NA,NA
"2676",1020,"Transect count","Individual species","Strombidae","Strombus","Strombus gigas",NA,"Density",NA,"PPS","East Harbour Lobster and Conch Reserve","Yes","log(n+1) transformed density (indiv. ha⁻¹)","1","20","0.27",NA,NA
"2677",1020,"Transect count","Individual species","Strombidae","Strombus","Strombus gigas",NA,"Density",NA,"PPS","East Harbour Lobster and Conch Reserve","Yes","log(n+1) transformed density (indiv. ha⁻¹)","2","90","0.14",NA,NA
"2678",1020,"Transect count","Individual species","Strombidae","Strombus","Strombus gigas",NA,"Density",NA,"PPS","East Harbour Lobster and Conch Reserve","Yes","log(n+1) transformed density (indiv. ha⁻¹)","3","193","0.04",NA,NA
"2679",1020,"Transect count","Individual species","Strombidae","Strombus","Strombus gigas",NA,"Density",NA,"PPS","East Harbour Lobster and Conch Reserve","Yes","log(n+1) transformed density (indiv. ha⁻¹)","4","751","0.03",NA,NA
"2680",1020,"Transect count","Individual species","Strombidae","Strombus","Strombus gigas",NA,"Density",NA,"PPS","East Harbour Lobster and Conch Reserve","Yes","log(n+1) transformed density (indiv. ha⁻¹)","5","1151","0.03",NA,NA
"2681",1020,"Transect count","Individual species","Strombidae","Strombus","Strombus gigas",NA,"Density",NA,"PPS","East Harbour Lobster and Conch Reserve","Yes","log(n+1) transformed density (indiv. ha⁻¹)","1","-2282","2.08",NA,NA
"2682",1020,"Transect count","Individual species","Strombidae","Strombus","Strombus gigas",NA,"Density",NA,"PPS","East Harbour Lobster and Conch Reserve","Yes","log(n+1) transformed density (indiv. ha⁻¹)","2","-1986","3.58",NA,NA
"2683",1020,"Transect count","Individual species","Strombidae","Strombus","Strombus gigas",NA,"Density",NA,"PPS","East Harbour Lobster and Conch Reserve","Yes","log(n+1) transformed density (indiv. ha⁻¹)","3","-1510","2.33",NA,NA
"2684",1020,"Transect count","Individual species","Strombidae","Strombus","Strombus gigas",NA,"Density",NA,"PPS","East Harbour Lobster and Conch Reserve","Yes","log(n+1) transformed density (indiv. ha⁻¹)","4","-551","2.1",NA,NA
"2685",1020,"Transect count","Individual species","Strombidae","Strombus","Strombus gigas",NA,"Density",NA,"PPS","East Harbour Lobster and Conch Reserve","Yes","log(n+1) transformed density (indiv. ha⁻¹)","5","-89","1.32",NA,NA
"2686",1020,"Transect count","Individual species","Strombidae","Strombus","Strombus gigas",NA,"Density",NA,"PPS","East Harbour Lobster and Conch Reserve","Yes","log(n+1) transformed density (indiv. ha⁻¹)","1","34","1.12",NA,NA
"2687",1020,"Transect count","Individual species","Strombidae","Strombus","Strombus gigas",NA,"Density",NA,"PPS","East Harbour Lobster and Conch Reserve","Yes","log(n+1) transformed density (indiv. ha⁻¹)","2","386","1.05",NA,NA
"2688",1020,"Transect count","Individual species","Strombidae","Strombus","Strombus gigas",NA,"Density",NA,"PPS","East Harbour Lobster and Conch Reserve","Yes","log(n+1) transformed density (indiv. ha⁻¹)","3","662","0.59",NA,NA
"2689",1020,"Transect count","Individual species","Strombidae","Strombus","Strombus gigas",NA,"Density",NA,"PPS","East Harbour Lobster and Conch Reserve","Yes","log(n+1) transformed density (indiv. ha⁻¹)","4","868","0.27",NA,NA
"2690",1020,"Transect count","Individual species","Strombidae","Strombus","Strombus gigas",NA,"Density",NA,"PPS","East Harbour Lobster and Conch Reserve","Yes","log(n+1) transformed density (indiv. ha⁻¹)","5","1282","0.82",NA,NA
"2691",1020,"Transect count","Individual species","Strombidae","Strombus","Strombus gigas",NA,"Density",NA,"PPS","East Harbour Lobster and Conch Reserve","Yes","log(n+1) transformed density (indiv. ha⁻¹)","1","-3000","2.99",NA,NA
"2692",1020,"Transect count","Individual species","Strombidae","Strombus","Strombus gigas",NA,"Density",NA,"PPS","East Harbour Lobster and Conch Reserve","Yes","log(n+1) transformed density (indiv. ha⁻¹)","2","-2428","2.26",NA,NA
"2693",1020,"Transect count","Individual species","Strombidae","Strombus","Strombus gigas",NA,"Density",NA,"PPS","East Harbour Lobster and Conch Reserve","Yes","log(n+1) transformed density (indiv. ha⁻¹)","3","-1948","1.75",NA,NA
"2694",1020,"Transect count","Individual species","Strombidae","Strombus","Strombus gigas",NA,"Density",NA,"PPS","East Harbour Lobster and Conch Reserve","Yes","log(n+1) transformed density (indiv. ha⁻¹)","4","-877","0.76",NA,NA
"2695",1020,"Transect count","Individual species","Strombidae","Strombus","Strombus gigas",NA,"Density",NA,"PPS","East Harbour Lobster and Conch Reserve","Yes","log(n+1) transformed density (indiv. ha⁻¹)","5","-244","0.26",NA,NA
"2696",1020,"Transect count","Individual species","Strombidae","Strombus","Strombus gigas",NA,"Density",NA,"PPS","East Harbour Lobster and Conch Reserve","Yes","log(n+1) transformed density (indiv. ha⁻¹)","1","71","0.23",NA,NA
"2697",1020,"Transect count","Individual species","Strombidae","Strombus","Strombus gigas",NA,"Density",NA,"PPS","East Harbour Lobster and Conch Reserve","Yes","log(n+1) transformed density (indiv. ha⁻¹)","2","387","0",NA,NA
"2698",1020,"Transect count","Individual species","Strombidae","Strombus","Strombus gigas",NA,"Density",NA,"PPS","East Harbour Lobster and Conch Reserve","Yes","log(n+1) transformed density (indiv. ha⁻¹)","3","1316","1.24",NA,NA
"2699",1020,"Transect count","Individual species","Strombidae","Strombus","Strombus gigas",NA,"Density",NA,"PPS","East Harbour Lobster and Conch Reserve","Yes","log(n+1) transformed density (indiv. ha⁻¹)","4","2571","1.25",NA,NA
"2700",1020,"Transect count","Individual species","Strombidae","Strombus","Strombus gigas",NA,"Density",NA,"PPS","East Harbour Lobster and Conch Reserve","Yes","log(n+1) transformed density (indiv. ha⁻¹)","5","3336","1.98",NA,NA
"2701",1020,"Transect count","Individual species","Strombidae","Strombus","Strombus gigas",NA,"Density",NA,"PPS","East Harbour Lobster and Conch Reserve","Yes","log(n+1) transformed density (indiv. ha⁻¹)","1","-3459","1.99",NA,NA
"2702",1020,"Transect count","Individual species","Strombidae","Strombus","Strombus gigas",NA,"Density",NA,"PPS","East Harbour Lobster and Conch Reserve","Yes","log(n+1) transformed density (indiv. ha⁻¹)","2","-3112","3.58",NA,"NA "
"2703",1020,"Transect count","Individual species","Strombidae","Strombus","Strombus gigas",NA,"Density",NA,"PPS","East Harbour Lobster and Conch Reserve","Yes","log(n+1) transformed density (indiv. ha⁻¹)","3","-1755","2.29",NA,NA
"2704",1020,"Transect count","Individual species","Strombidae","Strombus","Strombus gigas",NA,"Density",NA,"PPS","East Harbour Lobster and Conch Reserve","Yes","log(n+1) transformed density (indiv. ha⁻¹)","4","-1418","1.27",NA,NA
"2705",1020,"Transect count","Individual species","Strombidae","Strombus","Strombus gigas",NA,"Density",NA,"PPS","East Harbour Lobster and Conch Reserve","Yes","log(n+1) transformed density (indiv. ha⁻¹)","5","-153","2.37",NA,NA
"2706",1020,"Transect count","Individual species","Strombidae","Strombus","Strombus gigas",NA,"Density",NA,"PPS","East Harbour Lobster and Conch Reserve","Yes","log(n+1) transformed density (indiv. ha⁻¹)","1","102","2.8",NA,NA
"2707",1020,"Transect count","Individual species","Strombidae","Strombus","Strombus gigas",NA,"Density",NA,"PPS","East Harbour Lobster and Conch Reserve","Yes","log(n+1) transformed density (indiv. ha⁻¹)","2","897","3.29",NA,NA
"2708",1020,"Transect count","Individual species","Strombidae","Strombus","Strombus gigas",NA,"Density",NA,"PPS","East Harbour Lobster and Conch Reserve","Yes","log(n+1) transformed density (indiv. ha⁻¹)","3","1989","2.55",NA,NA
"2709",1020,"Transect count","Individual species","Strombidae","Strombus","Strombus gigas",NA,"Density",NA,"PPS","East Harbour Lobster and Conch Reserve","Yes","log(n+1) transformed density (indiv. ha⁻¹)","4","2846","1.76",NA,NA
"2710",1020,"Transect count","Individual species","Strombidae","Strombus","Strombus gigas",NA,"Density",NA,"PPS","East Harbour Lobster and Conch Reserve","Yes","log(n+1) transformed density (indiv. ha⁻¹)","5","3336","2.3",NA,NA
"2711",61,"Catch","Individual species","Sparidae","Chrysoblephus","laticeps",NA,"Catch per unit effort (CPUE)","95% confidence intervals","PPG","Goukamma Marine Protected Area","Yes","Kg per boat per day","1","1995","3.61","0.28","0.42"
"2712",61,"Catch","Individual species","Sparidae","Chrysoblephus","laticeps",NA,"Catch per unit effort (CPUE)","95% confidence intervals","PPG","Goukamma Marine Protected Area","Yes","Kg per boat per day","2","1996","3.76","0.31","0.41"
"2713",61,"Catch","Individual species","Sparidae","Chrysoblephus","laticeps",NA,"Catch per unit effort (CPUE)","95% confidence intervals","PPG","Goukamma Marine Protected Area","Yes","Kg per boat per day","3","1997","3.73","0.39","0.39"
"2714",61,"Catch","Individual species","Sparidae","Chrysoblephus","laticeps",NA,"Catch per unit effort (CPUE)","95% confidence intervals","PPG","Goukamma Marine Protected Area","Yes","Kg per boat per day","4","1998","4.18","0.32","0.38"
"2715",61,"Catch","Individual species","Sparidae","Chrysoblephus","laticeps",NA,"Catch per unit effort (CPUE)","95% confidence intervals","PPG","Goukamma Marine Protected Area","Yes","Kg per boat per day","5","1999","4.73","0.29","0.49"
"2716",72,"Transect count","Family group","Serranidae",NA,NA,NA,"Biomass","2 SE","NTZ","Cèrberes-Banyuls Marine Reserve","Buffer zone at 2472 m then open","Scaled log(Biomass)","1","-272","2.12","0.81","0.81"
"2717",72,"Transect count","Family group","Serranidae",NA,NA,NA,"Biomass","2 SE","NTZ","Cèrberes-Banyuls Marine Reserve","Buffer zone at 2472 m then open","Scaled log(Biomass)","2","425","0","0.7","0.7"
"2718",72,"Transect count","Family group","Serranidae",NA,NA,NA,"Biomass","2 SE","NTZ","Cèrberes-Banyuls Marine Reserve","Buffer zone at 2472 m then open","Scaled log(Biomass)","3","573","-0.4","0.66","0.66"
"2719",72,"Transect count","Family group","Serranidae",NA,NA,NA,"Biomass","2 SE","NTZ","Cèrberes-Banyuls Marine Reserve","Buffer zone at 2472 m then open","Scaled log(Biomass)","4","658","-0.42","0.55","0.55"
"2720",72,"Transect count","Family group","Serranidae",NA,NA,NA,"Biomass","2 SE","NTZ","Cèrberes-Banyuls Marine Reserve","Buffer zone at 2472 m then open","Scaled log(Biomass)","5","824","-0.55","0.52","0.52"
"2721",72,"Transect count","Family group","Serranidae",NA,NA,NA,"Biomass","2 SE","NTZ","Cèrberes-Banyuls Marine Reserve","Buffer zone at 2472 m then open","Scaled log(Biomass)","1","969","-0.66","0.62","0.62"
"2722",72,"Transect count","Family group","Serranidae",NA,NA,NA,"Biomass","2 SE","NTZ","Cèrberes-Banyuls Marine Reserve","Buffer zone at 2472 m then open","Scaled log(Biomass)","2","1246","-0.88","1.14","1.14"
"2723",72,"Transect count","Family group","Serranidae",NA,NA,NA,"Biomass","2 SE","NTZ","Cèrberes-Banyuls Marine Reserve","Buffer zone at 2472 m then open","Scaled log(Biomass)","3","3265","-0.03","0.82","0.82"
"2724",72,"Transect count","Family group","Serranidae",NA,NA,NA,"Biomass","2 SE","NTZ","Cèrberes-Banyuls Marine Reserve","Buffer zone at 2472 m then open","Scaled log(Biomass)","4","3507","-0.08","0.53","0.53"
"2725",72,"Transect count","Family group","Serranidae",NA,NA,NA,"Biomass","2 SE","NTZ","Cèrberes-Banyuls Marine Reserve","Buffer zone at 2472 m then open","Scaled log(Biomass)","5","3733","-0.14","0.52","0.52"
"2726",72,"Transect count","Family group","Serranidae",NA,NA,NA,"Biomass","2 SE","NTZ","Cèrberes-Banyuls Marine Reserve","Buffer zone at 2472 then open","Scaled log(Biomass)","1","3849","-0.17","0.63","0.63"
"2727",72,"Transect count","Family group","Serranidae",NA,NA,NA,"Biomass","2 SE","NTZ","Cèrberes-Banyuls Marine Reserve","Buffer zone at 2472 then open","Scaled log(Biomass)","2","4148","-0.32","1.11","1.11"
"2728",72,"Transect count","Family group","Serranidae",NA,NA,NA,"Biomass","2 SE","NTZ","Cèrberes-Banyuls Marine Reserve","Buffer zone at 2472 then open","Scaled log(Biomass)","3","5370","-0.77","0.71","0.71"
"2729",72,"Transect count","Family group","Serranidae",NA,NA,NA,"Biomass","2 SE","NTZ","Cèrberes-Banyuls Marine Reserve","Buffer zone at 2472 then open","Scaled log(Biomass)","4",NA,NA,NA,NA
"2730",72,"Transect count","Family group","Serranidae",NA,NA,NA,"Biomass","2 SE","NTZ","Cèrberes-Banyuls Marine Reserve","Buffer zone at 2472 then open","Scaled log(Biomass)","5",NA,NA,NA,NA
"2731",72,"Transect count","Small Serranids","Serranidae",NA,NA,"Small Serranids","Biomass","2 SE","NTZ","Cèrberes-Banyuls Marine Reserve","Buffer zone at 2472 m then open","Scaled log(Biomass)","1","-230","0.62","0.53","0.53"
"2732",72,"Transect count","Small Serranids","Serranidae",NA,NA,"Small Serranids","Biomass","2 SE","NTZ","Cèrberes-Banyuls Marine Reserve","Buffer zone at 2472 m then open","Scaled log(Biomass)","2","438","0.26","0.51","0.51"
"2733",72,"Transect count","Small Serranids","Serranidae",NA,NA,"Small Serranids","Biomass","2 SE","NTZ","Cèrberes-Banyuls Marine Reserve","Buffer zone at 2472 m then open","Scaled log(Biomass)","3","570","0.15","0.48","0.48"
"2734",72,"Transect count","Small Serranids","Serranidae",NA,NA,"Small Serranids","Biomass","2 SE","NTZ","Cèrberes-Banyuls Marine Reserve","Buffer zone at 2472 m then open","Scaled log(Biomass)","4","652","-0.01","0.4","0.4"
"2735",72,"Transect count","Small Serranids","Serranidae",NA,NA,"Small Serranids","Biomass","2 SE","NTZ","Cèrberes-Banyuls Marine Reserve","Buffer zone at 2472 m then open","Scaled log(Biomass)","5","823","-0.26","0.37","0.37"
"2736",72,"Transect count","Small serranids","Serranidae",NA,NA,"Small Serranids","Biomass","2 SE","NTZ","Cèrberes-Banyuls Marine Reserve","Buffer zone at. 2472 m then open","Scaled log(Biomass)","1","973","-0.52","0.48","0.47"
"2737",72,"Transect count","Small serranids","Serranidae",NA,NA,"Small Serranids","Biomass","2 SE","NTZ","Cèrberes-Banyuls Marine Reserve","Buffer zone at. 2472 m then open","Scaled log(Biomass)","2","1246","-0.96","0.81","0.81"
"2738",72,"Transect count","Small serranids","Serranidae",NA,NA,"Small Serranids","Biomass","2 SE","NTZ","Cèrberes-Banyuls Marine Reserve","Buffer zone at. 2472 m then open","Scaled log(Biomass)","3","3232","0.15","0.57","0.57"
"2739",72,"Transect count","Small serranids","Serranidae",NA,NA,"Small Serranids","Biomass","2 SE","NTZ","Cèrberes-Banyuls Marine Reserve","Buffer zone at. 2472 m then open","Scaled log(Biomass)","4","3501","0.17","0.37","0.37"
"2740",72,"Transect count","Small serranids","Serranidae",NA,NA,"Small Serranids","Biomass","2 SE","NTZ","Cèrberes-Banyuls Marine Reserve","Buffer zone at. 2472 m then open","Scaled log(Biomass)","5","3729","0.15","0.38","0.38"
"2741",72,"Transect count","Small serranids","Serranidae",NA,NA,"Small Serranids","Biomass","2 SE","NTZ","Cèrberes-Banyuls Marine Reserve","Buffer zone at 2472 m then open","Scaled log(Biomass)","1","3847","0.17","0.46","0.46"
"2742",72,"Transect count","Small serranids","Serranidae",NA,NA,"Small Serranids","Biomass","2 SE","NTZ","Cèrberes-Banyuls Marine Reserve","Buffer zone at 2472 m then open","Scaled log(Biomass)","2","4146","0.22","0.81","0.81"
"2743",72,"Transect count","Small serranids","Serranidae",NA,NA,"Small Serranids","Biomass","2 SE","NTZ","Cèrberes-Banyuls Marine Reserve","Buffer zone at 2472 m then open","Scaled log(Biomass)","3","5348","-0.52","0.54","0.54"
"2744",72,"Transect count","Small serranids","Serranidae",NA,NA,"Small Serranids","Biomass","2 SE","NTZ","Cèrberes-Banyuls Marine Reserve","Buffer zone at 2472 m then open","Scaled log(Biomass)","4",NA,NA,NA,NA
"2745",72,"Transect count","Small serranids","Serranidae",NA,NA,"Small Serranids","Biomass","2 SE","NTZ","Cèrberes-Banyuls Marine Reserve","Buffer zone at 2472 m then open","Scaled log(Biomass)","5",NA,NA,NA,NA
"2746",72,"Transect count","Big Serranids","Serranidae",NA,NA,"Big Serranids","Biomass","2 SE","NTZ","Cèrberes-Banyuls Marine Reserve","Buffer zone at 1379 m then open","Scaled log(Biomass)","1","-274","2.21","0.81","0.81"
"2747",72,"Transect count","Big Serranids","Serranidae",NA,NA,"Big Serranids","Biomass","2 SE","NTZ","Cèrberes-Banyuls Marine Reserve","Buffer zone at 1379 m then open","Scaled log(Biomass)","2","442","0.08","0.71","0.71"
"2748",72,"Transect count","Big Serranids","Serranidae",NA,NA,"Big Serranids","Biomass","2 SE","NTZ","Cèrberes-Banyuls Marine Reserve","Buffer zone at 1379 m then open","Scaled log(Biomass)","3","572","-0.27","0.64","0.64"
"2749",72,"Transect count","Big Serranids","Serranidae",NA,NA,"Big Serranids","Biomass","2 SE","NTZ","Cèrberes-Banyuls Marine Reserve","Buffer zone at 1379 m then open","Scaled log(Biomass)","4","651","-0.36","0.57","0.57"
"2750",72,"Transect count","Big Serranids","Serranidae",NA,NA,"Big Serranids","Biomass","2 SE","NTZ","Cèrberes-Banyuls Marine Reserve","Buffer zone at 1379 m then open","Scaled log(Biomass)","5","830","-0.45","0.54","0.54"
"2751",72,"Transect count","Big Serranids","Serranidae",NA,NA,"Big Serranids","Biomass","2 SE","NTZ","Cèrberes-Banyuls Marine Reserve","Buffer zone at 1379 then open","Scaled log(Biomass)","1","964","-0.49","0.61","0.61"
"2752",72,"Transect count","Big Serranids","Serranidae",NA,NA,"Big Serranids","Biomass","2 SE","NTZ","Cèrberes-Banyuls Marine Reserve","Buffer zone at 1379 then open","Scaled log(Biomass)","2","1242","-0.42","0.56","0.45"
"2753",72,"Transect count","Big Serranids","Serranidae",NA,NA,"Big Serranids","Biomass","2 SE","NTZ","Cèrberes-Banyuls Marine Reserve","Buffer zone at 1379 then open","Scaled log(Biomass)","3","1591","-0.34","0.6","0.6"
"2754",72,"Transect count","Big Serranids","Serranidae",NA,NA,"Big Serranids","Biomass","2 SE","NTZ","Cèrberes-Banyuls Marine Reserve","Buffer zone at 1379 then open","Scaled log(Biomass)","4","1706","-0.31","0.6","0.6"
"2755",72,"Transect count","Big Serranids","Serranidae",NA,NA,"Big Serranids","Biomass","2 SE","NTZ","Cèrberes-Banyuls Marine Reserve","Buffer zone at 1379 then open","Scaled log(Biomass)","5","2399","-0.27","0.53","0.53"
"2756",72,"Transect count","Big Serranids","Serranidae",NA,NA,"Big Serranids","Biomass","2 SE","NTZ","Cèrberes-Banyuls Marine Reserve","Buffer zone at 1379 then open","Scaled log(Biomass)","1","2604","-0.36","0.55","0.55"
"2757",72,"Transect count","Big Serranids","Serranidae",NA,NA,"Big Serranids","Biomass","2 SE","NTZ","Cèrberes-Banyuls Marine Reserve","Buffer zone at 1379 then open","Scaled log(Biomass)","2","2850","-0.4","0.63","0.63"
"2758",72,"Transect count","Big Serranids","Serranidae",NA,NA,"Big Serranids","Biomass","2 SE","NTZ","Cèrberes-Banyuls Marine Reserve","Buffer zone at 1379 then open","Scaled log(Biomass)","3","3382","-0.53","0.6","0.6"
"2759",72,"Transect count","Big Serranids","Serranidae",NA,NA,"Big Serranids","Biomass","2 SE","NTZ","Cèrberes-Banyuls Marine Reserve","Buffer zone at 1379 then open","Scaled log(Biomass)","4","4261","-0.73","0.83","0.83"
"2760",72,"Transect count","Big Serranids","Serranidae",NA,NA,"Big Serranids","Biomass","2 SE","NTZ","Cèrberes-Banyuls Marine Reserve","Buffer zone at 1379 then open","Scaled log(Biomass)","5","4413","-0.78","0.98","0.98"
"2761",72,"Transect count","Genus group","Sparidae","Diplodus","spp.",NA,"Biomass","2 SE","NTZ","Cèrberes-Banyuls Marine Reserve","Buffer zone at 1379 m then open","Scaled log(Biomass)","1","-276","0.59","0.4","0.4"
"2762",72,"Transect count","Genus group","Sparidae","Diplodus","spp.",NA,"Biomass","2 SE","NTZ","Cèrberes-Banyuls Marine Reserve","Buffer zone at 1379 m then open","Scaled log(Biomass)","2","437","-0.07","0.37","0.37"
"2763",72,"Transect count","Genus group","Sparidae","Diplodus","spp.",NA,"Biomass","2 SE","NTZ","Cèrberes-Banyuls Marine Reserve","Buffer zone at 1379 m then open","Scaled log(Biomass)","3","577","-0.18","0.35","0.35"
"2764",72,"Transect count","Genus group","Sparidae","Diplodus","spp.",NA,"Biomass","2 SE","NTZ","Cèrberes-Banyuls Marine Reserve","Buffer zone at 1379 m then open","Scaled log(Biomass)","4","651","-0.12","0.29","0.29"
"2765",72,"Transect count","Genus group","Sparidae","Diplodus","spp.",NA,"Biomass","2 SE","NTZ","Cèrberes-Banyuls Marine Reserve","Buffer zone at 1379 m then open","Scaled log(Biomass)","5","833","-0.03","0.27","0.27"
"2766",72,"Transect count","Genus group","Sparidae","Diplodus ","spp.",NA,"Biomass","2 SE","NTZ","Cèrberes-Banyuls Marine Reserve","Buffer zone at 1379 m then open","Scaled log(Biomass)","1","958","0.02","0.32","0.32"
"2767",72,"Transect count","Genus group","Sparidae","Diplodus ","spp.",NA,"Biomass","2 SE","NTZ","Cèrberes-Banyuls Marine Reserve","Buffer zone at 1379 m then open","Scaled log(Biomass)","2","1248","-0.06","0.29","0.29"
"2768",72,"Transect count","Genus group","Sparidae","Diplodus ","spp.",NA,"Biomass","2 SE","NTZ","Cèrberes-Banyuls Marine Reserve","Buffer zone at 1379 m then open","Scaled log(Biomass)","3","1627","-0.26","0.32","0.32"
"2769",72,"Transect count","Genus group","Sparidae","Diplodus ","spp.",NA,"Biomass","2 SE","NTZ","Cèrberes-Banyuls Marine Reserve","Buffer zone at 1379 m then open","Scaled log(Biomass)","4","1713","-0.3","0.32","0.32"
"2770",72,"Transect count","Genus group","Sparidae","Diplodus ","spp.",NA,"Biomass","2 SE","NTZ","Cèrberes-Banyuls Marine Reserve","Buffer zone at 1379 m then open","Scaled log(Biomass)","5","2398","-0.17","0.28","0.28"
"2771",72,"Transect count","Genus group","Sparidae","Diplodus","spp.",NA,"Biomass","2 SE","NTZ","Cèrberes-Banyuls Marine Reserve","Buffer zone at 1379 m then open","Scaled log(Biomass)","1","2606","-0.11","0.28","0.28"
"2772",72,"Transect count","Genus group","Sparidae","Diplodus","spp.",NA,"Biomass","2 SE","NTZ","Cèrberes-Banyuls Marine Reserve","Buffer zone at 1379 m then open","Scaled log(Biomass)","2","2848","-0.07","0.33","0.33"
"2773",72,"Transect count","Genus group","Sparidae","Diplodus","spp.",NA,"Biomass","2 SE","NTZ","Cèrberes-Banyuls Marine Reserve","Buffer zone at 1379 m then open","Scaled log(Biomass)","3","3381","-0.05","0.3","0.3"
"2774",72,"Transect count","Genus group","Sparidae","Diplodus","spp.",NA,"Biomass","2 SE","NTZ","Cèrberes-Banyuls Marine Reserve","Buffer zone at 1379 m then open","Scaled log(Biomass)","4","4261","-0.02","0.44","0.44"
"2775",72,"Transect count","Genus group","Sparidae","Diplodus","spp.",NA,"Biomass","2 SE","NTZ","Cèrberes-Banyuls Marine Reserve","Buffer zone at 1379 m then open","Scaled log(Biomass)","5","4420","-0.02","0.5","0.5"
"2776",72,"Transect count","Individual species","Mullidae","Mullus","surmuletus",NA,"Biomass","2 SE","NTZ","Cabo de Palos Marine Reserve","Buffer zone at 3192 m then open","Scaled log(Biomass)","1","-943","0.14","0.58","0.58"
"2777",72,"Transect count","Individual species","Mullidae","Mullus","surmuletus",NA,"Biomass","2 SE","NTZ","Cabo de Palos Marine Reserve","Buffer zone at 3192 m then open","Scaled log(Biomass)","2","-420","0.09","0.41","0.41"
"2778",72,"Transect count","Individual species","Mullidae","Mullus","surmuletus",NA,"Biomass","2 SE","NTZ","Cabo de Palos Marine Reserve","Buffer zone at 3192 m then open","Scaled log(Biomass)","3","438","0.04","0.32","0.32"
"2779",72,"Transect count","Individual species","Mullidae","Mullus","surmuletus",NA,"Biomass","2 SE","NTZ","Cabo de Palos Marine Reserve","Buffer zone at 3192 m then open","Scaled log(Biomass)","4","896","-0.01","0.36","0.36"
"2780",72,"Transect count","Individual species","Mullidae","Mullus","surmuletus",NA,"Biomass","2 SE","NTZ","Cabo de Palos Marine Reserve","Buffer zone at 3192 m then open","Scaled log(Biomass)","5","2066","0.07","0.52","0.52"
"2781",72,"Transect count","Individual species","Mullidae","Mulluls","surmuletus",NA,"Biomass","2 SE","NTZ","Cabo de Palos Marine Reserve","Buffer zone at 3192 m then open","Scaled log(BIomass)","1","2261","0.11","0.45","0.45"
"2782",72,"Transect count","Individual species","Mullidae","Mulluls","surmuletus",NA,"Biomass","2 SE","NTZ","Cabo de Palos Marine Reserve","Buffer zone at 3192 m then open","Scaled log(BIomass)","2","2868","-0.04","0.47","0.47"
"2783",72,"Transect count","Individual species","Mullidae","Mulluls","surmuletus",NA,"Biomass","2 SE","NTZ","Cabo de Palos Marine Reserve","Buffer zone at 3192 m then open","Scaled log(BIomass)","3","3064","-0.11","0.39","0.39"
"2784",72,"Transect count","Individual species","Mullidae","Mulluls","surmuletus",NA,"Biomass","2 SE","NTZ","Cabo de Palos Marine Reserve","Buffer zone at 3192 m then open","Scaled log(BIomass)","4","3250","-0.19","0.25","0.25"
"2785",72,"Transect count","Individual species","Mullidae","Mulluls","surmuletus",NA,"Biomass","2 SE","NTZ","Cabo de Palos Marine Reserve","Buffer zone at 3192 m then open","Scaled log(BIomass)","5","3423","-0.23","0.23","0.23"
"2786",72,"Transect count","Individual species","Mullidae","Mullus","surmuletus",NA,"Biomass","2 SE","NTZ","Cabo de Palos Marine Reserve","Buffer zone at 3192 m then open","Scaled log(Biomass)","1","3700","-0.3","0.36","0.36"
"2787",72,"Transect count","Individual species","Mullidae","Mullus","surmuletus",NA,"Biomass","2 SE","NTZ","Cabo de Palos Marine Reserve","Buffer zone at 3192 m then open","Scaled log(Biomass)","2","3898","-0.34","0.58","0.58"
"2788",72,"Transect count","Individual species","Mullidae","Mullus","surmuletus",NA,"Biomass","2 SE","NTZ","Cabo de Palos Marine Reserve","Buffer zone at 3192 m then open","Scaled log(Biomass)","3","5130","1.39","0.76","0.76"
"2789",72,"Transect count","Individual species","Mullidae","Mullus","surmuletus",NA,"Biomass","2 SE","NTZ","Cabo de Palos Marine Reserve","Buffer zone at 3192 m then open","Scaled log(Biomass)","4","8365","-0.07","0.39","0.39"
"2790",72,"Transect count","Individual species","Mullidae","Mullus","surmuletus",NA,"Biomass","2 SE","NTZ","Cabo de Palos Marine Reserve","Buffer zone at 3192 m then open","Scaled log(Biomass)","5","8596","-0.14","0.41","0.41"
"2791",72,"Transect count","Individual species","Mullidae","Mullus","surmuletus",NA,"Biomass","2 SE","NTZ","Cabo de Palos Marine Reserve","Buffer zone at 3192 m then open","Scaled log(Biomass)","1","8786","-0.22","0.46","0.46"
"2792",72,"Transect count","Individual species","Mullidae","Mullus","surmuletus",NA,"Biomass","2 SE","NTZ","Cabo de Palos Marine Reserve","Buffer zone at 3192 m then open","Scaled log(Biomass)","2",NA,NA,NA,NA
"2793",72,"Transect count","Individual species","Mullidae","Mullus","surmuletus",NA,"Biomass","2 SE","NTZ","Cabo de Palos Marine Reserve","Buffer zone at 3192 m then open","Scaled log(Biomass)","3",NA,NA,NA,NA
"2794",72,"Transect count","Individual species","Mullidae","Mullus","surmuletus",NA,"Biomass","2 SE","NTZ","Cabo de Palos Marine Reserve","Buffer zone at 3192 m then open","Scaled log(Biomass)","4",NA,NA,"Na",NA
"2795",72,"Transect count","Individual species","Mullidae","Mullus","surmuletus",NA,"Biomass","2 SE","NTZ","Cabo de Palos Marine Reserve","Buffer zone at 3192 m then open","Scaled log(Biomass)","5",NA,NA,NA,NA
"2796",72,"Transect count","Big Serranids","Serranidae",NA,NA,"Big Serranids","Biomass","2 SE","NTZ","Cabo de Palos Marine Reserve","Buffer zone at 3028 m then open","Scaled log(Biomass)","1","-925","-0.87","1.44","1.44"
"2797",72,"Transect count","Big Serranids","Serranidae",NA,NA,"Big Serranids","Biomass","2 SE","NTZ","Cabo de Palos Marine Reserve","Buffer zone at 3028 m then open","Scaled log(Biomass)","2","-416","-0.51","1.07","1.07"
"2798",72,"Transect count","Big Serranids","Serranidae",NA,NA,"Big Serranids","Biomass","2 SE","NTZ","Cabo de Palos Marine Reserve","Buffer zone at 3028 m then open","Scaled log(Biomass)","3","431","0.02","0.79","0.79"
"2799",72,"Transect count","Big Serranids","Serranidae",NA,NA,"Big Serranids","Biomass","2 SE","NTZ","Cabo de Palos Marine Reserve","Buffer zone at 3028 m then open","Scaled log(Biomass)","4","911","0.35","0.88","0.88"
"2800",72,"Transect count","Big Serranids","Serranidae",NA,NA,"Big Serranids","Biomass","2 SE","NTZ","Cabo de Palos Marine Reserve","Buffer zone at 3028 m then open","Scaled log(Biomass)","5","2071","2.36","1.11","1.11"
"2801",72,"Transect count","Big Serranids","Serranidae",NA,NA,"Big Serranids","Biomass","2 SE","NTZ","Cabo de Palos Marine Reserve","Buffer zone at 3028 m then open","Scaled log(biomass)","1","2274","1.3","1.12","1.12"
"2802",72,"Transect count","Big Serranids","Serranidae",NA,NA,"Big Serranids","Biomass","2 SE","NTZ","Cabo de Palos Marine Reserve","Buffer zone at 3028 m then open","Scaled log(biomass)","2","2890","0.24","0.63","0.63"
"2803",72,"Transect count","Big Serranids","Serranidae",NA,NA,"Big Serranids","Biomass","2 SE","NTZ","Cabo de Palos Marine Reserve","Buffer zone at 3028 m then open","Scaled log(biomass)","3","3071","-0.11","0.61","0.61"
"2804",72,"Transect count","Big Serranids","Serranidae",NA,NA,"Big Serranids","Biomass","2 SE","NTZ","Cabo de Palos Marine Reserve","Buffer zone at 3028 m then open","Scaled log(biomass)","4","3254","-0.42","0.66","0.66"
"2805",72,"Transect count","Big Serranids","Serranidae",NA,NA,"Big Serranids","Biomass","2 SE","NTZ","Cabo de Palos Marine Reserve","Buffer zone at 3028 m then open","Scaled log(biomass)","5","3610","-0.82","0.78","0.78"
"2806",72,"Transect count","Big Serranids","Serranidae",NA,NA,"Big Serranids","Biomass","2 SE","NTZ","Cabo de Palos Marine Reserve","Buffer zone at 3028","Scaled log(Biomass)","1","3726","-0.91","0.84","0.84"
"2807",72,"Transect count","Big Serranids","Serranidae",NA,NA,"Big Serranids","Biomass","2 SE","NTZ","Cabo de Palos Marine Reserve","Buffer zone at 3028","Scaled log(Biomass)","2","3841","-0.91","0.94","0.94"
"2808",72,"Transect count","Big Serranids","Serranidae",NA,NA,"Big Serranids","Biomass","2 SE","NTZ","Cabo de Palos Marine Reserve","Buffer zone at 3028","Scaled log(Biomass)","3","4803","-0.4","1.24","1.24"
"2809",72,"Transect count","Big Serranids","Serranidae",NA,NA,"Big Serranids","Biomass","2 SE","NTZ","Cabo de Palos Marine Reserve","Buffer zone at 3028","Scaled log(Biomass)","4","5060","-0.13","0.91","0.91"
"2810",72,"Transect count","Big Serranids","Serranidae",NA,NA,"Big Serranids","Biomass","2 SE","NTZ","Cabo de Palos Marine Reserve","Buffer zone at 3028","Scaled log(Biomass)","5","5175","-0.03","0.83","0.83"
"2811",72,"Transect count","Big Serranids","Serranidae",NA,NA,"Big Serranids","Biomass","2 SE","NTZ","Cabo de Palos Marine Reserve","Buffer zone at. 3028 then open","Scaled log(Biomass)","1","5605","0.44","0.8","0.8"
"2812",72,"Transect count","Big Serranids","Serranidae",NA,NA,"Big Serranids","Biomass","2 SE","NTZ","Cabo de Palos Marine Reserve","Buffer zone at. 3028 then open","Scaled log(Biomass)","2","5898","0.75","1.15","1.15"
"2813",72,"Transect count","Big Serranids","Serranidae",NA,NA,"Big Serranids","Biomass","2 SE","NTZ","Cabo de Palos Marine Reserve","Buffer zone at. 3028 then open","Scaled log(Biomass)","3",NA,NA,NA,NA
"2814",72,"Transect count","Big Serranids","Serranidae",NA,NA,"Big Serranids","Biomass","2 SE","NTZ","Cabo de Palos Marine Reserve","Buffer zone at. 3028 then open","Scaled log(Biomass)","4",NA,NA,NA,NA
"2815",72,"Transect count","Big Serranids","Serranidae",NA,NA,"Big Serranids","Biomass","2 SE","NTZ","Cabo de Palos Marine Reserve","Buffer zone at. 3028 then open","Scaled log(Biomass)","5",NA,NA,NA,NA
"2816",72,"Transect count","Big Serranids","Serranidae",NA,"nA","Big Serranids","Biomass","2 SE","NTZ","Cabrera Marine Reserve","Buffer zone at 2057 m then open","Scaled log(Biomass)","1","-739","0.04","1.42","1.42"
"2817",72,"Transect count","Big Serranids","Serranidae",NA,"nA","Big Serranids","Biomass","2 SE","NTZ","Cabrera Marine Reserve","Buffer zone at 2057 m then open","Scaled log(Biomass)","2","-282","0.68","1.3","1.3"
"2818",72,"Transect count","Big Serranids","Serranidae",NA,"nA","Big Serranids","Biomass","2 SE","NTZ","Cabrera Marine Reserve","Buffer zone at 2057 m then open","Scaled log(Biomass)","3","-34","1.29","0.71","0.71"
"2819",72,"Transect count","Big Serranids","Serranidae",NA,"nA","Big Serranids","Biomass","2 SE","NTZ","Cabrera Marine Reserve","Buffer zone at 2057 m then open","Scaled log(Biomass)","4","351","1.82","1.12","1.12"
"2820",72,"Transect count","Big Serranids","Serranidae",NA,"nA","Big Serranids","Biomass","2 SE","NTZ","Cabrera Marine Reserve","Buffer zone at 2057 m then open","Scaled log(Biomass)","5","951","1.05","1.02","1.02"
"2821",72,"Transect count","Big Serranids","Serranidae",NA,NA,"Big Serranids","Biomass","2 SE","NTZ","Cabrera Marine Reserve","Buffer zone at 2057 m then open","Scaled log(Biomass)","1","1287","0.58","1.36","1.36"
"2822",72,"Transect count","Big Serranids","Serranidae",NA,NA,"Big Serranids","Biomass","2 SE","NTZ","Cabrera Marine Reserve","Buffer zone at 2057 m then open","Scaled log(Biomass)","2","15619","-2.54","1.09","1.09"
"2823",72,"Transect count","Big Serranids","Serranidae",NA,NA,"Big Serranids","Biomass","2 SE","NTZ","Cabrera Marine Reserve","Buffer zone at 2057 m then open","Scaled log(Biomass)","3","16160","-2.49","0.99","0.99"
"2824",72,"Transect count","Big Serranids","Serranidae",NA,NA,"Big Serranids","Biomass","2 SE","NTZ","Cabrera Marine Reserve","Buffer zone at 2057 m then open","Scaled log(Biomass)","4","16530","-2.45","0.91","0.91"
"2825",72,"Transect count","Big Serranids","Serranidae",NA,NA,"Big Serranids","Biomass","2 SE","NTZ","Cabrera Marine Reserve","Buffer zone at 2057 m then open","Scaled log(Biomass)","5","18413","-2.28","0.6","0.6"
"2826",72,"Transect count","Big Serranids","Serranidae",NA,NA,"Big Serranids","Biomass","2 SE","NTZ","Cabrera Marine Reserve","Buffer zone at 2057 m then open","Scaled log(Biomass)","1","21463","-1.95","1.01","0.99"
"2827",72,"Transect count","Big Serranids","Serranidae",NA,NA,"Big Serranids","Biomass","2 SE","NTZ","Cabrera Marine Reserve","Buffer zone at 2057 m then open","Scaled log(Biomass)","2","0.99","22034","-1.87","1.14"
"2828",72,"Transect count","Big Serranids","Serranidae",NA,NA,"Big Serranids","Biomass","2 SE","NTZ","Cabrera Marine Reserve","Buffer zone at 2057 m then open","Scaled log(Biomass)","3","1.14","22446","-1.85","1.23"
"2829",72,"Transect count","Big Serranids","Serranidae",NA,NA,"Big Serranids","Biomass","2 SE","NTZ","Cabrera Marine Reserve","Buffer zone at 2057 m then open","Scaled log(Biomass)","4","1.23",NA,NA,NA
"2830",72,"Transect count","Big Serranids","Serranidae",NA,NA,"Big Serranids","Biomass","2 SE","NTZ","Cabrera Marine Reserve","Buffer zone at 2057 m then open","Scaled log(Biomass)","5",NA,NA,NA,NA
"2831",72,"Transect count","Small Serranids","Serranidae",NA,NA,"Small Serranids","Biomass","2 SE","NTZ","Cabrera Marine Reserve","Buffer zone at 2057 m then open","Scaled log(Biomass)","1","-619","0.23","0.36","0.36"
"2832",72,"Transect count","Small Serranids","Serranidae",NA,NA,"Small Serranids","Biomass","2 SE","NTZ","Cabrera Marine Reserve","Buffer zone at 2057 m then open","Scaled log(Biomass)","2","-387","0.16","0.38","0.38"
"2833",72,"Transect count","Small Serranids","Serranidae",NA,NA,"Small Serranids","Biomass","2 SE","NTZ","Cabrera Marine Reserve","Buffer zone at 2057 m then open","Scaled log(Biomass)","3","-125","0.08","0.36","0.36"
"2834",72,"Transect count","Small Serranids","Serranidae",NA,NA,"Small Serranids","Biomass","2 SE","NTZ","Cabrera Marine Reserve","Buffer zone at 2057 m then open","Scaled log(Biomass)","4","162","-0.02","0.38","0.38"
"2835",72,"Transect count","Small Serranids","Serranidae",NA,NA,"Small Serranids","Biomass","2 SE","NTZ","Cabrera Marine Reserve","Buffer zone at 2057 m then open","Scaled log(Biomass)","5","434","-0.12","0.4","0.4"
"2836",72,"Transect count","Small Serranids","Serranids",NA,NA,"Small Serranids","Biomass","2 SE","NTZ","Cabrera Marine Reserve","Buffer zone 2057 m then open","Scaled log(Biomass)","1","1051","0.22","0.34","0.34"
"2837",72,"Transect count","Small Serranids","Serranids",NA,NA,"Small Serranids","Biomass","2 SE","NTZ","Cabrera Marine Reserve","Buffer zone 2057 m then open","Scaled log(Biomass)","2","1275","0.28","0.41","0.41"
"2838",72,"Transect count","Small Serranids","Serranids",NA,NA,"Small Serranids","Biomass","2 SE","NTZ","Cabrera Marine Reserve","Buffer zone 2057 m then open","Scaled log(Biomass)","3","15603","-0.58","0.34","0.34"
"2839",72,"Transect count","Small Serranids","Serranids",NA,NA,"Small Serranids","Biomass","2 SE","NTZ","Cabrera Marine Reserve","Buffer zone 2057 m then open","Scaled log(Biomass)","4","16121","=0.52","0.31","0.31"
"2840",72,"Transect count","Small Serranids","Serranids",NA,NA,"Small Serranids","Biomass","2 SE","NTZ","Cabrera Marine Reserve","Buffer zone 2057 m then open","Scaled log(Biomass)","5","16514","-0.49","0.28","0.28"
"2841",72,"Transect count","Small Serranids","Serranidae",NA,NA,"Small Serranids","Biomass","2 SE","NTZ","Cabrera Marine Reserve","Buffer zone at 2057 m then open","Scaled log(Biomass)","1","18431","-0.27","0.19","0.19"
"2842",72,"Transect count","Small Serranids","Serranidae",NA,NA,"Small Serranids","Biomass","2 SE","NTZ","Cabrera Marine Reserve","Buffer zone at 2057 m then open","Scaled log(Biomass)","2","21475","0.09","0.32","0.32"
"2843",72,"Transect count","Small Serranids","Serranidae",NA,NA,"Small Serranids","Biomass","2 SE","NTZ","Cabrera Marine Reserve","Buffer zone at 2057 m then open","Scaled log(Biomass)","3","22063","0.14","0.36","0.36"
"2844",72,"Transect count","Small Serranids","Serranidae",NA,NA,"Small Serranids","Biomass","2 SE","NTZ","Cabrera Marine Reserve","Buffer zone at 2057 m then open","Scaled log(Biomass)","4","22416","0.18","0.39","0.39"
"2845",72,"Transect count","Small Serranids","Serranidae",NA,NA,"Small Serranids","Biomass","2 SE","NTZ","Cabrera Marine Reserve","Buffer zone at 2057 m then open","Scaled log(Biomass)","5",NA,NA,NA,NA
"2846",72,"Transect count","Individual species","Mullidae","Mullus","surmuletus",NA,"Biomass","2 SE","NTZ","Cabrera Marine Reserve","Buffer zone at 2057 m then open","Scaled log(Biomass)","1","-634","0.92","0.88","0.88"
"2847",72,"Transect count","Individual species","Mullidae","Mullus","surmuletus",NA,"Biomass","2 SE","NTZ","Cabrera Marine Reserve","Buffer zone at 2057 m then open","Scaled log(Biomass)","2","-382","0.15","0.41","0.41"
"2848",72,"Transect count","Individual species","Mullidae","Mullus","surmuletus",NA,"Biomass","2 SE","NTZ","Cabrera Marine Reserve","Buffer zone at 2057 m then open","Scaled log(Biomass)","3","-104","-0.51","0.37","0.37"
"2849",72,"Transect count","Individual species","Mullidae","Mullus","surmuletus",NA,"Biomass","2 SE","NTZ","Cabrera Marine Reserve","Buffer zone at 2057 m then open","Scaled log(Biomass)","4","235","-0.73","0.65","0.65"
"2850",72,"Transect count","Individual species","Mullidae","Mullus","surmuletus",NA,"Biomass","2 SE","NTZ","Cabrera Marine Reserve","Buffer zone at 2057 m then open","Scaled log(Biomass)","5","459","-0.71","0.8","0.8"
"2851",72,"Transect count","Individual species","Mullidae","Mullus","surmuletus",NA,"Biomass","2 SE","NTZ","Cabrera Marine Reserve","Buffer zone at 2057 m then open","Scaled log(Biomass)","1","1289","-0.39","0.82","0.82"
"2852",72,"Transect count","Individual species","Mullidae","Mullus","surmuletus",NA,"Biomass","2 SE","NTZ","Cabrera Marine Reserve","Buffer zone at 2057 m then open","Scaled log(Biomass)","2","15610","0.71","0.71","0.71"
"2853",72,"Transect count","Individual species","Mullidae","Mullus","surmuletus",NA,"Biomass","2 SE","NTZ","Cabrera Marine Reserve","Buffer zone at 2057 m then open","Scaled log(Biomass)","3","16116","0.69","0.62","0.62"
"2854",72,"Transect count","Individual species","Mullidae","Mullus","surmuletus",NA,"Biomass","2 SE","NTZ","Cabrera Marine Reserve","Buffer zone at 2057 m then open","Scaled log(Biomass)","4","16472","0.69","0.56","0.56"
"2855",72,"Transect count","Individual species","Mullidae","Mullus","surmuletus",NA,"Biomass","2 SE","NTZ","Cabrera Marine Reserve","Buffer zone at 2057 m then open","Scaled log(Biomass)","5","18424","-0.68","0.39","0.39"
"2856",72,"Transect count","Individual species","Mullidae","Mullus","surmuletus",NA,"Biomass","2 SE","NTZ","Cabrera Marine Reserve","Buffer zone at 2057 m then open","Scaled log(Biomass)","1","21447","0.66","0.62","0.62"
"2857",72,"Transect count","Individual species","Mullidae","Mullus","surmuletus",NA,"Biomass","2 SE","NTZ","Cabrera Marine Reserve","Buffer zone at 2057 m then open","Scaled log(Biomass)","2","22080","0.66","0.72","0.72"
"2858",72,"Transect count","Individual species","Mullidae","Mullus","surmuletus",NA,"Biomass","2 SE","NTZ","Cabrera Marine Reserve","Buffer zone at 2057 m then open","Scaled log(Biomass)","3","22452","0.64","0.76","0.76"
"2859",72,"Transect count","Individual species","Mullidae","Mullus","surmuletus",NA,"Biomass","2 SE","NTZ","Cabrera Marine Reserve","Buffer zone at 2057 m then open","Scaled log(Biomass)","4",NA,NA,NA,NA
"2860",72,"Transect count","Individual species","Mullidae","Mullus","surmuletus",NA,"Biomass","2 SE","NTZ","Cabrera Marine Reserve","Buffer zone at 2057 m then open","Scaled log(Biomass)","5",NA,NA,NA,NA
"2861",72,"Transect count","Big Serranids","Serranidae",NA,NA,"Big Serranids","Biomass","2 SE","NTZ","Carry-le-Rouet Marine Reserve","Yes","Scaled log(Biomass)","1","-341","0.91","0.7","0.7"
"2862",72,"Transect count","Big Serranids","Serranidae",NA,NA,"Big Serranids","Biomass","2 SE","NTZ","Carry-le-Rouet Marine Reserve","Yes","Scaled log(Biomass)","2","-79","0.81","0.55","0.55"
"2863",72,"Transect count","Big Serranids","Serranidae",NA,NA,"Big Serranids","Biomass","2 SE","NTZ","Carry-le-Rouet Marine Reserve","Yes","Scaled log(Biomass)","3","1","0.49","0.43","0.43"
"2864",72,"Transect count","Big Serranids","Serranidae",NA,NA,"Big Serranids","Biomass","2 SE","NTZ","Carry-le-Rouet Marine Reserve","Yes","Scaled log(Biomass)","4","80","0.12","0.42","0.42"
"2865",72,"Transect count","Big Serranids","Serranidae",NA,NA,"Big Serranids","Biomass","2 SE","NTZ","Carry-le-Rouet Marine Reserve","Yes","Scaled log(Biomass)","5","204","-0.55","0.57","0.57"
"2866",72,"Transect count","Big Serranids","Serranidae",NA,NA,"Big Serranids","Biomass","2 SE","NTZ","Carry-le-Rouet Marine Reserve","Yes","Scaled log(Biomass)","1","272","-0.86","0.77","0.77"
"2867",72,"Transect count","Big Serranids","Serranidae",NA,NA,"Big Serranids","Biomass","2 SE","NTZ","Carry-le-Rouet Marine Reserve","Yes","Scaled log(Biomass)","2","1110","0","0.57","0.57"
"2868",72,"Transect count","Big Serranids","Serranidae",NA,NA,"Big Serranids","Biomass","2 SE","NTZ","Carry-le-Rouet Marine Reserve","Yes","Scaled log(Biomass)","3","1206","0.13","0.62","0.62"
"2869",72,"Transect count","Big Serranids","Serranidae",NA,NA,"Big Serranids","Biomass","2 SE","NTZ","Carry-le-Rouet Marine Reserve","Yes","Scaled log(Biomass)","4","2432","-0.81","0.42","0.52"
"2870",72,"Transect count","Big Serranids","Serranidae",NA,NA,"Big Serranids","Biomass","2 SE","NTZ","Carry-le-Rouet Marine Reserve","Yes","Scaled log(Biomass)","5","2520","-0.88","0.57","0.57"
"2871",72,"Transect count","Big Serranids","Serranidae",NA,NA,"Big Serranids","Biomass","2 SE","NTZ","Carry-le-Rouet Marine Reserve","Yes","Scaled log(Biomass)","1","2606","-0.96","0.59","0.59"
"2872",72,"Transect count","Big Serranids","Serranidae",NA,NA,"Big Serranids","Biomass","2 SE","NTZ","Carry-le-Rouet Marine Reserve","Yes","Scaled log(Biomass)","2",NA,NA,NA,NA
"2873",72,"Transect count","Big Serranids","Serranidae",NA,NA,"Big Serranids","Biomass","2 SE","NTZ","Carry-le-Rouet Marine Reserve","Yes","Scaled log(Biomass)","3",NA,NA,NA,NA
"2874",72,"Transect count","Big Serranids","Serranidae",NA,NA,"Big Serranids","Biomass","2 SE","NTZ","Carry-le-Rouet Marine Reserve","Yes","Scaled log(Biomass)","4",NA,NA,NA,NA
"2875",72,"Transect count","Big Serranids","Serranidae",NA,NA,"Big Serranids","Biomass","2 SE","NTZ","Carry-le-Rouet Marine Reserve","Yes","Scaled log(Biomass)","5",NA,NA,NA,NA
"2876",72,"Transect count","Genus group","Sparidae","Diplodus","spp.",NA,"Biomass","2 SE","NTZ","Carry-le-Rouet Marine Reserve","Yes","Scaled log(Biomass)","1","-344","0.91","0.7","0.7"
"2877",72,"Transect count","Genus group","Sparidae","Diplodus","spp.",NA,"Biomass","2 SE","NTZ","Carry-le-Rouet Marine Reserve","Yes","Scaled log(Biomass)","2","-74","0","0.61","0.61"
"2878",72,"Transect count","Genus group","Sparidae","Diplodus","spp.",NA,"Biomass","2 SE","NTZ","Carry-le-Rouet Marine Reserve","Yes","Scaled log(Biomass)","3","1","-0.29","0.44","0.44"
"2879",72,"Transect count","Genus group","Sparidae","Diplodus","spp.",NA,"Biomass","2 SE","NTZ","Carry-le-Rouet Marine Reserve","Yes","Scaled log(Biomass)","4","82","-0.54","0.41","0.41"
"2880",72,"Transect count","Genus group","Sparidae","Diplodus","spp.",NA,"Biomass","2 SE","NTZ","Carry-le-Rouet Marine Reserve","Yes","Scaled log(Biomass)","5","204","-0.95","0.61","0.61"
"2881",72,"Transect count","Genus group","Sparidae","Diplodus","spp.",NA,"Biomass","2 SE","NTZ","Carry-le-Rouet Marine Reserve","Yes","Scaled log(Biomass)","1","268","=1.14","0.76","0.76"
"2882",72,"Transect count","Genus group","Sparidae","Diplodus","spp.",NA,"Biomass","2 SE","NTZ","Carry-le-Rouet Marine Reserve","Yes","Scaled log(Biomass)","2","1114","0.38","0.56","0.56"
"2883",72,"Transect count","Genus group","Sparidae","Diplodus","spp.",NA,"Biomass","2 SE","NTZ","Carry-le-Rouet Marine Reserve","Yes","Scaled log(Biomass)","3","1208","0.52","0.63","0.63"
"2884",72,"Transect count","Genus group","Sparidae","Diplodus","spp.",NA,"Biomass","2 SE","NTZ","Carry-le-Rouet Marine Reserve","Yes","Scaled log(Biomass)","4","2434","-0.01","0.53","0.53"
"2885",72,"Transect count","Genus group","Sparidae","Diplodus","spp.",NA,"Biomass","2 SE","NTZ","Carry-le-Rouet Marine Reserve","Yes","Scaled log(Biomass)","5","2526","-0.03","0.56","0.56"
"2886",72,"Transect count","Genus group","Sparidae","Diplodus","spp.",NA,"Biomass","2 SE","NTZ","Carry-le-Rouet Marine Reserve","Yes","Scaled log(Biomass)","1","2612","-0.06","0.62","0.62"
"2887",72,"Transect count","Genus group","Sparidae","Diplodus","spp.",NA,"Biomass","2 SE","NTZ","Carry-le-Rouet Marine Reserve","Yes","Scaled log(Biomass)","2",NA,NA,NA,NA
"2888",72,"Transect count","Genus group","Sparidae","Diplodus","spp.",NA,"Biomass","2 SE","NTZ","Carry-le-Rouet Marine Reserve","Yes","Scaled log(Biomass)","3",NA,NA,NA,NA
"2889",72,"Transect count","Genus group","Sparidae","Diplodus","spp.",NA,"Biomass","2 SE","NTZ","Carry-le-Rouet Marine Reserve","Yes","Scaled log(Biomass)","4",NA,NA,NA,NA
"2890",72,"Transect count","Genus group","Sparidae","Diplodus","spp.",NA,"Biomass","2 SE","NTZ","Carry-le-Rouet Marine Reserve","Yes","Scaled log(Biomass)","5",NA,NA,NA,NA
"2891",72,"Transect count","Individual species","Labridae","Coris","julis",NA,"Biomass","2 SE","NTZ","Carry-le-Rouet Marine Reserve","Yes","Scaled log(Biomass)","1","-335","0.38","0.36","0.36"
"2892",72,"Transect count","Individual species","Labridae","Coris","julis",NA,"Biomass","2 SE","NTZ","Carry-le-Rouet Marine Reserve","Yes","Scaled log(Biomass)","2","-85","0.43","0.31","0.31"
"2893",72,"Transect count","Individual species","Labridae","Coris","julis",NA,"Biomass","2 SE","NTZ","Carry-le-Rouet Marine Reserve","Yes","Scaled log(Biomass)","3","1","0.22","0.24","0.24"
"2894",72,"Transect count","Individual species","Labridae","Coris","julis",NA,"Biomass","2 SE","NTZ","Carry-le-Rouet Marine Reserve","Yes","Scaled log(Biomass)","4","80","0.19","0.2","0.2"
"2895",72,"Transect count","Individual species","Labridae","Coris","julis",NA,"Biomass","2 SE","NTZ","Carry-le-Rouet Marine Reserve","Yes","Scaled log(Biomass)","5","203","0.1","0.3","0.3"
"2896",72,"Transect count","Individual species","Labridae","Coris","julis",NA,"Biomass","2 SE","NTZ","Carry-le-Rouet Marine Reserve","Yes","Scaled log(Biomass)","1","265","0.07","0.39","0.38"
"2897",72,"Transect count","Individual species","Labridae","Coris","julis",NA,"Biomass","2 SE","NTZ","Carry-le-Rouet Marine Reserve","Yes","Scaled log(Biomass)","2","1108","-0.51","0.27","0.27"
"2898",72,"Transect count","Individual species","Labridae","Coris","julis",NA,"Biomass","2 SE","NTZ","Carry-le-Rouet Marine Reserve","Yes","Scaled log(Biomass)","3","1207","-0.59","0.31","0.31"
"2899",72,"Transect count","Individual species","Labridae","Coris","julis",NA,"Biomass","2 SE","NTZ","Carry-le-Rouet Marine Reserve","Yes","Scaled log(Biomass)","4","2437","-0.2","0.26","0.26"
"2900",72,"Transect count","Individual species","Labridae","Coris","julis",NA,"Biomass","2 SE","NTZ","Carry-le-Rouet Marine Reserve","Yes","Scaled log(Biomass)","5","2528","-0.17","0.28","0.28"
"2901",72,"Transect count","Individual species","Labridae","Coris","julis",NA,"Biomass","2 SE","NTZ","Carry-le-Rouet Marine Reserve","Yes","Scaled log(Biomass)","1","2607","-0.15","0.31","0.31"
"2902",72,"Transect count","Individual species","Labridae","Coris","julis",NA,"Biomass","2 SE","NTZ","Carry-le-Rouet Marine Reserve","Yes","Scaled log(Biomass)","2",NA,NA,NA,NA
"2903",72,"Transect count","Individual species","Labridae","Coris","julis",NA,"Biomass","2 SE","NTZ","Carry-le-Rouet Marine Reserve","Yes","Scaled log(Biomass)","3",NA,NA,NA,NA
"2904",72,"Transect count","Individual species","Labridae","Coris","julis",NA,"Biomass","2 SE","NTZ","Carry-le-Rouet Marine Reserve","Yes","Scaled log(Biomass)","4",NA,NA,NA,NA
"2905",72,"Transect count","Individual species","Labridae","Coris","julis",NA,"Biomass","2 SE","NTZ","Carry-le-Rouet Marine Reserve","Yes","Scaled log(Biomass)","5",NA,NA,NA,NA
"2906",72,"Transect count","Individual species","Sciaenidae","Sciaena","umbra",NA,"Biomass","2 SE","NTZ","Carry-le-Rouet Marine Reserve","Yes","Scaled log(Biomass)","1","-338","1.27","0.58","0.58"
"2907",72,"Transect count","Individual species","Sciaenidae","Sciaena","umbra",NA,"Biomass","2 SE","NTZ","Carry-le-Rouet Marine Reserve","Yes","Scaled log(Biomass)","2","-76","-0.09","0.52","0.52"
"2908",72,"Transect count","Individual species","Sciaenidae","Sciaena","umbra",NA,"Biomass","2 SE","NTZ","Carry-le-Rouet Marine Reserve","Yes","Scaled log(Biomass)","3","1","-0.29","0.34","0.34"
"2909",72,"Transect count","Individual species","Sciaenidae","Sciaena","umbra",NA,"Biomass","2 SE","NTZ","Carry-le-Rouet Marine Reserve","Yes","Scaled log(Biomass)","4","84","-0.3","0.3","0.3"
"2910",72,"Transect count","Individual species","Sciaenidae","Sciaena","umbra",NA,"Biomass","2 SE","NTZ","Carry-le-Rouet Marine Reserve","Yes","Scaled log(Biomass)","5","206","-0.3","0.44","0.44"
"2911",72,"Transect count","Individual species","Sciaenidae","Sciaena","umbra",NA,"Biomass","2 SE","NTZ","Carry-le-Rouet Marine Reserve","Yes","Scaled log(Biomass)","1","274","-0.3","0.6","0.6"
"2912",72,"Transect count","Individual species","Sciaenidae","Sciaena","umbra",NA,"Biomass","2 SE","NTZ","Carry-le-Rouet Marine Reserve","Yes","Scaled log(Biomass)","2","1118","-0.2","0.41","0.41"
"2913",72,"Transect count","Individual species","Sciaenidae","Sciaena","umbra",NA,"Biomass","2 SE","NTZ","Carry-le-Rouet Marine Reserve","Yes","Scaled log(Biomass)","3","1208","-0.19","0.48","0.48"
"2914",72,"Transect count","Individual species","Sciaenidae","Sciaena","umbra",NA,"Biomass","2 SE","NTZ","Carry-le-Rouet Marine Reserve","Yes","Scaled log(Biomass)","4","2439","-0.16","0.41","0.41"
"2915",72,"Transect count","Individual species","Sciaenidae","Sciaena","umbra",NA,"Biomass","2 SE","NTZ","Carry-le-Rouet Marine Reserve","Yes","Scaled log(Biomass)","5","2526","-0.16","0.42","0.42"
"2916",72,"Transect count","Individual species","Sciaenidae","Sciaena","umbra",NA,"Biomass","2 SE","NTZ","Carry-le-Rouet Marine Reserve","Yes","Scaled log(Biomass)","1","2608","-0.17","0.46","0.46"
"2917",72,"Transect count","Individual species","Sciaenidae","Sciaena","umbra",NA,"Biomass","2 SE","NTZ","Carry-le-Rouet Marine Reserve","Yes","Scaled log(Biomass)","2",NA,NA,NA,NA
"2918",72,"Transect count","Individual species","Sciaenidae","Sciaena","umbra",NA,"Biomass","2 SE","NTZ","Carry-le-Rouet Marine Reserve","Yes","Scaled log(Biomass)","3",NA,NA,NA,NA
"2919",72,"Transect count","Individual species","Sciaenidae","Sciaena","umbra",NA,"Biomass","2 SE","NTZ","Carry-le-Rouet Marine Reserve","Yes","Scaled log(Biomass)","4",NA,NA,NA,NA
"2920",72,"Transect count","Individual species","Sciaenidae","Sciaena","umbra",NA,"Biomass","2 SE","NTZ","Carry-le-Rouet Marine Reserve","Yes","Scaled log(Biomass)","5",NA,NA,NA,NA
"2921",72,"Transect count","Genus group","Sparidae","Diplodus","spp.",NA,"Biomass","2 SE","NTZ","Carry-le-Rouet Marine Reserve","Yes","Scaled log(Biomass)","1","-390","0.31","0.81","0.81"
"2922",72,"Transect count","Genus group","Sparidae","Diplodus","spp.",NA,"Biomass","2 SE","NTZ","Carry-le-Rouet Marine Reserve","Yes","Scaled log(Biomass)","2","-345","0.32","0.67","0.67"
"2923",72,"Transect count","Genus group","Sparidae","Diplodus","spp.",NA,"Biomass","2 SE","NTZ","Carry-le-Rouet Marine Reserve","Yes","Scaled log(Biomass)","3","-87","0.36","0.58","0.58"
"2924",72,"Transect count","Genus group","Sparidae","Diplodus","spp.",NA,"Biomass","2 SE","NTZ","Carry-le-Rouet Marine Reserve","Yes","Scaled log(Biomass)","4","47","-0.28","0.42","0.42"
"2925",72,"Transect count","Genus group","Sparidae","Diplodus","spp.",NA,"Biomass","2 SE","NTZ","Carry-le-Rouet Marine Reserve","Yes","Scaled log(Biomass)","5","201","0.58","0.92","0.92"
"2926",72,"Transect count","Genus group","Sparidae","Diplodus","spp.",NA,"Biomass","2 SE","NTZ","Carry-le-Rouet Marine Reserve","Yes","Scaled log(Biomass)","1","457","0.21","0.56","0.56"
"2927",72,"Transect count","Genus group","Sparidae","Diplodus","spp.",NA,"Biomass","2 SE","NTZ","Carry-le-Rouet Marine Reserve","Yes","Scaled log(Biomass)","2","592","0.12","0.57","0.57"
"2928",72,"Transect count","Genus group","Sparidae","Diplodus","spp.",NA,"Biomass","2 SE","NTZ","Carry-le-Rouet Marine Reserve","Yes","Scaled log(Biomass)","3","874","-0.16","0.94","0.94"
"2929",72,"Transect count","Genus group","Sparidae","Diplodus","spp.",NA,"Biomass","2 SE","NTZ","Carry-le-Rouet Marine Reserve","Yes","Scaled log(Biomass)","4","2416","-0.55","0.53","0.53"
"2930",72,"Transect count","Genus group","Sparidae","Diplodus","spp.",NA,"Biomass","2 SE","NTZ","Carry-le-Rouet Marine Reserve","Yes","Scaled log(Biomass)","5","2453","-0.58","0.55","0.55"
"2931",72,"Transect count","Genus group","Sparidae","Diplodus","spp.",NA,"Biomass","2 SE","NTZ","Carry-le-Rouet Marine Reserve","Yes","Scaled log(Biomass)","1","2674","-0.65","0.67","0.67"
"2932",72,"Transect count","Genus group","Sparidae","Diplodus","spp.",NA,"Biomass","2 SE","NTZ","Carry-le-Rouet Marine Reserve","Yes","Scaled log(Biomass)","2",NA,NA,NA,NA
"2933",72,"Transect count","Genus group","Sparidae","Diplodus","spp.",NA,"Biomass","2 SE","NTZ","Carry-le-Rouet Marine Reserve","Yes","Scaled log(Biomass)","3",NA,NA,NA,NA
"2934",72,"Transect count","Genus group","Sparidae","Diplodus","spp.",NA,"Biomass","2 SE","NTZ","Carry-le-Rouet Marine Reserve","Yes","Scaled log(Biomass)","4",NA,NA,NA,NA
"2935",72,"Transect count","Genus group","Sparidae","Diplodus","spp.",NA,"Biomass","2 SE","NTZ","Carry-le-Rouet Marine Reserve","Yes","Scaled log(Biomass)","5",NA,NA,NA,NA
"2936",72,"Transect count","Big Serranids","Serranids",NA,NA,"Big Serranids","Biomass","2 SE","NTZ","Medes Islands Marine Reserve","Buffer zone at 788 m then open","Scaled log(Biomass)","1","-1578","2.85","1.31","1.31"
"2937",72,"Transect count","Big Serranids","Serranids",NA,NA,"Big Serranids","Biomass","2 SE","NTZ","Medes Islands Marine Reserve","Buffer zone at 788 m then open","Scaled log(Biomass)","2","-1444","2.58","1.09","1.09"
"2938",72,"Transect count","Big Serranids","Serranids",NA,NA,"Big Serranids","Biomass","2 SE","NTZ","Medes Islands Marine Reserve","Buffer zone at 788 m then open","Scaled log(Biomass)","3","-1180","2.03","0.61","0.61"
"2939",72,"Transect count","Big Serranids","Serranids",NA,NA,"Big Serranids","Biomass","2 SE","NTZ","Medes Islands Marine Reserve","Buffer zone at 788 m then open","Scaled log(Biomass)","4","-1102","1.85","0.68","0.68"
"2940",72,"Transect count","Big Serranids","Serranids",NA,NA,"Big Serranids","Biomass","2 SE","NTZ","Medes Islands Marine Reserve","Buffer zone at 788 m then open","Scaled log(Biomass)","5","-939","1.48","0.74","0.74"
"2941",72,"Transect count","Big Serranids","Serranidae",NA,NA,"Big Serranids","Biomass","2 SE","NTZ","Medes Islands Marine Reserve","Buffer zone at 788 m then open","Scaled log(Biomass)","1","-605","1.16","1.23","1.23"
"2942",72,"Transect count","Big Serranids","Serranidae",NA,NA,"Big Serranids","Biomass","2 SE","NTZ","Medes Islands Marine Reserve","Buffer zone at 788 m then open","Scaled log(Biomass)","2","295","-1.29","1.21","1.21"
"2943",72,"Transect count","Big Serranids","Serranidae",NA,NA,"Big Serranids","Biomass","2 SE","NTZ","Medes Islands Marine Reserve","Buffer zone at 788 m then open","Scaled log(Biomass)","3","529","-1.75","1.01","1.01"
"2944",72,"Transect count","Big Serranids","Serranidae",NA,NA,"Big Serranids","Biomass","2 SE","NTZ","Medes Islands Marine Reserve","Buffer zone at 788 m then open","Scaled log(Biomass)","4","658","-1.83","0.95","0.95"
"2945",72,"Transect count","Big Serranids","Serranidae",NA,NA,"Big Serranids","Biomass","2 SE","NTZ","Medes Islands Marine Reserve","Buffer zone at 788 m then open","Scaled log(Biomass)","5","906","-2.01","0.85","0.85"
"2946",72,"Transect count","Big Serranids","Serranidae",NA,NA,"Big Serranids","Biomass","2 SE","NTZ","Medes Islands Marine Reserve","Buffer zone at 788 m then open","Scaled log(Biomass)","1","1177","-1.92","0.79","0.79"
"2947",72,"Transect count","Big Serranids","Serranidae",NA,NA,"Big Serranids","Biomass","2 SE","NTZ","Medes Islands Marine Reserve","Buffer zone at 788 m then open","Scaled log(Biomass)","2","1387","-1.88","0.9","0.9"
"2948",72,"Transect count","Big Serranids","Serranidae",NA,NA,"Big Serranids","Biomass","2 SE","NTZ","Medes Islands Marine Reserve","Buffer zone at 788 m then open","Scaled log(Biomass)","3","1883","-1.68","1.09","1.09"
"2949",72,"Transect count","Big Serranids","Serranidae",NA,NA,"Big Serranids","Biomass","2 SE","NTZ","Medes Islands Marine Reserve","Buffer zone at 788 m then open","Scaled log(Biomass)","4","2167","-1.46","1.01","1.01"
"2950",72,"Transect count","Big Serranids","Serranidae",NA,NA,"Big Serranids","Biomass","2 SE","NTZ","Medes Islands Marine Reserve","Buffer zone at 788 m then open","Scaled log(Biomass)","5","2338","-1.32","0.84","0.84"
"2951",72,"Transect count","Big Serranids","Serranidae",NA,NA,"Big Serranids","Biomass","2 SE","NTZ","Medes Islands Marine Reserve","Yes","Scaled log(Biomass)","1","2997","-0.72","1.21","1.21"
"2952",72,"Transect count","Big Serranids","Serranidae",NA,NA,"Big Serranids","Biomass","2 SE","NTZ","Medes Islands Marine Reserve","Yes","Scaled log(Biomass)","2","3064","-0.7","1.23","1.23"
"2953",72,"Transect count","Big Serranids","Serranidae",NA,NA,"Big Serranids","Biomass","2 SE","NTZ","Medes Islands Marine Reserve","Yes","Scaled log(Biomass)","3",NA,NA,NA,NA
"2954",72,"Transect count","Big Serranids","Serranidae",NA,NA,"Big Serranids","Biomass","2 SE","NTZ","Medes Islands Marine Reserve","Yes","Scaled log(Biomass)","4",NA,NA,NA,NA
"2955",72,"Transect count","Big Serranids","Serranidae",NA,NA,"Big Serranids","Biomass","2 SE","NTZ","Medes Islands Marine Reserve","Yes","Scaled log(Biomass)","5",NA,NA,NA,NA
"2956",72,"Transect count","Genus group","Sparidae","Diplodus","spp.",NA,"Biomass","2 SE","NTZ","Tabarca Marine Reserve","Yes","Scaled log(Biomass)","1","-1047","0.27","0.43","0.43"
"2957",72,"Transect count","Genus group","Sparidae","Diplodus","spp.",NA,"Biomass","2 SE","NTZ","Tabarca Marine Reserve","Yes","Scaled log(Biomass)","2","-999","0.19","0.36","0.36"
"2958",72,"Transect count","Genus group","Sparidae","Diplodus","spp.",NA,"Biomass","2 SE","NTZ","Tabarca Marine Reserve","Yes","Scaled log(Biomass)","3","-827","0.03","0.23","0.23"
"2959",72,"Transect count","Genus group","Sparidae","Diplodus","spp.",NA,"Biomass","2 SE","NTZ","Tabarca Marine Reserve","Yes","Scaled log(Biomass)","4","-774","-0.01","0.21","0.21"
"2960",72,"Transect count","Genus group","Sparidae","Diplodus","spp.",NA,"Biomass","2 SE","NTZ","Tabarca Marine Reserve","Yes","Scaled log(Biomass)","5","-696","-0.09","0.28","0.28"
"2961",72,"Transect count","Genus group","Sparidae","Diplodus","spp.",NA,"Biomass","2 SE","NTZ","Tabarca Marine Reserve","Yes","Scaled log(Biomass)","1","-608","-0.12","0.37","0.35"
"2962",72,"Transect count","Genus group","Sparidae","Diplodus","spp.",NA,"Biomass","2 SE","NTZ","Tabarca Marine Reserve","Yes","Scaled log(Biomass)","2","-235","0.37","0.38","0.38"
"2963",72,"Transect count","Genus group","Sparidae","Diplodus","spp.",NA,"Biomass","2 SE","NTZ","Tabarca Marine Reserve","Yes","Scaled log(Biomass)","3","-198","0.39","0.38","0.38"
"2964",72,"Transect count","Genus group","Sparidae","Diplodus","spp.",NA,"Biomass","2 SE","NTZ","Tabarca Marine Reserve","Yes","Scaled log(Biomass)","4","-119","0.41","0.39","0.39"
"2965",72,"Transect count","Genus group","Sparidae","Diplodus","spp.",NA,"Biomass","2 SE","NTZ","Tabarca Marine Reserve","Yes","Scaled log(Biomass)","5","195","0.18","0.38","0.38"
"2966",72,"Transect count","Genus group","Sparidae","Diplodus","spp.",NA,"Biomass","2 SE","NTZ","Tabarca Marine Reserve","Yes","Scaled log(Biomass)","1","282","0.13","0.45","0.45"
"2967",72,"Transect count","Genus group","Sparidae","Diplodus","spp.",NA,"Biomass","2 SE","NTZ","Tabarca Marine Reserve","Yes","Scaled log(Biomass)","2","948","0.28","0.38","0.38"
"2968",72,"Transect count","Genus group","Sparidae","Diplodus","spp.",NA,"Biomass","2 SE","NTZ","Tabarca Marine Reserve","Yes","Scaled log(Biomass)","3","1052","0.11","0.35","0.35"
"2969",72,"Transect count","Genus group","Sparidae","Diplodus","spp.",NA,"Biomass","2 SE","NTZ","Tabarca Marine Reserve","Yes","Scaled log(Biomass)","4","1972","-0.85","0.41","0.41"
"2970",72,"Transect count","Genus group","Sparidae","Diplodus","spp.",NA,"Biomass","2 SE","NTZ","Tabarca Marine Reserve","Yes","Scaled log(Biomass)","5",NA,NA,NA,NA
"2971",72,"Transect count","Other Sparids","Sparidae",NA,NA,"Other Sparids","Biomass","2 SE","NTZ","Tabarca Marine Reserve","Yes","Scaled log(Biomass)","1","-1051","-0.01","1.14","1.14"
"2972",72,"Transect count","Other Sparids","Sparidae",NA,NA,"Other Sparids","Biomass","2 SE","NTZ","Tabarca Marine Reserve","Yes","Scaled log(Biomass)","2","-989","-0.13","0.9","0.9"
"2973",72,"Transect count","Other Sparids","Sparidae",NA,NA,"Other Sparids","Biomass","2 SE","NTZ","Tabarca Marine Reserve","Yes","Scaled log(Biomass)","3","-824","-0.4","0.61","0.61"
"2974",72,"Transect count","Other Sparids","Sparidae",NA,NA,"Other Sparids","Biomass","2 SE","NTZ","Tabarca Marine Reserve","Yes","Scaled log(Biomass)","4","-773","-0.45","0.59","0.59"
"2975",72,"Transect count","Other Sparids","Sparidae",NA,NA,"Other Sparids","Biomass","2 SE","NTZ","Tabarca Marine Reserve","Yes","Scaled log(Biomass)","5","-701","-0.59","0.7","0.7"
"2976",72,"Transect count","Other Sparids","Sparidae",NA,NA,"Other Sparids","Biomass","2 SE","NTZ","Tabarca Marine Reserve","Yes","Scaled log(Biomass)","1","-616","-0.44","0.89","0.89"
"2977",72,"Transect count","Other Sparids","Sparidae",NA,NA,"Other Sparids","Biomass","2 SE","NTZ","Tabarca Marine Reserve","Yes","Scaled log(Biomass)","2","-239","2.05","1.05","1.05"
"2978",72,"Transect count","Other Sparids","Sparidae",NA,NA,"Other Sparids","Biomass","2 SE","NTZ","Tabarca Marine Reserve","Yes","Scaled log(Biomass)","3","-203","2.15","1.06","1.06"
"2979",72,"Transect count","Other Sparids","Sparidae",NA,NA,"Other Sparids","Biomass","2 SE","NTZ","Tabarca Marine Reserve","Yes","Scaled log(Biomass)","4","-119","2.12","1.06","1.06"
"2980",72,"Transect count","Other Sparids","Sparidae",NA,NA,"Other Sparids","Biomass","2 SE","NTZ","Tabarca Marine Reserve","Yes","Scaled log(Biomass)","5","203","1.25","1.03","1.03"
"2981",72,"Transect count","Other Sparids","Sparidae",NA,NA,"Other Sparids","Biomass","2 SE","NTZ","Tabarca Marine Reserve","Yes","Scaled log(Biomass)","1","290","0.99","1.22","1.22"
"2982",72,"Transect count","Other Sparids","Sparidae",NA,NA,"Other Sparids","Biomass","2 SE","NTZ","Tabarca Marine Reserve","Yes","Scaled log(Biomass)","2","949","-0.16","0.99","0.99"
"2983",72,"Transect count","Other Sparids","Sparidae",NA,NA,"Other Sparids","Biomass","2 SE","NTZ","Tabarca Marine Reserve","Yes","Scaled log(Biomass)","3","1050","-0.37","0.93","0.93"
"2984",72,"Transect count","Other Sparids","Sparidae",NA,NA,"Other Sparids","Biomass","2 SE","NTZ","Tabarca Marine Reserve","Yes","Scaled log(Biomass)","4","1957","-2.11","1.08","1.08"
"2985",72,"Transect count","Other Sparids","Sparidae",NA,NA,"Other Sparids","Biomass","2 SE","NTZ","Tabarca Marine Reserve","Yes","Scaled log(Biomass)","5",NA,NA,NA,NA
"2986",72,"Transect count","Individual species","Labridae","Coris","julis",NA,"Biomass","2 SE","NTZ","Tabarca Marine Reserve","Yes","Scaled log(Biomass)","1","-10.54","-0.44","0.56","0.56"
"2987",72,"Transect count","Individual species","Labridae","Coris","julis",NA,"Biomass","2 SE","NTZ","Tabarca Marine Reserve","Yes","Scaled log(Biomass)","2","-987","-0.37","0.44","0.44"
"2988",72,"Transect count","Individual species","Labridae","Coris","julis",NA,"Biomass","2 SE","NTZ","Tabarca Marine Reserve","Yes","Scaled log(Biomass)","3","-827","-0.2","0.31","0.31"
"2989",72,"Transect count","Individual species","Labridae","Coris","julis",NA,"Biomass","2 SE","NTZ","Tabarca Marine Reserve","Yes","Scaled log(Biomass)","4","-774","-0.13","0.29","0.29"
"2990",72,"Transect count","Individual species","Labridae","Coris","julis",NA,"Biomass","2 SE","NTZ","Tabarca Marine Reserve","Yes","Scaled log(Biomass)","5","-701","-0.04","0.34","0.34"
"2991",72,"Transect count","Individual species","Labridae","Coris","julis",NA,"Biomass","2 SE","NTZ","Tabarca Marine Reserve","Yes","Scaled log(Biomass)","1","-627","0.01","0.4","0.4"
"2992",72,"Transect count","Individual species","Labridae","Coris","julis",NA,"Biomass","2 SE","NTZ","Tabarca Marine Reserve","Yes","Scaled log(Biomass)","2","-589","-0.05","0.45","0.45"
"2993",72,"Transect count","Individual species","Labridae","Coris","julis",NA,"Biomass","2 SE","NTZ","Tabarca Marine Reserve","Yes","Scaled log(Biomass)","3","-243","-0.77","0.49","0.49"
"2994",72,"Transect count","Individual species","Labridae","Coris","julis",NA,"Biomass","2 SE","NTZ","Tabarca Marine Reserve","Yes","Scaled log(Biomass)","4","-204","-0.82","0.5","0.5"
"2995",72,"Transect count","Individual species","Labridae","Coris","julis",NA,"Biomass","2 SE","NTZ","Tabarca Marine Reserve","Yes","Scaled log(Biomass)","5","-119","-0.81","0.52","0.52"
"2996",72,"Transect count","Individual species","Labridae","Coris","julis",NA,"Biomass","2 SE","NTZ","Tabarca Marine Reserve","Yes","Scaled log(Biomass)","1","185","-0.29","0.49","0.49"
"2997",72,"Transect count","Individual species","Labridae","Coris","julis",NA,"Biomass","2 SE","NTZ","Tabarca Marine Reserve","Yes","Scaled log(Biomass)","2","287","-0.12","0.59","0.59"
"2998",72,"Transect count","Individual species","Labridae","Coris","julis",NA,"Biomass","2 SE","NTZ","Tabarca Marine Reserve","Yes","Scaled log(Biomass)","3","947","0.56","0.49","0.49"
"2999",72,"Transect count","Individual species","Labridae","Coris","julis",NA,"Biomass","2 SE","NTZ","Tabarca Marine Reserve","Yes","Scaled log(Biomass)","4","1047","0.57","0.45","0.45"
"3000",72,"Transect count","Individual species","Labridae","Coris","julis",NA,"Biomass","2 SE","NTZ","Tabarca Marine Reserve","Yes","Scaled log(Biomass)","5","1958","1","0.53","0.53"
"3001",421,"Transect count","All fish except Centracanthidae, Pomacentridae and sparid Boops boops",NA,NA,NA,NA,"Biomass","2 SE","NTZ","Cèrberes-Banyuls Marine Reserve","Buffer zone at 2515 m then open","Scaled log(biomass)","1","-224","0.73","0.42","0.42"
"3002",421,"Transect count","All fish except Centracanthidae, Pomacentridae and sparid Boops boops",NA,NA,NA,NA,"Biomass","2 SE","NTZ","Cèrberes-Banyuls Marine Reserve","Buffer zone at 2515 m then open","Scaled log(biomass)","2","427","-0.23","0.41","0.41"
"3003",421,"Transect count","All fish except Centracanthidae, Pomacentridae and sparid Boops boops",NA,NA,NA,NA,"Biomass","2 SE","NTZ","Cèrberes-Banyuls Marine Reserve","Buffer zone at 2515 m then open","Scaled log(biomass)","3","566","-0.44","0.38","0.38"
"3004",421,"Transect count","All fish except Centracanthidae, Pomacentridae and sparid Boops boops",NA,NA,NA,NA,"Biomass","2 SE","NTZ","Cèrberes-Banyuls Marine Reserve","Buffer zone at 2515 m then open","Scaled log(biomass)","4","663","-0.28","0.31","0.31"
"3005",421,"Transect count","All fish except Centracanthidae, Pomacentridae and sparid Boops boops",NA,NA,NA,NA,"Biomass","2 SE","NTZ","Cèrberes-Banyuls Marine Reserve","Buffer zone at 2515 m then open","Scaled log(biomass)","5","955","0","0.37","0.37"
"3006",421,"Transect count","All fish except Centracanthidae, Pomacentridae and sparid Boops boops",NA,NA,NA,NA,"Biomass","2 SE","NTZ","Cèrberes-Banyuls Marine Reserve","Buffer zone at 2515 m then open","Scaled log(Biomass)","1","1246","0.32","0.64","0.64"
"3007",421,"Transect count","All fish except Centracanthidae, Pomacentridae and sparid Boops boops",NA,NA,NA,NA,"Biomass","2 SE","NTZ","Cèrberes-Banyuls Marine Reserve","Buffer zone at 2515 m then open","Scaled log(Biomass)","2","3222","-0.23","0.47","0.47"
"3008",421,"Transect count","All fish except Centracanthidae, Pomacentridae and sparid Boops boops",NA,NA,NA,NA,"Biomass","2 SE","NTZ","Cèrberes-Banyuls Marine Reserve","Buffer zone at 2515 m then open","Scaled log(Biomass)","3","3504","-0.13","0.3","0.3"
"3009",421,"Transect count","All fish except Centracanthidae, Pomacentridae and sparid Boops boops",NA,NA,NA,NA,"Biomass","2 SE","NTZ","Cèrberes-Banyuls Marine Reserve","Buffer zone at 2515 m then open","Scaled log(Biomass)","4","3720","-0.03","0.31","0.31"
"3010",421,"Transect count","All fish except Centracanthidae, Pomacentridae and sparid Boops boops",NA,NA,NA,NA,"Biomass","2 SE","NTZ","Cèrberes-Banyuls Marine Reserve","Buffer zone at 2515 m then open","Scaled log(Biomass)","5","3837","0.04","0.36","0.36"
"3011",421,"Transect count","All fish except Centracanthidae, Pomacentridae and sparid Boops boops",NA,NA,NA,NA,"Biomass","2 SE","NTZ","Cèrberes-Banyuls Marine Reserve","Buffer zone at 2515 m then open","Scaled log(biomass)","1","4146","0.22","0.65","0.65"
"3012",421,"Transect count","All fish except Centracanthidae, Pomacentridae and sparid Boops boops",NA,NA,NA,NA,"Biomass","2 SE","NTZ","Cèrberes-Banyuls Marine Reserve","Buffer zone at 2515 m then open","Scaled log(biomass)","2","5348","-0.35","0.42","0.42"
"3013",421,"Transect count","All fish except Centracanthidae, Pomacentridae and sparid Boops boops",NA,NA,NA,NA,"Biomass","2 SE","NTZ","Cèrberes-Banyuls Marine Reserve","Buffer zone at 2515 m then open","Scaled log(biomass)","3",NA,NA,NA,NA
"3014",421,"Transect count","All fish except Centracanthidae, Pomacentridae and sparid Boops boops",NA,NA,NA,NA,"Biomass","2 SE","NTZ","Cèrberes-Banyuls Marine Reserve","Buffer zone at 2515 m then open","Scaled log(biomass)","4",NA,NA,NA,NA
"3015",421,"Transect count","All fish except Centracanthidae, Pomacentridae and sparid Boops boops",NA,NA,NA,NA,"Biomass","2 SE","NTZ","Cèrberes-Banyuls Marine Reserve","Buffer zone at 2515 m then open","Scaled log(biomass)","5",NA,NA,NA,NA
"3016",421,"Transect count","All fish except Centracanthidae, Pomacentridae and sparid Boops boops",NA,NA,NA,NA,"Biomass","2 SE","NTZ","Cèrberes-Banyuls Marine Reserve","Buffer zone at 1389 m then open","Scaled log(Biomass)","1","-213","0.76","0.43","0.43"
"3017",421,"Transect count","All fish except Centracanthidae, Pomacentridae and sparid Boops boops",NA,NA,NA,NA,"Biomass","2 SE","NTZ","Cèrberes-Banyuls Marine Reserve","Buffer zone at 1389 m then open","Scaled log(Biomass)","2","437","-0.2","0.41","0.41"
"3018",421,"Transect count","All fish except Centracanthidae, Pomacentridae and sparid Boops boops",NA,NA,NA,NA,"Biomass","2 SE","NTZ","Cèrberes-Banyuls Marine Reserve","Buffer zone at 1389 m then open","Scaled log(Biomass)","3","566","-0.39","0.39","0.39"
"3019",421,"Transect count","All fish except Centracanthidae, Pomacentridae and sparid Boops boops",NA,NA,NA,NA,"Biomass","2 SE","NTZ","Cèrberes-Banyuls Marine Reserve","Buffer zone at 1389 m then open","Scaled log(Biomass)","4","643","-0.27","0.32","0.32"
"3020",421,"Transect count","All fish except Centracanthidae, Pomacentridae and sparid Boops boops",NA,NA,NA,NA,"Biomass","2 SE","NTZ","Cèrberes-Banyuls Marine Reserve","Buffer zone at 1389 m then open","Scaled log(Biomass)","5","819","-0.11","0.32","0.32"
"3021",421,"Transect count","Everything except Centracanthidae, Pomacentridae and sparid Boops boops",NA,NA,NA,NA,"Biomass","2 SE","NTZ","Cèrberes-Banyuls Marine Reserve","Buffer zone at 1389 m then open","Scaled log(Biomass)","1","951","0.02","0.37","0.37"
"3022",421,"Transect count","Everything except Centracanthidae, Pomacentridae and sparid Boops boops",NA,NA,NA,NA,"Biomass","2 SE","NTZ","Cèrberes-Banyuls Marine Reserve","Buffer zone at 1389 m then open","Scaled log(Biomass)","2","1238","-0.07","0.33","0.32"
"3023",421,"Transect count","Everything except Centracanthidae, Pomacentridae and sparid Boops boops",NA,NA,NA,NA,"Biomass","2 SE","NTZ","Cèrberes-Banyuls Marine Reserve","Buffer zone at 1389 m then open","Scaled log(Biomass)","3","1601","-0.33","0.34","0.34"
"3024",421,"Transect count","Everything except Centracanthidae, Pomacentridae and sparid Boops boops",NA,NA,NA,NA,"Biomass","2 SE","NTZ","Cèrberes-Banyuls Marine Reserve","Buffer zone at 1389 m then open","Scaled log(Biomass)","4","1714","-0.35","0.34","0.34"
"3025",421,"Transect count","Everything except Centracanthidae, Pomacentridae and sparid Boops boops",NA,NA,NA,NA,"Biomass","2 SE","NTZ","Cèrberes-Banyuls Marine Reserve","Buffer zone at 1389 m then open","Scaled log(Biomass)","5","2398","-0.15","0.31","0.31"
"3026",421,"Transect count","Everything except Centracanthidae, Pomacentridae and sparid Boops boops",NA,NA,NA,NA,"Biomass","2 SE","NTZ","Cèrberes-Banyuls Marine Reserve","Buffer zone at 1389 m then open","Scaled log(Biomass)","1","2610","-0.07","0.33","0.33"
"3027",421,"Transect count","Everything except Centracanthidae, Pomacentridae and sparid Boops boops",NA,NA,NA,NA,"Biomass","2 SE","NTZ","Cèrberes-Banyuls Marine Reserve","Buffer zone at 1389 m then open","Scaled log(Biomass)","2","2846","0.01","0.38","0.38"
"3028",421,"Transect count","Everything except Centracanthidae, Pomacentridae and sparid Boops boops",NA,NA,NA,NA,"Biomass","2 SE","NTZ","Cèrberes-Banyuls Marine Reserve","Buffer zone at 1389 m then open","Scaled log(Biomass)","3","3386","0","0.36","0.36"
"3029",421,"Transect count","Everything except Centracanthidae, Pomacentridae and sparid Boops boops",NA,NA,NA,NA,"Biomass","2 SE","NTZ","Cèrberes-Banyuls Marine Reserve","Buffer zone at 1389 m then open","Scaled log(Biomass)","4","4259","-0.05","0.49","0.49"
"3030",421,"Transect count","Everything except Centracanthidae, Pomacentridae and sparid Boops boops",NA,NA,NA,NA,"Biomass","2 SE","NTZ","Cèrberes-Banyuls Marine Reserve","Buffer zone at 1389 m then open","Scaled log(Biomass)","5","4425","-0.07","0.54","0.54"
"3031",421,"Transect count","All fish except Centracanthidae, Pomacentridae and sparid Boops boops",NA,NA,NA,NA,"Biomass","2 SE","NTZ","Cabo de Palos Marine Reserve","Buffer zone at 3136 m then opne","Scaled log(Biomass)","1","-937","0.87","0.47","0.47"
"3032",421,"Transect count","All fish except Centracanthidae, Pomacentridae and sparid Boops boops",NA,NA,NA,NA,"Biomass","2 SE","NTZ","Cabo de Palos Marine Reserve","Buffer zone at 3136 m then opne","Scaled log(Biomass)","2","-438","0.77","0.37","0.37"
"3033",421,"Transect count","All fish except Centracanthidae, Pomacentridae and sparid Boops boops",NA,NA,NA,NA,"Biomass","2 SE","NTZ","Cabo de Palos Marine Reserve","Buffer zone at 3136 m then opne","Scaled log(Biomass)","3","404","0.63","0.29","0.29"
"3034",421,"Transect count","All fish except Centracanthidae, Pomacentridae and sparid Boops boops",NA,NA,NA,NA,"Biomass","2 SE","NTZ","Cabo de Palos Marine Reserve","Buffer zone at 3136 m then opne","Scaled log(Biomass)","4","902","0.55","0.32","0.32"
"3035",421,"Transect count","All fish except Centracanthidae, Pomacentridae and sparid Boops boops",NA,NA,NA,NA,"Biomass","2 SE","NTZ","Cabo de Palos Marine Reserve","Buffer zone at 3136 m then opne","Scaled log(Biomass)","5","2059","0.22","0.45","0.45"
"3036",421,"Transect count","All fish except Centracanthidae, Pomacentridae and sparid Boops boops",NA,NA,NA,NA,"Biomass","2 SE","NTZ","Cabo de Palos Marine Reserve","Buffer zone at 3136 m then open","Scaled log(Biomass)","1","2252","0.31","0.4","0.4"
"3037",421,"Transect count","All fish except Centracanthidae, Pomacentridae and sparid Boops boops",NA,NA,NA,NA,"Biomass","2 SE","NTZ","Cabo de Palos Marine Reserve","Buffer zone at 3136 m then open","Scaled log(Biomass)","2","2860","1.13","0.38","0.38"
"3038",421,"Transect count","All fish except Centracanthidae, Pomacentridae and sparid Boops boops",NA,NA,NA,NA,"Biomass","2 SE","NTZ","Cabo de Palos Marine Reserve","Buffer zone at 3136 m then open","Scaled log(Biomass)","3","3095","1.26","0.31","0.31"
"3039",421,"Transect count","All fish except Centracanthidae, Pomacentridae and sparid Boops boops",NA,NA,NA,NA,"Biomass","2 SE","NTZ","Cabo de Palos Marine Reserve","Buffer zone at 3136 m then open","Scaled log(Biomass)","4","3244","1.31","0.2","0.3"
"3040",421,"Transect count","All fish except Centracanthidae, Pomacentridae and sparid Boops boops",NA,NA,NA,NA,"Biomass","2 SE","NTZ","Cabo de Palos Marine Reserve","Buffer zone at 3136 m then open","Scaled log(Biomass)","5","3429","1.33","0.2","0.2"
"3041",421,"Transect count","All fish except Centracanthidae, Pomacentridae and sparid Boops boops",NA,NA,NA,NA,"Biomass","2 SE","NTZ","Cabo de Palos Marine Reserve","Buffer zone at 3136 m then open","Scaled log(Biomass)","1","3678","1.38","0.3","0.3"
"3042",421,"Transect count","All fish except Centracanthidae, Pomacentridae and sparid Boops boops",NA,NA,NA,NA,"Biomass","2 SE","NTZ","Cabo de Palos Marine Reserve","Buffer zone at 3136 m then open","Scaled log(Biomass)","2","3868","1.42","0.49","0.49"
"3043",421,"Transect count","All fish except Centracanthidae, Pomacentridae and sparid Boops boops",NA,NA,NA,NA,"Biomass","2 SE","NTZ","Cabo de Palos Marine Reserve","Buffer zone at 3136 m then open","Scaled log(Biomass)","3","5130","1.11","0.64","0.64"
"3044",421,"Transect count","All fish except Centracanthidae, Pomacentridae and sparid Boops boops",NA,NA,NA,NA,"Biomass","2 SE","NTZ","Cabo de Palos Marine Reserve","Buffer zone at 3136 m then open","Scaled log(Biomass)","4","8361","1.05","0.34","0.34"
"3045",421,"Transect count","All fish except Centracanthidae, Pomacentridae and sparid Boops boops",NA,NA,NA,NA,"Biomass","2 SE","NTZ","Cabo de Palos Marine Reserve","Buffer zone at 3136 m then open","Scaled log(Biomass)","5","8582","1.03","0.36","0.36"
"3046",421,"Transect count","All fish except Centracanthidae, Pomacentridae and sparid Boops boops",NA,NA,NA,NA,"Biomass","2 SE","NTZ","Cabo de Palos Marine Reserve","Buffer zone at 3136 m then open","Scaled log(Biomass)","1","8870","1.03","0.38","0.38"
"3047",421,"Transect count","All fish except Centracanthidae, Pomacentridae and sparid Boops boops",NA,NA,NA,NA,"Biomass","2 SE","NTZ","Cabo de Palos Marine Reserve","Buffer zone at 3136 m then open","Scaled log(Biomass)","2",NA,NA,NA,NA
"3048",421,"Transect count","All fish except Centracanthidae, Pomacentridae and sparid Boops boops",NA,NA,NA,NA,"Biomass","2 SE","NTZ","Cabo de Palos Marine Reserve","Buffer zone at 3136 m then open","Scaled log(Biomass)","3",NA,NA,NA,NA
"3049",421,"Transect count","All fish except Centracanthidae, Pomacentridae and sparid Boops boops",NA,NA,NA,NA,"Biomass","2 SE","NTZ","Cabo de Palos Marine Reserve","Buffer zone at 3136 m then open","Scaled log(Biomass)","4",NA,NA,NA,NA
"3050",421,"Transect count","All fish except Centracanthidae, Pomacentridae and sparid Boops boops",NA,NA,NA,NA,"Biomass","2 SE","NTZ","Cabo de Palos Marine Reserve","Buffer zone at 3136 m then open","Scaled log(Biomass)","5",NA,NA,NA,NA
"3051",421,"Transect count","All fish except Centracanthidae, Pomacentridae and sparid Boops boops",NA,NA,NA,NA,"Fish size","2 SE","NTZ","Cabo de Palos Marine Reserve","Buffer zone at 3157 m then open","Scaled log(Biomass)","1","-942","1.1","0.53","0.53"
"3052",421,"Transect count","All fish except Centracanthidae, Pomacentridae and sparid Boops boops",NA,NA,NA,NA,"Fish size","2 SE","NTZ","Cabo de Palos Marine Reserve","Buffer zone at 3157 m then open","Scaled log(Biomass)","2","-435","1.04","0.41","0.41"
"3053",421,"Transect count","All fish except Centracanthidae, Pomacentridae and sparid Boops boops",NA,NA,NA,NA,"Fish size","2 SE","NTZ","Cabo de Palos Marine Reserve","Buffer zone at 3157 m then open","Scaled log(Biomass)","3","429","0.88","0.32","0.32"
"3054",421,"Transect count","All fish except Centracanthidae, Pomacentridae and sparid Boops boops",NA,NA,NA,NA,"Fish size","2 SE","NTZ","Cabo de Palos Marine Reserve","Buffer zone at 3157 m then open","Scaled log(Biomass)","4","890","0.8","0.34","0.34"
"3055",421,"Transect count","All fish except Centracanthidae, Pomacentridae and sparid Boops boops",NA,NA,NA,NA,"Fish size","2 SE","NTZ","Cabo de Palos Marine Reserve","Buffer zone at 3157 m then open","Scaled log(Biomass)","5","2068","0.63","0.43","0.43"
"3056",421,"Transect count","All fish except Centracanthidae, Pomacentridae and sparid Boops boops",NA,NA,NA,NA,"Biomass","2 SE","NTZ","Cabo de Palos Marine Reserve","Buffer zone at 3157 m then open","Scaled log(Biomass)","1","2261","0.62","0.43","0.43"
"3057",421,"Transect count","All fish except Centracanthidae, Pomacentridae and sparid Boops boops",NA,NA,NA,NA,"Biomass","2 SE","NTZ","Cabo de Palos Marine Reserve","Buffer zone at 3157 m then open","Scaled log(Biomass)","2","2875","1.07","0.24","0.24"
"3058",421,"Transect count","All fish except Centracanthidae, Pomacentridae and sparid Boops boops",NA,NA,NA,NA,"Biomass","2 SE","NTZ","Cabo de Palos Marine Reserve","Buffer zone at 3157 m then open","Scaled log(Biomass)","3","3072","1.19","0.24","0.24"
"3059",421,"Transect count","All fish except Centracanthidae, Pomacentridae and sparid Boops boops",NA,NA,NA,NA,"Biomass","2 SE","NTZ","Cabo de Palos Marine Reserve","Buffer zone at 3157 m then open","Scaled log(Biomass)","4","3253","1.31","0.25","0.25"
"3060",421,"Transect count","All fish except Centracanthidae, Pomacentridae and sparid Boops boops",NA,NA,NA,NA,"Biomass","2 SE","NTZ","Cabo de Palos Marine Reserve","Buffer zone at 3157 m then open","Scaled log(Biomass)","5","3593","1.29","0.3","0.3"
"3061",421,"Transect count","All fish except Centracanthidae, Pomacentridae and sparid Boops boops",NA,NA,NA,NA,"Biomass","2 SE","NTZ","Cabo de Palos Marine Reserve","Buffer zone at 3157 m then open","Scaled log(Biomass)","1","3720","1.26","0.32","0.32"
"3062",421,"Transect count","All fish except Centracanthidae, Pomacentridae and sparid Boops boops",NA,NA,NA,NA,"Biomass","2 SE","NTZ","Cabo de Palos Marine Reserve","Buffer zone at 3157 m then open","Scaled log(Biomass)","2","3821","1.18","0.36","0.36"
"3063",421,"Transect count","All fish except Centracanthidae, Pomacentridae and sparid Boops boops",NA,NA,NA,NA,"Biomass","2 SE","NTZ","Cabo de Palos Marine Reserve","Buffer zone at 3157 m then open","Scaled log(Biomass)","3","4774","1.07","0.47","0.47"
"3064",421,"Transect count","All fish except Centracanthidae, Pomacentridae and sparid Boops boops",NA,NA,NA,NA,"Biomass","2 SE","NTZ","Cabo de Palos Marine Reserve","Buffer zone at 3157 m then open","Scaled log(Biomass)","4","5032","1.04","0.35","0.35"
"3065",421,"Transect count","All fish except Centracanthidae, Pomacentridae and sparid Boops boops",NA,NA,NA,NA,"Biomass","2 SE","NTZ","Cabo de Palos Marine Reserve","Buffer zone at 3157 m then open","Scaled log(Biomass)","5","5171","1.01","0.31","0.32"
"3066",421,"Transect count","All fish except Centracanthidae, Pomacentridae and sparid Boops boops",NA,NA,NA,NA,"Biomass","2 SE","NTZ","Cabo de Palos Marine Reserve","Buffer zone at 3157 m then open","Scaled log(Biomass)","1","5161","0.89","0.3","0.3"
"3067",421,"Transect count","All fish except Centracanthidae, Pomacentridae and sparid Boops boops",NA,NA,NA,NA,"Biomass","2 SE","NTZ","Cabo de Palos Marine Reserve","Buffer zone at 3157 m then open","Scaled log(Biomass)","2","5853","0.84","0.43","0.43"
"3068",421,"Transect count","All fish except Centracanthidae, Pomacentridae and sparid Boops boops",NA,NA,NA,NA,"Biomass","2 SE","NTZ","Cabo de Palos Marine Reserve","Buffer zone at 3157 m then open","Scaled log(Biomass)","3",NA,NA,NA,NA
"3069",421,"Transect count","All fish except Centracanthidae, Pomacentridae and sparid Boops boops",NA,NA,NA,NA,"Biomass","2 SE","NTZ","Cabo de Palos Marine Reserve","Buffer zone at 3157 m then open","Scaled log(Biomass)","4",NA,NA,NA,NA
"3070",421,"Transect count","All fish except Centracanthidae, Pomacentridae and sparid Boops boops",NA,NA,NA,NA,"Biomass","2 SE","NTZ","Cabo de Palos Marine Reserve","Buffer zone at 3157 m then open","Scaled log(Biomass)","5",NA,NA,NA,NA
"3071",421,"Transect count","All fish except Centracanthidae, Pomacentridae and sparid Boops boops",NA,NA,NA,NA,"Biomass","2 SE","NTZ","Carry-le-Rouet Marine Reserve","Yes","Scaled log(Biomass)","1","-343","1.24","0.7","0.7"
"3072",421,"Transect count","All fish except Centracanthidae, Pomacentridae and sparid Boops boops",NA,NA,NA,NA,"Biomass","2 SE","NTZ","Carry-le-Rouet Marine Reserve","Yes","Scaled log(Biomass)","2","-76","-0.03","0.59","0.59"
"3073",421,"Transect count","All fish except Centracanthidae, Pomacentridae and sparid Boops boops",NA,NA,NA,NA,"Biomass","2 SE","NTZ","Carry-le-Rouet Marine Reserve","Yes","Scaled log(Biomass)","3","-5","-0.47","0.4","0.4"
"3074",421,"Transect count","All fish except Centracanthidae, Pomacentridae and sparid Boops boops",NA,NA,NA,NA,"Biomass","2 SE","NTZ","Carry-le-Rouet Marine Reserve","Yes","Scaled log(Biomass)","4","73","-0.66","0.36","0.36"
"3075",421,"Transect count","All fish except Centracanthidae, Pomacentridae and sparid Boops boops",NA,NA,NA,NA,"Biomass","2 SE","NTZ","Carry-le-Rouet Marine Reserve","Yes","Scaled log(Biomass)","5","201","-0.97","0.53","0.53"
"3076",421,"Transect count","All fish except Centracanthidae, Pomacentridae and sparid Boops boops",NA,NA,NA,NA,"Biomass","2 SE","NTZ","Carry-le-Rouet Marine Reserve","Yes","Scaled log(Biomass)","1","263","-1.14","0.7","0.7"
"3077",421,"Transect count","All fish except Centracanthidae, Pomacentridae and sparid Boops boops",NA,NA,NA,NA,"Biomass","2 SE","NTZ","Carry-le-Rouet Marine Reserve","Yes","Scaled log(Biomass)","2","1109","0.1","0.49","0.49"
"3078",421,"Transect count","All fish except Centracanthidae, Pomacentridae and sparid Boops boops",NA,NA,NA,NA,"Biomass","2 SE","NTZ","Carry-le-Rouet Marine Reserve","Yes","Scaled log(Biomass)","3","1211","0.22","0.58","0.58"
"3079",421,"Transect count","All fish except Centracanthidae, Pomacentridae and sparid Boops boops",NA,NA,NA,NA,"Biomass","2 SE","NTZ","Carry-le-Rouet Marine Reserve","Yes","Scaled log(Biomass)","4","2436","0.21","0.49","0.49"
"3080",421,"Transect count","All fish except Centracanthidae, Pomacentridae and sparid Boops boops",NA,NA,NA,NA,"Biomass","2 SE","NTZ","Carry-le-Rouet Marine Reserve","Yes","Scaled log(Biomass)","5","2524","0.2","0.53","0.53"
"3081",421,"Transect count","All fish except Centracanthidae, Pomacentridae and sparid Boops boops",NA,NA,NA,NA,"Biomass","2 SE","NTZ","Carry-le-Rouet Marine Reserve","Yes","Scaled log(Biomass)","1","2611","0.2","0.54","0.54"
"3082",421,"Transect count","All fish except Centracanthidae, Pomacentridae and sparid Boops boops",NA,NA,NA,NA,"Biomass","2 SE","NTZ","Carry-le-Rouet Marine Reserve","Yes","Scaled log(Biomass)","2",NA,NA,NA,NA
"3083",421,"Transect count","All fish except Centracanthidae, Pomacentridae and sparid Boops boops",NA,NA,NA,NA,"Biomass","2 SE","NTZ","Carry-le-Rouet Marine Reserve","Yes","Scaled log(Biomass)","3",NA,NA,NA,NA
"3084",421,"Transect count","All fish except Centracanthidae, Pomacentridae and sparid Boops boops",NA,NA,NA,NA,"Biomass","2 SE","NTZ","Carry-le-Rouet Marine Reserve","Yes","Scaled log(Biomass)","4",NA,NA,NA,NA
"3085",421,"Transect count","All fish except Centracanthidae, Pomacentridae and sparid Boops boops",NA,NA,NA,NA,"Biomass","2 SE","NTZ","Carry-le-Rouet Marine Reserve","Yes","Scaled log(Biomass)","5",NA,NA,NA,NA
"3086",421,"Transect count","All fish except Centracanthidae, Pomacentridae and sparid Boops boops",NA,NA,NA,NA,"Biomass","2 SE","NTZ","Carry-le-Rouet Marine Reserve","Yes","Scaled log(Biomass)","1","-397","0.05","0.55","0.55"
"3087",421,"Transect count","All fish except Centracanthidae, Pomacentridae and sparid Boops boops",NA,NA,NA,NA,"Biomass","2 SE","NTZ","Carry-le-Rouet Marine Reserve","Yes","Scaled log(Biomass)","2","-350","0.19","0.53","0.53"
"3088",421,"Transect count","All fish except Centracanthidae, Pomacentridae and sparid Boops boops",NA,NA,NA,NA,"Biomass","2 SE","NTZ","Carry-le-Rouet Marine Reserve","Yes","Scaled log(Biomass)","3","-84","0.99","0.4","0.4"
"3089",421,"Transect count","All fish except Centracanthidae, Pomacentridae and sparid Boops boops",NA,NA,NA,NA,"Biomass","2 SE","NTZ","Carry-le-Rouet Marine Reserve","Yes","Scaled log(Biomass)","4","23","0.09","0.34","0.34"
"3090",421,"Transect count","All fish except Centracanthidae, Pomacentridae and sparid Boops boops",NA,NA,NA,NA,"Biomass","2 SE","NTZ","Carry-le-Rouet Marine Reserve","Yes","Scaled log(Biomass)","5","199","-0.36","0.64","0.64"
"3091",421,"Transect count","All fish except Centracanthidae, Pomacentridae and sparid Boops boops",NA,NA,NA,NA,"Biomass","2 SE","NTZ","Carry-le-Rouet Marine Reserve","Yes","Scaled log(Biomass)","1","455","-0.33","0.42","0.42"
"3092",421,"Transect count","All fish except Centracanthidae, Pomacentridae and sparid Boops boops",NA,NA,NA,NA,"Biomass","2 SE","NTZ","Carry-le-Rouet Marine Reserve","Yes","Scaled log(Biomass)","2","586","-0.31","0.39","0.39"
"3093",421,"Transect count","All fish except Centracanthidae, Pomacentridae and sparid Boops boops",NA,NA,NA,NA,"Biomass","2 SE","NTZ","Carry-le-Rouet Marine Reserve","Yes","Scaled log(Biomass)","3","864","-0.28","0.67","0.67"
"3094",421,"Transect count","All fish except Centracanthidae, Pomacentridae and sparid Boops boops",NA,NA,NA,NA,"Biomass","2 SE","NTZ","Carry-le-Rouet Marine Reserve","Yes","Scaled log(Biomass)","4","2411","-0.52","0.38","0.38"
"3095",421,"Transect count","All fish except Centracanthidae, Pomacentridae and sparid Boops boops",NA,NA,NA,NA,"Biomass","2 SE","NTZ","Carry-le-Rouet Marine Reserve","Yes","Scaled log(Biomass)","5","2463","-0.54","0.38","0.38"
"3096",421,"Transect count","All fish except Centracanthidae, Pomacentridae and sparid Boops boops",NA,NA,NA,NA,"Biomass","2 SE","NTZ","Carry-le-Rouet Marine Reserve","Yes","Scaled log(Biomass)","1","2659","-0.56","0.47","0.47"
"3097",421,"Transect count","All fish except Centracanthidae, Pomacentridae and sparid Boops boops",NA,NA,NA,NA,"Biomass","2 SE","NTZ","Carry-le-Rouet Marine Reserve","Yes","Scaled log(Biomass)","2",NA,NA,NA,NA
"3098",421,"Transect count","All fish except Centracanthidae, Pomacentridae and sparid Boops boops",NA,NA,NA,NA,"Biomass","2 SE","NTZ","Carry-le-Rouet Marine Reserve","Yes","Scaled log(Biomass)","3",NA,NA,NA,NA
"3099",421,"Transect count","All fish except Centracanthidae, Pomacentridae and sparid Boops boops",NA,NA,NA,NA,"Biomass","2 SE","NTZ","Carry-le-Rouet Marine Reserve","Yes","Scaled log(Biomass)","4",NA,NA,NA,NA
"3100",421,"Transect count","All fish except Centracanthidae, Pomacentridae and sparid Boops boops",NA,NA,NA,NA,"Biomass","2 SE","NTZ","Carry-le-Rouet Marine Reserve","Yes","Scaled log(Biomass)","5",NA,NA,NA,NA
"3101",421,"Transect count","All fish except Centracanthidae, Pomacentridae and sparid Boops boops",NA,NA,NA,NA,"Biomass","2 SE","NTZ","Cabrera Marine Reserve","Buffer zone at 2235 m then open","Scaled log(Biomass)","1","-615","0.21","0.38","0.38"
"3102",421,"Transect count","All fish except Centracanthidae, Pomacentridae and sparid Boops boops",NA,NA,NA,NA,"Biomass","2 SE","NTZ","Cabrera Marine Reserve","Buffer zone at 2235 m then open","Scaled log(Biomass)","2","-181","0.32","0.32","0.32"
"3103",421,"Transect count","All fish except Centracanthidae, Pomacentridae and sparid Boops boops",NA,NA,NA,NA,"Biomass","2 SE","NTZ","Cabrera Marine Reserve","Buffer zone at 2235 m then open","Scaled log(Biomass)","3","132","0.41","0.33","0.33"
"3104",421,"Transect count","All fish except Centracanthidae, Pomacentridae and sparid Boops boops",NA,NA,NA,NA,"Biomass","2 SE","NTZ","Cabrera Marine Reserve","Buffer zone at 2235 m then open","Scaled log(Biomass)","4","460","0.41","0.43","0.43"
"3105",421,"Transect count","All fish except Centracanthidae, Pomacentridae and sparid Boops boops",NA,NA,NA,NA,"Biomass","2 SE","NTZ","Cabrera Marine Reserve","Buffer zone at 2235 m then open","Scaled log(Biomass)","5","1288","0.41","0.41","0.41"
"3106",421,"Transect count","All fish except Centracanthidae, Pomacentridae and sparid Boops boops",NA,NA,NA,NA,"Biomass","2 SE","NTZ","Cabrera Marine Reserve","Boundary at 2235 m then open","Scaled log(Biomass)","1","15526","-0.66","0.34","0.34"
"3107",421,"Transect count","All fish except Centracanthidae, Pomacentridae and sparid Boops boops",NA,NA,NA,NA,"Biomass","2 SE","NTZ","Cabrera Marine Reserve","Boundary at 2235 m then open","Scaled log(Biomass)","2","16071","-0.68","0.31","0.31"
"3108",421,"Transect count","All fish except Centracanthidae, Pomacentridae and sparid Boops boops",NA,NA,NA,NA,"Biomass","2 SE","NTZ","Cabrera Marine Reserve","Boundary at 2235 m then open","Scaled log(Biomass)","3","16511","-0.65","0.26","0.26"
"3109",421,"Transect count","All fish except Centracanthidae, Pomacentridae and sparid Boops boops",NA,NA,NA,NA,"Biomass","2 SE","NTZ","Cabrera Marine Reserve","Boundary at 2235 m then open","Scaled log(Biomass)","4","18220","-0.63","0.2","0.2"
"3110",421,"Transect count","All fish except Centracanthidae, Pomacentridae and sparid Boops boops",NA,NA,NA,NA,"Biomass","2 SE","NTZ","Cabrera Marine Reserve","Boundary at 2235 m then open","Scaled log(Biomass)","5","18594","-0.63","0.2","0.2"
"3111",421,"Transect count","All fish except Centracanthidae, Pomacentridae and sparid Boops boops",NA,NA,NA,NA,"Biomass","2 SE","NTZ","Cabrera Marine Reserve","Buffer zone at 2235 m then open","Scaled log(Biomass)","1","21455","-0.56","0.3","0.3"
"3112",421,"Transect count","All fish except Centracanthidae, Pomacentridae and sparid Boops boops",NA,NA,NA,NA,"Biomass","2 SE","NTZ","Cabrera Marine Reserve","Buffer zone at 2235 m then open","Scaled log(Biomass)","2","22008","-0.56","0.35","0.35"
"3113",421,"Transect count","All fish except Centracanthidae, Pomacentridae and sparid Boops boops",NA,NA,NA,NA,"Biomass","2 SE","NTZ","Cabrera Marine Reserve","Buffer zone at 2235 m then open","Scaled log(Biomass)","3","22494","-0.56","0.41","0.41"
"3114",421,"Transect count","All fish except Centracanthidae, Pomacentridae and sparid Boops boops",NA,NA,NA,NA,"Biomass","2 SE","NTZ","Cabrera Marine Reserve","Buffer zone at 2235 m then open","Scaled log(Biomass)","4",NA,NA,NA,NA
"3115",421,"Transect count","All fish except Centracanthidae, Pomacentridae and sparid Boops boops",NA,NA,NA,NA,"Biomass","2 SE","NTZ","Cabrera Marine Reserve","Buffer zone at 2235 m then open","Scaled log(Biomass)","5",NA,NA,NA,NA
"3116",421,"Transect count","All fish except Centracanthidae, Pomacentridae and sparid Boops boops",NA,NA,NA,NA,"Biomass","2 SE","NTZ","Medes Islands Marine Reserve","Buffer zone at 783 m then open","Scaled log(Biomass)","1","-1597","0.73","0.44","0.44"
"3117",421,"Transect count","All fish except Centracanthidae, Pomacentridae and sparid Boops boops",NA,NA,NA,NA,"Biomass","2 SE","NTZ","Medes Islands Marine Reserve","Buffer zone at 783 m then open","Scaled log(Biomass)","2","-1537","0.73","0.41","0.41"
"3118",421,"Transect count","All fish except Centracanthidae, Pomacentridae and sparid Boops boops",NA,NA,NA,NA,"Biomass","2 SE","NTZ","Medes Islands Marine Reserve","Buffer zone at 783 m then open","Scaled log(Biomass)","3","-1450","0.68","0.37","0.37"
"3119",421,"Transect count","All fish except Centracanthidae, Pomacentridae and sparid Boops boops",NA,NA,NA,NA,"Biomass","2 SE","NTZ","Medes Islands Marine Reserve","Buffer zone at 783 m then open","Scaled log(Biomass)","4","-1180","0.57","0.25","0.25"
"3120",421,"Transect count","All fish except Centracanthidae, Pomacentridae and sparid Boops boops",NA,NA,NA,NA,"Biomass","2 SE","NTZ","Medes Islands Marine Reserve","Buffer zone at 783 m then open","Scaled log(Biomass)","5","-1098","0.54","0.24","0.24"
"3121",421,"Transect count","All fish except Centracanthidae, Pomacentridae and sparid Boops boops",NA,NA,NA,NA,"Biomass","2 SE","NTZ","Medes Islands Marine Reserve","Buffer zone at 783 m then open","Scaled log(Biomass)","1","-937","0.46","0.27","0.27"
"3122",421,"Transect count","All fish except Centracanthidae, Pomacentridae and sparid Boops boops",NA,NA,NA,NA,"Biomass","2 SE","NTZ","Medes Islands Marine Reserve","Buffer zone at 783 m then open","Scaled log(Biomass)","2","-630","0.45","0.39","0.39"
"3123",421,"Transect count","All fish except Centracanthidae, Pomacentridae and sparid Boops boops",NA,NA,NA,NA,"Biomass","2 SE","NTZ","Medes Islands Marine Reserve","Buffer zone at 783 m then open","Scaled log(Biomass)","3","-561","0.39","0.47","0.47"
"3124",421,"Transect count","All fish except Centracanthidae, Pomacentridae and sparid Boops boops",NA,NA,NA,NA,"Biomass","2 SE","NTZ","Medes Islands Marine Reserve","Buffer zone at 783 m then open","Scaled log(Biomass)","4","290","-0.33","0.42","0.42"
"3125",421,"Transect count","All fish except Centracanthidae, Pomacentridae and sparid Boops boops",NA,NA,NA,NA,"Biomass","2 SE","NTZ","Medes Islands Marine Reserve","Buffer zone at 783 m then open","Scaled log(Biomass)","5","524","-0.51","0.36","0.36"
"3126",421,"Transect count","All fish except Centracanthidae, Pomacentridae and sparid Boops boops",NA,NA,NA,NA,"Biomass","2 SE","NTZ","Medes Islands Marine Reserve","Buffer zone at 783 m then open","Scaled log(Biomass)","1","643","-0.54","0.33","0.33"
"3127",421,"Transect count","All fish except Centracanthidae, Pomacentridae and sparid Boops boops",NA,NA,NA,NA,"Biomass","2 SE","NTZ","Medes Islands Marine Reserve","Buffer zone at 783 m then open","Scaled log(Biomass)","2","897","-0.53","0.29","0.29"
"3128",421,"Transect count","All fish except Centracanthidae, Pomacentridae and sparid Boops boops",NA,NA,NA,NA,"Biomass","2 SE","NTZ","Medes Islands Marine Reserve","Buffer zone at 783 m then open","Scaled log(Biomass)","3","1179","-0.51","0.28","0.28"
"3129",421,"Transect count","All fish except Centracanthidae, Pomacentridae and sparid Boops boops",NA,NA,NA,NA,"Biomass","2 SE","NTZ","Medes Islands Marine Reserve","Buffer zone at 783 m then open","Scaled log(Biomass)","4","1375","-0.47","0.31","0.31"
"3130",421,"Transect count","All fish except Centracanthidae, Pomacentridae and sparid Boops boops",NA,NA,NA,NA,"Biomass","2 SE","NTZ","Medes Islands Marine Reserve","Buffer zone at 783 m then open","Scaled log(Biomass)","5","1883","-0.35","0.38","0.38"
"3131",421,"Transect count","All fish except Centracanthidae, Pomacentridae and sparid Boops boops",NA,NA,NA,NA,"Biomass","2 SE","NTZ","Medes Islands Marine Reserve","Yes","Scaled log(Biomass)","1","2166","-0.35","0.37","0.37"
"3132",421,"Transect count","All fish except Centracanthidae, Pomacentridae and sparid Boops boops",NA,NA,NA,NA,"Biomass","2 SE","NTZ","Medes Islands Marine Reserve","Yes","Scaled log(Biomass)","2","2331","-0.34","0.31","0.31"
"3133",421,"Transect count","All fish except Centracanthidae, Pomacentridae and sparid Boops boops",NA,NA,NA,NA,"Biomass","2 SE","NTZ","Medes Islands Marine Reserve","Yes","Scaled log(Biomass)","3","2987","-0.37","0.41","0.41"
"3134",421,"Transect count","All fish except Centracanthidae, Pomacentridae and sparid Boops boops",NA,NA,NA,NA,"Biomass","2 SE","NTZ","Medes Islands Marine Reserve","Yes","Scaled log(Biomass)","4","3051","-0.31","0.42","0.42"
"3135",421,"Transect count","All fish except Centracanthidae, Pomacentridae and sparid Boops boops",NA,NA,NA,NA,"Biomass","2 SE","NTZ","Medes Islands Marine Reserve","Yes","Scaled log(Biomass)","5",NA,NA,NA,NA
"3136",421,"Transect count","All fish except Centracanthidae, Pomacentridae and sparid Boops boops",NA,NA,NA,NA,"Biomass","2 SE","NTZ","Tabarca Marine Reserve","Buffer zone at 850 m then open","Scaled log(Biomass)","1","-191","0.21","0.43","0.43"
"3137",421,"Transect count","All fish except Centracanthidae, Pomacentridae and sparid Boops boops",NA,NA,NA,NA,"Biomass","2 SE","NTZ","Tabarca Marine Reserve","Buffer zone at 850 m then open","Scaled log(Biomass)","2","-123","0.14","0.36","0.36"
"3138",421,"Transect count","All fish except Centracanthidae, Pomacentridae and sparid Boops boops",NA,NA,NA,NA,"Biomass","2 SE","NTZ","Tabarca Marine Reserve","Buffer zone at 850 m then open","Scaled log(Biomass)","3","22","0.02","0.22","0.22"
"3139",421,"Transect count","All fish except Centracanthidae, Pomacentridae and sparid Boops boops",NA,NA,NA,NA,"Biomass","2 SE","NTZ","Tabarca Marine Reserve","Buffer zone at 850 m then open","Scaled log(Biomass)","4","76","-0.02","0.22","0.22"
"3140",421,"Transect count","All fish except Centracanthidae, Pomacentridae and sparid Boops boops",NA,NA,NA,NA,"Biomass","2 SE","NTZ","Tabarca Marine Reserve","Buffer zone at 850 m then open","Scaled log(Biomass)","5","160","-0.1","0.23","0.23"
"3141",421,"Transect count","All fish except Centracanthidae, Pomacentridae and sparid Boops boops",NA,NA,NA,NA,"Biomass","2 SE","NTZ","Tabarca Marine Reserve","Buffer zone at 850 m then open","Scaled log(Biomass)","1","221","-0.12","0.33","0.33"
"3142",421,"Transect count","All fish except Centracanthidae, Pomacentridae and sparid Boops boops",NA,NA,NA,NA,"Biomass","2 SE","NTZ","Tabarca Marine Reserve","Buffer zone at 850 m then open","Scaled log(Biomass)","2","258","-0.04","0.36","0.36"
"3143",421,"Transect count","All fish except Centracanthidae, Pomacentridae and sparid Boops boops",NA,NA,NA,NA,"Biomass","2 SE","NTZ","Tabarca Marine Reserve","Buffer zone at 850 m then open","Scaled log(Biomass)","3","612","0.75","0.35","0.35"
"3144",421,"Transect count","All fish except Centracanthidae, Pomacentridae and sparid Boops boops",NA,NA,NA,NA,"Biomass","2 SE","NTZ","Tabarca Marine Reserve","Buffer zone at 850 m then open","Scaled log(Biomass)","4","642","0.77","0.37","0.37"
"3145",421,"Transect count","All fish except Centracanthidae, Pomacentridae and sparid Boops boops",NA,NA,NA,NA,"Biomass","2 SE","NTZ","Tabarca Marine Reserve","Buffer zone at 850 m then open","Scaled log(Biomass)","5","724","0.78","0.37","0.37"
"3146",421,"Transect count","All fish except Centracanthidae, Pomacentridae and sparid Boops boops",NA,NA,NA,NA,"Biomass","2 SE","NTZ","Tabarca Marine Reserve","Buffer zone at 850 m then open","Scaled log(Biomass)","1","1039","0.57","0.39","0.39"
"3147",421,"Transect count","All fish except Centracanthidae, Pomacentridae and sparid Boops boops",NA,NA,NA,NA,"Biomass","2 SE","NTZ","Tabarca Marine Reserve","Buffer zone at 850 m then open","Scaled log(Biomass)","2","1135","0.49","0.46","0.46"
"3148",421,"Transect count","All fish except Centracanthidae, Pomacentridae and sparid Boops boops",NA,NA,NA,NA,"Biomass","2 SE","NTZ","Tabarca Marine Reserve","Buffer zone at 850 m then open","Scaled log(Biomass)","3","1780","-0.14","0.37","0.37"
"3149",421,"Transect count","All fish except Centracanthidae, Pomacentridae and sparid Boops boops",NA,NA,NA,NA,"Biomass","2 SE","NTZ","Tabarca Marine Reserve","Buffer zone at 850 m then open","Scaled log(Biomass)","4","1879","-0.24","0.32","0.32"
"3150",421,"Transect count","All fish except Centracanthidae, Pomacentridae and sparid Boops boops",NA,NA,NA,NA,"Biomass","2 SE","NTZ","Tabarca Marine Reserve","Buffer zone at 850 m then open","Scaled log(Biomass)","5","2773","-1.17","0.4","0.4"
"3151",421,"Transect count","Everything except Centracanthidae, Pomacentridae and sparid Boops boops",NA,NA,NA,NA,"Biomass","2 SE","NTZ","Tabarca Marine Reserve","Buffer zone at 800 m then open","Scaled log(Biomass)","1","-208","-0.03","0.05","0.05"
"3152",421,"Transect count","Everything except Centracanthidae, Pomacentridae and sparid Boops boops",NA,NA,NA,NA,"Biomass","2 SE","NTZ","Tabarca Marine Reserve","Buffer zone at 800 m then open","Scaled log(Biomass)","2","-130","-0.02","0.05","0.05"
"3153",421,"Transect count","Everything except Centracanthidae, Pomacentridae and sparid Boops boops",NA,NA,NA,NA,"Biomass","2 SE","NTZ","Tabarca Marine Reserve","Buffer zone at 800 m then open","Scaled log(Biomass)","3","-54","-0.01","0.05","0.05"
"3154",421,"Transect count","Everything except Centracanthidae, Pomacentridae and sparid Boops boops",NA,NA,NA,NA,"Biomass","2 SE","NTZ","Tabarca Marine Reserve","Buffer zone at 800 m then open","Scaled log(Biomass)","4","20","-0.01","0.06","0.06"
"3155",421,"Transect count","Everything except Centracanthidae, Pomacentridae and sparid Boops boops",NA,NA,NA,NA,"Biomass","2 SE","NTZ","Tabarca Marine Reserve","Buffer zone at 800 m then open","Scaled log(Biomass)","5","434","0.02","0.05","0.05"
"3156",421,"Transect count","Everything except Centracanthidae, Pomacentridae and sparid Boops boops",NA,NA,NA,NA,"Biomass","2 SE","NTZ","Tabarca Marine Reserve","Buffer zone at 800 m then open","Scaled log(Biomass)","1","550","0.03","0.05","0.05"
"3157",421,"Transect count","Everything except Centracanthidae, Pomacentridae and sparid Boops boops",NA,NA,NA,NA,"Biomass","2 SE","NTZ","Tabarca Marine Reserve","Buffer zone at 800 m then open","Scaled log(Biomass)","2","931","0.03","0.05","0.05"
"3158",421,"Transect count","Everything except Centracanthidae, Pomacentridae and sparid Boops boops",NA,NA,NA,NA,"Biomass","2 SE","NTZ","Tabarca Marine Reserve","Buffer zone at 800 m then open","Scaled log(Biomass)","3","2236","0.01","0.05","0.05"
"3159",421,"Transect count","Everything except Centracanthidae, Pomacentridae and sparid Boops boops",NA,NA,NA,NA,"Biomass","2 SE","NTZ","Tabarca Marine Reserve","Buffer zone at 800 m then open","Scaled log(Biomass)","4","2366","0","0.05","0.05"
"3160",421,"Transect count","Everything except Centracanthidae, Pomacentridae and sparid Boops boops",NA,NA,NA,NA,"Biomass","2 SE","NTZ","Tabarca Marine Reserve","Buffer zone at 800 m then open","Scaled log(Biomass)","5","6069","-0.04","0.05","0.05"
"3161",421,"Transect count","Everything except Centracanthidae, Pomacentridae and sparid Boops boops",NA,NA,NA,NA,"Biomass","2 SE","NTZ","Tabarca Marine Reserve","Buffer zone at 800 m then open","Scaled log(Biomass)","1","6165","-0.05","0.05","0.05"
"3162",421,"Transect count","Everything except Centracanthidae, Pomacentridae and sparid Boops boops",NA,NA,NA,NA,"Biomass","2 SE","NTZ","Tabarca Marine Reserve","Buffer zone at 800 m then open","Scaled log(Biomass)","2","6254","-0.05","0.05","0.05"
"3163",421,"Transect count","Everything except Centracanthidae, Pomacentridae and sparid Boops boops",NA,NA,NA,NA,"Biomass","2 SE","NTZ","Tabarca Marine Reserve","Buffer zone at 800 m then open","Scaled log(Biomass)","3",NA,NA,NA,NA
"3164",421,"Transect count","Everything except Centracanthidae, Pomacentridae and sparid Boops boops",NA,NA,NA,NA,"Biomass","2 SE","NTZ","Tabarca Marine Reserve","Buffer zone at 800 m then open","Scaled log(Biomass)","4",NA,NA,NA,NA
"3165",421,"Transect count","Everything except Centracanthidae, Pomacentridae and sparid Boops boops",NA,NA,NA,NA,"Biomass","2 SE","NTZ","Tabarca Marine Reserve","Buffer zone at 800 m then open","Scaled log(Biomass)","5",NA,NA,NA,NA
"3166",791,"Catch","Individual species","Palinuridae","Panulirus","Panulirus interruptus",NA,"Catch (numbers or weight)","Standard error","NTZ","Santa Barbara Channel Islands marine reserve network ","Yes","number of legal lobsters/trap","1","0","0.91","0.93",NA
"3167",791,"Catch","Individual species","Palinuridae","Panulirus","Panulirus interruptus",NA,"Catch (numbers or weight)","Standard error","NTZ","Santa Barbara Channel Islands marine reserve network ","Yes","number of legal lobsters/trap","2","immediately adjacent to reserve boundary","0.91","0.93",NA
"3168",791,"Catch","Individual species","Palinuridae","Panulirus","Panulirus interruptus",NA,"Catch (numbers or weight)","Standard error","NTZ","Santa Barbara Channel Islands marine reserve network ","Yes","number of legal lobsters/trap","3","~2000-6000","0.67","0.74",NA
"3169",791,"Catch","Individual species","Palinuridae","Panulirus","Panulirus interruptus",NA,"Catch (numbers or weight)","Standard error","NTZ","Santa Barbara Channel Islands marine reserve network ","Yes","number of legal lobsters/trap","4",NA,NA,NA,NA
"3170",791,"Catch","Individual species","Palinuridae","Panulirus","Panulirus interruptus",NA,"Catch (numbers or weight)","Standard error","NTZ","Santa Barbara Channel Islands marine reserve network ","Yes","number of legal lobsters/trap","5",NA,NA,NA,NA
"3171",791,"Catch","Individual species","Palinuridae","Panulirus","Panulirus interruptus",NA,"Catch (numbers or weight)","Standard error","NTZ","Santa Barbara Channel Islands marine reserve network","Yes","number of legal lobsters/trap","1","0","6.76","8.23",NA
"3172",791,"Catch","Individual species","Palinuridae","Panulirus","Panulirus interruptus",NA,"Catch (numbers or weight)","Standard error","NTZ","Santa Barbara Channel Islands marine reserve network","Yes","number of legal lobsters/trap","2","immediately adjacent to reserve boundary","1.2","1.45",NA
"3173",791,"Catch","Individual species","Palinuridae","Panulirus","Panulirus interruptus",NA,"Catch (numbers or weight)","Standard error","NTZ","Santa Barbara Channel Islands marine reserve network","Yes","number of legal lobsters/trap","3","~2000-6000","1.6","1.94",NA
"3174",791,"Catch","Individual species","Palinuridae","Panulirus","Panulirus interruptus",NA,"Catch (numbers or weight)","Standard error","NTZ","Santa Barbara Channel Islands marine reserve network","Yes","number of legal lobsters/trap","4",NA,NA,NA,NA
"3175",791,"Catch","Individual species","Palinuridae","Panulirus","Panulirus interruptus",NA,"Catch (numbers or weight)","Standard error","NTZ","Santa Barbara Channel Islands marine reserve network","Yes","number of legal lobsters/trap","5",NA,NA,NA,NA
"3176",791,"Catch","Individual species","Palinuridae","Panulirus","Panulirus interruptus",NA,"Catch (numbers or weight)","Standard error","NTZ","Santa Barbara Channel Islands marine reserve network","Yes","number/m2","1","0","0.023","0.029",NA
"3177",791,"Catch","Individual species","Palinuridae","Panulirus","Panulirus interruptus",NA,"Catch (numbers or weight)","Standard error","NTZ","Santa Barbara Channel Islands marine reserve network","Yes","number/m2","2","immediately adjacent to reserve boundary","0.005","0.007",NA
"3178",791,"Catch","Individual species","Palinuridae","Panulirus","Panulirus interruptus",NA,"Catch (numbers or weight)","Standard error","NTZ","Santa Barbara Channel Islands marine reserve network","Yes","number/m2","3","~2000-6000","0.004","0.005",NA
"3179",791,"Catch","Individual species","Palinuridae","Panulirus","Panulirus interruptus",NA,"Catch (numbers or weight)","Standard error","NTZ","Santa Barbara Channel Islands marine reserve network","Yes","number/m2","4",NA,NA,NA,NA
"3180",791,"Catch","Individual species","Palinuridae","Panulirus","Panulirus interruptus",NA,"Catch (numbers or weight)","Standard error","NTZ","Santa Barbara Channel Islands marine reserve network","Yes","number/m2","5",NA,NA,NA,NA
"3181",778,"Transect count","Functional group",NA,NA,NA,"large predatory reef fish","Density","Standard error","NTZ","Apo Island Marine Reserve","Yes","mean number / 1000 m-2","1","200-300","0.253","0.479",NA
"3182",778,"Transect count","Functional group",NA,NA,NA,"large predatory reef fish","Density","Standard error","NTZ","Apo Island Marine Reserve","Yes","mean number / 1000 m-2","2","300-400","0.253","0.466",NA
"3183",778,"Transect count","Functional group",NA,NA,NA,"large predatory reef fish","Density","Standard error","NTZ","Apo Island Marine Reserve","Yes","mean number / 1000 m-2","3","400-500","0.5","0.801",NA
"3184",778,"Transect count","Functional group",NA,NA,NA,"large predatory reef fish","Density","Standard error","NTZ","Apo Island Marine Reserve","Yes","mean number / 1000 m-2","4",NA,NA,NA,NA
"3185",778,"Transect count","Functional group",NA,NA,NA,"large predatory reef fish","Density","Standard error","NTZ","Apo Island Marine Reserve","Yes","mean number / 1000 m-2","5",NA,NA,NA,NA
"3186",778,"Transect count","Functional group",NA,NA,NA,"large predatory reef fish","Density","Standard error","NTZ","Apo Island Marine Reserve","Yes","mean number / 1000 m-2","1","200-300","2.329","3.007",NA
"3187",778,"Transect count","Functional group",NA,NA,NA,"large predatory reef fish","Density","Standard error","NTZ","Apo Island Marine Reserve","Yes","mean number / 1000 m-2","2","300-400","0.829","1.144",NA
"3188",778,"Transect count","Functional group",NA,NA,NA,"large predatory reef fish","Density","Standard error","NTZ","Apo Island Marine Reserve","Yes","mean number / 1000 m-2","3","400-500","0.836","1.315",NA
"3189",778,"Transect count","Functional group",NA,NA,NA,"large predatory reef fish","Density","Standard error","NTZ","Apo Island Marine Reserve","Yes","mean number / 1000 m-2","4",NA,NA,NA,NA
"3190",778,"Transect count","Functional group",NA,NA,NA,"large predatory reef fish","Density","Standard error","NTZ","Apo Island Marine Reserve","Yes","mean number / 1000 m-2","5",NA,NA,NA,NA
