paper.id,comments,method,sample.unit,family,genus,species,functional.group,metric,ci.type,zone.type,mpa.name,outside.open,metric.units,result.index,time.point,result,upper.ci,lower.ci,significant,full.name,spillover.distance
35,Blocks that included reserves,Catch,Individual species,Palinuridae,Panulirus,interruptus,NA,Catch (numbers or weight),NA,NTZ,Marine Life Protection Act reserve network,Yes,Kg,1,1998,92000,NA,NA,Yes,Panulirus interruptus,
35,Blocks that included reserves,Catch,Individual species,Palinuridae,Panulirus,interruptus,NA,Catch (numbers or weight),NA,NTZ,Marine Life Protection Act reserve network,Yes,Kg,2,1999,63000,NA,NA,Yes,Panulirus interruptus,
35,Blocks that included reserves,Catch,Individual species,Palinuridae,Panulirus,interruptus,NA,Catch (numbers or weight),NA,NTZ,Marine Life Protection Act reserve network,Yes,Kg,3,2000,117000,NA,NA,Yes,Panulirus interruptus,
35,Blocks that included reserves,Catch,Individual species,Palinuridae,Panulirus,interruptus,NA,Catch (numbers or weight),NA,NTZ,Marine Life Protection Act reserve network,Yes,Kg,4,2001,96000,NA,NA,Yes,Panulirus interruptus,
35,Blocks that included reserves,Catch,Individual species,Palinuridae,Panulirus,interruptus,NA,Catch (numbers or weight),NA,NTZ,Marine Life Protection Act reserve network,Yes,Kg,5,2002,94000,NA,NA,Yes,Panulirus interruptus,
35,Catch from blocks with reserves,Catch,Individual species,Palinuridae,Panulirus,interruptus,NA,Catch (numbers or weight),NA,NTZ,Marine Life Protection Act reserve network,Yes,Kg,1,2003,107000,NA,NA,Yes,Panulirus interruptus,
35,Catch from blocks with reserves,Catch,Individual species,Palinuridae,Panulirus,interruptus,NA,Catch (numbers or weight),NA,NTZ,Marine Life Protection Act reserve network,Yes,Kg,2,2004,168000,NA,NA,Yes,Panulirus interruptus,
35,Catch from blocks with reserves,Catch,Individual species,Palinuridae,Panulirus,interruptus,NA,Catch (numbers or weight),NA,NTZ,Marine Life Protection Act reserve network,Yes,Kg,3,2005,116000,NA,NA,Yes,Panulirus interruptus,
35,Catch from blocks with reserves,Catch,Individual species,Palinuridae,Panulirus,interruptus,NA,Catch (numbers or weight),NA,NTZ,Marine Life Protection Act reserve network,Yes,Kg,4,2006,157000,NA,NA,Yes,Panulirus interruptus,
35,Catch from blocks with reserves,Catch,Individual species,Palinuridae,Panulirus,interruptus,NA,Catch (numbers or weight),NA,NTZ,Marine Life Protection Act reserve network,Yes,Kg,5,2007,114000,NA,NA,Yes,Panulirus interruptus,
35,Catch from blocks with reserves,Catch,Individual species,Palinuridae,Panulirus,interruptus,NA,Catch (numbers or weight),NA,NTZ,Marine Life Protection Act reserve network,Yes,Kg,1,2008,118000,NA,NA,Yes,Panulirus interruptus,
35,Catch from blocks with reserves,Catch,Individual species,Palinuridae,Panulirus,interruptus,NA,Catch (numbers or weight),NA,NTZ,Marine Life Protection Act reserve network,Yes,Kg,2,2009,116000,NA,NA,Yes,Panulirus interruptus,
35,Catch from blocks with reserves,Catch,Individual species,Palinuridae,Panulirus,interruptus,NA,Catch (numbers or weight),NA,NTZ,Marine Life Protection Act reserve network,Yes,Kg,3,2010,116000,NA,NA,Yes,Panulirus interruptus,
35,Catch from blocks with reserves,Catch,Individual species,Palinuridae,Panulirus,interruptus,NA,Catch (numbers or weight),NA,NTZ,Marine Life Protection Act reserve network,Yes,Kg,4,2011,117500,NA,NA,Yes,Panulirus interruptus,
35,Catch from blocks with reserves,Catch,Individual species,Palinuridae,Panulirus,interruptus,NA,Catch (numbers or weight),NA,NTZ,Marine Life Protection Act reserve network,Yes,Kg,5,2012,95000,NA,NA,Yes,Panulirus interruptus,
35,Catch from blocks with reserves,Catch,Individual species,Palinuridae,Panulirus,interruptus,NA,Catch (numbers or weight),NA,NTZ,Marine Life Protection Act reserve network,Yes,Kg,1,2013,137000,NA,NA,Yes,Panulirus interruptus,
35,Catch from blocks with reserves,Catch,Individual species,Palinuridae,Panulirus,interruptus,NA,Catch (numbers or weight),NA,NTZ,Marine Life Protection Act reserve network,Yes,Kg,2,2014,135000,NA,NA,Yes,Panulirus interruptus,
35,Catch from blocks with reserves,Catch,Individual species,Palinuridae,Panulirus,interruptus,NA,Catch (numbers or weight),NA,NTZ,Marine Life Protection Act reserve network,Yes,Kg,3,2015,1.00E+05,NA,NA,Yes,Panulirus interruptus,
35,Catch from blocks with reserves,Catch,Individual species,Palinuridae,Panulirus,interruptus,NA,Catch (numbers or weight),NA,NTZ,Marine Life Protection Act reserve network,Yes,Kg,4,2016,90000,NA,NA,Yes,Panulirus interruptus,
35,Catch from blocks with reserves,Catch,Individual species,Palinuridae,Panulirus,interruptus,NA,Catch (numbers or weight),NA,NTZ,Marine Life Protection Act reserve network,Yes,Kg,5,2017,95000,NA,NA,Yes,Panulirus interruptus,
35,Catch from blocks with reserves,Catch,Individual species,Palinuridae,Panulirus,interruptus,NA,Catch (numbers or weight),NA,NTZ,Marine Life Protection Act reserve network,Yes,Kg,1,2018,105000,NA,NA,Yes,Panulirus interruptus,
35,Catch from blocks with reserves,Catch,Individual species,Palinuridae,Panulirus,interruptus,NA,Catch (numbers or weight),NA,NTZ,Marine Life Protection Act reserve network,Yes,Kg,2,2019,80000,NA,NA,Yes,Panulirus interruptus,
35,Catch from blocks with reserves,Catch,Individual species,Palinuridae,Panulirus,interruptus,NA,Catch (numbers or weight),NA,NTZ,Marine Life Protection Act reserve network,Yes,Kg,3,2020,102000,NA,NA,Yes,Panulirus interruptus,
35,Catch from blocks with reserves,Catch,Individual species,Palinuridae,Panulirus,interruptus,NA,Catch (numbers or weight),NA,NTZ,Marine Life Protection Act reserve network,Yes,Kg,4,NA,NA,NA,NA,Yes,Panulirus interruptus,
35,Catch from blocks with reserves,Catch,Individual species,Palinuridae,Panulirus,interruptus,NA,Catch (numbers or weight),NA,NTZ,Marine Life Protection Act reserve network,Yes,Kg,5,NA,NA,NA,NA,Yes,Panulirus interruptus,
35,Catch from blocks without reserves,Catch,Individual species,Palinuridae,Panulirus,interruptus,NA,Catch (numbers or weight),NA,NTZ,Marine Life Protection Act reserve network,Yes,Kg,1,1998,70000,NA,NA,Yes,Panulirus interruptus,
35,Catch from blocks without reserves,Catch,Individual species,Palinuridae,Panulirus,interruptus,NA,Catch (numbers or weight),NA,NTZ,Marine Life Protection Act reserve network,Yes,Kg,2,1999,62000,NA,NA,Yes,Panulirus interruptus,
35,Catch from blocks without reserves,Catch,Individual species,Palinuridae,Panulirus,interruptus,NA,Catch (numbers or weight),NA,NTZ,Marine Life Protection Act reserve network,Yes,Kg,3,2000,80000,NA,NA,Yes,Panulirus interruptus,
35,Catch from blocks without reserves,Catch,Individual species,Palinuridae,Panulirus,interruptus,NA,Catch (numbers or weight),NA,NTZ,Marine Life Protection Act reserve network,Yes,Kg,4,2001,68000,NA,NA,Yes,Panulirus interruptus,
35,Catch from blocks without reserves,Catch,Individual species,Palinuridae,Panulirus,interruptus,NA,Catch (numbers or weight),NA,NTZ,Marine Life Protection Act reserve network,Yes,Kg,5,2002,72000,NA,NA,Yes,Panulirus interruptus,
35,Catch from blocks with no reserves,Catch,Individual species,Palinuridae,Panulirus,interruptus,NA,Catch (numbers or weight),NA,NTZ,Marine Life Protection Act reserve network,Yes,Kg,1,2003,75000,NA,NA,Yes,Panulirus interruptus,
35,Catch from blocks with no reserves,Catch,Individual species,Palinuridae,Panulirus,interruptus,NA,Catch (numbers or weight),NA,NTZ,Marine Life Protection Act reserve network,Yes,Kg,2,2004,109000,NA,NA,Yes,Panulirus interruptus,
35,Catch from blocks with no reserves,Catch,Individual species,Palinuridae,Panulirus,interruptus,NA,Catch (numbers or weight),NA,NTZ,Marine Life Protection Act reserve network,Yes,Kg,3,2005,73000,NA,NA,Yes,Panulirus interruptus,
35,Catch from blocks with no reserves,Catch,Individual species,Palinuridae,Panulirus,interruptus,NA,Catch (numbers or weight),NA,NTZ,Marine Life Protection Act reserve network,Yes,Kg,4,2006,73000,NA,NA,Yes,Panulirus interruptus,
35,Catch from blocks with no reserves,Catch,Individual species,Palinuridae,Panulirus,interruptus,NA,Catch (numbers or weight),NA,NTZ,Marine Life Protection Act reserve network,Yes,Kg,5,2007,80000,NA,NA,Yes,Panulirus interruptus,
35,Catch from blocks without reserves,Catch,Individual species,Palinuridae,Panulirus,interruptus,NA,Catch (numbers or weight),NA,NTZ,Marine Life Protection Act reserve network,Yes,Kg,1,2008,91000,NA,NA,Yes,Panulirus interruptus,
35,Catch from blocks without reserves,Catch,Individual species,Palinuridae,Panulirus,interruptus,NA,Catch (numbers or weight),NA,NTZ,Marine Life Protection Act reserve network,Yes,Kg,2,2009,90000,NA,NA,Yes,Panulirus interruptus,
35,Catch from blocks without reserves,Catch,Individual species,Palinuridae,Panulirus,interruptus,NA,Catch (numbers or weight),NA,NTZ,Marine Life Protection Act reserve network,Yes,Kg,3,2010,71000,NA,NA,Yes,Panulirus interruptus,
35,Catch from blocks without reserves,Catch,Individual species,Palinuridae,Panulirus,interruptus,NA,Catch (numbers or weight),NA,NTZ,Marine Life Protection Act reserve network,Yes,Kg,4,2011,85000,NA,NA,Yes,Panulirus interruptus,
35,Catch from blocks without reserves,Catch,Individual species,Palinuridae,Panulirus,interruptus,NA,Catch (numbers or weight),NA,NTZ,Marine Life Protection Act reserve network,Yes,Kg,5,2012,103000,NA,NA,Yes,Panulirus interruptus,
35,Catch from blocks without reserves,Catch,Individual species,Palinuridae,Panulirus,interruptus,NA,Catch (numbers or weight),NA,NTZ,Marine Life Protection Act reserve network,Yes,Kg,1,2013,120000,NA,NA,Yes,Panulirus interruptus,
35,Catch from blocks without reserves,Catch,Individual species,Palinuridae,Panulirus,interruptus,NA,Catch (numbers or weight),NA,NTZ,Marine Life Protection Act reserve network,Yes,Kg,2,2014,120000,NA,NA,Yes,Panulirus interruptus,
35,Catch from blocks without reserves,Catch,Individual species,Palinuridae,Panulirus,interruptus,NA,Catch (numbers or weight),NA,NTZ,Marine Life Protection Act reserve network,Yes,Kg,3,2015,85000,NA,NA,Yes,Panulirus interruptus,
35,Catch from blocks without reserves,Catch,Individual species,Palinuridae,Panulirus,interruptus,NA,Catch (numbers or weight),NA,NTZ,Marine Life Protection Act reserve network,Yes,Kg,4,2016,62000,NA,NA,Yes,Panulirus interruptus,
35,Catch from blocks without reserves,Catch,Individual species,Palinuridae,Panulirus,interruptus,NA,Catch (numbers or weight),NA,NTZ,Marine Life Protection Act reserve network,Yes,Kg,5,2017,107000,NA,NA,Yes,Panulirus interruptus,
35,Catch from blocks without reserves,Catch,Individual species,Palinuridae,Panulirus,interruptus,NA,Catch (numbers or weight),NA,NTZ,Marine Life Protection Act reserve network,Yes,Kg,1,2018,112000,NA,NA,Yes,Panulirus interruptus,
35,Catch from blocks without reserves,Catch,Individual species,Palinuridae,Panulirus,interruptus,NA,Catch (numbers or weight),NA,NTZ,Marine Life Protection Act reserve network,Yes,Kg,2,2019,88000,NA,NA,Yes,Panulirus interruptus,
35,Catch from blocks without reserves,Catch,Individual species,Palinuridae,Panulirus,interruptus,NA,Catch (numbers or weight),NA,NTZ,Marine Life Protection Act reserve network,Yes,Kg,3,2020,75000,NA,NA,Yes,Panulirus interruptus,
35,Catch from blocks without reserves,Catch,Individual species,Palinuridae,Panulirus,interruptus,NA,Catch (numbers or weight),NA,NTZ,Marine Life Protection Act reserve network,Yes,Kg,4,NA,NA,NA,NA,Yes,Panulirus interruptus,
35,Catch from blocks without reserves,Catch,Individual species,Palinuridae,Panulirus,interruptus,NA,Catch (numbers or weight),NA,NTZ,Marine Life Protection Act reserve network,Yes,Kg,5,NA,NA,NA,NA,Yes,Panulirus interruptus,
35,Effort in blocks with reserves,Catch,Individual species,Palinuridae,Panulirus,interruptus,NA,Effort,NA,NTZ,Marine Life Protection Act reserve network,Yes,Trap pulls,1,1998,31500,NA,NA,Yes,Panulirus interruptus,
35,Effort in blocks with reserves,Catch,Individual species,Palinuridae,Panulirus,interruptus,NA,Effort,NA,NTZ,Marine Life Protection Act reserve network,Yes,Trap pulls,2,1999,270000,NA,NA,Yes,Panulirus interruptus,
35,Effort in blocks with reserves,Catch,Individual species,Palinuridae,Panulirus,interruptus,NA,Effort,NA,NTZ,Marine Life Protection Act reserve network,Yes,Trap pulls,3,2000,280000,NA,NA,Yes,Panulirus interruptus,
35,Effort in blocks with reserves,Catch,Individual species,Palinuridae,Panulirus,interruptus,NA,Effort,NA,NTZ,Marine Life Protection Act reserve network,Yes,Trap pulls,4,2001,275000,NA,NA,Yes,Panulirus interruptus,
35,Effort in blocks with reserves,Catch,Individual species,Palinuridae,Panulirus,interruptus,NA,Effort,NA,NTZ,Marine Life Protection Act reserve network,Yes,Trap pulls,5,2002,280000,NA,NA,Yes,Panulirus interruptus,
35,Effort from blocks with reserves,Catch,Individual species,Palinuridae,Panulirus,interruptus,NA,Effort,NA,NTZ,Marine Life Protection Act reserve network,Yes,Trap pulls,1,2003,325000,NA,NA,Yes,Panulirus interruptus,
35,Effort from blocks with reserves,Catch,Individual species,Palinuridae,Panulirus,interruptus,NA,Effort,NA,NTZ,Marine Life Protection Act reserve network,Yes,Trap pulls,2,2004,323000,NA,NA,Yes,Panulirus interruptus,
35,Effort from blocks with reserves,Catch,Individual species,Palinuridae,Panulirus,interruptus,NA,Effort,NA,NTZ,Marine Life Protection Act reserve network,Yes,Trap pulls,3,2005,278000,NA,NA,Yes,Panulirus interruptus,
35,Effort from blocks with reserves,Catch,Individual species,Palinuridae,Panulirus,interruptus,NA,Effort,NA,NTZ,Marine Life Protection Act reserve network,Yes,Trap pulls,4,2006,323000,NA,NA,Yes,Panulirus interruptus,
35,Effort from blocks with reserves,Catch,Individual species,Palinuridae,Panulirus,interruptus,NA,Effort,NA,NTZ,Marine Life Protection Act reserve network,Yes,Trap pulls,5,2007,309000,NA,NA,Yes,Panulirus interruptus,
35,Effort in blocks with reserves,Catch,Individual species,Palinuridae,Panulirus,interruptus,NA,Effort,NA,NTZ,Marine Life Protection Act reserve network,Yes,Trap pulls,1,2008,330000,NA,NA,Yes,Panulirus interruptus,
35,Effort in blocks with reserves,Catch,Individual species,Palinuridae,Panulirus,interruptus,NA,Effort,NA,NTZ,Marine Life Protection Act reserve network,Yes,Trap pulls,2,2009,325000,NA,NA,Yes,Panulirus interruptus,
35,Effort in blocks with reserves,Catch,Individual species,Palinuridae,Panulirus,interruptus,NA,Effort,NA,NTZ,Marine Life Protection Act reserve network,Yes,Trap pulls,3,2010,372000,NA,NA,Yes,Panulirus interruptus,
35,Effort in blocks with reserves,Catch,Individual species,Palinuridae,Panulirus,interruptus,NA,Effort,NA,NTZ,Marine Life Protection Act reserve network,Yes,Trap pulls,4,2011,413000,NA,NA,Yes,Panulirus interruptus,
35,Effort in blocks with reserves,Catch,Individual species,Palinuridae,Panulirus,interruptus,NA,Effort,NA,NTZ,Marine Life Protection Act reserve network,Yes,Trap pulls,5,2012,340000,NA,NA,Yes,Panulirus interruptus,
35,Effort in blocks with reserves,Catch,Individual species,Palinuridae,Panulirus,interruptus,NA,Effort,NA,NTZ,Marine Life Protection Act reserve network,Yes,Trap pulls,1,2013,363000,NA,NA,Yes,Panulirus interruptus,
35,Effort in blocks with reserves,Catch,Individual species,Palinuridae,Panulirus,interruptus,NA,Effort,NA,NTZ,Marine Life Protection Act reserve network,Yes,Trap pulls,2,2014,375000,NA,NA,Yes,Panulirus interruptus,
35,Effort in blocks with reserves,Catch,Individual species,Palinuridae,Panulirus,interruptus,NA,Effort,NA,NTZ,Marine Life Protection Act reserve network,Yes,Trap pulls,3,2015,325000,NA,NA,Yes,Panulirus interruptus,
35,Effort in blocks with reserves,Catch,Individual species,Palinuridae,Panulirus,interruptus,NA,Effort,NA,NTZ,Marine Life Protection Act reserve network,Yes,Trap pulls,4,2016,300000,NA,NA,Yes,Panulirus interruptus,
35,Effort in blocks with reserves,Catch,Individual species,Palinuridae,Panulirus,interruptus,NA,Effort,NA,NTZ,Marine Life Protection Act reserve network,Yes,Trap pulls,5,2017,273000,NA,NA,Yes,Panulirus interruptus,
35,Effort in blocks with reserves,Catch,Individual species,Palinuridae,Panulirus,interruptus,NA,Effort,NA,NTZ,Marine Life Protection Act reserve network,Yes,Trap Pulls,1,2018,230000,NA,NA,Yes,Panulirus interruptus,
35,Effort in blocks with reserves,Catch,Individual species,Palinuridae,Panulirus,interruptus,NA,Effort,NA,NTZ,Marine Life Protection Act reserve network,Yes,Trap Pulls,2,2019,250000,NA,NA,Yes,Panulirus interruptus,
35,Effort in blocks with reserves,Catch,Individual species,Palinuridae,Panulirus,interruptus,NA,Effort,NA,NTZ,Marine Life Protection Act reserve network,Yes,Trap Pulls,3,2020,230000,NA,NA,Yes,Panulirus interruptus,
35,Effort in blocks with reserves,Catch,Individual species,Palinuridae,Panulirus,interruptus,NA,Effort,NA,NTZ,Marine Life Protection Act reserve network,Yes,Trap Pulls,4,NA,NA,NA,NA,Yes,Panulirus interruptus,
35,Effort in blocks with reserves,Catch,Individual species,Palinuridae,Panulirus,interruptus,NA,Effort,NA,NTZ,Marine Life Protection Act reserve network,Yes,Trap Pulls,5,NA,NA,NA,NA,Yes,Panulirus interruptus,
35,Catch in blocks without a reserve,Catch,Individual species,Palinuridae,Panulirus,interruptus,NA,Effort,NA,NTZ,Marine Life Protection Act reserve network,Yes,Kg,1,1998,270000,NA,NA,Yes,Panulirus interruptus,
35,Catch in blocks without a reserve,Catch,Individual species,Palinuridae,Panulirus,interruptus,NA,Effort,NA,NTZ,Marine Life Protection Act reserve network,Yes,Kg,2,1999,255000,NA,NA,Yes,Panulirus interruptus,
35,Catch in blocks without a reserve,Catch,Individual species,Palinuridae,Panulirus,interruptus,NA,Effort,NA,NTZ,Marine Life Protection Act reserve network,Yes,Kg,3,2000,249000,NA,NA,Yes,Panulirus interruptus,
35,Catch in blocks without a reserve,Catch,Individual species,Palinuridae,Panulirus,interruptus,NA,Effort,NA,NTZ,Marine Life Protection Act reserve network,Yes,Kg,4,2001,230000,NA,NA,Yes,Panulirus interruptus,
35,Catch in blocks without a reserve,Catch,Individual species,Palinuridae,Panulirus,interruptus,NA,Effort,NA,NTZ,Marine Life Protection Act reserve network,Yes,Kg,5,2002,237000,NA,NA,Yes,Panulirus interruptus,
35,Effort in blocks without a reserve,Catch,Individual species,Palinuridae,Panulirus,interruptus,NA,Effort,NA,NTZ,Marine Life Protection Act reserve network,Yes,Trap pulls,1,2003,230000,NA,NA,Yes,Panulirus interruptus,
35,Effort in blocks without a reserve,Catch,Individual species,Palinuridae,Panulirus,interruptus,NA,Effort,NA,NTZ,Marine Life Protection Act reserve network,Yes,Trap pulls,2,2004,220000,NA,NA,Yes,Panulirus interruptus,
35,Effort in blocks without a reserve,Catch,Individual species,Palinuridae,Panulirus,interruptus,NA,Effort,NA,NTZ,Marine Life Protection Act reserve network,Yes,Trap pulls,3,2005,250000,NA,NA,Yes,Panulirus interruptus,
35,Effort in blocks without a reserve,Catch,Individual species,Palinuridae,Panulirus,interruptus,NA,Effort,NA,NTZ,Marine Life Protection Act reserve network,Yes,Trap pulls,4,2006,270000,NA,NA,Yes,Panulirus interruptus,
35,Effort in blocks without a reserve,Catch,Individual species,Palinuridae,Panulirus,interruptus,NA,Effort,NA,NTZ,Marine Life Protection Act reserve network,Yes,Trap pulls,5,2007,226000,NA,NA,Yes,Panulirus interruptus,
35,Effort in blocks without a reserve,Catch,Individual species,Palinuridae,Panulirus,interruptus,NA,Effort,NA,NTZ,Marine Life Protection Act reserve network,Yes,Trap pulls,1,2008,270000,NA,NA,Yes,Panulirus interruptus,
35,Effort in blocks without a reserve,Catch,Individual species,Palinuridae,Panulirus,interruptus,NA,Effort,NA,NTZ,Marine Life Protection Act reserve network,Yes,Trap pulls,2,2009,250000,NA,NA,Yes,Panulirus interruptus,
35,Effort in blocks without a reserve,Catch,Individual species,Palinuridae,Panulirus,interruptus,NA,Effort,NA,NTZ,Marine Life Protection Act reserve network,Yes,Trap pulls,3,2010,270000,NA,NA,Yes,Panulirus interruptus,
35,Effort in blocks without a reserve,Catch,Individual species,Palinuridae,Panulirus,interruptus,NA,Effort,NA,NTZ,Marine Life Protection Act reserve network,Yes,Trap pulls,4,2011,325000,NA,NA,Yes,Panulirus interruptus,
35,Effort in blocks without a reserve,Catch,Individual species,Palinuridae,Panulirus,interruptus,NA,Effort,NA,NTZ,Marine Life Protection Act reserve network,Yes,Trap pulls,5,2012,350000,NA,NA,Yes,Panulirus interruptus,
35,Effort in blocks without a reserve,Catch,Individual species,Palinuridae,Panulirus,interruptus,NA,Effort,NA,NTZ,Marine Life Protection Act reserve network,Yes,Trap pulls,1,2013,350000,NA,NA,Yes,Panulirus interruptus,
35,Effort in blocks without a reserve,Catch,Individual species,Palinuridae,Panulirus,interruptus,NA,Effort,NA,NTZ,Marine Life Protection Act reserve network,Yes,Trap pulls,2,2014,350000,NA,NA,Yes,Panulirus interruptus,
35,Effort in blocks without a reserve,Catch,Individual species,Palinuridae,Panulirus,interruptus,NA,Effort,NA,NTZ,Marine Life Protection Act reserve network,Yes,Trap pulls,3,2015,280000,NA,NA,Yes,Panulirus interruptus,
35,Effort in blocks without a reserve,Catch,Individual species,Palinuridae,Panulirus,interruptus,NA,Effort,NA,NTZ,Marine Life Protection Act reserve network,Yes,Trap pulls,4,2016,250000,NA,NA,Yes,Panulirus interruptus,
35,Effort in blocks without a reserve,Catch,Individual species,Palinuridae,Panulirus,interruptus,NA,Effort,NA,NTZ,Marine Life Protection Act reserve network,Yes,Trap pulls,5,2017,210000,NA,NA,Yes,Panulirus interruptus,
35,Effort in blocks without a reserve,Catch,Individual species,Palinuridae,Panulirus,interruptus,NA,Effort,NA,NTZ,Marine Life Protection Act reserve network,Yes,Trap pulls,1,2018,217000,NA,NA,Yes,Panulirus interruptus,
35,Effort in blocks without a reserve,Catch,Individual species,Palinuridae,Panulirus,interruptus,NA,Effort,NA,NTZ,Marine Life Protection Act reserve network,Yes,Trap pulls,2,2019,240000,NA,NA,Yes,Panulirus interruptus,
35,Effort in blocks without a reserve,Catch,Individual species,Palinuridae,Panulirus,interruptus,NA,Effort,NA,NTZ,Marine Life Protection Act reserve network,Yes,Trap pulls,3,2020,238000,NA,NA,Yes,Panulirus interruptus,
35,Effort in blocks without a reserve,Catch,Individual species,Palinuridae,Panulirus,interruptus,NA,Effort,NA,NTZ,Marine Life Protection Act reserve network,Yes,Trap pulls,4,NA,NA,NA,NA,Yes,Panulirus interruptus,
35,Effort in blocks without a reserve,Catch,Individual species,Palinuridae,Panulirus,interruptus,NA,Effort,NA,NTZ,Marine Life Protection Act reserve network,Yes,Trap pulls,5,NA,NA,NA,NA,Yes,Panulirus interruptus,
192,Contribution of eggs from MPA to regional fishing grounds - several assumptions/calculations had to be made to get here,Catch,Individual species,Palinuridae,Palinurus,elephas,NA,Fraction of regional egg production,Standard error,NTZ,Columbretes Islands Marine Reserve,Yes,NA,1,2000,0.72,0.05,0.05,Yes,Palinurus elephas,
192,Contribution of eggs from MPA to regional fishing grounds - several assumptions/calculations had to be made to get here,Catch,Individual species,Palinuridae,Palinurus,elephas,NA,Fraction of regional egg production,Standard error,NTZ,Columbretes Islands Marine Reserve,Yes,NA,2,2001,0.8,0.03,0.03,Yes,Palinurus elephas,
192,Contribution of eggs from MPA to regional fishing grounds - several assumptions/calculations had to be made to get here,Catch,Individual species,Palinuridae,Palinurus,elephas,NA,Fraction of regional egg production,Standard error,NTZ,Columbretes Islands Marine Reserve,Yes,NA,3,2002,0.65,0.05,0.05,Yes,Palinurus elephas,
192,Contribution of eggs from MPA to regional fishing grounds - several assumptions/calculations had to be made to get here,Catch,Individual species,Palinuridae,Palinurus,elephas,NA,Fraction of regional egg production,Standard error,NTZ,Columbretes Islands Marine Reserve,Yes,NA,4,2003,0.64,0.06,0.06,Yes,Palinurus elephas,
192,Contribution of eggs from MPA to regional fishing grounds - several assumptions/calculations had to be made to get here,Catch,Individual species,Palinuridae,Palinurus,elephas,NA,Fraction of regional egg production,Standard error,NTZ,Columbretes Islands Marine Reserve,Yes,NA,5,2004,0.7,0.03,0.03,Yes,Palinurus elephas,
192,Contribution of eggs from MPA to regional fishing grounds - several assumptions/calculations had to be made to get here,Catch,Individual species,Palinuridae,Palinurus,elephas,NA,Fraction of regional egg production,Standard error,NTZ,Columbretes Islands Marine Reserve,Yes,NA,1,2005,0.9,0.02,0.02,Yes,Palinurus elephas,
192,Contribution of eggs from MPA to regional fishing grounds - several assumptions/calculations had to be made to get here,Catch,Individual species,Palinuridae,Palinurus,elephas,NA,Fraction of regional egg production,Standard error,NTZ,Columbretes Islands Marine Reserve,Yes,NA,2,2006,0.85,0.05,0.05,Yes,Palinurus elephas,
192,Contribution of eggs from MPA to regional fishing grounds - several assumptions/calculations had to be made to get here,Catch,Individual species,Palinuridae,Palinurus,elephas,NA,Fraction of regional egg production,Standard error,NTZ,Columbretes Islands Marine Reserve,Yes,NA,3,2007,0.82,0.05,0.05,Yes,Palinurus elephas,
192,Contribution of eggs from MPA to regional fishing grounds - several assumptions/calculations had to be made to get here,Catch,Individual species,Palinuridae,Palinurus,elephas,NA,Fraction of regional egg production,Standard error,NTZ,Columbretes Islands Marine Reserve,Yes,NA,4,2008,0.875,0.05,0.05,Yes,Palinurus elephas,
192,Contribution of eggs from MPA to regional fishing grounds - several assumptions/calculations had to be made to get here,Catch,Individual species,Palinuridae,Palinurus,elephas,NA,Fraction of regional egg production,Standard error,NTZ,Columbretes Islands Marine Reserve,Yes,NA,5,2009,0.83,0.03,0.03,Yes,Palinurus elephas,
234,Number of new trophy catches since previous year 0-100 km from NTZ boundary (from a cumulative graph),Catch,Individual species,Sciaenidae,Pogonias,cromis,NA,Number of trophy catches,NA,NTZ,Merritt Island National Wildlife Refuge,Yes,NA,1,1960,0,NA,NA,Yes,Pogonias cromis,
234,Number of new trophy catches since previous year 0-100 km from NTZ boundary (from a cumulative graph),Catch,Individual species,Sciaenidae,Pogonias,cromis,NA,Number of trophy catches,NA,NTZ,Merritt Island National Wildlife Refuge,Yes,NA,2,1965,0,NA,NA,Yes,Pogonias cromis,
234,Number of new trophy catches since previous year 0-100 km from NTZ boundary (from a cumulative graph),Catch,Individual species,Sciaenidae,Pogonias,cromis,NA,Number of trophy catches,NA,NTZ,Merritt Island National Wildlife Refuge,Yes,NA,3,1970,2,NA,NA,Yes,Pogonias cromis,
234,Number of new trophy catches since previous year 0-100 km from NTZ boundary (from a cumulative graph),Catch,Individual species,Sciaenidae,Pogonias,cromis,NA,Number of trophy catches,NA,NTZ,Merritt Island National Wildlife Refuge,Yes,NA,4,1975,0,NA,NA,Yes,Pogonias cromis,
234,Number of new trophy catches since previous year 0-100 km from NTZ boundary (from a cumulative graph),Catch,Individual species,Sciaenidae,Pogonias,cromis,NA,Number of trophy catches,NA,NTZ,Merritt Island National Wildlife Refuge,Yes,NA,5,1980,1,NA,NA,Yes,Pogonias cromis,
234,Number of new trophy catches since previous year 0-100 km from NTZ boundary (from a cumulative graph),Catch,Individual species,Sciaenidae,Pogonias,cromis,NA,Number of trophy catches,NA,NTZ,Merritt Island National Wildlife Refuge,Yes,NA,1,1985,3,NA,NA,Yes,Pogonias cromis,
234,Number of new trophy catches since previous year 0-100 km from NTZ boundary (from a cumulative graph),Catch,Individual species,Sciaenidae,Pogonias,cromis,NA,Number of trophy catches,NA,NTZ,Merritt Island National Wildlife Refuge,Yes,NA,2,1990,1,NA,NA,Yes,Pogonias cromis,
234,Number of new trophy catches since previous year 0-100 km from NTZ boundary (from a cumulative graph),Catch,Individual species,Sciaenidae,Pogonias,cromis,NA,Number of trophy catches,NA,NTZ,Merritt Island National Wildlife Refuge,Yes,NA,3,1995,8,NA,NA,Yes,Pogonias cromis,
234,Number of new trophy catches since previous year 0-100 km from NTZ boundary (from a cumulative graph),Catch,Individual species,Sciaenidae,Pogonias,cromis,NA,Number of trophy catches,NA,NTZ,Merritt Island National Wildlife Refuge,Yes,NA,4,2000,19,NA,NA,Yes,Pogonias cromis,
234,Number of new trophy catches since previous year 0-100 km from NTZ boundary (from a cumulative graph),Catch,Individual species,Sciaenidae,Pogonias,cromis,NA,Number of trophy catches,NA,NTZ,Merritt Island National Wildlife Refuge,Yes,NA,5,2005,6,NA,NA,Yes,Pogonias cromis,
234,Number of new trophy catches since previous year 0-100 km from NTZ boundary (from a cumulative graph),Catch,Individual species,Sciaenidae,Pogonias,cromis,NA,Number of trophy catches,NA,NTZ,Merritt Island National Wildlife Refuge,Yes,NA,1,2010,36,NA,NA,Yes,Pogonias cromis,
234,Number of new trophy catches since previous year 0-100 km from NTZ boundary (from a cumulative graph),Catch,Individual species,Sciaenidae,Pogonias,cromis,NA,Number of trophy catches,NA,NTZ,Merritt Island National Wildlife Refuge,Yes,NA,2,2015,0,NA,NA,Yes,Pogonias cromis,
234,Number of new trophy catches since previous year 0-100 km from NTZ boundary (from a cumulative graph),Catch,Individual species,Sciaenidae,Pogonias,cromis,NA,Number of trophy catches,NA,NTZ,Merritt Island National Wildlife Refuge,Yes,NA,3,2020,2,NA,NA,Yes,Pogonias cromis,
234,Number of new trophy catches since previous year 0-100 km from NTZ boundary (from a cumulative graph),Catch,Individual species,Sciaenidae,Pogonias,cromis,NA,Number of trophy catches,NA,NTZ,Merritt Island National Wildlife Refuge,Yes,NA,4,NA,NA,NA,NA,Yes,Pogonias cromis,
234,Number of new trophy catches since previous year 0-100 km from NTZ boundary (from a cumulative graph),Catch,Individual species,Sciaenidae,Pogonias,cromis,NA,Number of trophy catches,NA,NTZ,Merritt Island National Wildlife Refuge,Yes,NA,5,NA,NA,NA,NA,Yes,Pogonias cromis,
234,Number of new trophy catches since previous year 100-200 km from NTZ boundary (from a cumulative graph),Catch,Individual species,Sciaenidae,Pogonias,cromis,NA,Number of trophy catches,NA,NTZ,Merritt Island National Wildlife Refuge,Yes,NA,1,1960,0,NA,NA,Yes,Pogonias cromis,
234,Number of new trophy catches since previous year 100-200 km from NTZ boundary (from a cumulative graph),Catch,Individual species,Sciaenidae,Pogonias,cromis,NA,Number of trophy catches,NA,NTZ,Merritt Island National Wildlife Refuge,Yes,NA,2,1965,0,NA,NA,Yes,Pogonias cromis,
234,Number of new trophy catches since previous year 100-200 km from NTZ boundary (from a cumulative graph),Catch,Individual species,Sciaenidae,Pogonias,cromis,NA,Number of trophy catches,NA,NTZ,Merritt Island National Wildlife Refuge,Yes,NA,3,1970,0,NA,NA,Yes,Pogonias cromis,
234,Number of new trophy catches since previous year 100-200 km from NTZ boundary (from a cumulative graph),Catch,Individual species,Sciaenidae,Pogonias,cromis,NA,Number of trophy catches,NA,NTZ,Merritt Island National Wildlife Refuge,Yes,NA,4,1975,0,NA,NA,Yes,Pogonias cromis,
234,Number of new trophy catches since previous year 100-200 km from NTZ boundary (from a cumulative graph),Catch,Individual species,Sciaenidae,Pogonias,cromis,NA,Number of trophy catches,NA,NTZ,Merritt Island National Wildlife Refuge,Yes,NA,5,1980,0,NA,NA,Yes,Pogonias cromis,
234,Number of new trophy catches since previous year 100-200 km from NTZ boundary (from a cumulative graph),Catch,Individual species,Sciaenidae,Pogonias,cromis,NA,Number of trophy catches,NA,NTZ,Merritt Island National Wildlife Refuge,Yes,NA,1,1985,15,NA,NA,Yes,Pogonias cromis,
234,Number of new trophy catches since previous year 100-200 km from NTZ boundary (from a cumulative graph),Catch,Individual species,Sciaenidae,Pogonias,cromis,NA,Number of trophy catches,NA,NTZ,Merritt Island National Wildlife Refuge,Yes,NA,2,1990,0,NA,NA,Yes,Pogonias cromis,
234,Number of new trophy catches since previous year 100-200 km from NTZ boundary (from a cumulative graph),Catch,Individual species,Sciaenidae,Pogonias,cromis,NA,Number of trophy catches,NA,NTZ,Merritt Island National Wildlife Refuge,Yes,NA,3,1995,0,NA,NA,Yes,Pogonias cromis,
234,Number of new trophy catches since previous year 100-200 km from NTZ boundary (from a cumulative graph),Catch,Individual species,Sciaenidae,Pogonias,cromis,NA,Number of trophy catches,NA,NTZ,Merritt Island National Wildlife Refuge,Yes,NA,4,2000,4,NA,NA,Yes,Pogonias cromis,
234,Number of new trophy catches since previous year 100-200 km from NTZ boundary (from a cumulative graph),Catch,Individual species,Sciaenidae,Pogonias,cromis,NA,Number of trophy catches,NA,NTZ,Merritt Island National Wildlife Refuge,Yes,NA,5,2005,0,NA,NA,Yes,Pogonias cromis,
234,Number of new trophy catches since previous year 100-200 km from NTZ boundary (from a cumulative graph),Catch,Individual species,Sciaenidae,Pogonias,cromis,NA,Number of trophy catches,NA,NTZ,Merritt Island National Wildlife Refuge,Yes,NA,1,2010,18,NA,NA,Yes,Pogonias cromis,
234,Number of new trophy catches since previous year 100-200 km from NTZ boundary (from a cumulative graph),Catch,Individual species,Sciaenidae,Pogonias,cromis,NA,Number of trophy catches,NA,NTZ,Merritt Island National Wildlife Refuge,Yes,NA,2,2015,0,NA,NA,Yes,Pogonias cromis,
234,Number of new trophy catches since previous year 100-200 km from NTZ boundary (from a cumulative graph),Catch,Individual species,Sciaenidae,Pogonias,cromis,NA,Number of trophy catches,NA,NTZ,Merritt Island National Wildlife Refuge,Yes,NA,3,2020,1,NA,NA,Yes,Pogonias cromis,
234,Number of new trophy catches since previous year 100-200 km from NTZ boundary (from a cumulative graph),Catch,Individual species,Sciaenidae,Pogonias,cromis,NA,Number of trophy catches,NA,NTZ,Merritt Island National Wildlife Refuge,Yes,NA,4,NA,NA,NA,NA,Yes,Pogonias cromis,
234,Number of new trophy catches since previous year 100-200 km from NTZ boundary (from a cumulative graph),Catch,Individual species,Sciaenidae,Pogonias,cromis,NA,Number of trophy catches,NA,NTZ,Merritt Island National Wildlife Refuge,Yes,NA,5,NA,NA,NA,NA,Yes,Pogonias cromis,
234,Number of new trophy catches since previous year 0-100 km from NTZ boundary (from a cumulative graph),Catch,Individual species,Sciaenidae,Sciaenops,ocellatus,NA,Number of trophy catches,NA,NTZ,Merritt Island National Wildlife Refuge,Yes,NA,1,1960,0,NA,NA,Yes,Sciaenops ocellatus,
234,Number of new trophy catches since previous year 0-100 km from NTZ boundary (from a cumulative graph),Catch,Individual species,Sciaenidae,Sciaenops,ocellatus,NA,Number of trophy catches,NA,NTZ,Merritt Island National Wildlife Refuge,Yes,NA,2,1965,0,NA,NA,Yes,Sciaenops ocellatus,
234,Number of new trophy catches since previous year 0-100 km from NTZ boundary (from a cumulative graph),Catch,Individual species,Sciaenidae,Sciaenops,ocellatus,NA,Number of trophy catches,NA,NTZ,Merritt Island National Wildlife Refuge,Yes,NA,3,1970,0,NA,NA,Yes,Sciaenops ocellatus,
234,Number of new trophy catches since previous year 0-100 km from NTZ boundary (from a cumulative graph),Catch,Individual species,Sciaenidae,Sciaenops,ocellatus,NA,Number of trophy catches,NA,NTZ,Merritt Island National Wildlife Refuge,Yes,NA,4,1975,1,NA,NA,Yes,Sciaenops ocellatus,
234,Number of new trophy catches since previous year 0-100 km from NTZ boundary (from a cumulative graph),Catch,Individual species,Sciaenidae,Sciaenops,ocellatus,NA,Number of trophy catches,NA,NTZ,Merritt Island National Wildlife Refuge,Yes,NA,5,1980,0,NA,NA,Yes,Sciaenops ocellatus,
234,Number of new trophy catches since previous year 0-100 km from NTZ boundary (from a cumulative graph),Catch,Individual species,Sciaenidae,Sciaenops,ocellatus,NA,Number of trophy catches,NA,NTZ,Merritt Island National Wildlife Refuge,Yes,NA,1,1985,3,NA,NA,Yes,Sciaenops ocellatus,
234,Number of new trophy catches since previous year 0-100 km from NTZ boundary (from a cumulative graph),Catch,Individual species,Sciaenidae,Sciaenops,ocellatus,NA,Number of trophy catches,NA,NTZ,Merritt Island National Wildlife Refuge,Yes,NA,2,1990,7,NA,NA,Yes,Sciaenops ocellatus,
234,Number of new trophy catches since previous year 0-100 km from NTZ boundary (from a cumulative graph),Catch,Individual species,Sciaenidae,Sciaenops,ocellatus,NA,Number of trophy catches,NA,NTZ,Merritt Island National Wildlife Refuge,Yes,NA,3,1995,18,NA,NA,Yes,Sciaenops ocellatus,
234,Number of new trophy catches since previous year 0-100 km from NTZ boundary (from a cumulative graph),Catch,Individual species,Sciaenidae,Sciaenops,ocellatus,NA,Number of trophy catches,NA,NTZ,Merritt Island National Wildlife Refuge,Yes,NA,4,2000,15,NA,NA,Yes,Sciaenops ocellatus,
234,Number of new trophy catches since previous year 0-100 km from NTZ boundary (from a cumulative graph),Catch,Individual species,Sciaenidae,Sciaenops,ocellatus,NA,Number of trophy catches,NA,NTZ,Merritt Island National Wildlife Refuge,Yes,NA,5,2005,1,NA,NA,Yes,Sciaenops ocellatus,
234,Number of new trophy catches since previous year 0-100 km from NTZ boundary (from a cumulative graph),Catch,Individual species,Sciaenidae,Sciaenops,ocellatus,NA,Number of trophy catches,NA,NTZ,Merritt Island National Wildlife Refuge,Yes,NA,1,2010,1,NA,NA,Yes,Sciaenops ocellatus,
234,Number of new trophy catches since previous year 0-100 km from NTZ boundary (from a cumulative graph),Catch,Individual species,Sciaenidae,Sciaenops,ocellatus,NA,Number of trophy catches,NA,NTZ,Merritt Island National Wildlife Refuge,Yes,NA,2,2015,0,NA,NA,Yes,Sciaenops ocellatus,
234,Number of new trophy catches since previous year 0-100 km from NTZ boundary (from a cumulative graph),Catch,Individual species,Sciaenidae,Sciaenops,ocellatus,NA,Number of trophy catches,NA,NTZ,Merritt Island National Wildlife Refuge,Yes,NA,3,2020,0,NA,NA,Yes,Sciaenops ocellatus,
234,Number of new trophy catches since previous year 0-100 km from NTZ boundary (from a cumulative graph),Catch,Individual species,Sciaenidae,Sciaenops,ocellatus,NA,Number of trophy catches,NA,NTZ,Merritt Island National Wildlife Refuge,Yes,NA,4,NA,NA,NA,NA,Yes,Sciaenops ocellatus,
234,Number of new trophy catches since previous year 0-100 km from NTZ boundary (from a cumulative graph),Catch,Individual species,Sciaenidae,Sciaenops,ocellatus,NA,Number of trophy catches,NA,NTZ,Merritt Island National Wildlife Refuge,Yes,NA,5,NA,NA,NA,NA,Yes,Sciaenops ocellatus,
234,Number of new trophy catches since previous year 100-200 km from NTZ boundary (from a cumulative graph),Catch,Individual species,Sciaenidae,Sciaenops,ocellatus,NA,Number of trophy catches,NA,NTZ,Merritt Island National Wildlife Refuge,Yes,NA,1,1960,0,NA,NA,Yes,Sciaenops ocellatus,
234,Number of new trophy catches since previous year 100-200 km from NTZ boundary (from a cumulative graph),Catch,Individual species,Sciaenidae,Sciaenops,ocellatus,NA,Number of trophy catches,NA,NTZ,Merritt Island National Wildlife Refuge,Yes,NA,2,1965,0,NA,NA,Yes,Sciaenops ocellatus,
234,Number of new trophy catches since previous year 100-200 km from NTZ boundary (from a cumulative graph),Catch,Individual species,Sciaenidae,Sciaenops,ocellatus,NA,Number of trophy catches,NA,NTZ,Merritt Island National Wildlife Refuge,Yes,NA,3,1970,0,NA,NA,Yes,Sciaenops ocellatus,
234,Number of new trophy catches since previous year 100-200 km from NTZ boundary (from a cumulative graph),Catch,Individual species,Sciaenidae,Sciaenops,ocellatus,NA,Number of trophy catches,NA,NTZ,Merritt Island National Wildlife Refuge,Yes,NA,4,1975,2,NA,NA,Yes,Sciaenops ocellatus,
234,Number of new trophy catches since previous year 100-200 km from NTZ boundary (from a cumulative graph),Catch,Individual species,Sciaenidae,Sciaenops,ocellatus,NA,Number of trophy catches,NA,NTZ,Merritt Island National Wildlife Refuge,Yes,NA,5,1980,1,NA,NA,Yes,Sciaenops ocellatus,
234,Number of new trophy catches since previous year 100-200 km from NTZ boundary (from a cumulative graph),Catch,Individual species,Sciaenidae,Sciaenops,ocellatus,NA,Number of trophy catches,NA,NTZ,Merritt Island National Wildlife Refuge,Yes,NA,1,1985,22,NA,NA,Yes,Sciaenops ocellatus,
234,Number of new trophy catches since previous year 100-200 km from NTZ boundary (from a cumulative graph),Catch,Individual species,Sciaenidae,Sciaenops,ocellatus,NA,Number of trophy catches,NA,NTZ,Merritt Island National Wildlife Refuge,Yes,NA,2,1990,0,NA,NA,Yes,Sciaenops ocellatus,
234,Number of new trophy catches since previous year 100-200 km from NTZ boundary (from a cumulative graph),Catch,Individual species,Sciaenidae,Sciaenops,ocellatus,NA,Number of trophy catches,NA,NTZ,Merritt Island National Wildlife Refuge,Yes,NA,3,1995,2,NA,NA,Yes,Sciaenops ocellatus,
234,Number of new trophy catches since previous year 100-200 km from NTZ boundary (from a cumulative graph),Catch,Individual species,Sciaenidae,Sciaenops,ocellatus,NA,Number of trophy catches,NA,NTZ,Merritt Island National Wildlife Refuge,Yes,NA,4,2000,8,NA,NA,Yes,Sciaenops ocellatus,
234,Number of new trophy catches since previous year 100-200 km from NTZ boundary (from a cumulative graph),Catch,Individual species,Sciaenidae,Sciaenops,ocellatus,NA,Number of trophy catches,NA,NTZ,Merritt Island National Wildlife Refuge,Yes,NA,5,2005,2,NA,NA,Yes,Sciaenops ocellatus,
234,Number of new trophy catches since previous year 100-200 km from NTZ boundary (from a cumulative graph),Catch,Individual species,Sciaenidae,Sciaenops,ocellatus,NA,Number of trophy catches,NA,NTZ,Merritt Island National Wildlife Refuge,Yes,NA,1,2010,0,NA,NA,Yes,Sciaenops ocellatus,
234,Number of new trophy catches since previous year 100-200 km from NTZ boundary (from a cumulative graph),Catch,Individual species,Sciaenidae,Sciaenops,ocellatus,NA,Number of trophy catches,NA,NTZ,Merritt Island National Wildlife Refuge,Yes,NA,2,20015,0,NA,NA,Yes,Sciaenops ocellatus,
234,Number of new trophy catches since previous year 100-200 km from NTZ boundary (from a cumulative graph),Catch,Individual species,Sciaenidae,Sciaenops,ocellatus,NA,Number of trophy catches,NA,NTZ,Merritt Island National Wildlife Refuge,Yes,NA,3,2020,0,NA,NA,Yes,Sciaenops ocellatus,
234,Number of new trophy catches since previous year 100-200 km from NTZ boundary (from a cumulative graph),Catch,Individual species,Sciaenidae,Sciaenops,ocellatus,NA,Number of trophy catches,NA,NTZ,Merritt Island National Wildlife Refuge,Yes,NA,4,NA,NA,NA,NA,Yes,Sciaenops ocellatus,
234,Number of new trophy catches since previous year 100-200 km from NTZ boundary (from a cumulative graph),Catch,Individual species,Sciaenidae,Sciaenops,ocellatus,NA,Number of trophy catches,NA,NTZ,Merritt Island National Wildlife Refuge,Yes,NA,5,NA,NA,NA,NA,Yes,Sciaenops ocellatus,
234,Number of new trophy catches since previous year 0-100 km from NTZ boundary (from a cumulative graph),Catch,Individual species,Sciaenidae,Cynoscion,nebulosus,NA,Number of trophy catches,NA,NTZ,Merritt Island National Wildlife Refuge,Yes,NA,1,1960,0,NA,NA,Yes,Cynoscion nebulosus,
234,Number of new trophy catches since previous year 0-100 km from NTZ boundary (from a cumulative graph),Catch,Individual species,Sciaenidae,Cynoscion,nebulosus,NA,Number of trophy catches,NA,NTZ,Merritt Island National Wildlife Refuge,Yes,NA,2,1965,2,NA,NA,Yes,Cynoscion nebulosus,
234,Number of new trophy catches since previous year 0-100 km from NTZ boundary (from a cumulative graph),Catch,Individual species,Sciaenidae,Cynoscion,nebulosus,NA,Number of trophy catches,NA,NTZ,Merritt Island National Wildlife Refuge,Yes,NA,3,1970,4,NA,NA,Yes,Cynoscion nebulosus,
234,Number of new trophy catches since previous year 0-100 km from NTZ boundary (from a cumulative graph),Catch,Individual species,Sciaenidae,Cynoscion,nebulosus,NA,Number of trophy catches,NA,NTZ,Merritt Island National Wildlife Refuge,Yes,NA,4,1975,3,NA,NA,Yes,Cynoscion nebulosus,
234,Number of new trophy catches since previous year 0-100 km from NTZ boundary (from a cumulative graph),Catch,Individual species,Sciaenidae,Cynoscion,nebulosus,NA,Number of trophy catches,NA,NTZ,Merritt Island National Wildlife Refuge,Yes,NA,5,1980,2,NA,NA,Yes,Cynoscion nebulosus,
234,Number of new trophy catches since previous year 0-100 km from NTZ boundary (from a cumulative graph),Catch,Individual species,Sciaenidae,Cynoscion,nebulosus,NA,Number of trophy catches,NA,NTZ,Merritt Island National Wildlife Refuge,Yes,NA,1,1985,15,NA,NA,Yes,Cynoscion nebulosus,
234,Number of new trophy catches since previous year 0-100 km from NTZ boundary (from a cumulative graph),Catch,Individual species,Sciaenidae,Cynoscion,nebulosus,NA,Number of trophy catches,NA,NTZ,Merritt Island National Wildlife Refuge,Yes,NA,2,1990,0,NA,NA,Yes,Cynoscion nebulosus,
234,Number of new trophy catches since previous year 0-100 km from NTZ boundary (from a cumulative graph),Catch,Individual species,Sciaenidae,Cynoscion,nebulosus,NA,Number of trophy catches,NA,NTZ,Merritt Island National Wildlife Refuge,Yes,NA,3,1995,10,NA,NA,Yes,Cynoscion nebulosus,
234,Number of new trophy catches since previous year 0-100 km from NTZ boundary (from a cumulative graph),Catch,Individual species,Sciaenidae,Cynoscion,nebulosus,NA,Number of trophy catches,NA,NTZ,Merritt Island National Wildlife Refuge,Yes,NA,4,2000,0,NA,NA,Yes,Cynoscion nebulosus,
234,Number of new trophy catches since previous year 0-100 km from NTZ boundary (from a cumulative graph),Catch,Individual species,Sciaenidae,Cynoscion,nebulosus,NA,Number of trophy catches,NA,NTZ,Merritt Island National Wildlife Refuge,Yes,NA,5,2005,8,NA,NA,Yes,Cynoscion nebulosus,
234,Number of new trophy catches since previous year 0-100 km from NTZ boundary (from a cumulative graph),Catch,Individual species,Sciaenidae,Cynoscion,nebulosus,NA,Number of trophy catches,NA,NTZ,Merritt Island National Wildlife Refuge,Yes,NA,1,2010,2,NA,NA,Yes,Cynoscion nebulosus,
234,Number of new trophy catches since previous year 0-100 km from NTZ boundary (from a cumulative graph),Catch,Individual species,Sciaenidae,Cynoscion,nebulosus,NA,Number of trophy catches,NA,NTZ,Merritt Island National Wildlife Refuge,Yes,NA,2,2015,2,NA,NA,Yes,Cynoscion nebulosus,
234,Number of new trophy catches since previous year 0-100 km from NTZ boundary (from a cumulative graph),Catch,Individual species,Sciaenidae,Cynoscion,nebulosus,NA,Number of trophy catches,NA,NTZ,Merritt Island National Wildlife Refuge,Yes,NA,3,2020,2,NA,NA,Yes,Cynoscion nebulosus,
234,Number of new trophy catches since previous year 0-100 km from NTZ boundary (from a cumulative graph),Catch,Individual species,Sciaenidae,Cynoscion,nebulosus,NA,Number of trophy catches,NA,NTZ,Merritt Island National Wildlife Refuge,Yes,NA,4,NA,NA,NA,NA,Yes,Cynoscion nebulosus,
234,Number of new trophy catches since previous year 0-100 km from NTZ boundary (from a cumulative graph),Catch,Individual species,Sciaenidae,Cynoscion,nebulosus,NA,Number of trophy catches,NA,NTZ,Merritt Island National Wildlife Refuge,Yes,NA,5,NA,NA,NA,NA,Yes,Cynoscion nebulosus,
234,Number of new trophy catches since previous year 100-200 km from NTZ boundary (from a cumulative graph),Catch,Individual species,Sciaenidae,Cynoscion,nebulosus,NA,Number of trophy catches,NA,NTZ,Merritt ,Yes,NA,1,1960,0,NA,NA,Yes,Cynoscion nebulosus,
234,Number of new trophy catches since previous year 100-200 km from NTZ boundary (from a cumulative graph),Catch,Individual species,Sciaenidae,Cynoscion,nebulosus,NA,Number of trophy catches,NA,NTZ,Merritt ,Yes,NA,2,1965,0,NA,NA,Yes,Cynoscion nebulosus,
234,Number of new trophy catches since previous year 100-200 km from NTZ boundary (from a cumulative graph),Catch,Individual species,Sciaenidae,Cynoscion,nebulosus,NA,Number of trophy catches,NA,NTZ,Merritt ,Yes,NA,3,1970,0,NA,NA,Yes,Cynoscion nebulosus,
234,Number of new trophy catches since previous year 100-200 km from NTZ boundary (from a cumulative graph),Catch,Individual species,Sciaenidae,Cynoscion,nebulosus,NA,Number of trophy catches,NA,NTZ,Merritt ,Yes,NA,4,1975,3,NA,NA,Yes,Cynoscion nebulosus,
234,Number of new trophy catches since previous year 100-200 km from NTZ boundary (from a cumulative graph),Catch,Individual species,Sciaenidae,Cynoscion,nebulosus,NA,Number of trophy catches,NA,NTZ,Merritt ,Yes,NA,5,1980,5,NA,NA,Yes,Cynoscion nebulosus,
234,Number of new trophy catches since previous year 100-200 km from NTZ boundary (from a cumulative graph),Catch,Individual species,Sciaenidae,Cynoscion,nebulosus,NA,Number of trophy catches,NA,NTZ,Merritt Island National Wildlife Refuge,Yes,NA,1,1985,20,NA,NA,Yes,Cynoscion nebulosus,
234,Number of new trophy catches since previous year 100-200 km from NTZ boundary (from a cumulative graph),Catch,Individual species,Sciaenidae,Cynoscion,nebulosus,NA,Number of trophy catches,NA,NTZ,Merritt Island National Wildlife Refuge,Yes,NA,2,1990,7,NA,NA,Yes,Cynoscion nebulosus,
234,Number of new trophy catches since previous year 100-200 km from NTZ boundary (from a cumulative graph),Catch,Individual species,Sciaenidae,Cynoscion,nebulosus,NA,Number of trophy catches,NA,NTZ,Merritt Island National Wildlife Refuge,Yes,NA,3,1995,3,NA,NA,Yes,Cynoscion nebulosus,
234,Number of new trophy catches since previous year 100-200 km from NTZ boundary (from a cumulative graph),Catch,Individual species,Sciaenidae,Cynoscion,nebulosus,NA,Number of trophy catches,NA,NTZ,Merritt Island National Wildlife Refuge,Yes,NA,4,2000,9,NA,NA,Yes,Cynoscion nebulosus,
234,Number of new trophy catches since previous year 100-200 km from NTZ boundary (from a cumulative graph),Catch,Individual species,Sciaenidae,Cynoscion,nebulosus,NA,Number of trophy catches,NA,NTZ,Merritt Island National Wildlife Refuge,Yes,NA,5,2005,5,NA,NA,Yes,Cynoscion nebulosus,
234,Number of new trophy catches since previous year 100-200 km from NTZ boundary (from a cumulative graph),Catch,Individual species,Sciaenidae,Cynoscion,nebulosus,NA,Number of trophy catches,NA,NTZ,Merritt Island National Wildlife Refuge,Yes,NA,1,2010,3,NA,NA,Yes,Cynoscion nebulosus,
234,Number of new trophy catches since previous year 100-200 km from NTZ boundary (from a cumulative graph),Catch,Individual species,Sciaenidae,Cynoscion,nebulosus,NA,Number of trophy catches,NA,NTZ,Merritt Island National Wildlife Refuge,Yes,NA,2,2015,2,NA,NA,Yes,Cynoscion nebulosus,
234,Number of new trophy catches since previous year 100-200 km from NTZ boundary (from a cumulative graph),Catch,Individual species,Sciaenidae,Cynoscion,nebulosus,NA,Number of trophy catches,NA,NTZ,Merritt Island National Wildlife Refuge,Yes,NA,3,2020,3,NA,NA,Yes,Cynoscion nebulosus,
234,Number of new trophy catches since previous year 100-200 km from NTZ boundary (from a cumulative graph),Catch,Individual species,Sciaenidae,Cynoscion,nebulosus,NA,Number of trophy catches,NA,NTZ,Merritt Island National Wildlife Refuge,Yes,NA,4,NA,NA,NA,NA,Yes,Cynoscion nebulosus,
234,Number of new trophy catches since previous year 100-200 km from NTZ boundary (from a cumulative graph),Catch,Individual species,Sciaenidae,Cynoscion,nebulosus,NA,Number of trophy catches,NA,NTZ,Merritt Island National Wildlife Refuge,Yes,NA,5,NA,NA,NA,NA,Yes,Cynoscion nebulosus,
234,Number of new trophy catches since previous year 0-100 km from NTZ boundary (from a cumulative graph),Catch,Target species as a group,NA,NA,NA,All game fish,Number of trophy catches,NA,NTZ,Merritt Island National Wildlife Refuge,Yes,NA,1,1960,0,NA,NA,Yes,NA,
234,Number of new trophy catches since previous year 0-100 km from NTZ boundary (from a cumulative graph),Catch,Target species as a group,NA,NA,NA,All game fish,Number of trophy catches,NA,NTZ,Merritt Island National Wildlife Refuge,Yes,NA,2,1965,0,NA,NA,Yes,NA,
234,Number of new trophy catches since previous year 0-100 km from NTZ boundary (from a cumulative graph),Catch,Target species as a group,NA,NA,NA,All game fish,Number of trophy catches,NA,NTZ,Merritt Island National Wildlife Refuge,Yes,NA,3,1970,4,NA,NA,Yes,NA,
234,Number of new trophy catches since previous year 0-100 km from NTZ boundary (from a cumulative graph),Catch,Target species as a group,NA,NA,NA,All game fish,Number of trophy catches,NA,NTZ,Merritt Island National Wildlife Refuge,Yes,NA,4,1975,18,NA,NA,Yes,NA,
234,Number of new trophy catches since previous year 0-100 km from NTZ boundary (from a cumulative graph),Catch,Target species as a group,NA,NA,NA,All game fish,Number of trophy catches,NA,NTZ,Merritt Island National Wildlife Refuge,Yes,NA,5,1980,7,NA,NA,Yes,NA,
234,Number of new trophy catches since previous year 0-100 km from NTZ boundary (from a cumulative graph),Catch,Target species as a group,NA,NA,NA,All game fish,Number of trophy fish,NA,NTZ,Merritt Island National Wildlife Refuge,Yes,NA,1,1985,46,NA,NA,Yes,NA,
234,Number of new trophy catches since previous year 0-100 km from NTZ boundary (from a cumulative graph),Catch,Target species as a group,NA,NA,NA,All game fish,Number of trophy fish,NA,NTZ,Merritt Island National Wildlife Refuge,Yes,NA,2,1990,32,NA,NA,Yes,NA,
234,Number of new trophy catches since previous year 0-100 km from NTZ boundary (from a cumulative graph),Catch,Target species as a group,NA,NA,NA,All game fish,Number of trophy fish,NA,NTZ,Merritt Island National Wildlife Refuge,Yes,NA,3,1995,70,NA,NA,Yes,NA,
234,Number of new trophy catches since previous year 0-100 km from NTZ boundary (from a cumulative graph),Catch,Target species as a group,NA,NA,NA,All game fish,Number of trophy fish,NA,NTZ,Merritt Island National Wildlife Refuge,Yes,NA,4,2000,81,NA,NA,Yes,NA,
234,Number of new trophy catches since previous year 0-100 km from NTZ boundary (from a cumulative graph),Catch,Target species as a group,NA,NA,NA,All game fish,Number of trophy fish,NA,NTZ,Merritt Island National Wildlife Refuge,Yes,NA,5,1005,37,NA,NA,Yes,NA,
234,Number of new trophy catches since previous year 0-100 km from NTZ boundary (from a cumulative graph),Catch,Target species as a group,NA,NA,NA,All game fish,Number of trophy catches,NA,NTZ,Merritt Island National Wildlife Refuge,Yes,NA,1,2010,37,NA,NA,Yes,NA,
234,Number of new trophy catches since previous year 0-100 km from NTZ boundary (from a cumulative graph),Catch,Target species as a group,NA,NA,NA,All game fish,Number of trophy catches,NA,NTZ,Merritt Island National Wildlife Refuge,Yes,NA,2,2015,13,NA,NA,Yes,NA,
234,Number of new trophy catches since previous year 0-100 km from NTZ boundary (from a cumulative graph),Catch,Target species as a group,NA,NA,NA,All game fish,Number of trophy catches,NA,NTZ,Merritt Island National Wildlife Refuge,Yes,NA,3,2020,5,NA,NA,Yes,NA,
234,Number of new trophy catches since previous year 0-100 km from NTZ boundary (from a cumulative graph),Catch,Target species as a group,NA,NA,NA,All game fish,Number of trophy catches,NA,NTZ,Merritt Island National Wildlife Refuge,Yes,NA,4,NA,NA,NA,NA,Yes,NA,
234,Number of new trophy catches since previous year 0-100 km from NTZ boundary (from a cumulative graph),Catch,Target species as a group,NA,NA,NA,All game fish,Number of trophy catches,NA,NTZ,Merritt Island National Wildlife Refuge,Yes,NA,5,NA,NA,NA,NA,Yes,NA,
234,Number of new trophy catches since previous year 100-200 km from NTZ boundary (from a cumulative graph),Catch,Target species as a group,NA,NA,NA,All game fish,Number of trophy catches,NA,NTZ,Merritt Island National Wildlife Refuge,Yes,NA,1,1960,0,NA,NA,Yes,NA,
234,Number of new trophy catches since previous year 100-200 km from NTZ boundary (from a cumulative graph),Catch,Target species as a group,NA,NA,NA,All game fish,Number of trophy catches,NA,NTZ,Merritt Island National Wildlife Refuge,Yes,NA,2,1965,9,NA,NA,Yes,NA,
234,Number of new trophy catches since previous year 100-200 km from NTZ boundary (from a cumulative graph),Catch,Target species as a group,NA,NA,NA,All game fish,Number of trophy catches,NA,NTZ,Merritt Island National Wildlife Refuge,Yes,NA,3,1970,11,NA,NA,Yes,NA,
234,Number of new trophy catches since previous year 100-200 km from NTZ boundary (from a cumulative graph),Catch,Target species as a group,NA,NA,NA,All game fish,Number of trophy catches,NA,NTZ,Merritt Island National Wildlife Refuge,Yes,NA,4,1975,10,NA,NA,Yes,NA,
234,Number of new trophy catches since previous year 100-200 km from NTZ boundary (from a cumulative graph),Catch,Target species as a group,NA,NA,NA,All game fish,Number of trophy catches,NA,NTZ,Merritt Island National Wildlife Refuge,Yes,NA,5,1980,37,NA,NA,Yes,NA,
234,Number of new trophy catches since previous year 100-200 km from NTZ boundary (from a cumulative graph),Catch,Target species as a group,NA,NA,NA,All game fish,Number of trophy catches,NA,NTZ,Merritt Island National Wildlife Refuge,Yes,NA,1,1985,38,NA,NA,Yes,NA,
234,Number of new trophy catches since previous year 100-200 km from NTZ boundary (from a cumulative graph),Catch,Target species as a group,NA,NA,NA,All game fish,Number of trophy catches,NA,NTZ,Merritt Island National Wildlife Refuge,Yes,NA,2,1990,10,NA,NA,Yes,NA,
234,Number of new trophy catches since previous year 100-200 km from NTZ boundary (from a cumulative graph),Catch,Target species as a group,NA,NA,NA,All game fish,Number of trophy catches,NA,NTZ,Merritt Island National Wildlife Refuge,Yes,NA,3,1995,63,NA,NA,Yes,NA,
234,Number of new trophy catches since previous year 100-200 km from NTZ boundary (from a cumulative graph),Catch,Target species as a group,NA,NA,NA,All game fish,Number of trophy catches,NA,NTZ,Merritt Island National Wildlife Refuge,Yes,NA,4,2000,47,NA,NA,Yes,NA,
234,Number of new trophy catches since previous year 100-200 km from NTZ boundary (from a cumulative graph),Catch,Target species as a group,NA,NA,NA,All game fish,Number of trophy catches,NA,NTZ,Merritt Island National Wildlife Refuge,Yes,NA,5,2005,31,NA,NA,Yes,NA,
234,Number of new trophy catches since previous year 100-200 km from NTZ boundary (from a cumulative graph),Catch,Target species as a group,NA,NA,NA,All game fish,Number of trophy catches,NA,NTZ,Merritt Island National Wildlife Refuge,Yes,NA,1,2010,16,NA,NA,Yes,NA,
234,Number of new trophy catches since previous year 100-200 km from NTZ boundary (from a cumulative graph),Catch,Target species as a group,NA,NA,NA,All game fish,Number of trophy catches,NA,NTZ,Merritt Island National Wildlife Refuge,Yes,NA,2,2015,29,NA,NA,Yes,NA,
234,Number of new trophy catches since previous year 100-200 km from NTZ boundary (from a cumulative graph),Catch,Target species as a group,NA,NA,NA,All game fish,Number of trophy catches,NA,NTZ,Merritt Island National Wildlife Refuge,Yes,NA,3,2020,12,NA,NA,Yes,NA,
234,Number of new trophy catches since previous year 100-200 km from NTZ boundary (from a cumulative graph),Catch,Target species as a group,NA,NA,NA,All game fish,Number of trophy catches,NA,NTZ,Merritt Island National Wildlife Refuge,Yes,NA,4,NA,NA,NA,NA,Yes,NA,
234,Number of new trophy catches since previous year 100-200 km from NTZ boundary (from a cumulative graph),Catch,Target species as a group,NA,NA,NA,All game fish,Number of trophy catches,NA,NTZ,Merritt Island National Wildlife Refuge,Yes,NA,5,NA,NA,NA,NA,Yes,NA,
234,Number of new trophy catches since previous year 0-100 km from NTZ boundary (from a cumulative graph),Catch,Target species as a group,NA,NA,NA,All game fish,Number of trophy catches,NA,NTZ,Marino Ballena National Park,Yes,NA,1,1960,0,NA,NA,Yes,NA,
234,Number of new trophy catches since previous year 0-100 km from NTZ boundary (from a cumulative graph),Catch,Target species as a group,NA,NA,NA,All game fish,Number of trophy catches,NA,NTZ,Marino Ballena National Park,Yes,NA,2,1965,0,NA,NA,Yes,NA,
234,Number of new trophy catches since previous year 0-100 km from NTZ boundary (from a cumulative graph),Catch,Target species as a group,NA,NA,NA,All game fish,Number of trophy catches,NA,NTZ,Marino Ballena National Park,Yes,NA,3,1970,0,NA,NA,Yes,NA,
234,Number of new trophy catches since previous year 0-100 km from NTZ boundary (from a cumulative graph),Catch,Target species as a group,NA,NA,NA,All game fish,Number of trophy catches,NA,NTZ,Marino Ballena National Park,Yes,NA,4,1975,0,NA,NA,Yes,NA,
234,Number of new trophy catches since previous year 0-100 km from NTZ boundary (from a cumulative graph),Catch,Target species as a group,NA,NA,NA,All game fish,Number of trophy catches,NA,NTZ,Marino Ballena National Park,Yes,NA,5,1980,0,NA,NA,Yes,NA,
234,Number of new trophy catches since previous year 0-100 km from NTZ boundary (from a cumulative graph),Catch,Target species as a group,NA,NA,NA,All game species,Number of trophy catches,NA,NTZ,Marino Ballena National Park,Yes,NA,1,1985,1,NA,NA,Yes,NA,
234,Number of new trophy catches since previous year 0-100 km from NTZ boundary (from a cumulative graph),Catch,Target species as a group,NA,NA,NA,All game species,Number of trophy catches,NA,NTZ,Marino Ballena National Park,Yes,NA,2,1990,12,NA,NA,Yes,NA,
234,Number of new trophy catches since previous year 0-100 km from NTZ boundary (from a cumulative graph),Catch,Target species as a group,NA,NA,NA,All game species,Number of trophy catches,NA,NTZ,Marino Ballena National Park,Yes,NA,3,1995,29,NA,NA,Yes,NA,
234,Number of new trophy catches since previous year 0-100 km from NTZ boundary (from a cumulative graph),Catch,Target species as a group,NA,NA,NA,All game species,Number of trophy catches,NA,NTZ,Marino Ballena National Park,Yes,NA,4,2000,49,NA,NA,Yes,NA,
234,Number of new trophy catches since previous year 0-100 km from NTZ boundary (from a cumulative graph),Catch,Target species as a group,NA,NA,NA,All game species,Number of trophy catches,NA,NTZ,Marino Ballena National Park,Yes,NA,5,2005,94,NA,NA,Yes,NA,
234,Number of new trophy catches since previous year 0-100 km from NTZ boundary (from a cumulative graph),Catch,Target species as a group,NA,NA,NA,All game fish,Number of trophy catches,NA,NTZ,Marino Ballena National Park,Yes,NA,1,2010,139,NA,NA,Yes,NA,
234,Number of new trophy catches since previous year 0-100 km from NTZ boundary (from a cumulative graph),Catch,Target species as a group,NA,NA,NA,All game fish,Number of trophy catches,NA,NTZ,Marino Ballena National Park,Yes,NA,2,2015,28,NA,NA,Yes,NA,
234,Number of new trophy catches since previous year 0-100 km from NTZ boundary (from a cumulative graph),Catch,Target species as a group,NA,NA,NA,All game fish,Number of trophy catches,NA,NTZ,Marino Ballena National Park,Yes,NA,3,2020,4,NA,NA,Yes,NA,
234,Number of new trophy catches since previous year 0-100 km from NTZ boundary (from a cumulative graph),Catch,Target species as a group,NA,NA,NA,All game fish,Number of trophy catches,NA,NTZ,Marino Ballena National Park,Yes,NA,4,NA,NA,NA,NA,Yes,NA,
234,Number of new trophy catches since previous year 0-100 km from NTZ boundary (from a cumulative graph),Catch,Target species as a group,NA,NA,NA,All game fish,Number of trophy catches,NA,NTZ,Marino Ballena National Park,Yes,NA,5,NA,NA,NA,NA,Yes,NA,
234,Number of new trophy catches since previous year 100-200 km from NTZ boundary (from a cumulative graph),Catch,Target species as a group,NA,NA,NA,All game fish,Number of trophy catches,NA,NTZ,Marino Ballena National Park,Yes,NA,1,1960,0,NA,NA,Yes,NA,
234,Number of new trophy catches since previous year 100-200 km from NTZ boundary (from a cumulative graph),Catch,Target species as a group,NA,NA,NA,All game fish,Number of trophy catches,NA,NTZ,Marino Ballena National Park,Yes,NA,2,1965,0,NA,NA,Yes,NA,
234,Number of new trophy catches since previous year 100-200 km from NTZ boundary (from a cumulative graph),Catch,Target species as a group,NA,NA,NA,All game fish,Number of trophy catches,NA,NTZ,Marino Ballena National Park,Yes,NA,3,1970,0,NA,NA,Yes,NA,
234,Number of new trophy catches since previous year 100-200 km from NTZ boundary (from a cumulative graph),Catch,Target species as a group,NA,NA,NA,All game fish,Number of trophy catches,NA,NTZ,Marino Ballena National Park,Yes,NA,4,1975,0,NA,NA,Yes,NA,
234,Number of new trophy catches since previous year 100-200 km from NTZ boundary (from a cumulative graph),Catch,Target species as a group,NA,NA,NA,All game fish,Number of trophy catches,NA,NTZ,Marino Ballena National Park,Yes,NA,5,1980,10,NA,NA,Yes,NA,
234,Number of new trophy catches since previous year 100-200 km from NTZ boundary (from a cumulative graph),Catch,Target species as a group,NA,NA,NA,All game fish,Number of trophy catches,NA,NTZ,Marino Ballena National Park,Yes,NA,1,1985,0,NA,NA,Yes,NA,
234,Number of new trophy catches since previous year 100-200 km from NTZ boundary (from a cumulative graph),Catch,Target species as a group,NA,NA,NA,All game fish,Number of trophy catches,NA,NTZ,Marino Ballena National Park,Yes,NA,2,1990,17,NA,NA,Yes,NA,
234,Number of new trophy catches since previous year 100-200 km from NTZ boundary (from a cumulative graph),Catch,Target species as a group,NA,NA,NA,All game fish,Number of trophy catches,NA,NTZ,Marino Ballena National Park,Yes,NA,3,1995,2,NA,NA,Yes,NA,
234,Number of new trophy catches since previous year 100-200 km from NTZ boundary (from a cumulative graph),Catch,Target species as a group,NA,NA,NA,All game fish,Number of trophy catches,NA,NTZ,Marino Ballena National Park,Yes,NA,4,2000,0,NA,NA,Yes,NA,
234,Number of new trophy catches since previous year 100-200 km from NTZ boundary (from a cumulative graph),Catch,Target species as a group,NA,NA,NA,All game fish,Number of trophy catches,NA,NTZ,Marino Ballena National Park,Yes,NA,5,2005,16,NA,NA,Yes,NA,
234,Number of new trophy catches since previous year 100-200 km from NTZ boundary (from a cumulative graph),Catch,Target species as a group,NA,NA,NA,All game fish,Number of trophy fish,NA,NTZ,Marino Balleno National Park,Yes,NA,1,2010,17,NA,NA,Yes,NA,
234,Number of new trophy catches since previous year 100-200 km from NTZ boundary (from a cumulative graph),Catch,Target species as a group,NA,NA,NA,All game fish,Number of trophy fish,NA,NTZ,Marino Balleno National Park,Yes,NA,2,2015,13,NA,NA,Yes,NA,
234,Number of new trophy catches since previous year 100-200 km from NTZ boundary (from a cumulative graph),Catch,Target species as a group,NA,NA,NA,All game fish,Number of trophy fish,NA,NTZ,Marino Balleno National Park,Yes,NA,3,2020,4,NA,NA,Yes,NA,
234,Number of new trophy catches since previous year 100-200 km from NTZ boundary (from a cumulative graph),Catch,Target species as a group,NA,NA,NA,All game fish,Number of trophy fish,NA,NTZ,Marino Balleno National Park,Yes,NA,4,NA,NA,NA,NA,Yes,NA,
234,Number of new trophy catches since previous year 100-200 km from NTZ boundary (from a cumulative graph),Catch,Target species as a group,NA,NA,NA,All game fish,Number of trophy fish,NA,NTZ,Marino Balleno National Park,Yes,NA,5,NA,NA,NA,NA,Yes,NA,
267,Pre-MPA establishment - results from model fit to the data,Catch,Target species as a group,NA,NA,NA,Trawl catch,Catch per unit effort (CPUE),Unknown,PPO,Auckland Islands Marine Mammal Sanctuary,CPUE <50km from MPA boundary before implementation,kg/km2,1,-36 months,7475,15719,3518,No,NA,
267,Pre-MPA establishment - results from model fit to the data,Catch,Target species as a group,NA,NA,NA,Trawl catch,Catch per unit effort (CPUE),Unknown,PPO,Auckland Islands Marine Mammal Sanctuary,CPUE <50km from MPA boundary before implementation,kg/km2,2,-24 months,4611,7055,2939,No,NA,
267,Pre-MPA establishment - results from model fit to the data,Catch,Target species as a group,NA,NA,NA,Trawl catch,Catch per unit effort (CPUE),Unknown,PPO,Auckland Islands Marine Mammal Sanctuary,CPUE <50km from MPA boundary before implementation,kg/km2,3,-12 months,2803,4182,1823,No,NA,
267,Pre-MPA establishment - results from model fit to the data,Catch,Target species as a group,NA,NA,NA,Trawl catch,Catch per unit effort (CPUE),Unknown,PPO,Auckland Islands Marine Mammal Sanctuary,CPUE <50km from MPA boundary before implementation,kg/km2,4,-1 month,1776,3402,877,No,NA,
267,Pre-MPA establishment - results from model fit to the data,Catch,Target species as a group,NA,NA,NA,Trawl catch,Catch per unit effort (CPUE),Unknown,PPO,Auckland Islands Marine Mammal Sanctuary,CPUE <50km from MPA boundary before implementation,kg/km2,5,NA,NA,NA,NA,No,NA,
267,Post-MPA establishment - results from model fit to the data,Catch,Target species as a group,NA,NA,NA,Trawl catch,Catch per unit effort (CPUE),Unknown,PPO,Auckland Islands Marine Mammal Reserve,CPUE <50km from MPA boundary after implementation,kg/km2,1,0 months,4589,11535,1765,No,NA,
267,Post-MPA establishment - results from model fit to the data,Catch,Target species as a group,NA,NA,NA,Trawl catch,Catch per unit effort (CPUE),Unknown,PPO,Auckland Islands Marine Mammal Reserve,CPUE <50km from MPA boundary after implementation,kg/km2,2,12 months,4179,7377,2343,No,NA,
267,Post-MPA establishment - results from model fit to the data,Catch,Target species as a group,NA,NA,NA,Trawl catch,Catch per unit effort (CPUE),Unknown,PPO,Auckland Islands Marine Mammal Reserve,CPUE <50km from MPA boundary after implementation,kg/km2,3,24 months,3799,6084,2340,No,NA,
267,Post-MPA establishment - results from model fit to the data,Catch,Target species as a group,NA,NA,NA,Trawl catch,Catch per unit effort (CPUE),Unknown,PPO,Auckland Islands Marine Mammal Reserve,CPUE <50km from MPA boundary after implementation,kg/km2,4,36 months,3460,7343,1608,No,NA,
267,Post-MPA establishment - results from model fit to the data,Catch,Target species as a group,NA,NA,NA,Trawl catch,Catch per unit effort (CPUE),Unknown,PPO,Auckland Islands Marine Mammal Reserve,CPUE <50km from MPA boundary after implementation,kg/km2,5,NA,NA,NA,NA,No,NA,
267,Pre-MPA establishment - results from model fit to the data,Catch,Target species as a group,NA,NA,NA,Trawl catch,Catch per unit effort (CPUE),Unknown,NTZ,Auckland Islands Marine Reserve,CPUE <50km from MPA boundary before implementation,kg/km2,1,-84 months,2439,5315,1197,No,NA,
267,Pre-MPA establishment - results from model fit to the data,Catch,Target species as a group,NA,NA,NA,Trawl catch,Catch per unit effort (CPUE),Unknown,NTZ,Auckland Islands Marine Reserve,CPUE <50km from MPA boundary before implementation,kg/km2,2,-60 months,2726,4345,1669,No,NA,
267,Pre-MPA establishment - results from model fit to the data,Catch,Target species as a group,NA,NA,NA,Trawl catch,Catch per unit effort (CPUE),Unknown,NTZ,Auckland Islands Marine Reserve,CPUE <50km from MPA boundary before implementation,kg/km2,3,-36 months,2919,4420,1908,No,NA,
267,Pre-MPA establishment - results from model fit to the data,Catch,Target species as a group,NA,NA,NA,Trawl catch,Catch per unit effort (CPUE),Unknown,NTZ,Auckland Islands Marine Reserve,CPUE <50km from MPA boundary before implementation,kg/km2,4,-12 months,3126,6230,1607,No,NA,
267,Pre-MPA establishment - results from model fit to the data,Catch,Target species as a group,NA,NA,NA,Trawl catch,Catch per unit effort (CPUE),Unknown,NTZ,Auckland Islands Marine Reserve,CPUE <50km from MPA boundary before implementation,kg/km2,5,NA,NA,NA,NA,No,NA,
267,Post-MPA establishment - results from model fit to the data,Catch,Target species as a group,NA,NA,NA,Trawl catch,Catch per unit effort (CPUE),Unknown,NTZ,Auckland Islands Marine Reserve,CPUE <50km from MPA boundary after implementation,kg/km2,1,2 months,8529,11815,6190,No,NA,
267,Post-MPA establishment - results from model fit to the data,Catch,Target species as a group,NA,NA,NA,Trawl catch,Catch per unit effort (CPUE),Unknown,NTZ,Auckland Islands Marine Reserve,CPUE <50km from MPA boundary after implementation,kg/km2,2,12 months,8752,11450,6822,No,NA,
267,Post-MPA establishment - results from model fit to the data,Catch,Target species as a group,NA,NA,NA,Trawl catch,Catch per unit effort (CPUE),Unknown,NTZ,Auckland Islands Marine Reserve,CPUE <50km from MPA boundary after implementation,kg/km2,3,36 months,9383,11194,7898,No,NA,
267,Post-MPA establishment - results from model fit to the data,Catch,Target species as a group,NA,NA,NA,Trawl catch,Catch per unit effort (CPUE),Unknown,NTZ,Auckland Islands Marine Reserve,CPUE <50km from MPA boundary after implementation,kg/km2,4,60 months,10045,12702,7986,No,NA,
267,Post-MPA establishment - results from model fit to the data,Catch,Target species as a group,NA,NA,NA,Trawl catch,Catch per unit effort (CPUE),Unknown,NTZ,Auckland Islands Marine Reserve,CPUE <50km from MPA boundary after implementation,kg/km2,5,76,10483,14503,7610,No,NA,
267,Pre-MPA establishment - results from model fit to the data,Catch,Target species as a group,NA,NA,NA,Trawl Species,Catch per unit effort (CPUE),Unknown,PPG,Bounty Islands Benthic Protection Area,CPUE <50km from MPA boundary after implementation,kg/km2,1,-74 months,40991,91167,18207,No,NA,
267,Pre-MPA establishment - results from model fit to the data,Catch,Target species as a group,NA,NA,NA,Trawl Species,Catch per unit effort (CPUE),Unknown,PPG,Bounty Islands Benthic Protection Area,CPUE <50km from MPA boundary after implementation,kg/km2,2,-60 months,40359,72739,22377,No,NA,
267,Pre-MPA establishment - results from model fit to the data,Catch,Target species as a group,NA,NA,NA,Trawl Species,Catch per unit effort (CPUE),Unknown,PPG,Bounty Islands Benthic Protection Area,CPUE <50km from MPA boundary after implementation,kg/km2,3,-36 months,39272,58294,27026,No,NA,
267,Pre-MPA establishment - results from model fit to the data,Catch,Target species as a group,NA,NA,NA,Trawl Species,Catch per unit effort (CPUE),Unknown,PPG,Bounty Islands Benthic Protection Area,CPUE <50km from MPA boundary after implementation,kg/km2,4,-12 months,38199,69248,21342,No,NA,
267,Pre-MPA establishment - results from model fit to the data,Catch,Target species as a group,NA,NA,NA,Trawl Species,Catch per unit effort (CPUE),Unknown,PPG,Bounty Islands Benthic Protection Area,CPUE <50km from MPA boundary after implementation,kg/km2,5,-1,37812,79157,17957,No,NA,
267,Post-MPA establishment - results from model fit to the data,Catch,Target species as a group,NA,NA,NA,Trawl catch,Catch per unit effort (CPUE),Unknown,PPG,Bounty Islands Benthic Protected Area,CPUE <50km from MPA boundary after implementation,kg/km2,1,10 months,33099,19623,56796,No,NA,
267,Post-MPA establishment - results from model fit to the data,Catch,Target species as a group,NA,NA,NA,Trawl catch,Catch per unit effort (CPUE),Unknown,PPG,Bounty Islands Benthic Protected Area,CPUE <50km from MPA boundary after implementation,kg/km2,2,36 months,35587,26837,47828,No,NA,
267,Post-MPA establishment - results from model fit to the data,Catch,Target species as a group,NA,NA,NA,Trawl catch,Catch per unit effort (CPUE),Unknown,PPG,Bounty Islands Benthic Protected Area,CPUE <50km from MPA boundary after implementation,kg/km2,3,60 months,38100,25741,57266,No,NA,
267,Post-MPA establishment - results from model fit to the data,Catch,Target species as a group,NA,NA,NA,Trawl catch,Catch per unit effort (CPUE),Unknown,PPG,Bounty Islands Benthic Protected Area,CPUE <50km from MPA boundary after implementation,kg/km2,4,84 months,41040,20615,80184,No,NA,
267,Post-MPA establishment - results from model fit to the data,Catch,Target species as a group,NA,NA,NA,Trawl catch,Catch per unit effort (CPUE),Unknown,PPG,Bounty Islands Benthic Protected Area,CPUE <50km from MPA boundary after implementation,kg/km2,5,NA,NA,NA,NA,No,NA,
267,Pre-MPA establishment - results from model fit to the data,Catch,Target species as a group,NA,NA,NA,Trawl species,Catch per unit effort (CPUE),Unknown,PPG,Mid-Chatham Rise Benthic Protected Area,CPUE <50km from MPA boundary after implementation,kg/km2,1,-82 months,5491,6825,4525,No,NA,
267,Pre-MPA establishment - results from model fit to the data,Catch,Target species as a group,NA,NA,NA,Trawl species,Catch per unit effort (CPUE),Unknown,PPG,Mid-Chatham Rise Benthic Protected Area,CPUE <50km from MPA boundary after implementation,kg/km2,2,-60 months,5827,6642,5133,No,NA,
267,Pre-MPA establishment - results from model fit to the data,Catch,Target species as a group,NA,NA,NA,Trawl species,Catch per unit effort (CPUE),Unknown,PPG,Mid-Chatham Rise Benthic Protected Area,CPUE <50km from MPA boundary after implementation,kg/km2,3,-36 months,6198,6964,5522,No,NA,
267,Pre-MPA establishment - results from model fit to the data,Catch,Target species as a group,NA,NA,NA,Trawl species,Catch per unit effort (CPUE),Unknown,PPG,Mid-Chatham Rise Benthic Protected Area,CPUE <50km from MPA boundary after implementation,kg/km2,4,-8 months,6578,8083,5396,No,NA,
267,Pre-MPA establishment - results from model fit to the data,Catch,Target species as a group,NA,NA,NA,Trawl species,Catch per unit effort (CPUE),Unknown,PPG,Mid-Chatham Rise Benthic Protected Area,CPUE <50km from MPA boundary after implementation,kg/km2,5,NA,NA,NA,NA,No,NA,
267,Post-MPA establishment - results from model fit to the data,Catch,Target species as a group,NA,NA,NA,Trawl species,Catch per unit effort (CPUE),Unknown,PPG,Mid-Chatham Rise Benthic Protected Area,CPUE <50km from MPA boundary after implementation,kg/km2,1,2 months,5611,7568,4220,No,NA,
267,Post-MPA establishment - results from model fit to the data,Catch,Target species as a group,NA,NA,NA,Trawl species,Catch per unit effort (CPUE),Unknown,PPG,Mid-Chatham Rise Benthic Protected Area,CPUE <50km from MPA boundary after implementation,kg/km2,2,12 months,5977,7607,4753,No,NA,
267,Post-MPA establishment - results from model fit to the data,Catch,Target species as a group,NA,NA,NA,Trawl species,Catch per unit effort (CPUE),Unknown,PPG,Mid-Chatham Rise Benthic Protected Area,CPUE <50km from MPA boundary after implementation,kg/km2,3,36 months,6897,8165,5931,No,NA,
267,Post-MPA establishment - results from model fit to the data,Catch,Target species as a group,NA,NA,NA,Trawl species,Catch per unit effort (CPUE),Unknown,PPG,Mid-Chatham Rise Benthic Protected Area,CPUE <50km from MPA boundary after implementation,kg/km2,4,60 months,8008,9893,6510,No,NA,
267,Post-MPA establishment - results from model fit to the data,Catch,Target species as a group,NA,NA,NA,Trawl species,Catch per unit effort (CPUE),Unknown,PPG,Mid-Chatham Rise Benthic Protected Area,CPUE <50km from MPA boundary after implementation,kg/km2,5,76 months,8806,11766,6614,No,NA,
267,Pre-MPA establishment - results from model fit to the data,Catch,Target species as a group,NA,NA,NA,Trawl species,Catch per unit effort (CPUE),Unknown,PPG,Diamond Head Closed Seamount Area,CPUE <50km from MPA boundary after implementation,kg/km2,1,-80 months,68460,101121,46825,No,NA,
267,Pre-MPA establishment - results from model fit to the data,Catch,Target species as a group,NA,NA,NA,Trawl species,Catch per unit effort (CPUE),Unknown,PPG,Diamond Head Closed Seamount Area,CPUE <50km from MPA boundary after implementation,kg/km2,2,-60 months,63725,82368,49740,No,NA,
267,Pre-MPA establishment - results from model fit to the data,Catch,Target species as a group,NA,NA,NA,Trawl species,Catch per unit effort (CPUE),Unknown,PPG,Diamond Head Closed Seamount Area,CPUE <50km from MPA boundary after implementation,kg/km2,3,-36 months,58726,73322,47207,No,NA,
267,Pre-MPA establishment - results from model fit to the data,Catch,Target species as a group,NA,NA,NA,Trawl species,Catch per unit effort (CPUE),Unknown,PPG,Diamond Head Closed Seamount Area,CPUE <50km from MPA boundary after implementation,kg/km2,4,-12,53828,78365,38270,No,NA,
267,Pre-MPA establishment - results from model fit to the data,Catch,Target species as a group,NA,NA,NA,Trawl species,Catch per unit effort (CPUE),Unknown,PPG,Diamond Head Closed Seamount Area,CPUE <50km from MPA boundary after implementation,kg/km2,5,NA,NA,NA,NA,No,NA,
267,Post-MPA establishment - results from model fit to the data,Catch,Target species as a group,NA,NA,NA,Trawl species,Catch per unit effort (CPUE),Unknown,PPG,Diamond Head Closed Seamount Area,CPUE <50km from MPA boundary after implementation,kg/km2,1,3 months,91239,112629,73534,No,NA,
267,Post-MPA establishment - results from model fit to the data,Catch,Target species as a group,NA,NA,NA,Trawl species,Catch per unit effort (CPUE),Unknown,PPG,Diamond Head Closed Seamount Area,CPUE <50km from MPA boundary after implementation,kg/km2,2,12 months,89273,106615,74805,No,NA,
267,Post-MPA establishment - results from model fit to the data,Catch,Target species as a group,NA,NA,NA,Trawl species,Catch per unit effort (CPUE),Unknown,PPG,Diamond Head Closed Seamount Area,CPUE <50km from MPA boundary after implementation,kg/km2,3,36 months,84687,94906,75191,No,NA,
267,Post-MPA establishment - results from model fit to the data,Catch,Target species as a group,NA,NA,NA,Trawl species,Catch per unit effort (CPUE),Unknown,PPG,Diamond Head Closed Seamount Area,CPUE <50km from MPA boundary after implementation,kg/km2,4,60 months,79838,92966,68590,No,NA,
267,Post-MPA establishment - results from model fit to the data,Catch,Target species as a group,NA,NA,NA,Trawl species,Catch per unit effort (CPUE),Unknown,PPG,Diamond Head Closed Seamount Area,CPUE <50km from MPA boundary after implementation,kg/km2,5,78 months,76788,94815,61997,No,NA,
304,"biomass inside reserve,  years of protection 1-9, Fig2a)",Transect count,Individual species,Acanthuridae,Naso,Naso vlamingii,NA,Biomass,NA,NTZ,Apo Island Marine Reserve,"Open to traditional fishing methods, non-destructive to the benthos since 1986",Mean Biomass (KG/1000 m2),1,1,8.77,NA,NA,Yes,Naso Naso vlamingii,
304,"biomass inside reserve,  years of protection 1-9, Fig2a)",Transect count,Individual species,Acanthuridae,Naso,Naso vlamingii,NA,Biomass,NA,NTZ,Apo Island Marine Reserve,"Open to traditional fishing methods, non-destructive to the benthos since 1986",Mean Biomass (KG/1000 m2),2,3,9.97,NA,NA,Yes,Naso Naso vlamingii,
304,"biomass inside reserve,  years of protection 1-9, Fig2a)",Transect count,Individual species,Acanthuridae,Naso,Naso vlamingii,NA,Biomass,NA,NTZ,Apo Island Marine Reserve,"Open to traditional fishing methods, non-destructive to the benthos since 1986",Mean Biomass (KG/1000 m2),3,6,12.27,NA,NA,Yes,Naso Naso vlamingii,
304,"biomass inside reserve,  years of protection 1-9, Fig2a)",Transect count,Individual species,Acanthuridae,Naso,Naso vlamingii,NA,Biomass,NA,NTZ,Apo Island Marine Reserve,"Open to traditional fishing methods, non-destructive to the benthos since 1986",Mean Biomass (KG/1000 m2),4,8,18.19,NA,NA,Yes,Naso Naso vlamingii,
304,"biomass inside reserve,  years of protection 1-9, Fig2a)",Transect count,Individual species,Acanthuridae,Naso,Naso vlamingii,NA,Biomass,NA,NTZ,Apo Island Marine Reserve,"Open to traditional fishing methods, non-destructive to the benthos since 1986",Mean Biomass (KG/1000 m2),5,9,17.97,NA,NA,Yes,Naso Naso vlamingii,
367,"Apo Island inside, years 0-15, Fig. 2a (filled triangles)",Transect count,Functional group,NA,NA,NA,"Large predatory reef fish (Serranidae, Lutjanidae, Lethrinidae) ",Species richness (number of species per 1000 m²),NA,NTZ,Apo Island Marine Reserve ,Yes,No. species/1000m2,1,0 years of protection,0.99,NA,NA,No,NA,
367,"Apo Island inside, years 0-15, Fig. 2a (filled triangles)",Transect count,Functional group,NA,NA,NA,"Large predatory reef fish (Serranidae, Lutjanidae, Lethrinidae) ",Species richness (number of species per 1000 m²),NA,NTZ,Apo Island Marine Reserve ,Yes,No. species/1000m2,2,5 years of protection,2.22,NA,NA,No,NA,
367,"Apo Island inside, years 0-15, Fig. 2a (filled triangles)",Transect count,Functional group,NA,NA,NA,"Large predatory reef fish (Serranidae, Lutjanidae, Lethrinidae) ",Species richness (number of species per 1000 m²),NA,NTZ,Apo Island Marine Reserve ,Yes,No. species/1000m2,3,10 years of protection,3.53,NA,NA,No,NA,
367,"Apo Island inside, years 0-15, Fig. 2a (filled triangles)",Transect count,Functional group,NA,NA,NA,"Large predatory reef fish (Serranidae, Lutjanidae, Lethrinidae) ",Species richness (number of species per 1000 m²),NA,NTZ,Apo Island Marine Reserve ,Yes,No. species/1000m2,4,12 years of protection,4.18,NA,NA,Yes,NA,
367,"Apo Island inside, years 0-15, Fig. 2a (filled triangles)",Transect count,Functional group,NA,NA,NA,"Large predatory reef fish (Serranidae, Lutjanidae, Lethrinidae) ",Species richness (number of species per 1000 m²),NA,NTZ,Apo Island Marine Reserve ,Yes,No. species/1000m2,5,15 years of protection,4.84,NA,NA,Yes,NA,
367,"Sumilon reserve, inside, years -3-14",Transect count,Functional group,NA,NA,NA,"Large predatory reef fish (Serranidae, Lutjanidae, Lethrinidae) ",Species richness (number of species per 1000 m²),NA,NTZ,Sumilon Marine Reserve,Yes,No. species/1000m2,1,- 3 years of protection,2.16,NA,NA,No,NA,
367,"Sumilon reserve, inside, years -3-14",Transect count,Functional group,NA,NA,NA,"Large predatory reef fish (Serranidae, Lutjanidae, Lethrinidae) ",Species richness (number of species per 1000 m²),NA,NTZ,Sumilon Marine Reserve,Yes,No. species/1000m2,2,0 years of protection,3.02,NA,NA,No,NA,
367,"Sumilon reserve, inside, years -3-14",Transect count,Functional group,NA,NA,NA,"Large predatory reef fish (Serranidae, Lutjanidae, Lethrinidae) ",Species richness (number of species per 1000 m²),NA,NTZ,Sumilon Marine Reserve,Yes,No. species/1000m2,3,5 years of protection,4.53,NA,NA,No,NA,
367,"Sumilon reserve, inside, years -3-14",Transect count,Functional group,NA,NA,NA,"Large predatory reef fish (Serranidae, Lutjanidae, Lethrinidae) ",Species richness (number of species per 1000 m²),NA,NTZ,Sumilon Marine Reserve,Yes,No. species/1000m2,4,10 years of protection,6.01,NA,NA,No,NA,
367,"Sumilon reserve, inside, years -3-14",Transect count,Functional group,NA,NA,NA,"Large predatory reef fish (Serranidae, Lutjanidae, Lethrinidae) ",Species richness (number of species per 1000 m²),NA,NTZ,Sumilon Marine Reserve,Yes,No. species/1000m2,5,13 years of protection,7.45,NA,NA,No,NA,
367,"Sumilon reserve, outside, years -3-14",Transect count,Functional group,NA,NA,NA,"Large predatory reef fish (Serranidae, Lutjanidae, Lethrinidae) ",Species richness (number of species per 1000 m²),NA,NTZ,Sumilon Marine Reserve,Yes,No. species/1000m2,1,-3 years of protection,2.22,NA,NA,No,NA,
367,"Sumilon reserve, outside, years -3-14",Transect count,Functional group,NA,NA,NA,"Large predatory reef fish (Serranidae, Lutjanidae, Lethrinidae) ",Species richness (number of species per 1000 m²),NA,NTZ,Sumilon Marine Reserve,Yes,No. species/1000m2,2,0 years of protection,2.19,NA,NA,No,NA,
367,"Sumilon reserve, outside, years -3-14",Transect count,Functional group,NA,NA,NA,"Large predatory reef fish (Serranidae, Lutjanidae, Lethrinidae) ",Species richness (number of species per 1000 m²),NA,NTZ,Sumilon Marine Reserve,Yes,No. species/1000m2,3,5 years of protection,2.14,NA,NA,No,NA,
367,"Sumilon reserve, outside, years -3-14",Transect count,Functional group,NA,NA,NA,"Large predatory reef fish (Serranidae, Lutjanidae, Lethrinidae) ",Species richness (number of species per 1000 m²),NA,NTZ,Sumilon Marine Reserve,Yes,No. species/1000m2,4,10 years of protection,2.11,NA,NA,No,NA,
367,"Sumilon reserve, outside, years -3-14",Transect count,Functional group,NA,NA,NA,"Large predatory reef fish (Serranidae, Lutjanidae, Lethrinidae) ",Species richness (number of species per 1000 m²),NA,NTZ,Sumilon Marine Reserve,Yes,No. species/1000m2,5,14 years of protection,2.08,NA,NA,No,NA,
399,"Non-harvested, Fore reef, Inside MPA",Transect count,Functional group,NA,NA,NA,non-harvested fish,Biomass,Standard deviation,NTZ,Moorea Marine Protected Area Network,Control sites open to fishing but subject to general restrictions such as species size regulation,kg/50m2,1,2004,3.83,5.6,2.4,No,NA,
399,"Non-harvested, Fore reef, Inside MPA",Transect count,Functional group,NA,NA,NA,non-harvested fish,Biomass,Standard deviation,NTZ,Moorea Marine Protected Area Network,Control sites open to fishing but subject to general restrictions such as species size regulation,kg/50m2,2,2006,3.23,NA,1.6,No,NA,
399,"Non-harvested, Fore reef, Inside MPA",Transect count,Functional group,NA,NA,NA,non-harvested fish,Biomass,Standard deviation,NTZ,Moorea Marine Protected Area Network,Control sites open to fishing but subject to general restrictions such as species size regulation,kg/50m2,3,2007,5.63,6.1,2.1,No,NA,
399,"Non-harvested, Fore reef, Inside MPA",Transect count,Functional group,NA,NA,NA,non-harvested fish,Biomass,Standard deviation,NTZ,Moorea Marine Protected Area Network,Control sites open to fishing but subject to general restrictions such as species size regulation,kg/50m2,4,2010,7.07,9.3,1.9,No,NA,
399,"Non-harvested, Fore reef, Inside MPA",Transect count,Functional group,NA,NA,NA,non-harvested fish,Biomass,Standard deviation,NTZ,Moorea Marine Protected Area Network,Control sites open to fishing but subject to general restrictions such as species size regulation,kg/50m2,5,2014,3.35,4.34,1.8,No,NA,
399,"Non-harvested, fore reef, outside (control area)",Transect count,Functional group,NA,NA,NA,Non-harvested fish,Biomass,Standard deviation,NTZ,Moorea Marine Protected Area Network,Control sites open to fishing but subject to general restrictions such as species size regulation,kg/50m2,1,2004,3.83,4.46,2.3,No,NA,
399,"Non-harvested, fore reef, outside (control area)",Transect count,Functional group,NA,NA,NA,Non-harvested fish,Biomass,Standard deviation,NTZ,Moorea Marine Protected Area Network,Control sites open to fishing but subject to general restrictions such as species size regulation,kg/50m2,2,2006,2.34,4.3,2.34,No,NA,
399,"Non-harvested, fore reef, outside (control area)",Transect count,Functional group,NA,NA,NA,Non-harvested fish,Biomass,Standard deviation,NTZ,Moorea Marine Protected Area Network,Control sites open to fishing but subject to general restrictions such as species size regulation,kg/50m2,3,2008,3.47,6.07,2.18,No,NA,
399,"Non-harvested, fore reef, outside (control area)",Transect count,Functional group,NA,NA,NA,Non-harvested fish,Biomass,Standard deviation,NTZ,Moorea Marine Protected Area Network,Control sites open to fishing but subject to general restrictions such as species size regulation,kg/50m2,4,2010,5.99,11.8,1.4,No,NA,
399,"Non-harvested, fore reef, outside (control area)",Transect count,Functional group,NA,NA,NA,Non-harvested fish,Biomass,Standard deviation,NTZ,Moorea Marine Protected Area Network,Control sites open to fishing but subject to general restrictions such as species size regulation,kg/50m2,5,2014,3.05,4.6,1.89,No,NA,
399,"Non-harvested, lagoon, inside (MPA)",Transect count,Functional group,NA,NA,NA,Non-harvested fish,Biomass,Standard deviation,NTZ,Moorea Marine Protected Area Network,Control sites open to fishing but subject to general restrictions such as species size regulation,kg/50m2,1,2005,0.9,1.26,0.36,No,NA,
399,"Non-harvested, lagoon, inside (MPA)",Transect count,Functional group,NA,NA,NA,Non-harvested fish,Biomass,Standard deviation,NTZ,Moorea Marine Protected Area Network,Control sites open to fishing but subject to general restrictions such as species size regulation,kg/50m2,2,2006,2.04,3.89,0.36,No,NA,
399,"Non-harvested, lagoon, inside (MPA)",Transect count,Functional group,NA,NA,NA,Non-harvested fish,Biomass,Standard deviation,NTZ,Moorea Marine Protected Area Network,Control sites open to fishing but subject to general restrictions such as species size regulation,kg/50m2,3,2008,0.6,1.2,0.36,No,NA,
399,"Non-harvested, lagoon, inside (MPA)",Transect count,Functional group,NA,NA,NA,Non-harvested fish,Biomass,Standard deviation,NTZ,Moorea Marine Protected Area Network,Control sites open to fishing but subject to general restrictions such as species size regulation,kg/50m2,4,2011,1.26,2.46,0.3,No,NA,
399,"Non-harvested, lagoon, inside (MPA)",Transect count,Functional group,NA,NA,NA,Non-harvested fish,Biomass,Standard deviation,NTZ,Moorea Marine Protected Area Network,Control sites open to fishing but subject to general restrictions such as species size regulation,kg/50m2,5,2014,3.11,5.87,0.72,No,NA,
399,"Non-harvested, lagoon, outside (Control area)",Transect count,Functional group,NA,NA,NA,Non-harvested fish,Biomass,Standard deviation,NTZ,Moorea Marine Protected Area Network,Control sites open to fishing but subject to general restrictions such as species size regulation,kg/50m2,1,2005,0.66,1.02,0.48,No,NA,
399,"Non-harvested, lagoon, outside (Control area)",Transect count,Functional group,NA,NA,NA,Non-harvested fish,Biomass,Standard deviation,NTZ,Moorea Marine Protected Area Network,Control sites open to fishing but subject to general restrictions such as species size regulation,kg/50m2,2,2006,1.74,3.53,0.6,No,NA,
399,"Non-harvested, lagoon, outside (Control area)",Transect count,Functional group,NA,NA,NA,Non-harvested fish,Biomass,Standard deviation,NTZ,Moorea Marine Protected Area Network,Control sites open to fishing but subject to general restrictions such as species size regulation,kg/50m2,3,2008,1.38,2.49,0.45,No,NA,
399,"Non-harvested, lagoon, outside (Control area)",Transect count,Functional group,NA,NA,NA,Non-harvested fish,Biomass,Standard deviation,NTZ,Moorea Marine Protected Area Network,Control sites open to fishing but subject to general restrictions such as species size regulation,kg/50m2,4,2011,1.14,1.83,0.51,No,NA,
399,"Non-harvested, lagoon, outside (Control area)",Transect count,Functional group,NA,NA,NA,Non-harvested fish,Biomass,Standard deviation,NTZ,Moorea Marine Protected Area Network,Control sites open to fishing but subject to general restrictions such as species size regulation,kg/50m2,5,2014,2.57,5.6,1.17,No,NA,
399,"Harvested, lagoon, inside (MPA)",Transect count,Functional group,NA,NA,NA,Harvested fish,Biomass,Standard deviation,NTZ,Moorea Marine Protected Area Network,Control sites open to fishing but subject to general restrictions such as species size regulation,kg/50m2,1,2005,0.34,NA,NA,No,NA,
399,"Harvested, lagoon, inside (MPA)",Transect count,Functional group,NA,NA,NA,Harvested fish,Biomass,Standard deviation,NTZ,Moorea Marine Protected Area Network,Control sites open to fishing but subject to general restrictions such as species size regulation,kg/50m2,2,2006,1.37,3.26,0,No,NA,
399,"Harvested, lagoon, inside (MPA)",Transect count,Functional group,NA,NA,NA,Harvested fish,Biomass,Standard deviation,NTZ,Moorea Marine Protected Area Network,Control sites open to fishing but subject to general restrictions such as species size regulation,kg/50m2,3,2007,1.2,NA,NA,No,NA,
399,"Harvested, lagoon, inside (MPA)",Transect count,Functional group,NA,NA,NA,Harvested fish,Biomass,Standard deviation,NTZ,Moorea Marine Protected Area Network,Control sites open to fishing but subject to general restrictions such as species size regulation,kg/50m2,4,2010,1.37,3.43,0,No,NA,
399,"Harvested, lagoon, inside (MPA)",Transect count,Functional group,NA,NA,NA,Harvested fish,Biomass,Standard deviation,NTZ,Moorea Marine Protected Area Network,Control sites open to fishing but subject to general restrictions such as species size regulation,kg/50m2,5,2015,1.37,3.09,NA,No,NA,
399,"Harvested, lagoon, outside (Control area)",Transect count,Functional group,NA,NA,NA,Harvested fish,Biomass,Standard deviation,NTZ,Moorea Marine Protected Area Network,Control sites open to fishing but subject to general restrictions such as species size regulation,kg/50m2,1,2005,0,NA,NA,No,NA,
399,"Harvested, lagoon, outside (Control area)",Transect count,Functional group,NA,NA,NA,Harvested fish,Biomass,Standard deviation,NTZ,Moorea Marine Protected Area Network,Control sites open to fishing but subject to general restrictions such as species size regulation,kg/50m2,2,2006,0.86,3.4,NA,No,NA,
399,"Harvested, lagoon, outside (Control area)",Transect count,Functional group,NA,NA,NA,Harvested fish,Biomass,Standard deviation,NTZ,Moorea Marine Protected Area Network,Control sites open to fishing but subject to general restrictions such as species size regulation,kg/50m2,3,2007,0,NA,NA,No,NA,
399,"Harvested, lagoon, outside (Control area)",Transect count,Functional group,NA,NA,NA,Harvested fish,Biomass,Standard deviation,NTZ,Moorea Marine Protected Area Network,Control sites open to fishing but subject to general restrictions such as species size regulation,kg/50m2,4,2009,0.69,NA,NA,No,NA,
399,"Harvested, lagoon, outside (Control area)",Transect count,Functional group,NA,NA,NA,Harvested fish,Biomass,Standard deviation,NTZ,Moorea Marine Protected Area Network,Control sites open to fishing but subject to general restrictions such as species size regulation,kg/50m2,5,2015,0.69,2.91,NA,No,NA,
399,"Harvested, fore reef, inside (MPA)",Transect count,Functional group,NA,NA,NA,Harvested fish,Biomass,Standard deviation,NTZ,Moorea Marine Protected Area Network,Control sites open to fishing but subject to general restrictions such as species size regulation,kg/50m2,1,2005,6.86,11.9,1.03,No,NA,
399,"Harvested, fore reef, inside (MPA)",Transect count,Functional group,NA,NA,NA,Harvested fish,Biomass,Standard deviation,NTZ,Moorea Marine Protected Area Network,Control sites open to fishing but subject to general restrictions such as species size regulation,kg/50m2,2,2006,4.8,7.89,1.71,No,NA,
399,"Harvested, fore reef, inside (MPA)",Transect count,Functional group,NA,NA,NA,Harvested fish,Biomass,Standard deviation,NTZ,Moorea Marine Protected Area Network,Control sites open to fishing but subject to general restrictions such as species size regulation,kg/50m2,3,2007,14.6,21.43,6.69,No,NA,
399,"Harvested, fore reef, inside (MPA)",Transect count,Functional group,NA,NA,NA,Harvested fish,Biomass,Standard deviation,NTZ,Moorea Marine Protected Area Network,Control sites open to fishing but subject to general restrictions such as species size regulation,kg/50m2,4,2010,15.08,20.06,8.06,No,NA,
399,"Harvested, fore reef, inside (MPA)",Transect count,Functional group,NA,NA,NA,Harvested fish,Biomass,Standard deviation,NTZ,Moorea Marine Protected Area Network,Control sites open to fishing but subject to general restrictions such as species size regulation,kg/50m2,5,2013,8.4,15.6,1.03,No,NA,
399,"Harvested, fore reef, outside (control area)",Transect count,Functional group,NA,NA,NA,Harvested fish,Biomass,Standard deviation,NTZ,Moorea Marine Protected Area Network,Control sites open to fishing but subject to general restrictions such as species size regulation,kg/50m2,1,2005,8.91,16.29,0.51,No,NA,
399,"Harvested, fore reef, outside (control area)",Transect count,Functional group,NA,NA,NA,Harvested fish,Biomass,Standard deviation,NTZ,Moorea Marine Protected Area Network,Control sites open to fishing but subject to general restrictions such as species size regulation,kg/50m2,2,2006,5.49,8.23,1.2,No,NA,
399,"Harvested, fore reef, outside (control area)",Transect count,Functional group,NA,NA,NA,Harvested fish,Biomass,Standard deviation,NTZ,Moorea Marine Protected Area Network,Control sites open to fishing but subject to general restrictions such as species size regulation,kg/50m2,3,2009,6.17,9.43,2.74,No,NA,
399,"Harvested, fore reef, outside (control area)",Transect count,Functional group,NA,NA,NA,Harvested fish,Biomass,Standard deviation,NTZ,Moorea Marine Protected Area Network,Control sites open to fishing but subject to general restrictions such as species size regulation,kg/50m2,4,2010,15.09,30.86,1.37,No,NA,
399,"Harvested, fore reef, outside (control area)",Transect count,Functional group,NA,NA,NA,Harvested fish,Biomass,Standard deviation,NTZ,Moorea Marine Protected Area Network,Control sites open to fishing but subject to general restrictions such as species size regulation,kg/50m2,5,2013,5.14,9.09,0.69,No,NA,
474,Control Area -Results taken from a plot of a linear mixed effects model,Catch,Individual species,Gobiidae,Gobius,niger,NA,Catch per unit effort (CPUE),Standard error,NTZ,Tvedestrand fjord FPA,Yes,Number of fish per haul,1,Pre-2011,80,160,160,No,Gobius niger,
474,Control Area -Results taken from a plot of a linear mixed effects model,Catch,Individual species,Gobiidae,Gobius,niger,NA,Catch per unit effort (CPUE),Standard error,NTZ,Tvedestrand fjord FPA,Yes,Number of fish per haul,2,2012-2015,250,160,160,No,Gobius niger,
474,Control Area -Results taken from a plot of a linear mixed effects model,Catch,Individual species,Gobiidae,Gobius,niger,NA,Catch per unit effort (CPUE),Standard error,NTZ,Tvedestrand fjord FPA,Yes,Number of fish per haul,3,2016-2021,470,160,160,No,Gobius niger,
474,Control Area -Results taken from a plot of a linear mixed effects model,Catch,Individual species,Gobiidae,Gobius,niger,NA,Catch per unit effort (CPUE),Standard error,NTZ,Tvedestrand fjord FPA,Yes,Number of fish per haul,4,NA,NA,NA,NA,No,Gobius niger,
474,Control Area -Results taken from a plot of a linear mixed effects model,Catch,Individual species,Gobiidae,Gobius,niger,NA,Catch per unit effort (CPUE),Standard error,NTZ,Tvedestrand fjord FPA,Yes,Number of fish per haul,5,NA,NA,NA,NA,No,Gobius niger,
474,Inside FPA - results from plot linear mixed model,Catch,Individual species,Gobiidae,Gobius,niger,NA,Catch per unit effort (CPUE),Standard error,NTZ,Tvedestrand fjord FPA,Yes,Number of fish per haul,1,Pre-2011,-90,200,200,No,Gobius niger,
474,Inside FPA - results from plot linear mixed model,Catch,Individual species,Gobiidae,Gobius,niger,NA,Catch per unit effort (CPUE),Standard error,NTZ,Tvedestrand fjord FPA,Yes,Number of fish per haul,2,2012-2015,80,200,200,No,Gobius niger,
474,Inside FPA - results from plot linear mixed model,Catch,Individual species,Gobiidae,Gobius,niger,NA,Catch per unit effort (CPUE),Standard error,NTZ,Tvedestrand fjord FPA,Yes,Number of fish per haul,3,2016-2021,300,200,200,No,Gobius niger,
474,Inside FPA - results from plot linear mixed model,Catch,Individual species,Gobiidae,Gobius,niger,NA,Catch per unit effort (CPUE),Standard error,NTZ,Tvedestrand fjord FPA,Yes,Number of fish per haul,4,NA,NA,NA,NA,No,Gobius niger,
474,Inside FPA - results from plot linear mixed model,Catch,Individual species,Gobiidae,Gobius,niger,NA,Catch per unit effort (CPUE),Standard error,NTZ,Tvedestrand fjord FPA,Yes,Number of fish per haul,5,NA,NA,NA,NA,No,Gobius niger,
474,Control area - results from plot of linear mixed model,Catch,Individual species,Labridae,Ctenolabrus,rupestris,NA,Catch per unit effort (CPUE),Standard error,NTZ,Tvedestrand fjord FPA,Yes,Number of fish per haul,1,Pre-2011,3.18,1,1,No,Ctenolabrus rupestris,
474,Control area - results from plot of linear mixed model,Catch,Individual species,Labridae,Ctenolabrus,rupestris,NA,Catch per unit effort (CPUE),Standard error,NTZ,Tvedestrand fjord FPA,Yes,Number of fish per haul,2,2012-2015,4.66,1,1,No,Ctenolabrus rupestris,
474,Control area - results from plot of linear mixed model,Catch,Individual species,Labridae,Ctenolabrus,rupestris,NA,Catch per unit effort (CPUE),Standard error,NTZ,Tvedestrand fjord FPA,Yes,Number of fish per haul,3,2016-2021,5.18,1,1,No,Ctenolabrus rupestris,
474,Control area - results from plot of linear mixed model,Catch,Individual species,Labridae,Ctenolabrus,rupestris,NA,Catch per unit effort (CPUE),Standard error,NTZ,Tvedestrand fjord FPA,Yes,Number of fish per haul,4,NA,NA,NA,NA,No,Ctenolabrus rupestris,
474,Control area - results from plot of linear mixed model,Catch,Individual species,Labridae,Ctenolabrus,rupestris,NA,Catch per unit effort (CPUE),Standard error,NTZ,Tvedestrand fjord FPA,Yes,Number of fish per haul,5,NA,NA,NA,NA,No,Ctenolabrus rupestris,
474,Inside FPA - results from plot of linear mixed model,Catch,Individual species,Labridae,Ctenolabrus,rupestris,NA,Catch per unit effort (CPUE),Standard error,NTZ,Tvedestrand fjord FPA,Yes,Number of fish per haul,1,Pre-2011,3.18,1,1,No,Ctenolabrus rupestris,
474,Inside FPA - results from plot of linear mixed model,Catch,Individual species,Labridae,Ctenolabrus,rupestris,NA,Catch per unit effort (CPUE),Standard error,NTZ,Tvedestrand fjord FPA,Yes,Number of fish per haul,2,2012-2015,4.67,1,1,No,Ctenolabrus rupestris,
474,Inside FPA - results from plot of linear mixed model,Catch,Individual species,Labridae,Ctenolabrus,rupestris,NA,Catch per unit effort (CPUE),Standard error,NTZ,Tvedestrand fjord FPA,Yes,Number of fish per haul,3,2016-2021,5.16,1,1,No,Ctenolabrus rupestris,
474,Inside FPA - results from plot of linear mixed model,Catch,Individual species,Labridae,Ctenolabrus,rupestris,NA,Catch per unit effort (CPUE),Standard error,NTZ,Tvedestrand fjord FPA,Yes,Number of fish per haul,4,NA,NA,NA,NA,No,Ctenolabrus rupestris,
474,Inside FPA - results from plot of linear mixed model,Catch,Individual species,Labridae,Ctenolabrus,rupestris,NA,Catch per unit effort (CPUE),Standard error,NTZ,Tvedestrand fjord FPA,Yes,Number of fish per haul,5,NA,NA,NA,NA,No,Ctenolabrus rupestris,
474,Control area - results from plot of linear mixed model,Catch,Individual species,Gadidae,Gadus,morhua,NA,Catch per unit effort (CPUE),Standard error,NTZ,Tvedestrand fjord FPA,Yes,Number of fish per haul,1,Pre-2011,9.48,30,30,No,Gadus morhua,
474,Control area - results from plot of linear mixed model,Catch,Individual species,Gadidae,Gadus,morhua,NA,Catch per unit effort (CPUE),Standard error,NTZ,Tvedestrand fjord FPA,Yes,Number of fish per haul,2,2012-2015,22.28,20,20,No,Gadus morhua,
474,Control area - results from plot of linear mixed model,Catch,Individual species,Gadidae,Gadus,morhua,NA,Catch per unit effort (CPUE),Standard error,NTZ,Tvedestrand fjord FPA,Yes,Number of fish per haul,3,2016-2021,57.18,20,20,No,Gadus morhua,
474,Control area - results from plot of linear mixed model,Catch,Individual species,Gadidae,Gadus,morhua,NA,Catch per unit effort (CPUE),Standard error,NTZ,Tvedestrand fjord FPA,Yes,Number of fish per haul,4,NA,NA,NA,NA,No,Gadus morhua,
474,Control area - results from plot of linear mixed model,Catch,Individual species,Gadidae,Gadus,morhua,NA,Catch per unit effort (CPUE),Standard error,NTZ,Tvedestrand fjord FPA,Yes,Number of fish per haul,5,NA,NA,NA,NA,No,Gadus morhua,
474,Inside FPA - results from plot of linear mixed model,Catch,Individual species,Gadidae,Gadus,morhua,NA,Catch per unit effort (CPUE),Standard error,NTZ,Tvedestrand fjord FPA,Yes,Number of fish per haul,1,Pre-2011,9.44,20,20,No,Gadus morhua,
474,Inside FPA - results from plot of linear mixed model,Catch,Individual species,Gadidae,Gadus,morhua,NA,Catch per unit effort (CPUE),Standard error,NTZ,Tvedestrand fjord FPA,Yes,Number of fish per haul,2,2012-2015,22.36,20,20,No,Gadus morhua,
474,Inside FPA - results from plot of linear mixed model,Catch,Individual species,Gadidae,Gadus,morhua,NA,Catch per unit effort (CPUE),Standard error,NTZ,Tvedestrand fjord FPA,Yes,Number of fish per haul,3,2016-2021,57.39,20,20,No,Gadus morhua,
474,Inside FPA - results from plot of linear mixed model,Catch,Individual species,Gadidae,Gadus,morhua,NA,Catch per unit effort (CPUE),Standard error,NTZ,Tvedestrand fjord FPA,Yes,Number of fish per haul,4,NA,NA,NA,NA,No,Gadus morhua,
474,Inside FPA - results from plot of linear mixed model,Catch,Individual species,Gadidae,Gadus,morhua,NA,Catch per unit effort (CPUE),Standard error,NTZ,Tvedestrand fjord FPA,Yes,Number of fish per haul,5,NA,NA,NA,NA,No,Gadus morhua,
474,Control area - results from plot of linear mixed model,Catch,Individual species,Gasterosteidae,Gasterosteus,aculeatus,NA,Catch per unit effort (CPUE),Standard error,NTZ,Tvedestrand fjord FPA,Yes,Number of fish per haul,1,Pre-2011,308.12,250,250,No,Gasterosteus aculeatus,
474,Control area - results from plot of linear mixed model,Catch,Individual species,Gasterosteidae,Gasterosteus,aculeatus,NA,Catch per unit effort (CPUE),Standard error,NTZ,Tvedestrand fjord FPA,Yes,Number of fish per haul,2,2012-2015,308.26,250,250,No,Gasterosteus aculeatus,
474,Control area - results from plot of linear mixed model,Catch,Individual species,Gasterosteidae,Gasterosteus,aculeatus,NA,Catch per unit effort (CPUE),Standard error,NTZ,Tvedestrand fjord FPA,Yes,Number of fish per haul,3,2016-2021,308.24,205,NA,No,Gasterosteus aculeatus,
474,Control area - results from plot of linear mixed model,Catch,Individual species,Gasterosteidae,Gasterosteus,aculeatus,NA,Catch per unit effort (CPUE),Standard error,NTZ,Tvedestrand fjord FPA,Yes,Number of fish per haul,4,NA,NA,NA,NA,No,Gasterosteus aculeatus,
474,Control area - results from plot of linear mixed model,Catch,Individual species,Gasterosteidae,Gasterosteus,aculeatus,NA,Catch per unit effort (CPUE),Standard error,NTZ,Tvedestrand fjord FPA,Yes,Number of fish per haul,5,NA,NA,NA,NA,No,Gasterosteus aculeatus,
474,Inside FPA - results from plot of linear mixed model,Catch,Individual species,Gasterosteidae,Gasterosteus,aculeatus,NA,Catch per unit effort (CPUE),Standard error,NTZ,Tvedestrand fjord FPA,Yes,Number of fish per haul,1,Pre-2011,308.75,250,250,No,Gasterosteus aculeatus,
474,Inside FPA - results from plot of linear mixed model,Catch,Individual species,Gasterosteidae,Gasterosteus,aculeatus,NA,Catch per unit effort (CPUE),Standard error,NTZ,Tvedestrand fjord FPA,Yes,Number of fish per haul,2,2012-2015,308.67,250,250,No,Gasterosteus aculeatus,
474,Inside FPA - results from plot of linear mixed model,Catch,Individual species,Gasterosteidae,Gasterosteus,aculeatus,NA,Catch per unit effort (CPUE),Standard error,NTZ,Tvedestrand fjord FPA,Yes,Number of fish per haul,3,2016-2021,308.62,250,250,No,Gasterosteus aculeatus,
474,Inside FPA - results from plot of linear mixed model,Catch,Individual species,Gasterosteidae,Gasterosteus,aculeatus,NA,Catch per unit effort (CPUE),Standard error,NTZ,Tvedestrand fjord FPA,Yes,Number of fish per haul,4,NA,NA,NA,NA,No,Gasterosteus aculeatus,
474,Inside FPA - results from plot of linear mixed model,Catch,Individual species,Gasterosteidae,Gasterosteus,aculeatus,NA,Catch per unit effort (CPUE),Standard error,NTZ,Tvedestrand fjord FPA,Yes,Number of fish per haul,5,NA,NA,NA,NA,No,Gasterosteus aculeatus,
544,Core NTZ <5 m deep,Stationary count,Species Richness,NA,NA,NA,NA,Number of species,NA,NTZ,Canal Luis Peña Natural Reserve,Yes,NA,1,1999,18,NA,NA,Yes,NA,
544,Core NTZ <5 m deep,Stationary count,Species Richness,NA,NA,NA,NA,Number of species,NA,NTZ,Canal Luis Peña Natural Reserve,Yes,NA,2,2002,24,NA,NA,Yes,NA,
544,Core NTZ <5 m deep,Stationary count,Species Richness,NA,NA,NA,NA,Number of species,NA,NTZ,Canal Luis Peña Natural Reserve,Yes,NA,3,2003,26,NA,NA,Yes,NA,
544,Core NTZ <5 m deep,Stationary count,Species Richness,NA,NA,NA,NA,Number of species,NA,NTZ,Canal Luis Peña Natural Reserve,Yes,NA,4,2004,24,NA,NA,Yes,NA,
544,Core NTZ <5 m deep,Stationary count,Species Richness,NA,NA,NA,NA,Number of species,NA,NTZ,Canal Luis Peña Natural Reserve,Yes,NA,5,NA,NA,NA,NA,Yes,NA,
544,"Core NTZ, 5-15 m depth",Stationary count,Species richness,NA,NA,NA,NA,Number of species,NA,NTZ,Canal Luis Peña Natural Reserve,Yes,NA,1,1999,16,NA,NA,Yes,NA,
544,"Core NTZ, 5-15 m depth",Stationary count,Species richness,NA,NA,NA,NA,Number of species,NA,NTZ,Canal Luis Peña Natural Reserve,Yes,NA,2,2002,22,NA,NA,Yes,NA,
544,"Core NTZ, 5-15 m depth",Stationary count,Species richness,NA,NA,NA,NA,Number of species,NA,NTZ,Canal Luis Peña Natural Reserve,Yes,NA,3,2003,27,NA,NA,Yes,NA,
544,"Core NTZ, 5-15 m depth",Stationary count,Species richness,NA,NA,NA,NA,Number of species,NA,NTZ,Canal Luis Peña Natural Reserve,Yes,NA,4,2004,24,NA,NA,Yes,NA,
544,"Core NTZ, 5-15 m depth",Stationary count,Species richness,NA,NA,NA,NA,Number of species,NA,NTZ,Canal Luis Peña Natural Reserve,Yes,NA,5,NA,NA,NA,NA,Yes,NA,
544,"Boundary zone, <5 m",Stationary count,Species Richness,NA,NA,NA,NA,Number of species ,NA,NTZ,Canal Luis Peña Natural Reserve,Yes,NA,1,1999,19,NA,NA,Yes,NA,
544,"Boundary zone, <5 m",Stationary count,Species Richness,NA,NA,NA,NA,Number of species ,NA,NTZ,Canal Luis Peña Natural Reserve,Yes,NA,2,2002,21,NA,NA,Yes,NA,
544,"Boundary zone, <5 m",Stationary count,Species Richness,NA,NA,NA,NA,Number of species ,NA,NTZ,Canal Luis Peña Natural Reserve,Yes,NA,3,2003,18,NA,NA,Yes,NA,
544,"Boundary zone, <5 m",Stationary count,Species Richness,NA,NA,NA,NA,Number of species ,NA,NTZ,Canal Luis Peña Natural Reserve,Yes,NA,4,2004,21,NA,NA,Yes,NA,
544,"Boundary zone, <5 m",Stationary count,Species Richness,NA,NA,NA,NA,Number of species ,NA,NTZ,Canal Luis Peña Natural Reserve,Yes,NA,5,NA,NA,NA,NA,Yes,NA,
544,"Boundary zone, 5-15 m depth",Stationary count,Species Richness,NA,NA,NA,NA,Number of species,NA,NTZ,Canal Luis Peña Natural Reserve,Yes,NA,1,1999,22,NA,NA,Yes,NA,
544,"Boundary zone, 5-15 m depth",Stationary count,Species Richness,NA,NA,NA,NA,Number of species,NA,NTZ,Canal Luis Peña Natural Reserve,Yes,NA,2,2002,27,NA,NA,Yes,NA,
544,"Boundary zone, 5-15 m depth",Stationary count,Species Richness,NA,NA,NA,NA,Number of species,NA,NTZ,Canal Luis Peña Natural Reserve,Yes,NA,3,2003,21,NA,NA,Yes,NA,
544,"Boundary zone, 5-15 m depth",Stationary count,Species Richness,NA,NA,NA,NA,Number of species,NA,NTZ,Canal Luis Peña Natural Reserve,Yes,NA,4,2004,NA,NA,NA,Yes,NA,
544,"Boundary zone, 5-15 m depth",Stationary count,Species Richness,NA,NA,NA,NA,Number of species,NA,NTZ,Canal Luis Peña Natural Reserve,Yes,NA,5,NA,NA,NA,NA,Yes,NA,
544,"Control fished zone, <5 m depth",Stationary count,Species richness,NA,NA,NA,NA,Number of species,NA,NTZ,Canal Luis Peña Natural Reserve,Yes,NA,1,1999,17,NA,NA,Yes,NA,
544,"Control fished zone, <5 m depth",Stationary count,Species richness,NA,NA,NA,NA,Number of species,NA,NTZ,Canal Luis Peña Natural Reserve,Yes,NA,2,2002,29,NA,NA,Yes,NA,
544,"Control fished zone, <5 m depth",Stationary count,Species richness,NA,NA,NA,NA,Number of species,NA,NTZ,Canal Luis Peña Natural Reserve,Yes,NA,3,2003,28,NA,NA,Yes,NA,
544,"Control fished zone, <5 m depth",Stationary count,Species richness,NA,NA,NA,NA,Number of species,NA,NTZ,Canal Luis Peña Natural Reserve,Yes,NA,4,2004,30,NA,NA,Yes,NA,
544,"Control fished zone, <5 m depth",Stationary count,Species richness,NA,NA,NA,NA,Number of species,NA,NTZ,Canal Luis Peña Natural Reserve,Yes,NA,5,NA,NA,NA,NA,Yes,NA,
544,"Control fished zone, 5-15 m depth",Stationary count,Species richness,NA,NA,NA,NA,Number of species,NA,NTZ,Canal Luis Peña Natural Reserve,Yes,NA,1,1999,21,NA,NA,Yes,NA,
544,"Control fished zone, 5-15 m depth",Stationary count,Species richness,NA,NA,NA,NA,Number of species,NA,NTZ,Canal Luis Peña Natural Reserve,Yes,NA,2,2002,28,NA,NA,Yes,NA,
544,"Control fished zone, 5-15 m depth",Stationary count,Species richness,NA,NA,NA,NA,Number of species,NA,NTZ,Canal Luis Peña Natural Reserve,Yes,NA,3,2003,31,NA,NA,Yes,NA,
544,"Control fished zone, 5-15 m depth",Stationary count,Species richness,NA,NA,NA,NA,Number of species,NA,NTZ,Canal Luis Peña Natural Reserve,Yes,NA,4,2004,31,NA,NA,Yes,NA,
544,"Control fished zone, 5-15 m depth",Stationary count,Species richness,NA,NA,NA,NA,Number of species,NA,NTZ,Canal Luis Peña Natural Reserve,Yes,NA,5,NA,NA,NA,NA,Yes,NA,
544,"Core NTZ, <5m depth",Stationary count,All fish species,NA,NA,NA,NA,Abundance,NA,NTZ,Canal Luis Peña Natural Reserve,Yes,Number of fish,1,1999,97,NA,NA,Yes,NA,
544,"Core NTZ, <5m depth",Stationary count,All fish species,NA,NA,NA,NA,Abundance,NA,NTZ,Canal Luis Peña Natural Reserve,Yes,Number of fish,2,2002,327,NA,NA,Yes,NA,
544,"Core NTZ, <5m depth",Stationary count,All fish species,NA,NA,NA,NA,Abundance,NA,NTZ,Canal Luis Peña Natural Reserve,Yes,Number of fish,3,2003,1057,NA,NA,Yes,NA,
544,"Core NTZ, <5m depth",Stationary count,All fish species,NA,NA,NA,NA,Abundance,NA,NTZ,Canal Luis Peña Natural Reserve,Yes,Number of fish,4,2004,465,NA,NA,Yes,NA,
544,"Core NTZ, <5m depth",Stationary count,All fish species,NA,NA,NA,NA,Abundance,NA,NTZ,Canal Luis Peña Natural Reserve,Yes,Number of fish,5,NA,NA,NA,NA,Yes,NA,
544,"Core NTZ, 5-15 m depth",Stationary count,All fish species,NA,NA,NA,NA,Abundance,NA,NTZ,Canal Luis Peña Natural Reserve,Yes,NA,1,1999,163,NA,NA,Yes,NA,
544,"Core NTZ, 5-15 m depth",Stationary count,All fish species,NA,NA,NA,NA,Abundance,NA,NTZ,Canal Luis Peña Natural Reserve,Yes,NA,2,2002,145,NA,NA,Yes,NA,
544,"Core NTZ, 5-15 m depth",Stationary count,All fish species,NA,NA,NA,NA,Abundance,NA,NTZ,Canal Luis Peña Natural Reserve,Yes,NA,3,2003,1459,NA,NA,Yes,NA,
544,"Core NTZ, 5-15 m depth",Stationary count,All fish species,NA,NA,NA,NA,Abundance,NA,NTZ,Canal Luis Peña Natural Reserve,Yes,NA,4,2004,541,NA,NA,Yes,NA,
544,"Core NTZ, 5-15 m depth",Stationary count,All fish species,NA,NA,NA,NA,Abundance,NA,NTZ,Canal Luis Peña Natural Reserve,Yes,NA,5,NA,NA,NA,NA,Yes,NA,
544,"Boundary zone, <5 m depth",Stationary count,All fish species,NA,NA,NA,NA,Abundance,NA,NTZ,Canal Luis Peña Natural Reserve,Yes,NA,1,1999,255,NA,NA,Yes,NA,
544,"Boundary zone, <5 m depth",Stationary count,All fish species,NA,NA,NA,NA,Abundance,NA,NTZ,Canal Luis Peña Natural Reserve,Yes,NA,2,2002,157,NA,NA,Yes,NA,
544,"Boundary zone, <5 m depth",Stationary count,All fish species,NA,NA,NA,NA,Abundance,NA,NTZ,Canal Luis Peña Natural Reserve,Yes,NA,3,2003,143,NA,NA,Yes,NA,
544,"Boundary zone, <5 m depth",Stationary count,All fish species,NA,NA,NA,NA,Abundance,NA,NTZ,Canal Luis Peña Natural Reserve,Yes,NA,4,2004,130,NA,NA,Yes,NA,
544,"Boundary zone, <5 m depth",Stationary count,All fish species,NA,NA,NA,NA,Abundance,NA,NTZ,Canal Luis Peña Natural Reserve,Yes,NA,5,NA,NA,NA,NA,Yes,NA,
544,"Boundary zone, 5-15 m depth",Stationary count,All fish species,NA,NA,NA,NA,Abundance,NA,NTZ,Canal Luis Peña Natural Reserve,Yes,NA,1,1999,281,NA,NA,Yes,NA,
544,"Boundary zone, 5-15 m depth",Stationary count,All fish species,NA,NA,NA,NA,Abundance,NA,NTZ,Canal Luis Peña Natural Reserve,Yes,NA,2,2002,248,NA,NA,Yes,NA,
544,"Boundary zone, 5-15 m depth",Stationary count,All fish species,NA,NA,NA,NA,Abundance,NA,NTZ,Canal Luis Peña Natural Reserve,Yes,NA,3,2003,183,NA,NA,Yes,NA,
544,"Boundary zone, 5-15 m depth",Stationary count,All fish species,NA,NA,NA,NA,Abundance,NA,NTZ,Canal Luis Peña Natural Reserve,Yes,NA,4,2004,126,NA,NA,Yes,NA,
544,"Boundary zone, 5-15 m depth",Stationary count,All fish species,NA,NA,NA,NA,Abundance,NA,NTZ,Canal Luis Peña Natural Reserve,Yes,NA,5,NA,NA,NA,NA,Yes,NA,
544,"Control fished area, <5 m depth",Stationary count,All fish species ,NA,NA,NA,NA,Abundance,NA,NTZ,Canal Luis Peña Natural Reserve,Yes,NA,1,1999,69,NA,NA,Yes,NA,
544,"Control fished area, <5 m depth",Stationary count,All fish species ,NA,NA,NA,NA,Abundance,NA,NTZ,Canal Luis Peña Natural Reserve,Yes,NA,2,2002,287,NA,NA,Yes,NA,
544,"Control fished area, <5 m depth",Stationary count,All fish species ,NA,NA,NA,NA,Abundance,NA,NTZ,Canal Luis Peña Natural Reserve,Yes,NA,3,2003,266,NA,NA,Yes,NA,
544,"Control fished area, <5 m depth",Stationary count,All fish species ,NA,NA,NA,NA,Abundance,NA,NTZ,Canal Luis Peña Natural Reserve,Yes,NA,4,2004,405,NA,NA,Yes,NA,
544,"Control fished area, <5 m depth",Stationary count,All fish species ,NA,NA,NA,NA,Abundance,NA,NTZ,Canal Luis Peña Natural Reserve,Yes,NA,5,NA,NA,NA,NA,Yes,NA,
544,"Control fished zone, 5-15m depth",Stationary count,All fish species,NA,NA,NA,NA,Abundance,NA,NTZ,Canal Luis Peña Natural Reserve,Yes,NA,1,1999,117,NA,NA,Yes,NA,
544,"Control fished zone, 5-15m depth",Stationary count,All fish species,NA,NA,NA,NA,Abundance,NA,NTZ,Canal Luis Peña Natural Reserve,Yes,NA,2,2002,505,NA,NA,Yes,NA,
544,"Control fished zone, 5-15m depth",Stationary count,All fish species,NA,NA,NA,NA,Abundance,NA,NTZ,Canal Luis Peña Natural Reserve,Yes,NA,3,2003,523,NA,NA,Yes,NA,
544,"Control fished zone, 5-15m depth",Stationary count,All fish species,NA,NA,NA,NA,Abundance,NA,NTZ,Canal Luis Peña Natural Reserve,Yes,NA,4,2004,412,NA,NA,Yes,NA,
544,"Control fished zone, 5-15m depth",Stationary count,All fish species,NA,NA,NA,NA,Abundance,NA,NTZ,Canal Luis Peña Natural Reserve,Yes,NA,5,NA,NA,NA,NA,Yes,NA,
544,"Core NTZ, <5m depth",Stationary count,All species,NA,NA,NA,NA,Species diversity (H'n),NA,NTZ,Canal Luis Peña Natural Reserve,Yes,NA,1,1999,2.18,NA,NA,Yes,NA,
544,"Core NTZ, <5m depth",Stationary count,All species,NA,NA,NA,NA,Species diversity (H'n),NA,NTZ,Canal Luis Peña Natural Reserve,Yes,NA,2,2002,2.02,NA,NA,Yes,NA,
544,"Core NTZ, <5m depth",Stationary count,All species,NA,NA,NA,NA,Species diversity (H'n),NA,NTZ,Canal Luis Peña Natural Reserve,Yes,NA,3,2003,1.32,NA,NA,Yes,NA,
544,"Core NTZ, <5m depth",Stationary count,All species,NA,NA,NA,NA,Species diversity (H'n),NA,NTZ,Canal Luis Peña Natural Reserve,Yes,NA,4,2004,1.79,NA,NA,Yes,NA,
544,"Core NTZ, <5m depth",Stationary count,All species,NA,NA,NA,NA,Species diversity (H'n),NA,NTZ,Canal Luis Peña Natural Reserve,Yes,NA,5,NA,NA,NA,NA,Yes,NA,
544,"Core NTZ, 5-15 m depth",Stationary count,All fish species,NA,NA,NA,NA,Species diversity index (H'n),NA,NTZ,Canal Luis Peña Natural Reserve,Yes,NA,1,1999,1.85,NA,NA,Yes,NA,
544,"Core NTZ, 5-15 m depth",Stationary count,All fish species,NA,NA,NA,NA,Species diversity index (H'n),NA,NTZ,Canal Luis Peña Natural Reserve,Yes,NA,2,2002,2.2,NA,NA,Yes,NA,
544,"Core NTZ, 5-15 m depth",Stationary count,All fish species,NA,NA,NA,NA,Species diversity index (H'n),NA,NTZ,Canal Luis Peña Natural Reserve,Yes,NA,3,2003,0.81,NA,NA,Yes,NA,
544,"Core NTZ, 5-15 m depth",Stationary count,All fish species,NA,NA,NA,NA,Species diversity index (H'n),NA,NTZ,Canal Luis Peña Natural Reserve,Yes,NA,4,2004,1.63,NA,NA,Yes,NA,
544,"Core NTZ, 5-15 m depth",Stationary count,All fish species,NA,NA,NA,NA,Species diversity index (H'n),NA,NTZ,Canal Luis Peña Natural Reserve,Yes,NA,5,NA,NA,NA,NA,Yes,NA,
544,"Boundary zone, <5 m depth",Stationary count,All fish species,NA,NA,NA,NA,Species diversity index (H'n),NA,NTZ,Canal Luis Peña Natural Reserve,Yes,NA,1,1999,1.33,NA,NA,Yes,NA,
544,"Boundary zone, <5 m depth",Stationary count,All fish species,NA,NA,NA,NA,Species diversity index (H'n),NA,NTZ,Canal Luis Peña Natural Reserve,Yes,NA,2,2002,2.43,NA,NA,Yes,NA,
544,"Boundary zone, <5 m depth",Stationary count,All fish species,NA,NA,NA,NA,Species diversity index (H'n),NA,NTZ,Canal Luis Peña Natural Reserve,Yes,NA,3,2003,2.16,NA,NA,Yes,NA,
544,"Boundary zone, <5 m depth",Stationary count,All fish species,NA,NA,NA,NA,Species diversity index (H'n),NA,NTZ,Canal Luis Peña Natural Reserve,Yes,NA,4,2004,2.49,NA,NA,Yes,NA,
544,"Boundary zone, <5 m depth",Stationary count,All fish species,NA,NA,NA,NA,Species diversity index (H'n),NA,NTZ,Canal Luis Peña Natural Reserve,Yes,NA,5,NA,NA,NA,NA,Yes,NA,
544,"Boundary zone, 5-15 m depth",Stationary count,All fish species,NA,NA,NA,NA,Species diversity index (H'n),NA,NTZ,Canal Luis Peña Natural Reserve,Yes,NA,1,1999,1.74,NA,NA,Yes,NA,
544,"Boundary zone, 5-15 m depth",Stationary count,All fish species,NA,NA,NA,NA,Species diversity index (H'n),NA,NTZ,Canal Luis Peña Natural Reserve,Yes,NA,2,2002,2.47,NA,NA,Yes,NA,
544,"Boundary zone, 5-15 m depth",Stationary count,All fish species,NA,NA,NA,NA,Species diversity index (H'n),NA,NTZ,Canal Luis Peña Natural Reserve,Yes,NA,3,2003,2.41,NA,NA,Yes,NA,
544,"Boundary zone, 5-15 m depth",Stationary count,All fish species,NA,NA,NA,NA,Species diversity index (H'n),NA,NTZ,Canal Luis Peña Natural Reserve,Yes,NA,4,2004,2.42,NA,NA,Yes,NA,
544,"Boundary zone, 5-15 m depth",Stationary count,All fish species,NA,NA,NA,NA,Species diversity index (H'n),NA,NTZ,Canal Luis Peña Natural Reserve,Yes,NA,5,NA,NA,NA,NA,Yes,NA,
544,"Control fished zone, <5 m depth",Stationary count,All fish species,NA,NA,NA,NA,Species diversity index (H'n),NA,NTZ,Canal Luis Peña Natural Reserve,Yes,NA,1,1999,2.27,NA,NA,Yes,NA,
544,"Control fished zone, <5 m depth",Stationary count,All fish species,NA,NA,NA,NA,Species diversity index (H'n),NA,NTZ,Canal Luis Peña Natural Reserve,Yes,NA,2,2002,2.48,NA,NA,Yes,NA,
544,"Control fished zone, <5 m depth",Stationary count,All fish species,NA,NA,NA,NA,Species diversity index (H'n),NA,NTZ,Canal Luis Peña Natural Reserve,Yes,NA,3,2003,2.33,NA,NA,Yes,NA,
544,"Control fished zone, <5 m depth",Stationary count,All fish species,NA,NA,NA,NA,Species diversity index (H'n),NA,NTZ,Canal Luis Peña Natural Reserve,Yes,NA,4,2004,2.35,NA,NA,Yes,NA,
544,"Control fished zone, <5 m depth",Stationary count,All fish species,NA,NA,NA,NA,Species diversity index (H'n),NA,NTZ,Canal Luis Peña Natural Reserve,Yes,NA,5,NA,NA,NA,NA,Yes,NA,
544,"Control. fished zone, 5-15 m depth",Stationary count,All fish species,NA,NA,NA,NA,Species diversity index (H'n),NA,NTZ,Canal Luis Peña Natural Reserve,Yes,NA,1,1999,2.08,NA,NA,Yes,NA,
544,"Control. fished zone, 5-15 m depth",Stationary count,All fish species,NA,NA,NA,NA,Species diversity index (H'n),NA,NTZ,Canal Luis Peña Natural Reserve,Yes,NA,2,2002,2.13,NA,NA,Yes,NA,
544,"Control. fished zone, 5-15 m depth",Stationary count,All fish species,NA,NA,NA,NA,Species diversity index (H'n),NA,NTZ,Canal Luis Peña Natural Reserve,Yes,NA,3,2003,1.73,NA,NA,Yes,NA,
544,"Control. fished zone, 5-15 m depth",Stationary count,All fish species,NA,NA,NA,NA,Species diversity index (H'n),NA,NTZ,Canal Luis Peña Natural Reserve,Yes,NA,4,2004,2.11,NA,NA,Yes,NA,
544,"Control. fished zone, 5-15 m depth",Stationary count,All fish species,NA,NA,NA,NA,Species diversity index (H'n),NA,NTZ,Canal Luis Peña Natural Reserve,Yes,NA,5,NA,NA,NA,NA,Yes,NA,
544,"Core NTZ, <5 m depth",Stationary count,All fish species,NA,NA,NA,NA,Species evenness (J'n),NA,NTZ,Canal Luis Peña Natural Reserve,Yes,NA,1,1999,0.76,NA,NA,Yes,NA,
544,"Core NTZ, <5 m depth",Stationary count,All fish species,NA,NA,NA,NA,Species evenness (J'n),NA,NTZ,Canal Luis Peña Natural Reserve,Yes,NA,2,2002,0.64,NA,NA,Yes,NA,
544,"Core NTZ, <5 m depth",Stationary count,All fish species,NA,NA,NA,NA,Species evenness (J'n),NA,NTZ,Canal Luis Peña Natural Reserve,Yes,NA,3,2003,0.41,NA,NA,Yes,NA,
544,"Core NTZ, <5 m depth",Stationary count,All fish species,NA,NA,NA,NA,Species evenness (J'n),NA,NTZ,Canal Luis Peña Natural Reserve,Yes,NA,4,2004,0.58,NA,NA,Yes,NA,
544,"Core NTZ, <5 m depth",Stationary count,All fish species,NA,NA,NA,NA,Species evenness (J'n),NA,NTZ,Canal Luis Peña Natural Reserve,Yes,NA,5,NA,NA,NA,NA,Yes,NA,
544,"Core NTZ, 5-15 m depth",Stationary count,All fish species,NA,NA,NA,NA,Species evenness (J'n),NA,NTZ,Canal Luis Peña Natural Reserve,Yes,NA,1,1999,0.62,NA,NA,Yes,NA,
544,"Core NTZ, 5-15 m depth",Stationary count,All fish species,NA,NA,NA,NA,Species evenness (J'n),NA,NTZ,Canal Luis Peña Natural Reserve,Yes,NA,2,2002,0.71,NA,NA,Yes,NA,
544,"Core NTZ, 5-15 m depth",Stationary count,All fish species,NA,NA,NA,NA,Species evenness (J'n),NA,NTZ,Canal Luis Peña Natural Reserve,Yes,NA,3,2003,0.25,NA,NA,Yes,NA,
544,"Core NTZ, 5-15 m depth",Stationary count,All fish species,NA,NA,NA,NA,Species evenness (J'n),NA,NTZ,Canal Luis Peña Natural Reserve,Yes,NA,4,2004,0.51,NA,NA,Yes,NA,
544,"Core NTZ, 5-15 m depth",Stationary count,All fish species,NA,NA,NA,NA,Species evenness (J'n),NA,NTZ,Canal Luis Peña Natural Reserve,Yes,NA,5,NA,NA,NA,NA,Yes,NA,
544,"Boundary zone, <5m depth",Stationary count,All fish species,NA,NA,NA,NA,Species evenness (J'n),NA,NTZ,Canal Luis Peña Natural Reserve,Yes,NA,1,1999,0.49,NA,NA,Yes,NA,
544,"Boundary zone, <5m depth",Stationary count,All fish species,NA,NA,NA,NA,Species evenness (J'n),NA,NTZ,Canal Luis Peña Natural Reserve,Yes,NA,2,2002,0.8,NA,NA,Yes,NA,
544,"Boundary zone, <5m depth",Stationary count,All fish species,NA,NA,NA,NA,Species evenness (J'n),NA,NTZ,Canal Luis Peña Natural Reserve,Yes,NA,3,2003,0.75,NA,NA,Yes,NA,
544,"Boundary zone, <5m depth",Stationary count,All fish species,NA,NA,NA,NA,Species evenness (J'n),NA,NTZ,Canal Luis Peña Natural Reserve,Yes,NA,4,2004,0.82,NA,NA,Yes,NA,
544,"Boundary zone, <5m depth",Stationary count,All fish species,NA,NA,NA,NA,Species evenness (J'n),NA,NTZ,Canal Luis Peña Natural Reserve,Yes,NA,5,NA,NA,NA,NA,Yes,NA,
544,"Boundary zone, 5-15 m depth",Stationary count,All fish species,NA,NA,NA,NA,Species evenness (J'n),NA,NTZ,Canal Luis Peña Natural Reserve,Yes,NA,1,1999,0.57,NA,NA,Yes,NA,
544,"Boundary zone, 5-15 m depth",Stationary count,All fish species,NA,NA,NA,NA,Species evenness (J'n),NA,NTZ,Canal Luis Peña Natural Reserve,Yes,NA,2,2002,0.75,NA,NA,Yes,NA,
544,"Boundary zone, 5-15 m depth",Stationary count,All fish species,NA,NA,NA,NA,Species evenness (J'n),NA,NTZ,Canal Luis Peña Natural Reserve,Yes,NA,3,2003,0.79,NA,NA,Yes,NA,
544,"Boundary zone, 5-15 m depth",Stationary count,All fish species,NA,NA,NA,NA,Species evenness (J'n),NA,NTZ,Canal Luis Peña Natural Reserve,Yes,NA,4,2004,0.82,NA,NA,Yes,NA,
544,"Boundary zone, 5-15 m depth",Stationary count,All fish species,NA,NA,NA,NA,Species evenness (J'n),NA,NTZ,Canal Luis Peña Natural Reserve,Yes,NA,5,NA,NA,NA,NA,Yes,NA,
544,"Control fished zone, <5 m depth",Stationary count,All fish species ,NA,NA,NA,NA,Species evenness (J'n),NA,NTZ,Canal Luis Peña Natural Reserve,Yes,NA,1,1999,0.83,NA,NA,Yes,NA,
544,"Control fished zone, <5 m depth",Stationary count,All fish species ,NA,NA,NA,NA,Species evenness (J'n),NA,NTZ,Canal Luis Peña Natural Reserve,Yes,NA,2,2002,0.74,NA,NA,Yes,NA,
544,"Control fished zone, <5 m depth",Stationary count,All fish species ,NA,NA,NA,NA,Species evenness (J'n),NA,NTZ,Canal Luis Peña Natural Reserve,Yes,NA,3,2003,0.7,NA,NA,Yes,NA,
544,"Control fished zone, <5 m depth",Stationary count,All fish species ,NA,NA,NA,NA,Species evenness (J'n),NA,NTZ,Canal Luis Peña Natural Reserve,Yes,NA,4,2004,0.69,NA,NA,Yes,NA,
544,"Control fished zone, <5 m depth",Stationary count,All fish species ,NA,NA,NA,NA,Species evenness (J'n),NA,NTZ,Canal Luis Peña Natural Reserve,Yes,NA,5,NA,NA,NA,NA,Yes,NA,
544,"Control fished zone, 5-15 m depth",Stationary count,All fish species,NA,NA,NA,NA,Species evenness (J'n),NA,NTZ,Canal Luis Peña Natural Reserve,Yes,NA,1,1999,0.73,NA,NA,Yes,NA,
544,"Control fished zone, 5-15 m depth",Stationary count,All fish species,NA,NA,NA,NA,Species evenness (J'n),NA,NTZ,Canal Luis Peña Natural Reserve,Yes,NA,2,2002,0.65,NA,NA,Yes,NA,
544,"Control fished zone, 5-15 m depth",Stationary count,All fish species,NA,NA,NA,NA,Species evenness (J'n),NA,NTZ,Canal Luis Peña Natural Reserve,Yes,NA,3,2003,0.5,NA,NA,Yes,NA,
544,"Control fished zone, 5-15 m depth",Stationary count,All fish species,NA,NA,NA,NA,Species evenness (J'n),NA,NTZ,Canal Luis Peña Natural Reserve,Yes,NA,4,0.61,NA,NA,NA,Yes,NA,
544,"Control fished zone, 5-15 m depth",Stationary count,All fish species,NA,NA,NA,NA,Species evenness (J'n),NA,NTZ,Canal Luis Peña Natural Reserve,Yes,NA,5,NA,NA,NA,NA,Yes,NA,
544,"Core NTZ, <5 m depth",Stationary count,All fish species,NA,NA,NA,NA,Biomass,NA,NTZ,Canal Luis Peña Natural Reserve,Yes,Kg,1,2.61,NA,NA,NA,Yes,NA,
544,"Core NTZ, <5 m depth",Stationary count,All fish species,NA,NA,NA,NA,Biomass,NA,NTZ,Canal Luis Peña Natural Reserve,Yes,Kg,2,2002,15.9,NA,NA,Yes,NA,
544,"Core NTZ, <5 m depth",Stationary count,All fish species,NA,NA,NA,NA,Biomass,NA,NTZ,Canal Luis Peña Natural Reserve,Yes,Kg,3,2003,10.9,NA,NA,Yes,NA,
544,"Core NTZ, <5 m depth",Stationary count,All fish species,NA,NA,NA,NA,Biomass,NA,NTZ,Canal Luis Peña Natural Reserve,Yes,Kg,4,2004,7.51,NA,NA,Yes,NA,
544,"Core NTZ, <5 m depth",Stationary count,All fish species,NA,NA,NA,NA,Biomass,NA,NTZ,Canal Luis Peña Natural Reserve,Yes,Kg,5,NA,NA,NA,NA,Yes,NA,
544,"Core NTZ, 5-15 m depth",Stationary count,All fish species,NA,NA,NA,NA,Biomass,NA,NTZ,Canal Luis Peña Natural Reserve,Yes,Kg,1,1999,2.78,NA,NA,Yes,NA,
544,"Core NTZ, 5-15 m depth",Stationary count,All fish species,NA,NA,NA,NA,Biomass,NA,NTZ,Canal Luis Peña Natural Reserve,Yes,Kg,2,2002,17.3,NA,NA,Yes,NA,
544,"Core NTZ, 5-15 m depth",Stationary count,All fish species,NA,NA,NA,NA,Biomass,NA,NTZ,Canal Luis Peña Natural Reserve,Yes,Kg,3,2003,7.31,NA,NA,Yes,NA,
544,"Core NTZ, 5-15 m depth",Stationary count,All fish species,NA,NA,NA,NA,Biomass,NA,NTZ,Canal Luis Peña Natural Reserve,Yes,Kg,4,2004,8.54,NA,NA,Yes,NA,
544,"Core NTZ, 5-15 m depth",Stationary count,All fish species,NA,NA,NA,NA,Biomass,NA,NTZ,Canal Luis Peña Natural Reserve,Yes,Kg,5,NA,NA,NA,NA,Yes,NA,
544,"Boundary zone, <5 m depth",Stationary count,All fish species,NA,NA,NA,NA,Biomass,NA,NTZ,Canal Luis Peña Natural Reserve,Yes,Kg,1,1999,10.2,NA,NA,Yes,NA,
544,"Boundary zone, <5 m depth",Stationary count,All fish species,NA,NA,NA,NA,Biomass,NA,NTZ,Canal Luis Peña Natural Reserve,Yes,Kg,2,2002,3.15,NA,NA,Yes,NA,
544,"Boundary zone, <5 m depth",Stationary count,All fish species,NA,NA,NA,NA,Biomass,NA,NTZ,Canal Luis Peña Natural Reserve,Yes,Kg,3,2003,1.85,NA,NA,Yes,NA,
544,"Boundary zone, <5 m depth",Stationary count,All fish species,NA,NA,NA,NA,Biomass,NA,NTZ,Canal Luis Peña Natural Reserve,Yes,Kg,4,2004,1.35,NA,NA,Yes,NA,
544,"Boundary zone, <5 m depth",Stationary count,All fish species,NA,NA,NA,NA,Biomass,NA,NTZ,Canal Luis Peña Natural Reserve,Yes,Kg,5,NA,NA,NA,NA,Yes,NA,
544,"Boundary zone, 5-15 m depth",Stationary count,All fish species,NA,NA,NA,NA,Biomass,NA,NTZ,Canal Luis Peña Natural Reserve,Yes,Kg,1,1999,10.3,NA,NA,Yes,NA,
544,"Boundary zone, 5-15 m depth",Stationary count,All fish species,NA,NA,NA,NA,Biomass,NA,NTZ,Canal Luis Peña Natural Reserve,Yes,Kg,2,2002,4.76,NA,NA,Yes,NA,
544,"Boundary zone, 5-15 m depth",Stationary count,All fish species,NA,NA,NA,NA,Biomass,NA,NTZ,Canal Luis Peña Natural Reserve,Yes,Kg,3,2003,2.97,NA,NA,Yes,NA,
544,"Boundary zone, 5-15 m depth",Stationary count,All fish species,NA,NA,NA,NA,Biomass,NA,NTZ,Canal Luis Peña Natural Reserve,Yes,Kg,4,2004,1.32,NA,NA,Yes,NA,
544,"Boundary zone, 5-15 m depth",Stationary count,All fish species,NA,NA,NA,NA,Biomass,NA,NTZ,Canal Luis Peña Natural Reserve,Yes,Kg,5,NA,NA,NA,NA,Yes,NA,
544,"Control fished zone, <5 m depth",Stationary count,All fish species,NA,NA,NA,NA,Biomass,NA,NTZ,Canal Luis Peña Natural Reserve,Yes,Kg,1,1999,2.82,NA,NA,Yes,NA,
544,"Control fished zone, <5 m depth",Stationary count,All fish species,NA,NA,NA,NA,Biomass,NA,NTZ,Canal Luis Peña Natural Reserve,Yes,Kg,2,2002,3.35,NA,NA,Yes,NA,
544,"Control fished zone, <5 m depth",Stationary count,All fish species,NA,NA,NA,NA,Biomass,NA,NTZ,Canal Luis Peña Natural Reserve,Yes,Kg,3,2003,2.79,NA,NA,Yes,NA,
544,"Control fished zone, <5 m depth",Stationary count,All fish species,NA,NA,NA,NA,Biomass,NA,NTZ,Canal Luis Peña Natural Reserve,Yes,Kg,4,2004,6.15,NA,NA,Yes,NA,
544,"Control fished zone, <5 m depth",Stationary count,All fish species,NA,NA,NA,NA,Biomass,NA,NTZ,Canal Luis Peña Natural Reserve,Yes,Kg,5,NA,NA,NA,NA,Yes,NA,
544,"Control fished zone, 5-15 m depth",Stationary count,All fish species,NA,NA,NA,NA,Biomass,NA,NTZ,Canal Luis Peña Natural Reserve,Yes,Kg,1,1999,4.93,NA,NA,Yes,NA,
544,"Control fished zone, 5-15 m depth",Stationary count,All fish species,NA,NA,NA,NA,Biomass,NA,NTZ,Canal Luis Peña Natural Reserve,Yes,Kg,2,2002,8.5,NA,NA,Yes,NA,
544,"Control fished zone, 5-15 m depth",Stationary count,All fish species,NA,NA,NA,NA,Biomass,NA,NTZ,Canal Luis Peña Natural Reserve,Yes,Kg,3,2003,3.54,NA,NA,Yes,NA,
544,"Control fished zone, 5-15 m depth",Stationary count,All fish species,NA,NA,NA,NA,Biomass,NA,NTZ,Canal Luis Peña Natural Reserve,Yes,Kg,4,2004,5.81,NA,NA,Yes,NA,
544,"Control fished zone, 5-15 m depth",Stationary count,All fish species,NA,NA,NA,NA,Biomass,NA,NTZ,Canal Luis Peña Natural Reserve,Yes,Kg,5,NA,NA,NA,NA,Yes,NA,
544,"Core NTZ, <5 m depth",Stationary count,Functional group,NA,NA,NA,Total herbivores,Biomass,NA,NTZ,Canal Luis Peña Natural Reserve,Yes,Kg,1,1999,1.04,NA,NA,Yes,NA,
544,"Core NTZ, <5 m depth",Stationary count,Functional group,NA,NA,NA,Total herbivores,Biomass,NA,NTZ,Canal Luis Peña Natural Reserve,Yes,Kg,2,2002,5.24,NA,NA,Yes,NA,
544,"Core NTZ, <5 m depth",Stationary count,Functional group,NA,NA,NA,Total herbivores,Biomass,NA,NTZ,Canal Luis Peña Natural Reserve,Yes,Kg,3,2003,2.09,NA,NA,Yes,NA,
544,"Core NTZ, <5 m depth",Stationary count,Functional group,NA,NA,NA,Total herbivores,Biomass,NA,NTZ,Canal Luis Peña Natural Reserve,Yes,Kg,4,2004,1.76,NA,NA,Yes,NA,
544,"Core NTZ, <5 m depth",Stationary count,Functional group,NA,NA,NA,Total herbivores,Biomass,NA,NTZ,Canal Luis Peña Natural Reserve,Yes,Kg,5,NA,NA,NA,NA,Yes,NA,
544,"Core NTZ, 5-15 m depth",Stationary count,Functional group,NA,NA,NA,Total herbivores,Biomass,NA,NTZ,Canal Luis Peña Natural Reserve,Yes,Kg,1,1999,0.94,NA,NA,Yes,NA,
544,"Core NTZ, 5-15 m depth",Stationary count,Functional group,NA,NA,NA,Total herbivores,Biomass,NA,NTZ,Canal Luis Peña Natural Reserve,Yes,Kg,2,2002,9.44,NA,NA,Yes,NA,
544,"Core NTZ, 5-15 m depth",Stationary count,Functional group,NA,NA,NA,Total herbivores,Biomass,NA,NTZ,Canal Luis Peña Natural Reserve,Yes,Kg,3,2003,1.21,NA,NA,Yes,NA,
544,"Core NTZ, 5-15 m depth",Stationary count,Functional group,NA,NA,NA,Total herbivores,Biomass,NA,NTZ,Canal Luis Peña Natural Reserve,Yes,Kg,4,2004,2.06,NA,NA,Yes,NA,
544,"Core NTZ, 5-15 m depth",Stationary count,Functional group,NA,NA,NA,Total herbivores,Biomass,NA,NTZ,Canal Luis Peña Natural Reserve,Yes,Kg,5,NA,NA,NA,NA,Yes,NA,
544,"Boundary zone, <5 m depth",Stationary count,Functional group,NA,NA,NA,Total herbivores,Biomass,NA,NTZ,Canal Luis Peña Natural Reserve,Yes,Kg,1,1999,4.7,NA,NA,Yes,NA,
544,"Boundary zone, <5 m depth",Stationary count,Functional group,NA,NA,NA,Total herbivores,Biomass,NA,NTZ,Canal Luis Peña Natural Reserve,Yes,Kg,2,2002,1.47,NA,NA,Yes,NA,
544,"Boundary zone, <5 m depth",Stationary count,Functional group,NA,NA,NA,Total herbivores,Biomass,NA,NTZ,Canal Luis Peña Natural Reserve,Yes,Kg,3,2003,0.79,NA,NA,Yes,NA,
544,"Boundary zone, <5 m depth",Stationary count,Functional group,NA,NA,NA,Total herbivores,Biomass,NA,NTZ,Canal Luis Peña Natural Reserve,Yes,Kg,4,2004,0.74,NA,NA,Yes,NA,
544,"Boundary zone, <5 m depth",Stationary count,Functional group,NA,NA,NA,Total herbivores,Biomass,NA,NTZ,Canal Luis Peña Natural Reserve,Yes,Kg,5,NA,NA,NA,NA,Yes,NA,
544,"Boundary zone, 5-15 m depth",Stationary count,Functional group,NA,NA,NA,Total herbivores,Biomass,NA,NTZ,Canal Luis Peña Natural Reserve,Yes,Kg,1,1999,5.47,NA,NA,Yes,NA,
544,"Boundary zone, 5-15 m depth",Stationary count,Functional group,NA,NA,NA,Total herbivores,Biomass,NA,NTZ,Canal Luis Peña Natural Reserve,Yes,Kg,2,2002,1.31,NA,NA,Yes,NA,
544,"Boundary zone, 5-15 m depth",Stationary count,Functional group,NA,NA,NA,Total herbivores,Biomass,NA,NTZ,Canal Luis Peña Natural Reserve,Yes,Kg,3,2003,1.34,NA,NA,Yes,NA,
544,"Boundary zone, 5-15 m depth",Stationary count,Functional group,NA,NA,NA,Total herbivores,Biomass,NA,NTZ,Canal Luis Peña Natural Reserve,Yes,Kg,4,2004,0.53,NA,NA,Yes,NA,
544,"Boundary zone, 5-15 m depth",Stationary count,Functional group,NA,NA,NA,Total herbivores,Biomass,NA,NTZ,Canal Luis Peña Natural Reserve,Yes,Kg,5,NA,NA,NA,NA,Yes,NA,
544,"Control fished zone, <5 m depth",Stationary count,Functional group,NA,NA,NA,Total herbivores,Biomass,NA,NTZ,Canal Luis Peña Natural Reserve,Yes,Kg,1,1999,1.51,NA,NA,Yes,NA,
544,"Control fished zone, <5 m depth",Stationary count,Functional group,NA,NA,NA,Total herbivores,Biomass,NA,NTZ,Canal Luis Peña Natural Reserve,Yes,Kg,2,2002,1.6,NA,NA,Yes,NA,
544,"Control fished zone, <5 m depth",Stationary count,Functional group,NA,NA,NA,Total herbivores,Biomass,NA,NTZ,Canal Luis Peña Natural Reserve,Yes,Kg,3,2003,1.21,NA,NA,Yes,NA,
544,"Control fished zone, <5 m depth",Stationary count,Functional group,NA,NA,NA,Total herbivores,Biomass,NA,NTZ,Canal Luis Peña Natural Reserve,Yes,Kg,4,2004,2.82,NA,NA,Yes,NA,
544,"Control fished zone, <5 m depth",Stationary count,Functional group,NA,NA,NA,Total herbivores,Biomass,NA,NTZ,Canal Luis Peña Natural Reserve,Yes,Kg,5,NA,NA,NA,NA,Yes,NA,
544,"Control fished zone, 5-15 m depth",Stationary count,Functional group,NA,NA,NA,Total herbivores,Biomass,NA,NTZ,Canal Luis Peña Natural Reserve,Yes,Kg,1,1999,1.16,NA,NA,Yes,NA,
544,"Control fished zone, 5-15 m depth",Stationary count,Functional group,NA,NA,NA,Total herbivores,Biomass,NA,NTZ,Canal Luis Peña Natural Reserve,Yes,Kg,2,2002,3.66,NA,NA,Yes,NA,
544,"Control fished zone, 5-15 m depth",Stationary count,Functional group,NA,NA,NA,Total herbivores,Biomass,NA,NTZ,Canal Luis Peña Natural Reserve,Yes,Kg,3,2003,1.12,NA,NA,Yes,NA,
544,"Control fished zone, 5-15 m depth",Stationary count,Functional group,NA,NA,NA,Total herbivores,Biomass,NA,NTZ,Canal Luis Peña Natural Reserve,Yes,Kg,4,2004,2.84,NA,NA,Yes,NA,
544,"Control fished zone, 5-15 m depth",Stationary count,Functional group,NA,NA,NA,Total herbivores,Biomass,NA,NTZ,Canal Luis Peña Natural Reserve,Yes,Kg,5,NA,NA,NA,NA,Yes,NA,
544,"Core NTZ, <5 m depth",Stationary count,Functional group,NA,NA,NA,Non-denuder herbivores,Biomass,NA,NTZ,Canal Luis Peña Natural Reserve,Yes,Kg,1,1999,58,NA,NA,No,NA,
544,"Core NTZ, <5 m depth",Stationary count,Functional group,NA,NA,NA,Non-denuder herbivores,Biomass,NA,NTZ,Canal Luis Peña Natural Reserve,Yes,Kg,2,2002,118,NA,NA,No,NA,
544,"Core NTZ, <5 m depth",Stationary count,Functional group,NA,NA,NA,Non-denuder herbivores,Biomass,NA,NTZ,Canal Luis Peña Natural Reserve,Yes,Kg,3,2003,110,NA,NA,No,NA,
544,"Core NTZ, <5 m depth",Stationary count,Functional group,NA,NA,NA,Non-denuder herbivores,Biomass,NA,NTZ,Canal Luis Peña Natural Reserve,Yes,Kg,4,2004,66,NA,NA,No,NA,
544,"Core NTZ, <5 m depth",Stationary count,Functional group,NA,NA,NA,Non-denuder herbivores,Biomass,NA,NTZ,Canal Luis Peña Natural Reserve,Yes,Kg,5,NA,NA,NA,NA,No,NA,
544,"Core NTZ, 5-15 m depth",Stationary count,Functional group,NA,NA,NA,Non-denuder herbivore,Biomass,NA,NTZ,Canal Luis Peña Natural Reserve,Yes,Kg,1,1999,49,NA,NA,No,NA,
544,"Core NTZ, 5-15 m depth",Stationary count,Functional group,NA,NA,NA,Non-denuder herbivore,Biomass,NA,NTZ,Canal Luis Peña Natural Reserve,Yes,Kg,2,2002,54,NA,NA,No,NA,
544,"Core NTZ, 5-15 m depth",Stationary count,Functional group,NA,NA,NA,Non-denuder herbivore,Biomass,NA,NTZ,Canal Luis Peña Natural Reserve,Yes,Kg,3,2003,68,NA,NA,No,NA,
544,"Core NTZ, 5-15 m depth",Stationary count,Functional group,NA,NA,NA,Non-denuder herbivore,Biomass,NA,NTZ,Canal Luis Peña Natural Reserve,Yes,Kg,4,2004,92,NA,NA,No,NA,
544,"Core NTZ, 5-15 m depth",Stationary count,Functional group,NA,NA,NA,Non-denuder herbivore,Biomass,NA,NTZ,Canal Luis Peña Natural Reserve,Yes,Kg,5,NA,NA,NA,NA,No,NA,
544,"Boundary zone, <5 m depth",Stationary count,Functional group,NA,NA,NA,Non-denuder herbivore,Biomass,NA,NTZ,Canal Luis Peña Natural Reserve,Yes,Kg,1,1999,51,NA,NA,No,NA,
544,"Boundary zone, <5 m depth",Stationary count,Functional group,NA,NA,NA,Non-denuder herbivore,Biomass,NA,NTZ,Canal Luis Peña Natural Reserve,Yes,Kg,2,2002,100,NA,NA,No,NA,
544,"Boundary zone, <5 m depth",Stationary count,Functional group,NA,NA,NA,Non-denuder herbivore,Biomass,NA,NTZ,Canal Luis Peña Natural Reserve,Yes,Kg,3,2003,88,NA,NA,No,NA,
544,"Boundary zone, <5 m depth",Stationary count,Functional group,NA,NA,NA,Non-denuder herbivore,Biomass,NA,NTZ,Canal Luis Peña Natural Reserve,Yes,Kg,4,2004,70,NA,NA,No,NA,
544,"Boundary zone, <5 m depth",Stationary count,Functional group,NA,NA,NA,Non-denuder herbivore,Biomass,NA,NTZ,Canal Luis Peña Natural Reserve,Yes,Kg,5,NA,NA,NA,NA,No,NA,
544,"Boundary zone, 5-15 m depth",Stationary count,Functional group,NA,NA,NA,Non-denuder herbivore,Biomass,NA,NTZ,Canal Luis Peña Natural Reserve,Yes,Kg,1,1999,57,NA,NA,No,NA,
544,"Boundary zone, 5-15 m depth",Stationary count,Functional group,NA,NA,NA,Non-denuder herbivore,Biomass,NA,NTZ,Canal Luis Peña Natural Reserve,Yes,Kg,2,2002,139,NA,NA,No,NA,
544,"Boundary zone, 5-15 m depth",Stationary count,Functional group,NA,NA,NA,Non-denuder herbivore,Biomass,NA,NTZ,Canal Luis Peña Natural Reserve,Yes,Kg,3,2003,234,NA,NA,No,NA,
544,"Boundary zone, 5-15 m depth",Stationary count,Functional group,NA,NA,NA,Non-denuder herbivore,Biomass,NA,NTZ,Canal Luis Peña Natural Reserve,Yes,Kg,4,2004,150,NA,NA,No,NA,
544,"Boundary zone, 5-15 m depth",Stationary count,Functional group,NA,NA,NA,Non-denuder herbivore,Biomass,NA,NTZ,Canal Luis Peña Natural Reserve,Yes,Kg,5,NA,NA,NA,NA,No,NA,
544,"Control fished zone, <5 m depth",Stationary count,Functional group,NA,NA,NA,Non-denuder herbivore,Biomass,NA,NTZ,Canal Luis Peña Natural Reserve,Yes,Kg,1,1999,155,NA,NA,No,NA,
544,"Control fished zone, <5 m depth",Stationary count,Functional group,NA,NA,NA,Non-denuder herbivore,Biomass,NA,NTZ,Canal Luis Peña Natural Reserve,Yes,Kg,2,2002,342,NA,NA,No,NA,
544,"Control fished zone, <5 m depth",Stationary count,Functional group,NA,NA,NA,Non-denuder herbivore,Biomass,NA,NTZ,Canal Luis Peña Natural Reserve,Yes,Kg,3,2003,191,NA,NA,No,NA,
544,"Control fished zone, <5 m depth",Stationary count,Functional group,NA,NA,NA,Non-denuder herbivore,Biomass,NA,NTZ,Canal Luis Peña Natural Reserve,Yes,Kg,4,2004,259,NA,NA,No,NA,
544,"Control fished zone, <5 m depth",Stationary count,Functional group,NA,NA,NA,Non-denuder herbivore,Biomass,NA,NTZ,Canal Luis Peña Natural Reserve,Yes,Kg,5,NA,NA,NA,NA,No,NA,
544,"Control fished zone, 5-15 m",Stationary count,Functional group,NA,NA,NA,Non-denuder herbivore,Biomass,NA,NTZ,Canal Luis Peña Natural Reserve,Yes,Kg,1,1999,208,NA,NA,No,NA,
544,"Control fished zone, 5-15 m",Stationary count,Functional group,NA,NA,NA,Non-denuder herbivore,Biomass,NA,NTZ,Canal Luis Peña Natural Reserve,Yes,Kg,2,2002,319,NA,NA,No,NA,
544,"Control fished zone, 5-15 m",Stationary count,Functional group,NA,NA,NA,Non-denuder herbivore,Biomass,NA,NTZ,Canal Luis Peña Natural Reserve,Yes,Kg,3,2003,218,NA,NA,No,NA,
544,"Control fished zone, 5-15 m",Stationary count,Functional group,NA,NA,NA,Non-denuder herbivore,Biomass,NA,NTZ,Canal Luis Peña Natural Reserve,Yes,Kg,4,2004,202,NA,NA,No,NA,
544,"Control fished zone, 5-15 m",Stationary count,Functional group,NA,NA,NA,Non-denuder herbivore,Biomass,NA,NTZ,Canal Luis Peña Natural Reserve,Yes,Kg,5,NA,NA,NA,NA,No,NA,
544,"Core NTZ, <5 m depth",Stationary count,Functional group,NA,NA,NA,Browser herbivore,Biomass,NA,NTZ,Canal Luis Peña Natural Reserve,Yes,Kg,1,1999,420,NA,NA,Yes,NA,
544,"Core NTZ, <5 m depth",Stationary count,Functional group,NA,NA,NA,Browser herbivore,Biomass,NA,NTZ,Canal Luis Peña Natural Reserve,Yes,Kg,2,2002,1640,NA,NA,Yes,NA,
544,"Core NTZ, <5 m depth",Stationary count,Functional group,NA,NA,NA,Browser herbivore,Biomass,NA,NTZ,Canal Luis Peña Natural Reserve,Yes,Kg,3,2003,292,NA,NA,Yes,NA,
544,"Core NTZ, <5 m depth",Stationary count,Functional group,NA,NA,NA,Browser herbivore,Biomass,NA,NTZ,Canal Luis Peña Natural Reserve,Yes,Kg,4,2004,568,NA,NA,Yes,NA,
544,"Core NTZ, <5 m depth",Stationary count,Functional group,NA,NA,NA,Browser herbivore,Biomass,NA,NTZ,Canal Luis Peña Natural Reserve,Yes,Kg,5,NA,NA,NA,NA,Yes,NA,
544,"Core NTZ, 5-15 m depth",Stationary count,Functional group,NA,NA,NA,Browser herbivore,Biomass,NA,NTZ,Canal Luis Peña Natural Reserve,Yes,Kg,1,1999,268,NA,NA,Yes,NA,
544,"Core NTZ, 5-15 m depth",Stationary count,Functional group,NA,NA,NA,Browser herbivore,Biomass,NA,NTZ,Canal Luis Peña Natural Reserve,Yes,Kg,2,2002,6739,NA,NA,Yes,NA,
544,"Core NTZ, 5-15 m depth",Stationary count,Functional group,NA,NA,NA,Browser herbivore,Biomass,NA,NTZ,Canal Luis Peña Natural Reserve,Yes,Kg,3,2003,179,NA,NA,Yes,NA,
544,"Core NTZ, 5-15 m depth",Stationary count,Functional group,NA,NA,NA,Browser herbivore,Biomass,NA,NTZ,Canal Luis Peña Natural Reserve,Yes,Kg,4,2004,1102,NA,NA,Yes,NA,
544,"Core NTZ, 5-15 m depth",Stationary count,Functional group,NA,NA,NA,Browser herbivore,Biomass,NA,NTZ,Canal Luis Peña Natural Reserve,Yes,Kg,5,NA,NA,NA,NA,Yes,NA,
544,"Boundary zone, <5 m depth",Stationary count,Functional group,NA,NA,NA,Browser herbivore,Biomass,NA,NTZ,Canal Luis Peña Natural Reserve,Yes,Kg,1,1999,3553,NA,NA,Yes,NA,
544,"Boundary zone, <5 m depth",Stationary count,Functional group,NA,NA,NA,Browser herbivore,Biomass,NA,NTZ,Canal Luis Peña Natural Reserve,Yes,Kg,2,2002,429,NA,NA,Yes,NA,
544,"Boundary zone, <5 m depth",Stationary count,Functional group,NA,NA,NA,Browser herbivore,Biomass,NA,NTZ,Canal Luis Peña Natural Reserve,Yes,Kg,3,2003,276,NA,NA,Yes,NA,
544,"Boundary zone, <5 m depth",Stationary count,Functional group,NA,NA,NA,Browser herbivore,Biomass,NA,NTZ,Canal Luis Peña Natural Reserve,Yes,Kg,4,2004,161,NA,NA,Yes,NA,
544,"Boundary zone, <5 m depth",Stationary count,Functional group,NA,NA,NA,Browser herbivore,Biomass,NA,NTZ,Canal Luis Peña Natural Reserve,Yes,Kg,5,NA,NA,NA,NA,Yes,NA,
544,"Boundary zone, 5-15 m depth",Stationary count,Functional group,NA,NA,NA,Browser herbivore,Biomass,NA,NTZ,Canal Luis Peña Natural Reserve,Yes,Kg,1,1999,3665,NA,NA,Yes,NA,
544,"Boundary zone, 5-15 m depth",Stationary count,Functional group,NA,NA,NA,Browser herbivore,Biomass,NA,NTZ,Canal Luis Peña Natural Reserve,Yes,Kg,2,2002,560,NA,NA,Yes,NA,
544,"Boundary zone, 5-15 m depth",Stationary count,Functional group,NA,NA,NA,Browser herbivore,Biomass,NA,NTZ,Canal Luis Peña Natural Reserve,Yes,Kg,3,2003,391,NA,NA,Yes,NA,
544,"Boundary zone, 5-15 m depth",Stationary count,Functional group,NA,NA,NA,Browser herbivore,Biomass,NA,NTZ,Canal Luis Peña Natural Reserve,Yes,Kg,4,2004,127,NA,NA,Yes,NA,
544,"Boundary zone, 5-15 m depth",Stationary count,Functional group,NA,NA,NA,Browser herbivore,Biomass,NA,NTZ,Canal Luis Peña Natural Reserve,Yes,Kg,5,NA,NA,NA,NA,Yes,NA,
544,"Boundary zone, 5-15 m depth",Stationary count,Functional group,NA,NA,NA,Browser herbivore,Biomass,NA,NTZ,Canal Luis Peña Natural Reserve,Yes,Kg,1,1999,3665,NA,NA,Yes,NA,
544,"Boundary zone, 5-15 m depth",Stationary count,Functional group,NA,NA,NA,Browser herbivore,Biomass,NA,NTZ,Canal Luis Peña Natural Reserve,Yes,Kg,2,2002,560,NA,NA,Yes,NA,
544,"Boundary zone, 5-15 m depth",Stationary count,Functional group,NA,NA,NA,Browser herbivore,Biomass,NA,NTZ,Canal Luis Peña Natural Reserve,Yes,Kg,3,2003,391,NA,NA,Yes,NA,
544,"Boundary zone, 5-15 m depth",Stationary count,Functional group,NA,NA,NA,Browser herbivore,Biomass,NA,NTZ,Canal Luis Peña Natural Reserve,Yes,Kg,4,2004,127,NA,NA,Yes,NA,
544,"Boundary zone, 5-15 m depth",Stationary count,Functional group,NA,NA,NA,Browser herbivore,Biomass,NA,NTZ,Canal Luis Peña Natural Reserve,Yes,Kg,5,NA,NA,NA,NA,Yes,NA,
544,"Control fished zone, <5 m depth",Stationary count,Functional group,NA,NA,NA,Browser herbivore,Biomass,NA,NTZ,Canal Luis Peña Natural Reserve,Yes,Kg,1,1999,148,NA,NA,Yes,NA,
544,"Control fished zone, <5 m depth",Stationary count,Functional group,NA,NA,NA,Browser herbivore,Biomass,NA,NTZ,Canal Luis Peña Natural Reserve,Yes,Kg,2,2002,342,NA,NA,Yes,NA,
544,"Control fished zone, <5 m depth",Stationary count,Functional group,NA,NA,NA,Browser herbivore,Biomass,NA,NTZ,Canal Luis Peña Natural Reserve,Yes,Kg,3,2003,227,NA,NA,Yes,NA,
544,"Control fished zone, <5 m depth",Stationary count,Functional group,NA,NA,NA,Browser herbivore,Biomass,NA,NTZ,Canal Luis Peña Natural Reserve,Yes,Kg,4,2004,1190,NA,NA,Yes,NA,
544,"Control fished zone, <5 m depth",Stationary count,Functional group,NA,NA,NA,Browser herbivore,Biomass,NA,NTZ,Canal Luis Peña Natural Reserve,Yes,Kg,5,NA,NA,NA,NA,Yes,NA,
544,"Control fished zone, 5-15 m depth",Stationary count,Functional group,NA,NA,NA,Browser herbivore,Biomass,NA,NTZ,Canal Luis Peña Natural Reserve,Yes,Kg,1,1999,187,NA,NA,Yes,NA,
544,"Control fished zone, 5-15 m depth",Stationary count,Functional group,NA,NA,NA,Browser herbivore,Biomass,NA,NTZ,Canal Luis Peña Natural Reserve,Yes,Kg,2,2002,2544,NA,NA,Yes,NA,
544,"Control fished zone, 5-15 m depth",Stationary count,Functional group,NA,NA,NA,Browser herbivore,Biomass,NA,NTZ,Canal Luis Peña Natural Reserve,Yes,Kg,3,2003,374,NA,NA,Yes,NA,
544,"Control fished zone, 5-15 m depth",Stationary count,Functional group,NA,NA,NA,Browser herbivore,Biomass,NA,NTZ,Canal Luis Peña Natural Reserve,Yes,Kg,4,2004,1857,NA,NA,Yes,NA,
544,"Control fished zone, 5-15 m depth",Stationary count,Functional group,NA,NA,NA,Browser herbivore,Biomass,NA,NTZ,Canal Luis Peña Natural Reserve,Yes,Kg,5,NA,NA,NA,NA,Yes,NA,
544,"Core NTZ, <5 m depth",Stationary count,Functional group,NA,NA,NA,Scraper herbivore,Biomass,NA,NTZ,Canal Luis Peña Natural Reserve,Yes,Kg,1,1999,560,NA,NA,Yes,NA,
544,"Core NTZ, <5 m depth",Stationary count,Functional group,NA,NA,NA,Scraper herbivore,Biomass,NA,NTZ,Canal Luis Peña Natural Reserve,Yes,Kg,2,2002,3480,NA,NA,Yes,NA,
544,"Core NTZ, <5 m depth",Stationary count,Functional group,NA,NA,NA,Scraper herbivore,Biomass,NA,NTZ,Canal Luis Peña Natural Reserve,Yes,Kg,3,2003,1690,NA,NA,Yes,NA,
544,"Core NTZ, <5 m depth",Stationary count,Functional group,NA,NA,NA,Scraper herbivore,Biomass,NA,NTZ,Canal Luis Peña Natural Reserve,Yes,Kg,4,2004,1129,NA,NA,Yes,NA,
544,"Core NTZ, <5 m depth",Stationary count,Functional group,NA,NA,NA,Scraper herbivore,Biomass,NA,NTZ,Canal Luis Peña Natural Reserve,Yes,Kg,5,NA,NA,NA,NA,Yes,NA,
544,"Core NTZ, 5-15 m depth",Stationary count,Functional group,NA,NA,NA,Scraper herbivore,Biomass,NA,NTZ,Canal Luis Peña Natural Reserve,Yes,Kg,1,1999,608,NA,NA,Yes,NA,
544,"Core NTZ, 5-15 m depth",Stationary count,Functional group,NA,NA,NA,Scraper herbivore,Biomass,NA,NTZ,Canal Luis Peña Natural Reserve,Yes,Kg,2,2002,2644,NA,NA,Yes,NA,
544,"Core NTZ, 5-15 m depth",Stationary count,Functional group,NA,NA,NA,Scraper herbivore,Biomass,NA,NTZ,Canal Luis Peña Natural Reserve,Yes,Kg,3,2003,966,NA,NA,Yes,NA,
544,"Core NTZ, 5-15 m depth",Stationary count,Functional group,NA,NA,NA,Scraper herbivore,Biomass,NA,NTZ,Canal Luis Peña Natural Reserve,Yes,Kg,4,2004,867,NA,NA,Yes,NA,
544,"Core NTZ, 5-15 m depth",Stationary count,Functional group,NA,NA,NA,Scraper herbivore,Biomass,NA,NTZ,Canal Luis Peña Natural Reserve,Yes,Kg,5,NA,NA,NA,NA,Yes,NA,
544,"Boundry zone, <5 m depth",Stationary count,Functional group,NA,NA,NA,Scraper herbivore,Biomass,NA,NTZ,Canal Luis Peña Natural Reserve,Yes,Kg,1,1999,1098,NA,NA,Yes,NA,
544,"Boundry zone, <5 m depth",Stationary count,Functional group,NA,NA,NA,Scraper herbivore,Biomass,NA,NTZ,Canal Luis Peña Natural Reserve,Yes,Kg,2,2002,939,NA,NA,Yes,NA,
544,"Boundry zone, <5 m depth",Stationary count,Functional group,NA,NA,NA,Scraper herbivore,Biomass,NA,NTZ,Canal Luis Peña Natural Reserve,Yes,Kg,3,2003,424,NA,NA,Yes,NA,
544,"Boundry zone, <5 m depth",Stationary count,Functional group,NA,NA,NA,Scraper herbivore,Biomass,NA,NTZ,Canal Luis Peña Natural Reserve,Yes,Kg,4,2004,510,NA,NA,Yes,NA,
544,"Boundry zone, <5 m depth",Stationary count,Functional group,NA,NA,NA,Scraper herbivore,Biomass,NA,NTZ,Canal Luis Peña Natural Reserve,Yes,Kg,5,NA,NA,NA,NA,Yes,NA,
544,"Boundary zone, 5-15 m depth",Stationary count,Functional group,NA,NA,NA,Scraper herbivore,Biomass,NA,NTZ,Canal Luis Peña Natural Reserve,Yes,Kg,1,1999,1754,NA,NA,Yes,NA,
544,"Boundary zone, 5-15 m depth",Stationary count,Functional group,NA,NA,NA,Scraper herbivore,Biomass,NA,NTZ,Canal Luis Peña Natural Reserve,Yes,Kg,2,2002,616,NA,NA,Yes,NA,
544,"Boundary zone, 5-15 m depth",Stationary count,Functional group,NA,NA,NA,Scraper herbivore,Biomass,NA,NTZ,Canal Luis Peña Natural Reserve,Yes,Kg,3,2003,711,NA,NA,Yes,NA,
544,"Boundary zone, 5-15 m depth",Stationary count,Functional group,NA,NA,NA,Scraper herbivore,Biomass,NA,NTZ,Canal Luis Peña Natural Reserve,Yes,Kg,4,2004,257,NA,NA,Yes,NA,
544,"Boundary zone, 5-15 m depth",Stationary count,Functional group,NA,NA,NA,Scraper herbivore,Biomass,NA,NTZ,Canal Luis Peña Natural Reserve,Yes,Kg,5,NA,NA,NA,NA,Yes,NA,
544,"Control fished zone, <5 m depth",Stationary count,Functional group,NA,NA,NA,Scraper herbivore,Biomass,NA,NTZ,Canal Luis Peña Natural Reserve,Yes,Kg,1,1999,1183,NA,NA,Yes,NA,
544,"Control fished zone, <5 m depth",Stationary count,Functional group,NA,NA,NA,Scraper herbivore,Biomass,NA,NTZ,Canal Luis Peña Natural Reserve,Yes,Kg,2,2002,917,NA,NA,Yes,NA,
544,"Control fished zone, <5 m depth",Stationary count,Functional group,NA,NA,NA,Scraper herbivore,Biomass,NA,NTZ,Canal Luis Peña Natural Reserve,Yes,Kg,3,2003,791,NA,NA,Yes,NA,
544,"Control fished zone, <5 m depth",Stationary count,Functional group,NA,NA,NA,Scraper herbivore,Biomass,NA,NTZ,Canal Luis Peña Natural Reserve,Yes,Kg,4,2004,1366,NA,NA,Yes,NA,
544,"Control fished zone, <5 m depth",Stationary count,Functional group,NA,NA,NA,Scraper herbivore,Biomass,NA,NTZ,Canal Luis Peña Natural Reserve,Yes,Kg,5,NA,NA,NA,NA,Yes,NA,
544,"Control fished zone, 5-15 m depth",Stationary count,Functional group,NA,NA,NA,Scraper herbivore,Biomass,NA,NTZ,Canal Luis Peña Natural Reserve,Yes,Kg,1,1999,763,NA,NA,Yes,NA,
544,"Control fished zone, 5-15 m depth",Stationary count,Functional group,NA,NA,NA,Scraper herbivore,Biomass,NA,NTZ,Canal Luis Peña Natural Reserve,Yes,Kg,2,2002,794,NA,NA,Yes,NA,
544,"Control fished zone, 5-15 m depth",Stationary count,Functional group,NA,NA,NA,Scraper herbivore,Biomass,NA,NTZ,Canal Luis Peña Natural Reserve,Yes,Kg,3,2003,525,NA,NA,Yes,NA,
544,"Control fished zone, 5-15 m depth",Stationary count,Functional group,NA,NA,NA,Scraper herbivore,Biomass,NA,NTZ,Canal Luis Peña Natural Reserve,Yes,Kg,4,2003,758,NA,NA,Yes,NA,
544,"Control fished zone, 5-15 m depth",Stationary count,Functional group,NA,NA,NA,Scraper herbivore,Biomass,NA,NTZ,Canal Luis Peña Natural Reserve,Yes,Kg,5,NA,NA,NA,NA,Yes,NA,
544,"Core NTZ, <5 m depth",Stationary count,Functional group,NA,NA,NA,Total carnivores,Biomass,NA,NTZ,Canal Luis Peña Natural Reserve,Yes,Kg,1,1999,1.41,NA,NA,Yes,NA,
544,"Core NTZ, <5 m depth",Stationary count,Functional group,NA,NA,NA,Total carnivores,Biomass,NA,NTZ,Canal Luis Peña Natural Reserve,Yes,Kg,2,2002,10.5,NA,NA,Yes,NA,
544,"Core NTZ, <5 m depth",Stationary count,Functional group,NA,NA,NA,Total carnivores,Biomass,NA,NTZ,Canal Luis Peña Natural Reserve,Yes,Kg,3,2003,7.73,NA,NA,Yes,NA,
544,"Core NTZ, <5 m depth",Stationary count,Functional group,NA,NA,NA,Total carnivores,Biomass,NA,NTZ,Canal Luis Peña Natural Reserve,Yes,Kg,4,2004,4.55,NA,NA,Yes,NA,
544,"Core NTZ, <5 m depth",Stationary count,Functional group,NA,NA,NA,Total carnivores,Biomass,NA,NTZ,Canal Luis Peña Natural Reserve,Yes,Kg,5,NA,NA,NA,NA,Yes,NA,
544,"Core NTZ, 5-15 m depth",Transect count,Functional group,NA,NA,NA,Total carnivores,Biomass,NA,NTZ,Canal Luis Peña Natural Reserve,Yes,Kg,1,1999,1.83,NA,NA,Yes,NA,
544,"Core NTZ, 5-15 m depth",Transect count,Functional group,NA,NA,NA,Total carnivores,Biomass,NA,NTZ,Canal Luis Peña Natural Reserve,Yes,Kg,2,2002,7.83,NA,NA,Yes,NA,
544,"Core NTZ, 5-15 m depth",Transect count,Functional group,NA,NA,NA,Total carnivores,Biomass,NA,NTZ,Canal Luis Peña Natural Reserve,Yes,Kg,3,2003,5.89,NA,NA,Yes,NA,
544,"Core NTZ, 5-15 m depth",Transect count,Functional group,NA,NA,NA,Total carnivores,Biomass,NA,NTZ,Canal Luis Peña Natural Reserve,Yes,Kg,4,2004,6.17,NA,NA,Yes,NA,
544,"Core NTZ, 5-15 m depth",Transect count,Functional group,NA,NA,NA,Total carnivores,Biomass,NA,NTZ,Canal Luis Peña Natural Reserve,Yes,Kg,5,NA,NA,NA,NA,Yes,NA,
544,"Boundary zone, <5 m depth",Stationary count,Functional group,NA,NA,NA,Total carnivores,Biomass,NA,NTZ,Canal Luis Peña Natural Reserve,Yes,Kg,1,1999,3.95,NA,NA,Yes,NA,
544,"Boundary zone, <5 m depth",Stationary count,Functional group,NA,NA,NA,Total carnivores,Biomass,NA,NTZ,Canal Luis Peña Natural Reserve,Yes,Kg,2,2002,1.56,NA,NA,Yes,NA,
544,"Boundary zone, <5 m depth",Stationary count,Functional group,NA,NA,NA,Total carnivores,Biomass,NA,NTZ,Canal Luis Peña Natural Reserve,Yes,Kg,3,2003,1.01,NA,NA,Yes,NA,
544,"Boundary zone, <5 m depth",Stationary count,Functional group,NA,NA,NA,Total carnivores,Biomass,NA,NTZ,Canal Luis Peña Natural Reserve,Yes,Kg,4,2004,0.52,NA,NA,Yes,NA,
544,"Boundary zone, <5 m depth",Stationary count,Functional group,NA,NA,NA,Total carnivores,Biomass,NA,NTZ,Canal Luis Peña Natural Reserve,Yes,Kg,5,NA,NA,NA,NA,Yes,NA,
544,"Boundary zone, 5-15 m depth",Stationary count,Functional group,NA,NA,NA,Total carnivores,Biomass,NA,NTZ,Canal Luis Peña Natural Reserve,Yes,Kg,1,1999,3.69,NA,NA,Yes,NA,
544,"Boundary zone, 5-15 m depth",Stationary count,Functional group,NA,NA,NA,Total carnivores,Biomass,NA,NTZ,Canal Luis Peña Natural Reserve,Yes,Kg,2,2002,3.35,NA,NA,Yes,NA,
544,"Boundary zone, 5-15 m depth",Stationary count,Functional group,NA,NA,NA,Total carnivores,Biomass,NA,NTZ,Canal Luis Peña Natural Reserve,Yes,Kg,3,2003,1.5,NA,NA,Yes,NA,
544,"Boundary zone, 5-15 m depth",Stationary count,Functional group,NA,NA,NA,Total carnivores,Biomass,NA,NTZ,Canal Luis Peña Natural Reserve,Yes,Kg,4,2004,0.75,NA,NA,Yes,NA,
544,"Boundary zone, 5-15 m depth",Stationary count,Functional group,NA,NA,NA,Total carnivores,Biomass,NA,NTZ,Canal Luis Peña Natural Reserve,Yes,Kg,5,NA,NA,NA,NA,Yes,NA,
544,"Control fished zone, <5 m depth",Stationary count,Functional group,NA,NA,NA,Total carnivores,Biomass,NA,NTZ,Canal Luis Peña Natural Reserve,Yes,Kg,1,1999,1.14,NA,NA,Yes,NA,
544,"Control fished zone, <5 m depth",Stationary count,Functional group,NA,NA,NA,Total carnivores,Biomass,NA,NTZ,Canal Luis Peña Natural Reserve,Yes,Kg,2,2002,1.61,NA,NA,Yes,NA,
544,"Control fished zone, <5 m depth",Stationary count,Functional group,NA,NA,NA,Total carnivores,Biomass,NA,NTZ,Canal Luis Peña Natural Reserve,Yes,Kg,3,2003,1.5,NA,NA,Yes,NA,
544,"Control fished zone, <5 m depth",Stationary count,Functional group,NA,NA,NA,Total carnivores,Biomass,NA,NTZ,Canal Luis Peña Natural Reserve,Yes,Kg,4,2004,3.19,NA,NA,Yes,NA,
544,"Control fished zone, <5 m depth",Stationary count,Functional group,NA,NA,NA,Total carnivores,Biomass,NA,NTZ,Canal Luis Peña Natural Reserve,Yes,Kg,5,NA,NA,NA,NA,Yes,NA,
544,"Control fished zone, 5-15 m depth",Stationary count,Functional group,NA,NA,NA,Total carnivores,Biomass,NA,NTZ,Canal Luis Peña Natural Reserve,Yes,Kg,1,1999,2.72,NA,NA,Yes,NA,
544,"Control fished zone, 5-15 m depth",Stationary count,Functional group,NA,NA,NA,Total carnivores,Biomass,NA,NTZ,Canal Luis Peña Natural Reserve,Yes,Kg,2,2002,4.58,NA,NA,Yes,NA,
544,"Control fished zone, 5-15 m depth",Stationary count,Functional group,NA,NA,NA,Total carnivores,Biomass,NA,NTZ,Canal Luis Peña Natural Reserve,Yes,Kg,3,2003,2.29,NA,NA,Yes,NA,
544,"Control fished zone, 5-15 m depth",Stationary count,Functional group,NA,NA,NA,Total carnivores,Biomass,NA,NTZ,Canal Luis Peña Natural Reserve,Yes,Kg,4,2004,2.79,NA,NA,Yes,NA,
544,"Control fished zone, 5-15 m depth",Stationary count,Functional group,NA,NA,NA,Total carnivores,Biomass,NA,NTZ,Canal Luis Peña Natural Reserve,Yes,Kg,5,NA,NA,NA,NA,Yes,NA,
544,"Core NTZ, <5 m depth",Stationary count,Functional group,NA,NA,NA,Generalist carnivore,Biomass,NA,NTZ,Canal Luis Peña Natural Reserve,Yes,Kg,1,1999,515,NA,NA,Yes,NA,
544,"Core NTZ, <5 m depth",Stationary count,Functional group,NA,NA,NA,Generalist carnivore,Biomass,NA,NTZ,Canal Luis Peña Natural Reserve,Yes,Kg,2,2002,2793,NA,NA,Yes,NA,
544,"Core NTZ, <5 m depth",Stationary count,Functional group,NA,NA,NA,Generalist carnivore,Biomass,NA,NTZ,Canal Luis Peña Natural Reserve,Yes,Kg,3,2003,2696,NA,NA,Yes,NA,
544,"Core NTZ, <5 m depth",Stationary count,Functional group,NA,NA,NA,Generalist carnivore,Biomass,NA,NTZ,Canal Luis Peña Natural Reserve,Yes,Kg,4,2004,1593,NA,NA,Yes,NA,
544,"Core NTZ, <5 m depth",Stationary count,Functional group,NA,NA,NA,Generalist carnivore,Biomass,NA,NTZ,Canal Luis Peña Natural Reserve,Yes,Kg,5,NA,NA,NA,NA,Yes,NA,
544,"Core NTZ, 5-15 m depth",Stationary count,Functional group,NA,NA,NA,Generalist carnivores,Biomass,NA,NTZ,Canal Luis Peña Natural Reserve,Yes,Kg,1,1999,1153,NA,NA,Yes,NA,
544,"Core NTZ, 5-15 m depth",Stationary count,Functional group,NA,NA,NA,Generalist carnivores,Biomass,NA,NTZ,Canal Luis Peña Natural Reserve,Yes,Kg,2,2002,3553,NA,NA,Yes,NA,
544,"Core NTZ, 5-15 m depth",Stationary count,Functional group,NA,NA,NA,Generalist carnivores,Biomass,NA,NTZ,Canal Luis Peña Natural Reserve,Yes,Kg,3,2003,1616,NA,NA,Yes,NA,
544,"Core NTZ, 5-15 m depth",Stationary count,Functional group,NA,NA,NA,Generalist carnivores,Biomass,NA,NTZ,Canal Luis Peña Natural Reserve,Yes,Kg,4,2004,3840,NA,NA,Yes,NA,
544,"Core NTZ, 5-15 m depth",Stationary count,Functional group,NA,NA,NA,Generalist carnivores,Biomass,NA,NTZ,Canal Luis Peña Natural Reserve,Yes,Kg,5,NA,NA,NA,NA,Yes,NA,
544,"Boundary zone, <5 m depth",Stationary count,Functional group,NA,NA,NA,Generalist carnivore,Biomass,NA,NTZ,Canal Luis Peña Natural Reserve,Yes,Kg,1,1999,2783,NA,NA,Yes,NA,
544,"Boundary zone, <5 m depth",Stationary count,Functional group,NA,NA,NA,Generalist carnivore,Biomass,NA,NTZ,Canal Luis Peña Natural Reserve,Yes,Kg,2,2002,888,NA,NA,Yes,NA,
544,"Boundary zone, <5 m depth",Stationary count,Functional group,NA,NA,NA,Generalist carnivore,Biomass,NA,NTZ,Canal Luis Peña Natural Reserve,Yes,Kg,3,2003,741,NA,NA,Yes,NA,
544,"Boundary zone, <5 m depth",Stationary count,Functional group,NA,NA,NA,Generalist carnivore,Biomass,NA,NTZ,Canal Luis Peña Natural Reserve,Yes,Kg,4,2004,370,NA,NA,Yes,NA,
544,"Boundary zone, <5 m depth",Stationary count,Functional group,NA,NA,NA,Generalist carnivore,Biomass,NA,NTZ,Canal Luis Peña Natural Reserve,Yes,Kg,5,NA,NA,NA,NA,Yes,NA,
544,"Boundary zone, 5-15 m depth",Stationary count,Functional group,NA,NA,NA,Generalist carnivores,Biomass,NA,NTZ,Canal Luis Peña Natural Reserve,Yes,Kg,1,1999,2632,NA,NA,Yes,NA,
544,"Boundary zone, 5-15 m depth",Stationary count,Functional group,NA,NA,NA,Generalist carnivores,Biomass,NA,NTZ,Canal Luis Peña Natural Reserve,Yes,Kg,2,2002,1753,NA,NA,Yes,NA,
544,"Boundary zone, 5-15 m depth",Stationary count,Functional group,NA,NA,NA,Generalist carnivores,Biomass,NA,NTZ,Canal Luis Peña Natural Reserve,Yes,Kg,3,2003,1044,NA,NA,Yes,NA,
544,"Boundary zone, 5-15 m depth",Stationary count,Functional group,NA,NA,NA,Generalist carnivores,Biomass,NA,NTZ,Canal Luis Peña Natural Reserve,Yes,Kg,4,2004,504,NA,NA,Yes,NA,
544,"Boundary zone, 5-15 m depth",Stationary count,Functional group,NA,NA,NA,Generalist carnivores,Biomass,NA,NTZ,Canal Luis Peña Natural Reserve,Yes,Kg,5,NA,NA,NA,NA,Yes,NA,
544,"Control fished zone, <5 m depth",Stationary count,Functional group,NA,NA,NA,Generalist carnivore,Biomass,NA,NTZ,Canal Luis Peña Natural Reserve,Yes,Kg,1,1999,699,NA,NA,Yes,NA,
544,"Control fished zone, <5 m depth",Stationary count,Functional group,NA,NA,NA,Generalist carnivore,Biomass,NA,NTZ,Canal Luis Peña Natural Reserve,Yes,Kg,2,2002,1172,NA,NA,Yes,NA,
544,"Control fished zone, <5 m depth",Stationary count,Functional group,NA,NA,NA,Generalist carnivore,Biomass,NA,NTZ,Canal Luis Peña Natural Reserve,Yes,Kg,3,2003,1144,NA,NA,Yes,NA,
544,"Control fished zone, <5 m depth",Stationary count,Functional group,NA,NA,NA,Generalist carnivore,Biomass,NA,NTZ,Canal Luis Peña Natural Reserve,Yes,Kg,4,2004,1836,NA,NA,Yes,NA,
544,"Control fished zone, <5 m depth",Stationary count,Functional group,NA,NA,NA,Generalist carnivore,Biomass,NA,NTZ,Canal Luis Peña Natural Reserve,Yes,Kg,5,NA,NA,NA,NA,Yes,NA,
544,"Control fished zone, 5-15 m depth",Stationary count,Functional group,NA,NA,NA,Generalist carnivores,Biomass,NA,NTZ,Canal Luis Peña Natural Reserve,Yes,Kg,1,1999,1133,NA,NA,Yes,NA,
544,"Control fished zone, 5-15 m depth",Stationary count,Functional group,NA,NA,NA,Generalist carnivores,Biomass,NA,NTZ,Canal Luis Peña Natural Reserve,Yes,Kg,2,2002,2577,NA,NA,Yes,NA,
544,"Control fished zone, 5-15 m depth",Stationary count,Functional group,NA,NA,NA,Generalist carnivores,Biomass,NA,NTZ,Canal Luis Peña Natural Reserve,Yes,Kg,3,2003,1161,NA,NA,Yes,NA,
544,"Control fished zone, 5-15 m depth",Stationary count,Functional group,NA,NA,NA,Generalist carnivores,Biomass,NA,NTZ,Canal Luis Peña Natural Reserve,Yes,Kg,4,2004,2375,NA,NA,Yes,NA,
544,"Control fished zone, 5-15 m depth",Stationary count,Functional group,NA,NA,NA,Generalist carnivores,Biomass,NA,NTZ,Canal Luis Peña Natural Reserve,Yes,Kg,5,NA,NA,NA,NA,Yes,NA,
544,"Core NTZ, <5 m depth",Stationary count,Functional group,NA,NA,NA,Piscivores,Biomass,NA,NTZ,Canal Luis Peña Natural Reserve,Yes,Kg,1,1999,479,NA,NA,No,NA,
544,"Core NTZ, <5 m depth",Stationary count,Functional group,NA,NA,NA,Piscivores,Biomass,NA,NTZ,Canal Luis Peña Natural Reserve,Yes,Kg,2,2002,7148,NA,NA,No,NA,
544,"Core NTZ, <5 m depth",Stationary count,Functional group,NA,NA,NA,Piscivores,Biomass,NA,NTZ,Canal Luis Peña Natural Reserve,Yes,Kg,3,2003,4326,NA,NA,No,NA,
544,"Core NTZ, <5 m depth",Stationary count,Functional group,NA,NA,NA,Piscivores,Biomass,NA,NTZ,Canal Luis Peña Natural Reserve,Yes,Kg,4,2004,3803,NA,NA,No,NA,
544,"Core NTZ, <5 m depth",Stationary count,Functional group,NA,NA,NA,Piscivores,Biomass,NA,NTZ,Canal Luis Peña Natural Reserve,Yes,Kg,5,NA,NA,NA,NA,No,NA,
544,"Core NTZ, 5-15 m depth",Stationary count,Functional group,NA,NA,NA,Piscivore,Biomass,NA,NTZ,Canal Luis Peña Natural Reserve,Yes,Kg,1,1999,216,NA,NA,No,NA,
544,"Core NTZ, 5-15 m depth",Stationary count,Functional group,NA,NA,NA,Piscivore,Biomass,NA,NTZ,Canal Luis Peña Natural Reserve,Yes,Kg,2,2002,2710,NA,NA,No,NA,
544,"Core NTZ, 5-15 m depth",Stationary count,Functional group,NA,NA,NA,Piscivore,Biomass,NA,NTZ,Canal Luis Peña Natural Reserve,Yes,Kg,3,2003,2645,NA,NA,No,NA,
544,"Core NTZ, 5-15 m depth",Stationary count,Functional group,NA,NA,NA,Piscivore,Biomass,NA,NTZ,Canal Luis Peña Natural Reserve,Yes,Kg,4,2004,1913,NA,NA,No,NA,
544,"Core NTZ, 5-15 m depth",Stationary count,Functional group,NA,NA,NA,Piscivore,Biomass,NA,NTZ,Canal Luis Peña Natural Reserve,Yes,Kg,5,NA,NA,NA,NA,No,NA,
544,"Boundary zone, <5 m depth",Stationary count,Functional group,NA,NA,NA,Piscivores,Biomass,NA,NTZ,Canal Luis Peña Natural Reserve,Yes,Kg,1,1999,1123,NA,NA,No,NA,
544,"Boundary zone, <5 m depth",Stationary count,Functional group,NA,NA,NA,Piscivores,Biomass,NA,NTZ,Canal Luis Peña Natural Reserve,Yes,Kg,2,2002,663,NA,NA,No,NA,
544,"Boundary zone, <5 m depth",Stationary count,Functional group,NA,NA,NA,Piscivores,Biomass,NA,NTZ,Canal Luis Peña Natural Reserve,Yes,Kg,3,2003,247,NA,NA,No,NA,
544,"Boundary zone, <5 m depth",Stationary count,Functional group,NA,NA,NA,Piscivores,Biomass,NA,NTZ,Canal Luis Peña Natural Reserve,Yes,Kg,4,2004,107,NA,NA,No,NA,
544,"Boundary zone, <5 m depth",Stationary count,Functional group,NA,NA,NA,Piscivores,Biomass,NA,NTZ,Canal Luis Peña Natural Reserve,Yes,Kg,5,NA,NA,NA,NA,No,NA,
544,"Boundary zone, 5-15 m depth",Stationary count,Functional group,NA,NA,NA,Piscivore,Biomass,NA,NTZ,Canal Luis Peña Natural Reserve,Yes,Kg,1,1999,1016,NA,NA,No,NA,
544,"Boundary zone, 5-15 m depth",Stationary count,Functional group,NA,NA,NA,Piscivore,Biomass,NA,NTZ,Canal Luis Peña Natural Reserve,Yes,Kg,2,2002,1580,NA,NA,No,NA,
544,"Boundary zone, 5-15 m depth",Stationary count,Functional group,NA,NA,NA,Piscivore,Biomass,NA,NTZ,Canal Luis Peña Natural Reserve,Yes,Kg,3,2003,435,NA,NA,No,NA,
544,"Boundary zone, 5-15 m depth",Stationary count,Functional group,NA,NA,NA,Piscivore,Biomass,NA,NTZ,Canal Luis Peña Natural Reserve,Yes,Kg,4,2004,240,NA,NA,No,NA,
544,"Boundary zone, 5-15 m depth",Stationary count,Functional group,NA,NA,NA,Piscivore,Biomass,NA,NTZ,Canal Luis Peña Natural Reserve,Yes,Kg,5,NA,NA,NA,NA,No,NA,
544,"Control fished zone, <5 m depth",Stationary count,Functional group,NA,NA,NA,Piscivores,Biomass,NA,NTZ,Canal Luis Peña Natural Reserve,Yes,Kg,1,1999,101,NA,NA,No,NA,
544,"Control fished zone, <5 m depth",Stationary count,Functional group,NA,NA,NA,Piscivores,Biomass,NA,NTZ,Canal Luis Peña Natural Reserve,Yes,Kg,2,2002,195,NA,NA,No,NA,
544,"Control fished zone, <5 m depth",Stationary count,Functional group,NA,NA,NA,Piscivores,Biomass,NA,NTZ,Canal Luis Peña Natural Reserve,Yes,Kg,3,2003,253,NA,NA,No,NA,
544,"Control fished zone, <5 m depth",Stationary count,Functional group,NA,NA,NA,Piscivores,Biomass,NA,NTZ,Canal Luis Peña Natural Reserve,Yes,Kg,4,2004,992,NA,NA,No,NA,
544,"Control fished zone, <5 m depth",Stationary count,Functional group,NA,NA,NA,Piscivores,Biomass,NA,NTZ,Canal Luis Peña Natural Reserve,Yes,Kg,5,NA,NA,NA,NA,No,NA,
544,"Control fished zone, 5-15 m depth",Stationary count,Functional group,NA,NA,NA,Piscivore,Biomass,NA,NTZ,Canal Luis Peña Natural Reserve,Yes,Kg,1,1999,426,NA,NA,No,NA,
544,"Control fished zone, 5-15 m depth",Stationary count,Functional group,NA,NA,NA,Piscivore,Biomass,NA,NTZ,Canal Luis Peña Natural Reserve,Yes,Kg,2,2002,1704,NA,NA,No,NA,
544,"Control fished zone, 5-15 m depth",Stationary count,Functional group,NA,NA,NA,Piscivore,Biomass,NA,NTZ,Canal Luis Peña Natural Reserve,Yes,Kg,3,2003,892,NA,NA,No,NA,
544,"Control fished zone, 5-15 m depth",Stationary count,Functional group,NA,NA,NA,Piscivore,Biomass,NA,NTZ,Canal Luis Peña Natural Reserve,Yes,Kg,4,2004,312,NA,NA,No,NA,
544,"Control fished zone, 5-15 m depth",Stationary count,Functional group,NA,NA,NA,Piscivore,Biomass,NA,NTZ,Canal Luis Peña Natural Reserve,Yes,Kg,5,NA,NA,NA,NA,No,NA,
544,"Core NTZ zone, <5 m depth",Stationary count,Functional group,NA,NA,NA,Planktivore ,Biomass,NA,NTZ,Canal Luis Peña Natural Reserve,Yes,Kg,1,1999,417,NA,NA,No,NA,
544,"Core NTZ zone, <5 m depth",Stationary count,Functional group,NA,NA,NA,Planktivore ,Biomass,NA,NTZ,Canal Luis Peña Natural Reserve,Yes,Kg,2,2002,534,NA,NA,No,NA,
544,"Core NTZ zone, <5 m depth",Stationary count,Functional group,NA,NA,NA,Planktivore ,Biomass,NA,NTZ,Canal Luis Peña Natural Reserve,Yes,Kg,3,2003,1616,NA,NA,No,NA,
544,"Core NTZ zone, <5 m depth",Stationary count,Functional group,NA,NA,NA,Planktivore ,Biomass,NA,NTZ,Canal Luis Peña Natural Reserve,Yes,Kg,4,2004,268,NA,NA,No,NA,
544,"Core NTZ zone, <5 m depth",Stationary count,Functional group,NA,NA,NA,Planktivore ,Biomass,NA,NTZ,Canal Luis Peña Natural Reserve,Yes,Kg,5,NA,NA,NA,NA,No,NA,
544,"Core NTZ, 5-15 m depth",Stationary count,Functional group,NA,NA,NA,Planktivore,Biomass,NA,NTZ,Canal Luis Peña Natural Reserve,Yes,Kg,1,1999,541,NA,NA,No,NA,
544,"Core NTZ, 5-15 m depth",Stationary count,Functional group,NA,NA,NA,Planktivore,Biomass,NA,NTZ,Canal Luis Peña Natural Reserve,Yes,Kg,2,2002,1564,NA,NA,No,NA,
544,"Core NTZ, 5-15 m depth",Stationary count,Functional group,NA,NA,NA,Planktivore,Biomass,NA,NTZ,Canal Luis Peña Natural Reserve,Yes,Kg,3,2003,1629,NA,NA,No,NA,
544,"Core NTZ, 5-15 m depth",Stationary count,Functional group,NA,NA,NA,Planktivore,Biomass,NA,NTZ,Canal Luis Peña Natural Reserve,Yes,Kg,4,2004,417,NA,NA,No,NA,
544,"Core NTZ, 5-15 m depth",Stationary count,Functional group,NA,NA,NA,Planktivore,Biomass,NA,NTZ,Canal Luis Peña Natural Reserve,Yes,Kg,5,NA,NA,NA,NA,No,NA,
544,"Boundary zone, <5 m depth",Transect count,Functional group,NA,NA,NA,Planktivore,Biomass,NA,NTZ,Canal Luis Peña Natural Reserve,Yes,Kg,1,1999,48,NA,NA,No,NA,
544,"Boundary zone, <5 m depth",Transect count,Functional group,NA,NA,NA,Planktivore,Biomass,NA,NTZ,Canal Luis Peña Natural Reserve,Yes,Kg,2,2002,13,NA,NA,No,NA,
544,"Boundary zone, <5 m depth",Transect count,Functional group,NA,NA,NA,Planktivore,Biomass,NA,NTZ,Canal Luis Peña Natural Reserve,Yes,Kg,3,2003,22,NA,NA,No,NA,
544,"Boundary zone, <5 m depth",Transect count,Functional group,NA,NA,NA,Planktivore,Biomass,NA,NTZ,Canal Luis Peña Natural Reserve,Yes,Kg,4,2004,42,NA,NA,No,NA,
544,"Boundary zone, <5 m depth",Transect count,Functional group,NA,NA,NA,Planktivore,Biomass,NA,NTZ,Canal Luis Peña Natural Reserve,Yes,Kg,5,NA,NA,NA,NA,No,NA,
544,"Boundary zone, 5-15 m depth",Stationary count,Functional group,NA,NA,NA,Planktivore,Biomass,NA,NTZ,Canal Luis Peña Natural Reserve,Yes,Kg,1,1999,41,NA,NA,No,NA,
544,"Boundary zone, 5-15 m depth",Stationary count,Functional group,NA,NA,NA,Planktivore,Biomass,NA,NTZ,Canal Luis Peña Natural Reserve,Yes,Kg,2,2002,19,NA,NA,No,NA,
544,"Boundary zone, 5-15 m depth",Stationary count,Functional group,NA,NA,NA,Planktivore,Biomass,NA,NTZ,Canal Luis Peña Natural Reserve,Yes,Kg,3,2003,17,NA,NA,No,NA,
544,"Boundary zone, 5-15 m depth",Stationary count,Functional group,NA,NA,NA,Planktivore,Biomass,NA,NTZ,Canal Luis Peña Natural Reserve,Yes,Kg,4,2004,11,NA,NA,No,NA,
544,"Boundary zone, 5-15 m depth",Stationary count,Functional group,NA,NA,NA,Planktivore,Biomass,NA,NTZ,Canal Luis Peña Natural Reserve,Yes,Kg,5,NA,NA,NA,NA,No,NA,
544,"Control fished zone, <5 m depth",Stationary count,Functional group,NA,NA,NA,Planktivore,Biomass,NA,NTZ,Canal Luis Peña Natural Reserve,Yes,Kg,1,1999,342,NA,NA,No,NA,
544,"Control fished zone, <5 m depth",Stationary count,Functional group,NA,NA,NA,Planktivore,Biomass,NA,NTZ,Canal Luis Peña Natural Reserve,Yes,Kg,2,2002,210,NA,NA,No,NA,
544,"Control fished zone, <5 m depth",Stationary count,Functional group,NA,NA,NA,Planktivore,Biomass,NA,NTZ,Canal Luis Peña Natural Reserve,Yes,Kg,3,2003,106,NA,NA,No,NA,
544,"Control fished zone, <5 m depth",Stationary count,Functional group,NA,NA,NA,Planktivore,Biomass,NA,NTZ,Canal Luis Peña Natural Reserve,Yes,Kg,4,2004,360,NA,NA,No,NA,
544,"Control fished zone, <5 m depth",Stationary count,Functional group,NA,NA,NA,Planktivore,Biomass,NA,NTZ,Canal Luis Peña Natural Reserve,Yes,Kg,5,NA,NA,NA,NA,No,NA,
544,"Control fished zone, 5-15 m depth",Stationary count,Functional group,NA,NA,NA,Planktivore,Biomass,NA,NTZ,Canal Luis Peña Natural Reserve,Yes,Kg,1,1999,1156,NA,NA,No,NA,
544,"Control fished zone, 5-15 m depth",Stationary count,Functional group,NA,NA,NA,Planktivore,Biomass,NA,NTZ,Canal Luis Peña Natural Reserve,Yes,Kg,2,2002,297,NA,NA,No,NA,
544,"Control fished zone, 5-15 m depth",Stationary count,Functional group,NA,NA,NA,Planktivore,Biomass,NA,NTZ,Canal Luis Peña Natural Reserve,Yes,Kg,3,2003,240,NA,NA,No,NA,
544,"Control fished zone, 5-15 m depth",Stationary count,Functional group,NA,NA,NA,Planktivore,Biomass,NA,NTZ,Canal Luis Peña Natural Reserve,Yes,Kg,4,2004,108,NA,NA,No,NA,
544,"Control fished zone, 5-15 m depth",Stationary count,Functional group,NA,NA,NA,Planktivore,Biomass,NA,NTZ,Canal Luis Peña Natural Reserve,Yes,Kg,5,NA,NA,NA,NA,No,NA,
544,"Core NTZ, <5 m depth",Stationary count,Functional group,NA,NA,NA,Omnivore ,Biomass,NA,NTZ,Canal Luis Peña Natural Reserve,Yes,Kg,1,1999,162,NA,NA,No,NA,
544,"Core NTZ, <5 m depth",Stationary count,Functional group,NA,NA,NA,Omnivore ,Biomass,NA,NTZ,Canal Luis Peña Natural Reserve,Yes,Kg,2,2002,182,NA,NA,No,NA,
544,"Core NTZ, <5 m depth",Stationary count,Functional group,NA,NA,NA,Omnivore ,Biomass,NA,NTZ,Canal Luis Peña Natural Reserve,Yes,Kg,3,2003,187,NA,NA,No,NA,
544,"Core NTZ, <5 m depth",Stationary count,Functional group,NA,NA,NA,Omnivore ,Biomass,NA,NTZ,Canal Luis Peña Natural Reserve,Yes,Kg,4,2004,85,NA,NA,No,NA,
544,"Core NTZ, <5 m depth",Stationary count,Functional group,NA,NA,NA,Omnivore ,Biomass,NA,NTZ,Canal Luis Peña Natural Reserve,Yes,Kg,5,NA,NA,NA,NA,No,NA,
544,"Core NTZ, 5-15 m depth",Stationary count,Functional group,NA,NA,NA,Omnivore,Biomass,NA,NTZ,Canal Luis Peña Natural Reserve,Yes,Kg,1,1999,90,NA,NA,No,NA,
544,"Core NTZ, 5-15 m depth",Stationary count,Functional group,NA,NA,NA,Omnivore,Biomass,NA,NTZ,Canal Luis Peña Natural Reserve,Yes,Kg,2,2002,43,NA,NA,No,NA,
544,"Core NTZ, 5-15 m depth",Stationary count,Functional group,NA,NA,NA,Omnivore,Biomass,NA,NTZ,Canal Luis Peña Natural Reserve,Yes,Kg,3,2003,205,NA,NA,No,NA,
544,"Core NTZ, 5-15 m depth",Stationary count,Functional group,NA,NA,NA,Omnivore,Biomass,NA,NTZ,Canal Luis Peña Natural Reserve,Yes,Kg,4,2004,303,NA,NA,No,NA,
544,"Core NTZ, 5-15 m depth",Stationary count,Functional group,NA,NA,NA,Omnivore,Biomass,NA,NTZ,Canal Luis Peña Natural Reserve,Yes,Kg,5,NA,NA,NA,NA,No,NA,
544,"Boundary zone, <5 m depth",Stationary count,Functional group,NA,NA,NA,Omnivore,Biomass,NA,NTZ,Canal Luis Peña Natural Reserve,Yes,Kg,1,1999,1550,NA,NA,No,NA,
544,"Boundary zone, <5 m depth",Stationary count,Functional group,NA,NA,NA,Omnivore,Biomass,NA,NTZ,Canal Luis Peña Natural Reserve,Yes,Kg,2,2002,118,NA,NA,No,NA,
544,"Boundary zone, <5 m depth",Stationary count,Functional group,NA,NA,NA,Omnivore,Biomass,NA,NTZ,Canal Luis Peña Natural Reserve,Yes,Kg,3,2003,52,NA,NA,No,NA,
544,"Boundary zone, <5 m depth",Stationary count,Functional group,NA,NA,NA,Omnivore,Biomass,NA,NTZ,Canal Luis Peña Natural Reserve,Yes,Kg,4,2004,89,NA,NA,No,NA,
544,"Boundary zone, <5 m depth",Stationary count,Functional group,NA,NA,NA,Omnivore,Biomass,NA,NTZ,Canal Luis Peña Natural Reserve,Yes,Kg,5,NA,NA,NA,NA,No,NA,
544,"Boundary zone, 5-15 m depth",Stationary count,Functional group,NA,NA,NA,Omnivore,Biomass,NA,NTZ,Canal Luis Peña Natural Reserve,Yes,Kg,1,1999,1145,NA,NA,No,NA,
544,"Boundary zone, 5-15 m depth",Stationary count,Functional group,NA,NA,NA,Omnivore,Biomass,NA,NTZ,Canal Luis Peña Natural Reserve,Yes,Kg,2,2002,91,NA,NA,No,NA,
544,"Boundary zone, 5-15 m depth",Stationary count,Functional group,NA,NA,NA,Omnivore,Biomass,NA,NTZ,Canal Luis Peña Natural Reserve,Yes,Kg,3,2003,114,NA,NA,No,NA,
544,"Boundary zone, 5-15 m depth",Stationary count,Functional group,NA,NA,NA,Omnivore,Biomass,NA,NTZ,Canal Luis Peña Natural Reserve,Yes,Kg,4,2004,27,NA,NA,No,NA,
544,"Boundary zone, 5-15 m depth",Stationary count,Functional group,NA,NA,NA,Omnivore,Biomass,NA,NTZ,Canal Luis Peña Natural Reserve,Yes,Kg,5,NA,NA,NA,NA,No,NA,
544,"Control fished zone, <5 m depth",Stationary count,Functional group,NA,NA,NA,Omnivore,Biomass,NA,NTZ,Canal Luis Peña Natural Reserve,Yes,Kg,1,1999,185,NA,NA,No,NA,
544,"Control fished zone, <5 m depth",Stationary count,Functional group,NA,NA,NA,Omnivore,Biomass,NA,NTZ,Canal Luis Peña Natural Reserve,Yes,Kg,2,2002,135,NA,NA,No,NA,
544,"Control fished zone, <5 m depth",Stationary count,Functional group,NA,NA,NA,Omnivore,Biomass,NA,NTZ,Canal Luis Peña Natural Reserve,Yes,Kg,3,2003,79,NA,NA,No,NA,
544,"Control fished zone, <5 m depth",Stationary count,Functional group,NA,NA,NA,Omnivore,Biomass,NA,NTZ,Canal Luis Peña Natural Reserve,Yes,Kg,4,2004,146,NA,NA,No,NA,
544,"Control fished zone, <5 m depth",Stationary count,Functional group,NA,NA,NA,Omnivore,Biomass,NA,NTZ,Canal Luis Peña Natural Reserve,Yes,Kg,5,NA,NA,NA,NA,No,NA,
544,"Control fished zone, 5-15 m depth",Stationary count,Functional group,NA,NA,NA,Omnivores,Biomass,NA,NTZ,Canal Luis Peña Natural Reserve,Yes,Kg,1,1999,1058,NA,NA,No,NA,
544,"Control fished zone, 5-15 m depth",Stationary count,Functional group,NA,NA,NA,Omnivores,Biomass,NA,NTZ,Canal Luis Peña Natural Reserve,Yes,Kg,2,2002,265,NA,NA,No,NA,
544,"Control fished zone, 5-15 m depth",Stationary count,Functional group,NA,NA,NA,Omnivores,Biomass,NA,NTZ,Canal Luis Peña Natural Reserve,Yes,Kg,3,2003,127,NA,NA,No,NA,
544,"Control fished zone, 5-15 m depth",Stationary count,Functional group,NA,NA,NA,Omnivores,Biomass,NA,NTZ,Canal Luis Peña Natural Reserve,Yes,Kg,4,2004,195,NA,NA,No,NA,
544,"Control fished zone, 5-15 m depth",Stationary count,Functional group,NA,NA,NA,Omnivores,Biomass,NA,NTZ,Canal Luis Peña Natural Reserve,Yes,Kg,5,NA,NA,NA,NA,No,NA,
544,"Core NTZ, <5 m depth",Stationary count,Target species as a group,NA,NA,NA,NA,Density,NA,NTZ,Canal Luis Peña Natural Reserve,Yes,NA,1,1999,0.08,NA,NA,No,NA,
544,"Core NTZ, <5 m depth",Stationary count,Target species as a group,NA,NA,NA,NA,Density,NA,NTZ,Canal Luis Peña Natural Reserve,Yes,NA,2,2002,0.37,NA,NA,No,NA,
544,"Core NTZ, <5 m depth",Stationary count,Target species as a group,NA,NA,NA,NA,Density,NA,NTZ,Canal Luis Peña Natural Reserve,Yes,NA,3,2003,0.46,NA,NA,No,NA,
544,"Core NTZ, <5 m depth",Stationary count,Target species as a group,NA,NA,NA,NA,Density,NA,NTZ,Canal Luis Peña Natural Reserve,Yes,NA,4,2004,0.18,NA,NA,No,NA,
544,"Core NTZ, <5 m depth",Stationary count,Target species as a group,NA,NA,NA,NA,Density,NA,NTZ,Canal Luis Peña Natural Reserve,Yes,NA,5,NA,NA,NA,NA,No,NA,
544,"Core NTZ, 5-15 m depth",Stationary count,Target species as a group,NA,NA,NA,NA,Density,NA,NTZ,Canal Luis Peña Natural Reserve,Yes,NA,1,1999,0.09,NA,NA,No,NA,
544,"Core NTZ, 5-15 m depth",Stationary count,Target species as a group,NA,NA,NA,NA,Density,NA,NTZ,Canal Luis Peña Natural Reserve,Yes,NA,2,2002,0.26,NA,NA,No,NA,
544,"Core NTZ, 5-15 m depth",Stationary count,Target species as a group,NA,NA,NA,NA,Density,NA,NTZ,Canal Luis Peña Natural Reserve,Yes,NA,3,2003,0.43,NA,NA,No,NA,
544,"Core NTZ, 5-15 m depth",Stationary count,Target species as a group,NA,NA,NA,NA,Density,NA,NTZ,Canal Luis Peña Natural Reserve,Yes,NA,4,2004,0.34,NA,NA,No,NA,
544,"Core NTZ, 5-15 m depth",Stationary count,Target species as a group,NA,NA,NA,NA,Density,NA,NTZ,Canal Luis Peña Natural Reserve,Yes,NA,5,NA,NA,NA,NA,No,NA,
544,"Boundary zone, <5 m depth",Stationary count,Functional group,NA,NA,NA,NA,Density,NA,NTZ,Canal Luis Peña Natural Reserve,Yes,NA,1,1999,0.09,NA,NA,No,NA,
544,"Boundary zone, <5 m depth",Stationary count,Functional group,NA,NA,NA,NA,Density,NA,NTZ,Canal Luis Peña Natural Reserve,Yes,NA,2,2002,0.31,NA,NA,No,NA,
544,"Boundary zone, <5 m depth",Stationary count,Functional group,NA,NA,NA,NA,Density,NA,NTZ,Canal Luis Peña Natural Reserve,Yes,NA,3,2003,0.35,NA,NA,No,NA,
544,"Boundary zone, <5 m depth",Stationary count,Functional group,NA,NA,NA,NA,Density,NA,NTZ,Canal Luis Peña Natural Reserve,Yes,NA,4,2004,0.28,NA,NA,No,NA,
544,"Boundary zone, <5 m depth",Stationary count,Functional group,NA,NA,NA,NA,Density,NA,NTZ,Canal Luis Peña Natural Reserve,Yes,NA,5,NA,NA,NA,NA,No,NA,
544,"Boundary zone, 5-15 m depth",Stationary count,Target species as a group,NA,NA,NA,NA,Density,NA,NTZ,Canal Luis Peña Natural Reserve,Yes,NA,1,1999,0.24,NA,NA,No,NA,
544,"Boundary zone, 5-15 m depth",Stationary count,Target species as a group,NA,NA,NA,NA,Density,NA,NTZ,Canal Luis Peña Natural Reserve,Yes,NA,2,2002,0.41,NA,NA,No,NA,
544,"Boundary zone, 5-15 m depth",Stationary count,Target species as a group,NA,NA,NA,NA,Density,NA,NTZ,Canal Luis Peña Natural Reserve,Yes,NA,3,2003,0.41,NA,NA,No,NA,
544,"Boundary zone, 5-15 m depth",Stationary count,Target species as a group,NA,NA,NA,NA,Density,NA,NTZ,Canal Luis Peña Natural Reserve,Yes,NA,4,2004,0.25,NA,NA,No,NA,
544,"Boundary zone, 5-15 m depth",Stationary count,Target species as a group,NA,NA,NA,NA,Density,NA,NTZ,Canal Luis Peña Natural Reserve,Yes,NA,5,NA,NA,NA,NA,No,NA,
544,"Control fished zone, <5 m depth",Stationary count,Target species as a group,NA,NA,NA,NA,Density,NA,NTZ,Canal Luis Peña Natural Reserve,Yes,NA,1,1999,0.09,NA,NA,No,NA,
544,"Control fished zone, <5 m depth",Stationary count,Target species as a group,NA,NA,NA,NA,Density,NA,NTZ,Canal Luis Peña Natural Reserve,Yes,NA,2,2002,0.5,NA,NA,No,NA,
544,"Control fished zone, <5 m depth",Stationary count,Target species as a group,NA,NA,NA,NA,Density,NA,NTZ,Canal Luis Peña Natural Reserve,Yes,NA,3,2003,0.47,NA,NA,No,NA,
544,"Control fished zone, <5 m depth",Stationary count,Target species as a group,NA,NA,NA,NA,Density,NA,NTZ,Canal Luis Peña Natural Reserve,Yes,NA,4,2004,0.74,NA,NA,No,NA,
544,"Control fished zone, <5 m depth",Stationary count,Target species as a group,NA,NA,NA,NA,Density,NA,NTZ,Canal Luis Peña Natural Reserve,Yes,NA,5,NA,NA,NA,NA,No,NA,
544,"Control fished zone, 5-15 m depth",Stationary count,Target species as a group,NA,NA,NA,NA,Density,NA,NTZ,Canal Luis Peña Natural Reserve,Yes,NA,1,1999,0.14,NA,NA,No,NA,
544,"Control fished zone, 5-15 m depth",Stationary count,Target species as a group,NA,NA,NA,NA,Density,NA,NTZ,Canal Luis Peña Natural Reserve,Yes,NA,2,2002,0.45,NA,NA,No,NA,
544,"Control fished zone, 5-15 m depth",Stationary count,Target species as a group,NA,NA,NA,NA,Density,NA,NTZ,Canal Luis Peña Natural Reserve,Yes,NA,3,2003,0.21,NA,NA,No,NA,
544,"Control fished zone, 5-15 m depth",Stationary count,Target species as a group,NA,NA,NA,NA,Density,NA,NTZ,Canal Luis Peña Natural Reserve,Yes,NA,4,2004,0.57,NA,NA,No,NA,
544,"Control fished zone, 5-15 m depth",Stationary count,Target species as a group,NA,NA,NA,NA,Density,NA,NTZ,Canal Luis Peña Natural Reserve,Yes,NA,5,NA,NA,NA,NA,No,NA,
591,Hotspot area - taken from polynomial regression model fit and 95% CI,Catch,Target species as a group,NA,NA,NA,"Thunnus albacares, Thunnus obesus, Katsuwonus pelamis",Catch per unit effort (CPUE),95% confidence intervals,PPC,Galápagos Marine Reserve,Yes,ln(CPUE),1,1990,2.61,2.83,2.35,Yes,NA,
591,Hotspot area - taken from polynomial regression model fit and 95% CI,Catch,Target species as a group,NA,NA,NA,"Thunnus albacares, Thunnus obesus, Katsuwonus pelamis",Catch per unit effort (CPUE),95% confidence intervals,PPC,Galápagos Marine Reserve,Yes,ln(CPUE),2,1992.5,2.92,3.07,2.78,Yes,NA,
591,Hotspot area - taken from polynomial regression model fit and 95% CI,Catch,Target species as a group,NA,NA,NA,"Thunnus albacares, Thunnus obesus, Katsuwonus pelamis",Catch per unit effort (CPUE),95% confidence intervals,PPC,Galápagos Marine Reserve,Yes,ln(CPUE),3,1995,3.18,3.32,3.04,Yes,NA,
591,Hotspot area - taken from polynomial regression model fit and 95% CI,Catch,Target species as a group,NA,NA,NA,"Thunnus albacares, Thunnus obesus, Katsuwonus pelamis",Catch per unit effort (CPUE),95% confidence intervals,PPC,Galápagos Marine Reserve,Yes,ln(CPUE),4,1997.5,3.39,3.55,3.25,Yes,NA,
591,Hotspot area - taken from polynomial regression model fit and 95% CI,Catch,Target species as a group,NA,NA,NA,"Thunnus albacares, Thunnus obesus, Katsuwonus pelamis",Catch per unit effort (CPUE),95% confidence intervals,PPC,Galápagos Marine Reserve,Yes,ln(CPUE),5,2000,3.56,3.71,3.4,Yes,NA,
591,Hotspot area - taken from polynomial regression model fit and 95% CI,Catch,Target species as a group,NA,NA,NA,"Thunnus albacares, Thunnus obesus, Katsuwonus pelamis",Catch per unit effort (CPUE),95% confidence intervals,PPC,Galápagos Marine Reserve,Yes,ln(CPUE),1,1990,3.62,3.78,3.46,Yes,NA,
591,Hotspot area - taken from polynomial regression model fit and 95% CI,Catch,Target species as a group,NA,NA,NA,"Thunnus albacares, Thunnus obesus, Katsuwonus pelamis",Catch per unit effort (CPUE),95% confidence intervals,PPC,Galápagos Marine Reserve,Yes,ln(CPUE),2,2002.5,3.51,3.67,3.35,Yes,NA,
591,Hotspot area - taken from polynomial regression model fit and 95% CI,Catch,Target species as a group,NA,NA,NA,"Thunnus albacares, Thunnus obesus, Katsuwonus pelamis",Catch per unit effort (CPUE),95% confidence intervals,PPC,Galápagos Marine Reserve,Yes,ln(CPUE),3,2007.5,3.36,3.51,3.2,Yes,NA,
591,Hotspot area - taken from polynomial regression model fit and 95% CI,Catch,Target species as a group,NA,NA,NA,"Thunnus albacares, Thunnus obesus, Katsuwonus pelamis",Catch per unit effort (CPUE),95% confidence intervals,PPC,Galápagos Marine Reserve,Yes,ln(CPUE),4,2010,3.26,3.4,3.12,Yes,NA,
591,Hotspot area - taken from polynomial regression model fit and 95% CI,Catch,Target species as a group,NA,NA,NA,"Thunnus albacares, Thunnus obesus, Katsuwonus pelamis",Catch per unit effort (CPUE),95% confidence intervals,PPC,Galápagos Marine Reserve,Yes,ln(CPUE),5,2012.5,3.23,3.37,3.07,Yes,NA,
591,Hotspot area - taken frmo polynomial regression model fit and 95% CI,Catch,Target species as a group,NA,NA,NA,"Thunnus albacares, Thunnus obesus, Katsuwonus pelamis",Catch per unit effort (CPUE),95% confidence intervals,PPC,Galápagos Marine Reserve,Yes,ln(CPUE),1,2015,3.23,3.51,2.97,Yes,NA,
591,Hotspot area - taken frmo polynomial regression model fit and 95% CI,Catch,Target species as a group,NA,NA,NA,"Thunnus albacares, Thunnus obesus, Katsuwonus pelamis",Catch per unit effort (CPUE),95% confidence intervals,PPC,Galápagos Marine Reserve,Yes,ln(CPUE),2,NA,NA,NA,NA,Yes,NA,
591,Hotspot area - taken frmo polynomial regression model fit and 95% CI,Catch,Target species as a group,NA,NA,NA,"Thunnus albacares, Thunnus obesus, Katsuwonus pelamis",Catch per unit effort (CPUE),95% confidence intervals,PPC,Galápagos Marine Reserve,Yes,ln(CPUE),3,NA,NA,NA,NA,Yes,NA,
591,Hotspot area - taken frmo polynomial regression model fit and 95% CI,Catch,Target species as a group,NA,NA,NA,"Thunnus albacares, Thunnus obesus, Katsuwonus pelamis",Catch per unit effort (CPUE),95% confidence intervals,PPC,Galápagos Marine Reserve,Yes,ln(CPUE),4,NA,NA,NA,NA,Yes,NA,
591,Hotspot area - taken frmo polynomial regression model fit and 95% CI,Catch,Target species as a group,NA,NA,NA,"Thunnus albacares, Thunnus obesus, Katsuwonus pelamis",Catch per unit effort (CPUE),95% confidence intervals,PPC,Galápagos Marine Reserve,Yes,ln(CPUE),5,NA,NA,NA,NA,Yes,NA,
591,Rest of the area - taken from polynomial regression model fit and 95% CI,Catch,Target species as a group,NA,NA,NA,"Thunnus albacares, Thunnus obesus, Katsuwonus pelamis",Catch per unit effort (CPUE),95% confidence intervals,PPC,Galápagos Marine Reserve,Yes,ln(CPUE),1,1990,2.89,3.1,2.69,Yes,NA,
591,Rest of the area - taken from polynomial regression model fit and 95% CI,Catch,Target species as a group,NA,NA,NA,"Thunnus albacares, Thunnus obesus, Katsuwonus pelamis",Catch per unit effort (CPUE),95% confidence intervals,PPC,Galápagos Marine Reserve,Yes,ln(CPUE),2,1992.5,3.03,3.14,2.91,Yes,NA,
591,Rest of the area - taken from polynomial regression model fit and 95% CI,Catch,Target species as a group,NA,NA,NA,"Thunnus albacares, Thunnus obesus, Katsuwonus pelamis",Catch per unit effort (CPUE),95% confidence intervals,PPC,Galápagos Marine Reserve,Yes,ln(CPUE),3,1995,3.16,3.26,3.05,Yes,NA,
591,Rest of the area - taken from polynomial regression model fit and 95% CI,Catch,Target species as a group,NA,NA,NA,"Thunnus albacares, Thunnus obesus, Katsuwonus pelamis",Catch per unit effort (CPUE),95% confidence intervals,PPC,Galápagos Marine Reserve,Yes,ln(CPUE),4,1997.5,3.29,3.4,3.17,Yes,NA,
591,Rest of the area - taken from polynomial regression model fit and 95% CI,Catch,Target species as a group,NA,NA,NA,"Thunnus albacares, Thunnus obesus, Katsuwonus pelamis",Catch per unit effort (CPUE),95% confidence intervals,PPC,Galápagos Marine Reserve,Yes,ln(CPUE),5,2000,3.38,3.49,3.26,Yes,NA,
591,Rest of the area - taken from polynomial regression model fit and 95% CI,Catch,Target species as a group,NA,NA,NA,"Thunnus albacares, Thunnus obesus, Katsuwonus pelamis",Catch per unit effort (CPUE),95% confidence intervals,PPC,Galápagos Marine Reserve,Yes,ln(CPUE),1,2002.5,3.36,3.47,3.24,Yes,NA,
591,Rest of the area - taken from polynomial regression model fit and 95% CI,Catch,Target species as a group,NA,NA,NA,"Thunnus albacares, Thunnus obesus, Katsuwonus pelamis",Catch per unit effort (CPUE),95% confidence intervals,PPC,Galápagos Marine Reserve,Yes,ln(CPUE),2,2005,3.21,3.34,3.24,Yes,NA,
591,Rest of the area - taken from polynomial regression model fit and 95% CI,Catch,Target species as a group,NA,NA,NA,"Thunnus albacares, Thunnus obesus, Katsuwonus pelamis",Catch per unit effort (CPUE),95% confidence intervals,PPC,Galápagos Marine Reserve,Yes,ln(CPUE),3,2007.5,3.1,3.21,2.98,Yes,NA,
591,Rest of the area - taken from polynomial regression model fit and 95% CI,Catch,Target species as a group,NA,NA,NA,"Thunnus albacares, Thunnus obesus, Katsuwonus pelamis",Catch per unit effort (CPUE),95% confidence intervals,PPC,Galápagos Marine Reserve,Yes,ln(CPUE),4,2010,3.02,3.12,2.91,Yes,NA,
591,Rest of the area - taken from polynomial regression model fit and 95% CI,Catch,Target species as a group,NA,NA,NA,"Thunnus albacares, Thunnus obesus, Katsuwonus pelamis",Catch per unit effort (CPUE),95% confidence intervals,PPC,Galápagos Marine Reserve,Yes,ln(CPUE),5,2012.5,2.98,3.09,2.87,Yes,NA,
591,Rest of the area - taken from polynomial regression model fit and 95% CI,Catch,Target species as a group,NA,NA,NA,"Thunnus albacares, Thunnus obesus, Katsuwonus pelamis",Catch per unit effort (CPUE),95% confidence intervals,PPC,Galápagos Marine Reserve,Yes,ln(CPUE),1,2015,2.97,3.17,2.76,Yes,NA,
591,Rest of the area - taken from polynomial regression model fit and 95% CI,Catch,Target species as a group,NA,NA,NA,"Thunnus albacares, Thunnus obesus, Katsuwonus pelamis",Catch per unit effort (CPUE),95% confidence intervals,PPC,Galápagos Marine Reserve,Yes,ln(CPUE),2,NA,NA,NA,NA,Yes,NA,
591,Rest of the area - taken from polynomial regression model fit and 95% CI,Catch,Target species as a group,NA,NA,NA,"Thunnus albacares, Thunnus obesus, Katsuwonus pelamis",Catch per unit effort (CPUE),95% confidence intervals,PPC,Galápagos Marine Reserve,Yes,ln(CPUE),3,NA,NA,NA,NA,Yes,NA,
591,Rest of the area - taken from polynomial regression model fit and 95% CI,Catch,Target species as a group,NA,NA,NA,"Thunnus albacares, Thunnus obesus, Katsuwonus pelamis",Catch per unit effort (CPUE),95% confidence intervals,PPC,Galápagos Marine Reserve,Yes,ln(CPUE),4,NA,NA,NA,NA,Yes,NA,
591,Rest of the area - taken from polynomial regression model fit and 95% CI,Catch,Target species as a group,NA,NA,NA,"Thunnus albacares, Thunnus obesus, Katsuwonus pelamis",Catch per unit effort (CPUE),95% confidence intervals,PPC,Galápagos Marine Reserve,Yes,ln(CPUE),5,NA,NA,NA,NA,Yes,NA,
643,"Abundance, Off-reserve zone",Transect count,selected species,NA,NA,NA,NA,Abundance,variability shown as boxplot whiskers (min–max range),NTZ,Palavas Coastal Marine Reserve,Yes,Mean log₁₀(N + 1) ,1,2016,2.269,NA,NA,No,NA,
643,"Abundance, Off-reserve zone",Transect count,selected species,NA,NA,NA,NA,Abundance,variability shown as boxplot whiskers (min–max range),NTZ,Palavas Coastal Marine Reserve,Yes,Mean log₁₀(N + 1) ,2,2018,2.71,NA,NA,No,NA,
643,"Abundance, Off-reserve zone",Transect count,selected species,NA,NA,NA,NA,Abundance,variability shown as boxplot whiskers (min–max range),NTZ,Palavas Coastal Marine Reserve,Yes,Mean log₁₀(N + 1) ,3,2019,5.21,NA,NA,No,NA,
643,"Abundance, Off-reserve zone",Transect count,selected species,NA,NA,NA,NA,Abundance,variability shown as boxplot whiskers (min–max range),NTZ,Palavas Coastal Marine Reserve,Yes,Mean log₁₀(N + 1) ,4,2020,3.151,NA,NA,No,NA,
643,"Abundance, Off-reserve zone",Transect count,selected species,NA,NA,NA,NA,Abundance,variability shown as boxplot whiskers (min–max range),NTZ,Palavas Coastal Marine Reserve,Yes,Mean log₁₀(N + 1) ,5,NA,NA,NA,NA,No,NA,
643,"Abundance, Enhanced Protection Zone (EPZ)",Transect count,Selected Species,NA,NA,NA,NA,Abundance,variability shown as boxplot whiskers (min–max range),NTZ,Palavas Coastal Marine Reserve,Yes,Mean log₁₀(N + 1) ,1,2016,3.125,NA,NA,No,NA,
643,"Abundance, Enhanced Protection Zone (EPZ)",Transect count,Selected Species,NA,NA,NA,NA,Abundance,variability shown as boxplot whiskers (min–max range),NTZ,Palavas Coastal Marine Reserve,Yes,Mean log₁₀(N + 1) ,2,2018,2.475,NA,NA,No,NA,
643,"Abundance, Enhanced Protection Zone (EPZ)",Transect count,Selected Species,NA,NA,NA,NA,Abundance,variability shown as boxplot whiskers (min–max range),NTZ,Palavas Coastal Marine Reserve,Yes,Mean log₁₀(N + 1) ,3,2019,5.453,NA,NA,No,NA,
643,"Abundance, Enhanced Protection Zone (EPZ)",Transect count,Selected Species,NA,NA,NA,NA,Abundance,variability shown as boxplot whiskers (min–max range),NTZ,Palavas Coastal Marine Reserve,Yes,Mean log₁₀(N + 1) ,4,2020,5.768,NA,NA,No,NA,
643,"Abundance, Enhanced Protection Zone (EPZ)",Transect count,Selected Species,NA,NA,NA,NA,Abundance,variability shown as boxplot whiskers (min–max range),NTZ,Palavas Coastal Marine Reserve,Yes,Mean log₁₀(N + 1) ,5,NA,NA,NA,NA,No,NA,
643,"Abundance, Restricted Zone (RZ)",Transect count,Selected species,NA,NA,NA,NA,Abundance,variability shown as boxplot whiskers (min–max range),NTZ,Palavas Coastal Marine Reserve,Yes,Mean log₁₀(N + 1) ,1,2016,2.663,NA,NA,No,NA,
643,"Abundance, Restricted Zone (RZ)",Transect count,Selected species,NA,NA,NA,NA,Abundance,variability shown as boxplot whiskers (min–max range),NTZ,Palavas Coastal Marine Reserve,Yes,Mean log₁₀(N + 1) ,2,2018,3.628,NA,NA,No,NA,
643,"Abundance, Restricted Zone (RZ)",Transect count,Selected species,NA,NA,NA,NA,Abundance,variability shown as boxplot whiskers (min–max range),NTZ,Palavas Coastal Marine Reserve,Yes,Mean log₁₀(N + 1) ,3,2019,6.166,NA,NA,No,NA,
643,"Abundance, Restricted Zone (RZ)",Transect count,Selected species,NA,NA,NA,NA,Abundance,variability shown as boxplot whiskers (min–max range),NTZ,Palavas Coastal Marine Reserve,Yes,Mean log₁₀(N + 1) ,4,2020,5.621,NA,NA,No,NA,
643,"Abundance, Restricted Zone (RZ)",Transect count,Selected species,NA,NA,NA,NA,Abundance,variability shown as boxplot whiskers (min–max range),NTZ,Palavas Coastal Marine Reserve,Yes,Mean log₁₀(N + 1) ,5,NA,NA,NA,NA,No,NA,
643,"Biomass, Off-reserve",Transect count,Target species as a group,NA,NA,NA,"Target species (Serranus cabrilla, Coris julis, Labrus merula, Pagrus pagrus, Scorpaena porcus, Scorpaena notata, Mullus surmuletus, Diplodus sargus, Diplodus vulgaris, Diplodus annularis)",Biomass,variability shown as boxplot whiskers (min–max range),NTZ,Palavas Coastal Marine Reserve,Yes,g (mean),1,2016,52.683,NA,NA,No,NA,
643,"Biomass, Off-reserve",Transect count,Target species as a group,NA,NA,NA,"Target species (Serranus cabrilla, Coris julis, Labrus merula, Pagrus pagrus, Scorpaena porcus, Scorpaena notata, Mullus surmuletus, Diplodus sargus, Diplodus vulgaris, Diplodus annularis)",Biomass,variability shown as boxplot whiskers (min–max range),NTZ,Palavas Coastal Marine Reserve,Yes,g (mean),2,2018,118.537,NA,NA,No,NA,
643,"Biomass, Off-reserve",Transect count,Target species as a group,NA,NA,NA,"Target species (Serranus cabrilla, Coris julis, Labrus merula, Pagrus pagrus, Scorpaena porcus, Scorpaena notata, Mullus surmuletus, Diplodus sargus, Diplodus vulgaris, Diplodus annularis)",Biomass,variability shown as boxplot whiskers (min–max range),NTZ,Palavas Coastal Marine Reserve,Yes,g (mean),3,2019,121.463,NA,NA,No,NA,
643,"Biomass, Off-reserve",Transect count,Target species as a group,NA,NA,NA,"Target species (Serranus cabrilla, Coris julis, Labrus merula, Pagrus pagrus, Scorpaena porcus, Scorpaena notata, Mullus surmuletus, Diplodus sargus, Diplodus vulgaris, Diplodus annularis)",Biomass,variability shown as boxplot whiskers (min–max range),NTZ,Palavas Coastal Marine Reserve,Yes,g (mean),4,2020,62.927,NA,NA,No,NA,
643,"Biomass, Off-reserve",Transect count,Target species as a group,NA,NA,NA,"Target species (Serranus cabrilla, Coris julis, Labrus merula, Pagrus pagrus, Scorpaena porcus, Scorpaena notata, Mullus surmuletus, Diplodus sargus, Diplodus vulgaris, Diplodus annularis)",Biomass,variability shown as boxplot whiskers (min–max range),NTZ,Palavas Coastal Marine Reserve,Yes,g (mean),5,NA,NA,NA,NA,No,NA,
643,"Biomass, EPZ (enhanced protection zone) ",Transect count,Target species as a group,NA,NA,NA,"Target species (Serranus cabrilla, Coris julis, Labrus merula, Pagrus pagrus, Scorpaena porcus, Scorpaena notata, Mullus surmuletus, Diplodus sargus, Diplodus vulgaris, Diplodus annularis)",Biomass,variability shown as boxplot whiskers (min–max range),NTZ,Palavas Coastal Marine Reserve,Yes,g (mean),1,2016,62.927,NA,NA,No,NA,
643,"Biomass, EPZ (enhanced protection zone) ",Transect count,Target species as a group,NA,NA,NA,"Target species (Serranus cabrilla, Coris julis, Labrus merula, Pagrus pagrus, Scorpaena porcus, Scorpaena notata, Mullus surmuletus, Diplodus sargus, Diplodus vulgaris, Diplodus annularis)",Biomass,variability shown as boxplot whiskers (min–max range),NTZ,Palavas Coastal Marine Reserve,Yes,g (mean),2,2018,39.512,NA,NA,No,NA,
643,"Biomass, EPZ (enhanced protection zone) ",Transect count,Target species as a group,NA,NA,NA,"Target species (Serranus cabrilla, Coris julis, Labrus merula, Pagrus pagrus, Scorpaena porcus, Scorpaena notata, Mullus surmuletus, Diplodus sargus, Diplodus vulgaris, Diplodus annularis)",Biomass,variability shown as boxplot whiskers (min–max range),NTZ,Palavas Coastal Marine Reserve,Yes,g (mean),3,2019,114.146,NA,NA,No,NA,
643,"Biomass, EPZ (enhanced protection zone) ",Transect count,Target species as a group,NA,NA,NA,"Target species (Serranus cabrilla, Coris julis, Labrus merula, Pagrus pagrus, Scorpaena porcus, Scorpaena notata, Mullus surmuletus, Diplodus sargus, Diplodus vulgaris, Diplodus annularis)",Biomass,variability shown as boxplot whiskers (min–max range),NTZ,Palavas Coastal Marine Reserve,Yes,g (mean),4,2020,196.098,NA,NA,No,NA,
643,"Biomass, EPZ (enhanced protection zone) ",Transect count,Target species as a group,NA,NA,NA,"Target species (Serranus cabrilla, Coris julis, Labrus merula, Pagrus pagrus, Scorpaena porcus, Scorpaena notata, Mullus surmuletus, Diplodus sargus, Diplodus vulgaris, Diplodus annularis)",Biomass,variability shown as boxplot whiskers (min–max range),NTZ,Palavas Coastal Marine Reserve,Yes,g (mean),5,NA,NA,NA,NA,No,NA,
1206,NA,Catch,Target species as a group,NA,NA,NA,Longline fishery,Catch per unit effort (CPUE),Standard error,NTZ,Chagos Marine Protected Area,Near/Far from NTZ,Kg per 1000 hooks,1,<100 nmi Before,443.11,56,56,Yes,NA,
1206,NA,Catch,Target species as a group,NA,NA,NA,Longline fishery,Catch per unit effort (CPUE),Standard error,NTZ,Chagos Marine Protected Area,Near/Far from NTZ,Kg per 1000 hooks,2,100-200 nmi Before,374.78,34.5,34.5,Yes,NA,
1206,NA,Catch,Target species as a group,NA,NA,NA,Longline fishery,Catch per unit effort (CPUE),Standard error,NTZ,Chagos Marine Protected Area,Near/Far from NTZ,Kg per 1000 hooks,3,<100 nmi After,431.07,51,51,Yes,NA,
1206,NA,Catch,Target species as a group,NA,NA,NA,Longline fishery,Catch per unit effort (CPUE),Standard error,NTZ,Chagos Marine Protected Area,Near/Far from NTZ,Kg per 1000 hooks,4,100-200 nmi After,539.16,78,78,Yes,NA,
1206,NA,Catch,Target species as a group,NA,NA,NA,Longline fishery,Catch per unit effort (CPUE),Standard error,NTZ,Chagos Marine Protected Area,Near/Far from NTZ,Kg per 1000 hooks,5,NA,NA,NA,NA,Yes,NA,
1206,NA,Catch,Target species as a group,NA,NA,NA,Purse seine fishery,Catch per unit effort (CPUE),Standard error,NTZ,Chagos Marine Protected Area,Yes,Metric tons per set,1,<100 nmi Before,2.75,NA,NA,Yes,NA,
1206,NA,Catch,Target species as a group,NA,NA,NA,Purse seine fishery,Catch per unit effort (CPUE),Standard error,NTZ,Chagos Marine Protected Area,Yes,Metric tons per set,2,100-200 nmi Before,2.65,NA,NA,Yes,NA,
1206,NA,Catch,Target species as a group,NA,NA,NA,Purse seine fishery,Catch per unit effort (CPUE),Standard error,NTZ,Chagos Marine Protected Area,Yes,Metric tons per set,3,<100 nmi After,24.47,NA,NA,Yes,NA,
1206,NA,Catch,Target species as a group,NA,NA,NA,Purse seine fishery,Catch per unit effort (CPUE),Standard error,NTZ,Chagos Marine Protected Area,Yes,Metric tons per set,4,100-200 nmi After,25.7,NA,NA,Yes,NA,
1206,NA,Catch,Target species as a group,NA,NA,NA,Purse seine fishery,Catch per unit effort (CPUE),Standard error,NTZ,Chagos Marine Protected Area,Yes,Metric tons per set,5,NA,NA,NA,NA,Yes,NA,
1206,NA,Catch,Target species as a group,NA,NA,NA,Purse seine fishery,Catch per unit effort (CPUE),Standard error,NTZ,Galápagos Marine Reserve,Yes,Metric tons per set,1,<100 nmi Before,23.4,NA,NA,Yes,NA,
1206,NA,Catch,Target species as a group,NA,NA,NA,Purse seine fishery,Catch per unit effort (CPUE),Standard error,NTZ,Galápagos Marine Reserve,Yes,Metric tons per set,2,100-200 nmi Before,26.52,NA,NA,Yes,NA,
1206,NA,Catch,Target species as a group,NA,NA,NA,Purse seine fishery,Catch per unit effort (CPUE),Standard error,NTZ,Galápagos Marine Reserve,Yes,Metric tons per set,3,<100 nmi After,24.47,NA,NA,Yes,NA,
1206,NA,Catch,Target species as a group,NA,NA,NA,Purse seine fishery,Catch per unit effort (CPUE),Standard error,NTZ,Galápagos Marine Reserve,Yes,Metric tons per set,4,100-200 nmi After,25.7,NA,NA,Yes,NA,
1206,NA,Catch,Target species as a group,NA,NA,NA,Purse seine fishery,Catch per unit effort (CPUE),Standard error,NTZ,Galápagos Marine Reserve,Yes,Metric tons per set,5,NA,NA,NA,NA,Yes,NA,
1206,NA,Catch,Target species as a group,NA,NA,NA,Purse seine fishery,Catch per unit effort (CPUE),Standard error,NTZ,Nazca-Desventuradas Marine Protected Area,Yes,Metric tons per set,1,<100 nmi Before,49.32,10,10,Yes,NA,
1206,NA,Catch,Target species as a group,NA,NA,NA,Purse seine fishery,Catch per unit effort (CPUE),Standard error,NTZ,Nazca-Desventuradas Marine Protected Area,Yes,Metric tons per set,2,100-200 nmi Before,47.7,5,5,Yes,NA,
1206,NA,Catch,Target species as a group,NA,NA,NA,Purse seine fishery,Catch per unit effort (CPUE),Standard error,NTZ,Nazca-Desventuradas Marine Protected Area,Yes,Metric tons per set,3,<100 nmi After,49,7,7,Yes,NA,
1206,NA,Catch,Target species as a group,NA,NA,NA,Purse seine fishery,Catch per unit effort (CPUE),Standard error,NTZ,Nazca-Desventuradas Marine Protected Area,Yes,Metric tons per set,4,100-200 nmi After,39.47,NA,NA,Yes,NA,
1206,NA,Catch,Target species as a group,NA,NA,NA,Purse seine fishery,Catch per unit effort (CPUE),Standard error,NTZ,Nazca-Desventuradas Marine Protected Area,Yes,Metric tons per set,5,NA,NA,NA,NA,Yes,NA,
1206,NA,Catch,Target species as a group,NA,NA,NA,Purse seine fishery,Catch per unit effort (CPUE),Standard error,NTZ,Phoenix Island Protected Area,Yes,Metric tons per set,1,<100 nmi Before,37.15,NA,NA,Yes,NA,
1206,NA,Catch,Target species as a group,NA,NA,NA,Purse seine fishery,Catch per unit effort (CPUE),Standard error,NTZ,Phoenix Island Protected Area,Yes,Metric tons per set,2,100-200 nmi Before,38.48,NA,NA,Yes,NA,
1206,NA,Catch,Target species as a group,NA,NA,NA,Purse seine fishery,Catch per unit effort (CPUE),Standard error,NTZ,Phoenix Island Protected Area,Yes,Metric tons per set,3,<100 nmi After,42.09,NA,NA,Yes,NA,
1206,NA,Catch,Target species as a group,NA,NA,NA,Purse seine fishery,Catch per unit effort (CPUE),Standard error,NTZ,Phoenix Island Protected Area,Yes,Metric tons per set,4,100-200 nmi After,38.93,NA,NA,Yes,NA,
1206,NA,Catch,Target species as a group,NA,NA,NA,Purse seine fishery,Catch per unit effort (CPUE),Standard error,NTZ,Phoenix Island Protected Area,Yes,Metric tons per set,5,NA,NA,NA,NA,Yes,NA,
1206,NA,Catch,Target species as a group,NA,NA,NA,Purse seine fishery,Catch per unit effort (CPUE),Standard error,NTZ,Pacific Remote Islands (Jarvis),Yes,Metric tons per set,1,<100 nmi Before,36.93,NA,NA,No,NA,
1206,NA,Catch,Target species as a group,NA,NA,NA,Purse seine fishery,Catch per unit effort (CPUE),Standard error,NTZ,Pacific Remote Islands (Jarvis),Yes,Metric tons per set,2,100-200 nmi Before,41.01,5.75,5.75,No,NA,
1206,NA,Catch,Target species as a group,NA,NA,NA,Purse seine fishery,Catch per unit effort (CPUE),Standard error,NTZ,Pacific Remote Islands (Jarvis),Yes,Metric tons per set,3,<100 nmi After,40.77,NA,NA,No,NA,
1206,NA,Catch,Target species as a group,NA,NA,NA,Purse seine fishery,Catch per unit effort (CPUE),Standard error,NTZ,Pacific Remote Islands (Jarvis),Yes,Metric tons per set,4,100-200 nmi After,42.27,NA,NA,No,NA,
1206,NA,Catch,Target species as a group,NA,NA,NA,Purse seine fishery,Catch per unit effort (CPUE),Standard error,NTZ,Pacific Remote Islands (Jarvis),Yes,Metric tons per set,5,NA,NA,NA,NA,No,NA,
1206,NA,Catch,Target species as a group,NA,NA,NA,Purse seine fishery,Catch per unit effort (CPUE),Standard error,NTZ,Revillagigedo,Yes,Metric tons per set,1,<100 nmi Before,10.44,NA,NA,Yes,NA,
1206,NA,Catch,Target species as a group,NA,NA,NA,Purse seine fishery,Catch per unit effort (CPUE),Standard error,NTZ,Revillagigedo,Yes,Metric tons per set,2,100-200 nmi Before,12.99,NA,NA,Yes,NA,
1206,NA,Catch,Target species as a group,NA,NA,NA,Purse seine fishery,Catch per unit effort (CPUE),Standard error,NTZ,Revillagigedo,Yes,Metric tons per set,3,<100 nmi After,9.87,NA,NA,Yes,NA,
1206,NA,Catch,Target species as a group,NA,NA,NA,Purse seine fishery,Catch per unit effort (CPUE),Standard error,NTZ,Revillagigedo,Yes,Metric tons per set,4,100-200 nmi After,10.46,NA,NA,Yes,NA,
1206,NA,Catch,Target species as a group,NA,NA,NA,Purse seine fishery,Catch per unit effort (CPUE),Standard error,NTZ,Revillagigedo,Yes,Metric tons per set,5,NA,NA,NA,NA,Yes,NA,
1239,Leigh marine reserve boundary,Catch,Individual species,Palinuridae,Jasus,edwardsii,NA,Catch value,NA,NTZ,Cape Rodney-Okakari Point Marine Reserve,Yes,$ trap haul-1,1,1995,63.05,NA,NA,Yes,Jasus edwardsii,
1239,Leigh marine reserve boundary,Catch,Individual species,Palinuridae,Jasus,edwardsii,NA,Catch value,NA,NTZ,Cape Rodney-Okakari Point Marine Reserve,Yes,$ trap haul-1,2,1996,45.99,NA,NA,Yes,Jasus edwardsii,
1239,Leigh marine reserve boundary,Catch,Individual species,Palinuridae,Jasus,edwardsii,NA,Catch value,NA,NTZ,Cape Rodney-Okakari Point Marine Reserve,Yes,$ trap haul-1,3,1997,46.85,NA,NA,Yes,Jasus edwardsii,
1239,Leigh marine reserve boundary,Catch,Individual species,Palinuridae,Jasus,edwardsii,NA,Catch value,NA,NTZ,Cape Rodney-Okakari Point Marine Reserve,Yes,$ trap haul-1,4,NA,NA,NA,NA,Yes,Jasus edwardsii,
1239,Leigh marine reserve boundary,Catch,Individual species,Palinuridae,Jasus,edwardsii,NA,Catch value,NA,NTZ,Cape Rodney-Okakari Point Marine Reserve,Yes,$ trap haul-1,5,NA,NA,NA,NA,Yes,Jasus edwardsii,
1239,Coastal Leigh (300 m to 2 km south of reserve),Catch,Individual species,Palinuridae,Jasus,edwardsii,NA,Catch value,NA,NTZ,Cape Rodney-Okakari Point Marine Reserve,Yes,$ trap haul-1,1,1995,32.95,NA,NA,Yes,Jasus edwardsii,
1239,Coastal Leigh (300 m to 2 km south of reserve),Catch,Individual species,Palinuridae,Jasus,edwardsii,NA,Catch value,NA,NTZ,Cape Rodney-Okakari Point Marine Reserve,Yes,$ trap haul-1,2,1996,38.9,NA,NA,Yes,Jasus edwardsii,
1239,Coastal Leigh (300 m to 2 km south of reserve),Catch,Individual species,Palinuridae,Jasus,edwardsii,NA,Catch value,NA,NTZ,Cape Rodney-Okakari Point Marine Reserve,Yes,$ trap haul-1,3,1997,60.82,NA,NA,Yes,Jasus edwardsii,
1239,Coastal Leigh (300 m to 2 km south of reserve),Catch,Individual species,Palinuridae,Jasus,edwardsii,NA,Catch value,NA,NTZ,Cape Rodney-Okakari Point Marine Reserve,Yes,$ trap haul-1,4,NA,NA,NA,NA,Yes,Jasus edwardsii,
1239,Coastal Leigh (300 m to 2 km south of reserve),Catch,Individual species,Palinuridae,Jasus,edwardsii,NA,Catch value,NA,NTZ,Cape Rodney-Okakari Point Marine Reserve,Yes,$ trap haul-1,5,NA,NA,NA,NA,Yes,Jasus edwardsii,
1239,"Little Barrier Island, 22-30 km east of the reserve",Catch,Individual species,Palinuridae,Jasus,edwardsii,NA,Catch value,NA,NTZ,Cape Rodney-Okakari Point Marine Reserve,Yes,$ trap haul-1,1,1995,60.93,NA,NA,Yes,Jasus edwardsii,
1239,"Little Barrier Island, 22-30 km east of the reserve",Catch,Individual species,Palinuridae,Jasus,edwardsii,NA,Catch value,NA,NTZ,Cape Rodney-Okakari Point Marine Reserve,Yes,$ trap haul-1,2,1996,33.89,NA,NA,Yes,Jasus edwardsii,
1239,"Little Barrier Island, 22-30 km east of the reserve",Catch,Individual species,Palinuridae,Jasus,edwardsii,NA,Catch value,NA,NTZ,Cape Rodney-Okakari Point Marine Reserve,Yes,$ trap haul-1,3,1997,43.8,NA,NA,Yes,Jasus edwardsii,
1239,"Little Barrier Island, 22-30 km east of the reserve",Catch,Individual species,Palinuridae,Jasus,edwardsii,NA,Catch value,NA,NTZ,Cape Rodney-Okakari Point Marine Reserve,Yes,$ trap haul-1,4,NA,NA,NA,NA,Yes,Jasus edwardsii,
1239,"Little Barrier Island, 22-30 km east of the reserve",Catch,Individual species,Palinuridae,Jasus,edwardsii,NA,Catch value,NA,NTZ,Cape Rodney-Okakari Point Marine Reserve,Yes,$ trap haul-1,5,NA,NA,NA,NA,Yes,Jasus edwardsii,
1239,Leigh marine reserve boundary,Catch,Individual species,Palinuridae,Jasus,edwardsii,NA,Fish size,95% confidence intervals,NTZ,Cape Rodney-Okakari Point Marine Reserve,Yes,mm,1,1995,112.45,1.1,1.1,Yes,Jasus edwardsii,
1239,Leigh marine reserve boundary,Catch,Individual species,Palinuridae,Jasus,edwardsii,NA,Fish size,95% confidence intervals,NTZ,Cape Rodney-Okakari Point Marine Reserve,Yes,mm,2,1996,116.62,1.56,1.56,Yes,Jasus edwardsii,
1239,Leigh marine reserve boundary,Catch,Individual species,Palinuridae,Jasus,edwardsii,NA,Fish size,95% confidence intervals,NTZ,Cape Rodney-Okakari Point Marine Reserve,Yes,mm,3,1997,133.53,2.77,2.77,Yes,Jasus edwardsii,
1239,Leigh marine reserve boundary,Catch,Individual species,Palinuridae,Jasus,edwardsii,NA,Fish size,95% confidence intervals,NTZ,Cape Rodney-Okakari Point Marine Reserve,Yes,mm,4,NA,NA,NA,NA,Yes,Jasus edwardsii,
1239,Leigh marine reserve boundary,Catch,Individual species,Palinuridae,Jasus,edwardsii,NA,Fish size,95% confidence intervals,NTZ,Cape Rodney-Okakari Point Marine Reserve,Yes,mm,5,NA,NA,NA,NA,Yes,Jasus edwardsii,
1239,"Coastal Leigh, 300 m to 2 km south of reserve",Catch,Individual species,Palinuridae,Jasus,edwardsii,NA,Fish size,95% confidence intervals,NTZ,Cape Rodney-Okakari Point Marine Reserve,Yes,mm,1,1995,113.57,2.06,2.06,Yes,Jasus edwardsii,
1239,"Coastal Leigh, 300 m to 2 km south of reserve",Catch,Individual species,Palinuridae,Jasus,edwardsii,NA,Fish size,95% confidence intervals,NTZ,Cape Rodney-Okakari Point Marine Reserve,Yes,mm,2,1996,118.23,1.47,1.47,Yes,Jasus edwardsii,
1239,"Coastal Leigh, 300 m to 2 km south of reserve",Catch,Individual species,Palinuridae,Jasus,edwardsii,NA,Fish size,95% confidence intervals,NTZ,Cape Rodney-Okakari Point Marine Reserve,Yes,mm,3,1997,123.48,2.43,2.43,Yes,Jasus edwardsii,
1239,"Coastal Leigh, 300 m to 2 km south of reserve",Catch,Individual species,Palinuridae,Jasus,edwardsii,NA,Fish size,95% confidence intervals,NTZ,Cape Rodney-Okakari Point Marine Reserve,Yes,mm,4,NA,NA,NA,NA,Yes,Jasus edwardsii,
1239,"Coastal Leigh, 300 m to 2 km south of reserve",Catch,Individual species,Palinuridae,Jasus,edwardsii,NA,Fish size,95% confidence intervals,NTZ,Cape Rodney-Okakari Point Marine Reserve,Yes,mm,5,NA,NA,NA,NA,Yes,Jasus edwardsii,
1239,"Little Barrier Island, 22-30 km east of reserve",Catch,Individual species,Palinuridae,Jasus,edwardsii,NA,Fish size,95% confidence intervals,NTZ,Cape Rodney-Okakari Point Marine Reserve,Yes,mm,1,1995,107.33,0.69,0.69,Yes,Jasus edwardsii,
1239,"Little Barrier Island, 22-30 km east of reserve",Catch,Individual species,Palinuridae,Jasus,edwardsii,NA,Fish size,95% confidence intervals,NTZ,Cape Rodney-Okakari Point Marine Reserve,Yes,mm,2,1996,112.56,0.57,0.57,Yes,Jasus edwardsii,
1239,"Little Barrier Island, 22-30 km east of reserve",Catch,Individual species,Palinuridae,Jasus,edwardsii,NA,Fish size,95% confidence intervals,NTZ,Cape Rodney-Okakari Point Marine Reserve,Yes,mm,3,1997,116.5,0.82,0.82,Yes,Jasus edwardsii,
1239,"Little Barrier Island, 22-30 km east of reserve",Catch,Individual species,Palinuridae,Jasus,edwardsii,NA,Fish size,95% confidence intervals,NTZ,Cape Rodney-Okakari Point Marine Reserve,Yes,mm,4,NA,NA,NA,NA,Yes,Jasus edwardsii,
1239,"Little Barrier Island, 22-30 km east of reserve",Catch,Individual species,Palinuridae,Jasus,edwardsii,NA,Fish size,95% confidence intervals,NTZ,Cape Rodney-Okakari Point Marine Reserve,Yes,mm,5,NA,NA,NA,NA,Yes,Jasus edwardsii,
1265,"~1100 m from border of NTR, 22 km2 area",Catch,Individual species,Nephropidae,Nephrops,norvegicus,NA,Catch per unit effort (CPUE),NA,NTZ,Àrea d'interès pesquer Roses - Palamós,Yes,Lobster per unit effort (LPUE),1,2016,115.02,NA,NA,Yes,Nephrops norvegicus,
1265,"~1100 m from border of NTR, 22 km2 area",Catch,Individual species,Nephropidae,Nephrops,norvegicus,NA,Catch per unit effort (CPUE),NA,NTZ,Àrea d'interès pesquer Roses - Palamós,Yes,Lobster per unit effort (LPUE),2,2017,101.38,NA,NA,Yes,Nephrops norvegicus,
1265,"~1100 m from border of NTR, 22 km2 area",Catch,Individual species,Nephropidae,Nephrops,norvegicus,NA,Catch per unit effort (CPUE),NA,NTZ,Àrea d'interès pesquer Roses - Palamós,Yes,Lobster per unit effort (LPUE),3,2018,151.29,NA,NA,Yes,Nephrops norvegicus,
1265,"~1100 m from border of NTR, 22 km2 area",Catch,Individual species,Nephropidae,Nephrops,norvegicus,NA,Catch per unit effort (CPUE),NA,NTZ,Àrea d'interès pesquer Roses - Palamós,Yes,Lobster per unit effort (LPUE),4,2019,134.44,NA,NA,Yes,Nephrops norvegicus,
1265,"~1100 m from border of NTR, 22 km2 area",Catch,Individual species,Nephropidae,Nephrops,norvegicus,NA,Catch per unit effort (CPUE),NA,NTZ,Àrea d'interès pesquer Roses - Palamós,Yes,Lobster per unit effort (LPUE),5,2020,82.16,NA,NA,Yes,Nephrops norvegicus,
1265,"~1100 m from border of NTR, 22 km2 area",Catch,Individual species,Nephropidae,Nephrops,norvegicus,NA,Catch per unit effort (CPUE),NA,NTZ,Àrea d'interès pesquer Roses - Palamós,Yes,Lobster per Unit Effort (LPUE),1,2021,74.26,NA,NA,Yes,Nephrops norvegicus,
1265,"~1100 m from border of NTR, 22 km2 area",Catch,Individual species,Nephropidae,Nephrops,norvegicus,NA,Catch per unit effort (CPUE),NA,NTZ,Àrea d'interès pesquer Roses - Palamós,Yes,Lobster per Unit Effort (LPUE),2,NA,NA,NA,NA,Yes,Nephrops norvegicus,
1265,"~1100 m from border of NTR, 22 km2 area",Catch,Individual species,Nephropidae,Nephrops,norvegicus,NA,Catch per unit effort (CPUE),NA,NTZ,Àrea d'interès pesquer Roses - Palamós,Yes,Lobster per Unit Effort (LPUE),3,NA,NA,NA,NA,Yes,Nephrops norvegicus,
1265,"~1100 m from border of NTR, 22 km2 area",Catch,Individual species,Nephropidae,Nephrops,norvegicus,NA,Catch per unit effort (CPUE),NA,NTZ,Àrea d'interès pesquer Roses - Palamós,Yes,Lobster per Unit Effort (LPUE),4,NA,NA,NA,NA,Yes,Nephrops norvegicus,
1265,"~1100 m from border of NTR, 22 km2 area",Catch,Individual species,Nephropidae,Nephrops,norvegicus,NA,Catch per unit effort (CPUE),NA,NTZ,Àrea d'interès pesquer Roses - Palamós,Yes,Lobster per Unit Effort (LPUE),5,NA,NA,NA,NA,Yes,Nephrops norvegicus,
1265,"~1100 m from border of control area, 22 km2 area",Catch,Individual species,Nephropidae,Nephrops,norvegicus,NA,Catch per unit effort (CPUE),NA,NTZ,Àrea d'interès pesquer Roses - Palamós,Yes,Lobster per Unit Effort (LPUE),1,2016,116.33,NA,NA,Yes,Nephrops norvegicus,
1265,"~1100 m from border of control area, 22 km2 area",Catch,Individual species,Nephropidae,Nephrops,norvegicus,NA,Catch per unit effort (CPUE),NA,NTZ,Àrea d'interès pesquer Roses - Palamós,Yes,Lobster per Unit Effort (LPUE),2,2017,101.19,NA,NA,Yes,Nephrops norvegicus,
1265,"~1100 m from border of control area, 22 km2 area",Catch,Individual species,Nephropidae,Nephrops,norvegicus,NA,Catch per unit effort (CPUE),NA,NTZ,Àrea d'interès pesquer Roses - Palamós,Yes,Lobster per Unit Effort (LPUE),3,2018,136.88,2019,127.95,Yes,Nephrops norvegicus,
1265,"~1100 m from border of control area, 22 km2 area",Catch,Individual species,Nephropidae,Nephrops,norvegicus,NA,Catch per unit effort (CPUE),NA,NTZ,Àrea d'interès pesquer Roses - Palamós,Yes,Lobster per Unit Effort (LPUE),4,2019,127.95,NA,NA,Yes,Nephrops norvegicus,
1265,"~1100 m from border of control area, 22 km2 area",Catch,Individual species,Nephropidae,Nephrops,norvegicus,NA,Catch per unit effort (CPUE),NA,NTZ,Àrea d'interès pesquer Roses - Palamós,Yes,Lobster per Unit Effort (LPUE),5,2020,76.97,NA,NA,Yes,Nephrops norvegicus,
1265,"~1100 m from border of control area, 22 km2 area",Catch,Individual species,Nephropidae,Nephrops,norvegicus,NA,Catch per unit effort (CPUE),NA,NTZ,Àrea d'interès pesquer Roses - Palamós,Yes,Lobster per Unit Area (LPUE),1,2021,58.52,NA,NA,Yes,Nephrops norvegicus,
1265,"~1100 m from border of control area, 22 km2 area",Catch,Individual species,Nephropidae,Nephrops,norvegicus,NA,Catch per unit effort (CPUE),NA,NTZ,Àrea d'interès pesquer Roses - Palamós,Yes,Lobster per Unit Area (LPUE),2,NA,NA,NA,NA,Yes,Nephrops norvegicus,
1265,"~1100 m from border of control area, 22 km2 area",Catch,Individual species,Nephropidae,Nephrops,norvegicus,NA,Catch per unit effort (CPUE),NA,NTZ,Àrea d'interès pesquer Roses - Palamós,Yes,Lobster per Unit Area (LPUE),3,NA,NA,NA,NA,Yes,Nephrops norvegicus,
1265,"~1100 m from border of control area, 22 km2 area",Catch,Individual species,Nephropidae,Nephrops,norvegicus,NA,Catch per unit effort (CPUE),NA,NTZ,Àrea d'interès pesquer Roses - Palamós,Yes,Lobster per Unit Area (LPUE),4,NA,NA,NA,NA,Yes,Nephrops norvegicus,
1265,"~1100 m from border of control area, 22 km2 area",Catch,Individual species,Nephropidae,Nephrops,norvegicus,NA,Catch per unit effort (CPUE),NA,NTZ,Àrea d'interès pesquer Roses - Palamós,Yes,Lobster per Unit Area (LPUE),5,NA,NA,NA,NA,Yes,Nephrops norvegicus,
1395,NTZ - results from best fit logistic growth line,Transect count,Target species as a group,NA,NA,NA,All species vulnerable to fishing,Species richness,NA,NTZ,Medes Islands Marine Reserve,Buffer zone and then open to fishing,NA,1,1991,2.26,NA,NA,No,NA,
1395,NTZ - results from best fit logistic growth line,Transect count,Target species as a group,NA,NA,NA,All species vulnerable to fishing,Species richness,NA,NTZ,Medes Islands Marine Reserve,Buffer zone and then open to fishing,NA,2,1993,2.52,NA,NA,No,NA,
1395,NTZ - results from best fit logistic growth line,Transect count,Target species as a group,NA,NA,NA,All species vulnerable to fishing,Species richness,NA,NTZ,Medes Islands Marine Reserve,Buffer zone and then open to fishing,NA,3,1995,2.61,NA,NA,No,NA,
1395,NTZ - results from best fit logistic growth line,Transect count,Target species as a group,NA,NA,NA,All species vulnerable to fishing,Species richness,NA,NTZ,Medes Islands Marine Reserve,Buffer zone and then open to fishing,NA,4,1997,2.63,NA,NA,No,NA,
1395,NTZ - results from best fit logistic growth line,Transect count,Target species as a group,NA,NA,NA,All species vulnerable to fishing,Species richness,NA,NTZ,Medes Islands Marine Reserve,Buffer zone and then open to fishing,NA,5,1999,2.65,NA,NA,No,NA,
1395,NTZ - results from best fit logistic growth line,Transect count,Target species as a group,NA,NA,NA,All species vulnerable to fishing,Species richness,NA,NTZ,Medes Islands Marine Reserve,Buffer zone and then open,NA,1,2001,2.65,NA,NA,No,NA,
1395,NTZ - results from best fit logistic growth line,Transect count,Target species as a group,NA,NA,NA,All species vulnerable to fishing,Species richness,NA,NTZ,Medes Islands Marine Reserve,Buffer zone and then open,NA,2,2003,2.65,NA,NA,No,NA,
1395,NTZ - results from best fit logistic growth line,Transect count,Target species as a group,NA,NA,NA,All species vulnerable to fishing,Species richness,NA,NTZ,Medes Islands Marine Reserve,Buffer zone and then open,NA,3,2005,2.65,NA,NA,No,NA,
1395,NTZ - results from best fit logistic growth line,Transect count,Target species as a group,NA,NA,NA,All species vulnerable to fishing,Species richness,NA,NTZ,Medes Islands Marine Reserve,Buffer zone and then open,NA,4,2007,2.65,NA,NA,No,NA,
1395,NTZ - results from best fit logistic growth line,Transect count,Target species as a group,NA,NA,NA,All species vulnerable to fishing,Species richness,NA,NTZ,Medes Islands Marine Reserve,Buffer zone and then open,NA,5,2009,2.65,NA,NA,No,NA,
1395,PPO buffer zone - results from best fit logistic growth line,Transect count,Target species as a group,NA,NA,NA,All species vulnerable to fishing,Species richness,NA,PPO,Medes Islands Marine Reserve,NA,NA,1,1991,1.03,NA,NA,No,NA,
1395,PPO buffer zone - results from best fit logistic growth line,Transect count,Target species as a group,NA,NA,NA,All species vulnerable to fishing,Species richness,NA,PPO,Medes Islands Marine Reserve,NA,NA,2,1993,0.99,NA,NA,No,NA,
1395,PPO buffer zone - results from best fit logistic growth line,Transect count,Target species as a group,NA,NA,NA,All species vulnerable to fishing,Species richness,NA,PPO,Medes Islands Marine Reserve,NA,NA,3,1995,0.96,NA,NA,No,NA,
1395,PPO buffer zone - results from best fit logistic growth line,Transect count,Target species as a group,NA,NA,NA,All species vulnerable to fishing,Species richness,NA,PPO,Medes Islands Marine Reserve,NA,NA,4,1997,0.91,NA,NA,No,NA,
1395,PPO buffer zone - results from best fit logistic growth line,Transect count,Target species as a group,NA,NA,NA,All species vulnerable to fishing,Species richness,NA,PPO,Medes Islands Marine Reserve,NA,NA,5,1999,0.88,NA,NA,No,NA,
1395,PPO buffer zone - results from best fit logistic growth line,Transect count,Target species as a group,NA,NA,NA,All species vulnerable to fishing,Species richness,NA,PPO,Medes Islands Marine Reserve,NA,NA,1,2001,0.83,NA,NA,No,NA,
1395,PPO buffer zone - results from best fit logistic growth line,Transect count,Target species as a group,NA,NA,NA,All species vulnerable to fishing,Species richness,NA,PPO,Medes Islands Marine Reserve,NA,NA,2,2003,0.79,NA,NA,No,NA,
1395,PPO buffer zone - results from best fit logistic growth line,Transect count,Target species as a group,NA,NA,NA,All species vulnerable to fishing,Species richness,NA,PPO,Medes Islands Marine Reserve,NA,NA,3,2005,0.76,NA,NA,No,NA,
1395,PPO buffer zone - results from best fit logistic growth line,Transect count,Target species as a group,NA,NA,NA,All species vulnerable to fishing,Species richness,NA,PPO,Medes Islands Marine Reserve,NA,NA,4,2007,0.7,NA,NA,No,NA,
1395,PPO buffer zone - results from best fit logistic growth line,Transect count,Target species as a group,NA,NA,NA,All species vulnerable to fishing,Species richness,NA,PPO,Medes Islands Marine Reserve,NA,NA,5,2009,0.67,NA,NA,No,NA,
1395,Open area - results from best fit logistic growth line,Transect count,Target species as a group,NA,NA,NA,All species vulnerable to fishing,Species richness,NA,NTZ,Medes Islands Marine Reserve,These results are for the open area,NA,1,1991,0.47,NA,NA,No,NA,
1395,Open area - results from best fit logistic growth line,Transect count,Target species as a group,NA,NA,NA,All species vulnerable to fishing,Species richness,NA,NTZ,Medes Islands Marine Reserve,These results are for the open area,NA,2,1993,0.51,NA,NA,No,NA,
1395,Open area - results from best fit logistic growth line,Transect count,Target species as a group,NA,NA,NA,All species vulnerable to fishing,Species richness,NA,NTZ,Medes Islands Marine Reserve,These results are for the open area,NA,3,1995,0.54,NA,NA,No,NA,
1395,Open area - results from best fit logistic growth line,Transect count,Target species as a group,NA,NA,NA,All species vulnerable to fishing,Species richness,NA,NTZ,Medes Islands Marine Reserve,These results are for the open area,NA,4,1997,0.58,NA,NA,No,NA,
1395,Open area - results from best fit logistic growth line,Transect count,Target species as a group,NA,NA,NA,All species vulnerable to fishing,Species richness,NA,NTZ,Medes Islands Marine Reserve,These results are for the open area,NA,5,1999,0.62,NA,NA,No,NA,
1395,Open area - results from best fit logistic growth line,Transect count,Target species as a group,NA,NA,NA,All species vulnerable to fishing,Species richness,NA,NTZ,Medes Islands Marine Reserve,These results are for the open area,NA,1,2001,0.67,NA,NA,No,NA,
1395,Open area - results from best fit logistic growth line,Transect count,Target species as a group,NA,NA,NA,All species vulnerable to fishing,Species richness,NA,NTZ,Medes Islands Marine Reserve,These results are for the open area,NA,2,2003,0.72,NA,NA,No,NA,
1395,Open area - results from best fit logistic growth line,Transect count,Target species as a group,NA,NA,NA,All species vulnerable to fishing,Species richness,NA,NTZ,Medes Islands Marine Reserve,These results are for the open area,NA,3,2005,0.77,NA,NA,No,NA,
1395,Open area - results from best fit logistic growth line,Transect count,Target species as a group,NA,NA,NA,All species vulnerable to fishing,Species richness,NA,NTZ,Medes Islands Marine Reserve,These results are for the open area,NA,4,2007,0.83,NA,NA,No,NA,
1395,Open area - results from best fit logistic growth line,Transect count,Target species as a group,NA,NA,NA,All species vulnerable to fishing,Species richness,NA,NTZ,Medes Islands Marine Reserve,These results are for the open area,NA,5,2009,0.88,NA,NA,No,NA,
1395,NTZ - results from best fit logistic growth line,Transect count,Target species as a group,NA,NA,NA,All species vulnerable to fishing,Density,NA,NTZ,Medes Islands Marine Reserve,Buffer zone then open area,No. individuals per m^2,1,1991,3.44,NA,NA,No,NA,
1395,NTZ - results from best fit logistic growth line,Transect count,Target species as a group,NA,NA,NA,All species vulnerable to fishing,Density,NA,NTZ,Medes Islands Marine Reserve,Buffer zone then open area,No. individuals per m^2,2,193,6.03,NA,NA,No,NA,
1395,NTZ - results from best fit logistic growth line,Transect count,Target species as a group,NA,NA,NA,All species vulnerable to fishing,Density,NA,NTZ,Medes Islands Marine Reserve,Buffer zone then open area,No. individuals per m^2,3,1995,7.69,NA,NA,No,NA,
1395,NTZ - results from best fit logistic growth line,Transect count,Target species as a group,NA,NA,NA,All species vulnerable to fishing,Density,NA,NTZ,Medes Islands Marine Reserve,Buffer zone then open area,No. individuals per m^2,4,1997,8.79,NA,NA,No,NA,
1395,NTZ - results from best fit logistic growth line,Transect count,Target species as a group,NA,NA,NA,All species vulnerable to fishing,Density,NA,NTZ,Medes Islands Marine Reserve,Buffer zone then open area,No. individuals per m^2,5,1999,9.53,NA,NA,No,NA,
1395,NTZ - results from best fit logistic growth line,Transect count,Target species as a group,NA,NA,NA,All species vulnerable to fishing,Density,NA,NTZ,Medes Islands Marine Reserve,Buffer zone then open area ,No. individuals per m^2,1,2001,10.03,NA,NA,No,NA,
1395,NTZ - results from best fit logistic growth line,Transect count,Target species as a group,NA,NA,NA,All species vulnerable to fishing,Density,NA,NTZ,Medes Islands Marine Reserve,Buffer zone then open area ,No. individuals per m^2,2,2003,10.33,NA,NA,No,NA,
1395,NTZ - results from best fit logistic growth line,Transect count,Target species as a group,NA,NA,NA,All species vulnerable to fishing,Density,NA,NTZ,Medes Islands Marine Reserve,Buffer zone then open area ,No. individuals per m^2,3,2005,10.54,NA,NA,No,NA,
1395,NTZ - results from best fit logistic growth line,Transect count,Target species as a group,NA,NA,NA,All species vulnerable to fishing,Density,NA,NTZ,Medes Islands Marine Reserve,Buffer zone then open area ,No. individuals per m^2,4,2007,10.67,NA,NA,No,NA,
1395,NTZ - results from best fit logistic growth line,Transect count,Target species as a group,NA,NA,NA,All species vulnerable to fishing,Density,NA,NTZ,Medes Islands Marine Reserve,Buffer zone then open area ,No. individuals per m^2,5,2009,10.78,NA,NA,No,NA,
1395,PPO buffer zone - results from best fit logistic growth line,Transect count,Target species as a group,NA,NA,NA,All species vulnerable to fishing,Density,NA,PPO,Medes Islands Marine Reserve,NA,No.individuals per m^2,1,1991,0.4,NA,NA,No,NA,
1395,PPO buffer zone - results from best fit logistic growth line,Transect count,Target species as a group,NA,NA,NA,All species vulnerable to fishing,Density,NA,PPO,Medes Islands Marine Reserve,NA,No.individuals per m^2,2,1993,0.49,NA,NA,No,NA,
1395,PPO buffer zone - results from best fit logistic growth line,Transect count,Target species as a group,NA,NA,NA,All species vulnerable to fishing,Density,NA,PPO,Medes Islands Marine Reserve,NA,No.individuals per m^2,3,1995,0.64,NA,NA,No,NA,
1395,PPO buffer zone - results from best fit logistic growth line,Transect count,Target species as a group,NA,NA,NA,All species vulnerable to fishing,Density,NA,PPO,Medes Islands Marine Reserve,NA,No.individuals per m^2,4,1997,0.99,NA,NA,No,NA,
1395,PPO buffer zone - results from best fit logistic growth line,Transect count,Target species as a group,NA,NA,NA,All species vulnerable to fishing,Density,NA,PPO,Medes Islands Marine Reserve,NA,No.individuals per m^2,5,1999,0.99,NA,NA,No,NA,
1395,PPO buffer zone - results from best fit logistic growth line,Transect count,Target species as a group,NA,NA,NA,All species vulnerable to fishing,Density,NA,PPO,Medes Islands Marine Reserve,NA,No. individuals per km2,1,2001,1.27,NA,NA,No,NA,
1395,PPO buffer zone - results from best fit logistic growth line,Transect count,Target species as a group,NA,NA,NA,All species vulnerable to fishing,Density,NA,PPO,Medes Islands Marine Reserve,NA,No. individuals per km2,2,2003,1.56,NA,NA,No,NA,
1395,PPO buffer zone - results from best fit logistic growth line,Transect count,Target species as a group,NA,NA,NA,All species vulnerable to fishing,Density,NA,PPO,Medes Islands Marine Reserve,NA,No. individuals per km2,3,2005,1.88,NA,NA,No,NA,
1395,PPO buffer zone - results from best fit logistic growth line,Transect count,Target species as a group,NA,NA,NA,All species vulnerable to fishing,Density,NA,PPO,Medes Islands Marine Reserve,NA,No. individuals per km2,4,2007,2.4,NA,NA,No,NA,
1395,PPO buffer zone - results from best fit logistic growth line,Transect count,Target species as a group,NA,NA,NA,All species vulnerable to fishing,Density,NA,PPO,Medes Islands Marine Reserve,NA,No. individuals per km2,5,2009,3.02,NA,NA,No,NA,
1395,Open area - results from best fit logistic growth line,Transect count,Target species as a group,NA,NA,NA,All species vulnerable to fishing,Density,NA,NTZ,Medes Islands Marine Reserve,These results are for the open area,No. individuals per m^2,1,1991,1.77,NA,NA,No,NA,
1395,Open area - results from best fit logistic growth line,Transect count,Target species as a group,NA,NA,NA,All species vulnerable to fishing,Density,NA,NTZ,Medes Islands Marine Reserve,These results are for the open area,No. individuals per m^2,2,1993,1.7,NA,NA,No,NA,
1395,Open area - results from best fit logistic growth line,Transect count,Target species as a group,NA,NA,NA,All species vulnerable to fishing,Density,NA,NTZ,Medes Islands Marine Reserve,These results are for the open area,No. individuals per m^2,3,1995,1.62,NA,NA,No,NA,
1395,Open area - results from best fit logistic growth line,Transect count,Target species as a group,NA,NA,NA,All species vulnerable to fishing,Density,NA,NTZ,Medes Islands Marine Reserve,These results are for the open area,No. individuals per m^2,4,1995,1.62,NA,NA,No,NA,
1395,Open area - results from best fit logistic growth line,Transect count,Target species as a group,NA,NA,NA,All species vulnerable to fishing,Density,NA,NTZ,Medes Islands Marine Reserve,These results are for the open area,No. individuals per m^2,5,1999,1.46,NA,NA,No,NA,
1395,Open area - results from best fit logistic growth line,Transect count,Target species as a group,NA,NA,NA,All species vulnerable to fishing,Density,NA,NTZ,Medes Islands Marine Reserve,These results are for the open area,No. individuals per m^2,1,2001,1.41,NA,NA,No,NA,
1395,Open area - results from best fit logistic growth line,Transect count,Target species as a group,NA,NA,NA,All species vulnerable to fishing,Density,NA,NTZ,Medes Islands Marine Reserve,These results are for the open area,No. individuals per m^2,2,2003,1.33,NA,NA,No,NA,
1395,Open area - results from best fit logistic growth line,Transect count,Target species as a group,NA,NA,NA,All species vulnerable to fishing,Density,NA,NTZ,Medes Islands Marine Reserve,These results are for the open area,No. individuals per m^2,3,2004,1.21,NA,NA,No,NA,
1395,Open area - results from best fit logistic growth line,Transect count,Target species as a group,NA,NA,NA,All species vulnerable to fishing,Density,NA,NTZ,Medes Islands Marine Reserve,These results are for the open area,No. individuals per m^2,4,2007,1.22,NA,NA,No,NA,
1395,Open area - results from best fit logistic growth line,Transect count,Target species as a group,NA,NA,NA,All species vulnerable to fishing,Density,NA,NTZ,Medes Islands Marine Reserve,These results are for the open area,No. individuals per m^2,5,2009,1.1,NA,NA,No,NA,
1395,NTZ - results from best fit logistic growth line,Transect count,Target species as a group,NA,NA,NA,All species vulnerable to fishing,Biomass,NA,NTZ,Medes Islands Marine Reserve,Buffer zone then open area,g per m^2,1,1991,32.1,NA,NA,No,NA,
1395,NTZ - results from best fit logistic growth line,Transect count,Target species as a group,NA,NA,NA,All species vulnerable to fishing,Biomass,NA,NTZ,Medes Islands Marine Reserve,Buffer zone then open area,g per m^2,2,1993,36.91,NA,NA,No,NA,
1395,NTZ - results from best fit logistic growth line,Transect count,Target species as a group,NA,NA,NA,All species vulnerable to fishing,Biomass,NA,NTZ,Medes Islands Marine Reserve,Buffer zone then open area,g per m^2,3,1995,40.88,NA,NA,No,NA,
1395,NTZ - results from best fit logistic growth line,Transect count,Target species as a group,NA,NA,NA,All species vulnerable to fishing,Biomass,NA,NTZ,Medes Islands Marine Reserve,Buffer zone then open area,g per m^2,4,1997,44.5,NA,NA,No,NA,
1395,NTZ - results from best fit logistic growth line,Transect count,Target species as a group,NA,NA,NA,All species vulnerable to fishing,Biomass,NA,NTZ,Medes Islands Marine Reserve,Buffer zone then open area,g per m^2,5,1999,47.93,NA,NA,No,NA,
1395,NTZ - results from best fit logistic growth line,Transect count,Target species as a group,NA,NA,NA,All species vulnerable to fishing,Biomass,NA,NTZ,Medes Islands Marine Reserve,Buffer zone then open area,g per m^2,1,2001,4993,NA,NA,No,NA,
1395,NTZ - results from best fit logistic growth line,Transect count,Target species as a group,NA,NA,NA,All species vulnerable to fishing,Biomass,NA,NTZ,Medes Islands Marine Reserve,Buffer zone then open area,g per m^2,2,2003,51.85,NA,NA,No,NA,
1395,NTZ - results from best fit logistic growth line,Transect count,Target species as a group,NA,NA,NA,All species vulnerable to fishing,Biomass,NA,NTZ,Medes Islands Marine Reserve,Buffer zone then open area,g per m^2,3,2005,53.15,NA,NA,No,NA,
1395,NTZ - results from best fit logistic growth line,Transect count,Target species as a group,NA,NA,NA,All species vulnerable to fishing,Biomass,NA,NTZ,Medes Islands Marine Reserve,Buffer zone then open area,g per m^2,4,2007,54.27,NA,NA,No,NA,
1395,NTZ - results from best fit logistic growth line,Transect count,Target species as a group,NA,NA,NA,All species vulnerable to fishing,Biomass,NA,NTZ,Medes Islands Marine Reserve,Buffer zone then open area,g per m^2,5,2009,55.02,NA,NA,No,NA,
1395,PPO buffer zone - results from best fit logistic growth line,Transect count,Target species as a group,NA,NA,NA,All species vulnerable to fishing,Biomass,NA,PPO,Medes Islands Marine Reserve,NA,g per m^2,1,1991,2.96,NA,NA,No,NA,
1395,PPO buffer zone - results from best fit logistic growth line,Transect count,Target species as a group,NA,NA,NA,All species vulnerable to fishing,Biomass,NA,PPO,Medes Islands Marine Reserve,NA,g per m^2,2,1993,2.81,NA,NA,No,NA,
1395,PPO buffer zone - results from best fit logistic growth line,Transect count,Target species as a group,NA,NA,NA,All species vulnerable to fishing,Biomass,NA,PPO,Medes Islands Marine Reserve,NA,g per m^2,3,1995,2.87,NA,NA,No,NA,
1395,PPO buffer zone - results from best fit logistic growth line,Transect count,Target species as a group,NA,NA,NA,All species vulnerable to fishing,Biomass,NA,PPO,Medes Islands Marine Reserve,NA,g per m^2,4,1997,2.82,NA,NA,No,NA,
1395,PPO buffer zone - results from best fit logistic growth line,Transect count,Target species as a group,NA,NA,NA,All species vulnerable to fishing,Biomass,NA,PPO,Medes Islands Marine Reserve,NA,g per m^2,5,1999,2.78,NA,NA,No,NA,
1395,PPO buffer zone - results from best fit logistic growth line,Transect count,Target species as a group,NA,NA,NA,All species vulnerable to fishing,Biomass,NA,PPO,Medes Islands Marine Reserve,NA,g per m^2,1,2001,2.87,NA,NA,No,NA,
1395,PPO buffer zone - results from best fit logistic growth line,Transect count,Target species as a group,NA,NA,NA,All species vulnerable to fishing,Biomass,NA,PPO,Medes Islands Marine Reserve,NA,g per m^2,2,2003,2.79,NA,NA,No,NA,
1395,PPO buffer zone - results from best fit logistic growth line,Transect count,Target species as a group,NA,NA,NA,All species vulnerable to fishing,Biomass,NA,PPO,Medes Islands Marine Reserve,NA,g per m^2,3,2005,2.76,NA,NA,No,NA,
1395,PPO buffer zone - results from best fit logistic growth line,Transect count,Target species as a group,NA,NA,NA,All species vulnerable to fishing,Biomass,NA,PPO,Medes Islands Marine Reserve,NA,g per m^2,4,2007,2.81,NA,NA,No,NA,
1395,PPO buffer zone - results from best fit logistic growth line,Transect count,Target species as a group,NA,NA,NA,All species vulnerable to fishing,Biomass,NA,PPO,Medes Islands Marine Reserve,NA,g per m^2,5,2009,2.84,NA,NA,No,NA,
1395,Open area - results from best fit logistic growth line,Transect count,Target species as a group,NA,NA,NA,All species vulnerable to fishing,Biomass,NA,NTZ,Medes Islands Marine Reserve,These results are for the open area,g per m^2,1,1991,0.98,NA,NA,No,NA,
1395,Open area - results from best fit logistic growth line,Transect count,Target species as a group,NA,NA,NA,All species vulnerable to fishing,Biomass,NA,NTZ,Medes Islands Marine Reserve,These results are for the open area,g per m^2,2,1993,1.04,NA,NA,No,NA,
1395,Open area - results from best fit logistic growth line,Transect count,Target species as a group,NA,NA,NA,All species vulnerable to fishing,Biomass,NA,NTZ,Medes Islands Marine Reserve,These results are for the open area,g per m^2,3,1995,1.4,NA,NA,No,NA,
1395,Open area - results from best fit logistic growth line,Transect count,Target species as a group,NA,NA,NA,All species vulnerable to fishing,Biomass,NA,NTZ,Medes Islands Marine Reserve,These results are for the open area,g per m^2,4,1997,1.58,NA,NA,No,NA,
1395,Open area - results from best fit logistic growth line,Transect count,Target species as a group,NA,NA,NA,All species vulnerable to fishing,Biomass,NA,NTZ,Medes Islands Marine Reserve,These results are for the open area,g per m^2,5,1999,1.94,NA,NA,No,NA,
1395,Open area - results from best fit logistic growth line,Transect count,Target species as a group,NA,NA,NA,All species vulnerable to fishing,Biomass,NA,NTZ,Medes Islands Marine Reserve,These results are for the open area,g per m^2,1,2001,2.53,NA,NA,No,NA,
1395,Open area - results from best fit logistic growth line,Transect count,Target species as a group,NA,NA,NA,All species vulnerable to fishing,Biomass,NA,NTZ,Medes Islands Marine Reserve,These results are for the open area,g per m^2,2,2003,2.71,NA,NA,No,NA,
1395,Open area - results from best fit logistic growth line,Transect count,Target species as a group,NA,NA,NA,All species vulnerable to fishing,Biomass,NA,NTZ,Medes Islands Marine Reserve,These results are for the open area,g per m^2,3,2005,3.51,NA,NA,No,NA,
1395,Open area - results from best fit logistic growth line,Transect count,Target species as a group,NA,NA,NA,All species vulnerable to fishing,Biomass,NA,NTZ,Medes Islands Marine Reserve,These results are for the open area,g per m^2,4,2007,4.3,NA,NA,No,NA,
1395,Open area - results from best fit logistic growth line,Transect count,Target species as a group,NA,NA,NA,All species vulnerable to fishing,Biomass,NA,NTZ,Medes Islands Marine Reserve,These results are for the open area,g per m^2,5,2009,5.51,NA,NA,No,NA,
1395,NTZ - results from best fit logistic growth line,Transect count,Individual species,Epinephelidae,Epinephelus,marginatus,NA,Biomass,NA,NTZ,Medes Islands Marine Reserve,PPO buffer zone then open,g per m^2,1,1991,21.43,NA,NA,Yes,Epinephelus marginatus,
1395,NTZ - results from best fit logistic growth line,Transect count,Individual species,Epinephelidae,Epinephelus,marginatus,NA,Biomass,NA,NTZ,Medes Islands Marine Reserve,PPO buffer zone then open,g per m^2,2,1993,25.96,NA,NA,Yes,Epinephelus marginatus,
1395,NTZ - results from best fit logistic growth line,Transect count,Individual species,Epinephelidae,Epinephelus,marginatus,NA,Biomass,NA,NTZ,Medes Islands Marine Reserve,PPO buffer zone then open,g per m^2,3,1995,29.75,NA,NA,Yes,Epinephelus marginatus,
1395,NTZ - results from best fit logistic growth line,Transect count,Individual species,Epinephelidae,Epinephelus,marginatus,NA,Biomass,NA,NTZ,Medes Islands Marine Reserve,PPO buffer zone then open,g per m^2,4,1997,32.29,NA,NA,Yes,Epinephelus marginatus,
1395,NTZ - results from best fit logistic growth line,Transect count,Individual species,Epinephelidae,Epinephelus,marginatus,NA,Biomass,NA,NTZ,Medes Islands Marine Reserve,PPO buffer zone then open,g per m^2,5,1999,34.23,NA,NA,Yes,Epinephelus marginatus,
1395,NTZ - results from best fit logistic growth line,Transect count,Individual species,Epinephelidae,Epinephelus,marginatus,NA,Biomass,NA,NTZ,Medes Islands Marine Reserves,PPO buffer zone then open,g per m^2,1,2001,35.44,NA,NA,Yes,Epinephelus marginatus,
1395,NTZ - results from best fit logistic growth line,Transect count,Individual species,Epinephelidae,Epinephelus,marginatus,NA,Biomass,NA,NTZ,Medes Islands Marine Reserves,PPO buffer zone then open,g per m^2,2,2003,36.21,NA,NA,Yes,Epinephelus marginatus,
1395,NTZ - results from best fit logistic growth line,Transect count,Individual species,Epinephelidae,Epinephelus,marginatus,NA,Biomass,NA,NTZ,Medes Islands Marine Reserves,PPO buffer zone then open,g per m^2,3,2005,36.58,NA,NA,Yes,Epinephelus marginatus,
1395,NTZ - results from best fit logistic growth line,Transect count,Individual species,Epinephelidae,Epinephelus,marginatus,NA,Biomass,NA,NTZ,Medes Islands Marine Reserves,PPO buffer zone then open,g per m^2,4,2007,36.98,NA,NA,Yes,Epinephelus marginatus,
1395,NTZ - results from best fit logistic growth line,Transect count,Individual species,Epinephelidae,Epinephelus,marginatus,NA,Biomass,NA,NTZ,Medes Islands Marine Reserves,PPO buffer zone then open,g per m^2,5,2009,37.09,NA,NA,Yes,Epinephelus marginatus,
1395,PPO buffer zone - results from best fit logistic growth line,Transect count,Individual species,Epinephelidae,Epinephelus,marginatus,NA,Biomass,NA,PPO,Medes Islands Marine Reserve,NA,g per m^2,1,1991,0.8,NA,NA,Yes,Epinephelus marginatus,
1395,PPO buffer zone - results from best fit logistic growth line,Transect count,Individual species,Epinephelidae,Epinephelus,marginatus,NA,Biomass,NA,PPO,Medes Islands Marine Reserve,NA,g per m^2,2,1993,0.79,NA,NA,Yes,Epinephelus marginatus,
1395,PPO buffer zone - results from best fit logistic growth line,Transect count,Individual species,Epinephelidae,Epinephelus,marginatus,NA,Biomass,NA,PPO,Medes Islands Marine Reserve,NA,g per m^2,3,1995,0.87,NA,NA,Yes,Epinephelus marginatus,
1395,PPO buffer zone - results from best fit logistic growth line,Transect count,Individual species,Epinephelidae,Epinephelus,marginatus,NA,Biomass,NA,PPO,Medes Islands Marine Reserve,NA,g per m^2,4,1997,0.9,NA,NA,Yes,Epinephelus marginatus,
1395,PPO buffer zone - results from best fit logistic growth line,Transect count,Individual species,Epinephelidae,Epinephelus,marginatus,NA,Biomass,NA,PPO,Medes Islands Marine Reserve,NA,g per m^2,5,1999,1,NA,NA,Yes,Epinephelus marginatus,
1395,PPO buffer zone - results from best fit logistic growth line,Transect count,Individual species,Epinephelidae,Epinephelus,marginatus,NA,Biomass,NA,PPO,Medes Islands Marine Reserve,NA,g per m^2,1,2001,1.25,NA,NA,Yes,Epinephelus marginatus,
1395,PPO buffer zone - results from best fit logistic growth line,Transect count,Individual species,Epinephelidae,Epinephelus,marginatus,NA,Biomass,NA,PPO,Medes Islands Marine Reserve,NA,g per m^2,2,2003,1.38,NA,NA,Yes,Epinephelus marginatus,
1395,PPO buffer zone - results from best fit logistic growth line,Transect count,Individual species,Epinephelidae,Epinephelus,marginatus,NA,Biomass,NA,PPO,Medes Islands Marine Reserve,NA,g per m^2,3,2005,1.54,NA,NA,Yes,Epinephelus marginatus,
1395,PPO buffer zone - results from best fit logistic growth line,Transect count,Individual species,Epinephelidae,Epinephelus,marginatus,NA,Biomass,NA,PPO,Medes Islands Marine Reserve,NA,g per m^2,4,2007,1.47,NA,NA,Yes,Epinephelus marginatus,
1395,PPO buffer zone - results from best fit logistic growth line,Transect count,Individual species,Epinephelidae,Epinephelus,marginatus,NA,Biomass,NA,PPO,Medes Islands Marine Reserve,NA,g per m^2,5,2009,1.88,NA,NA,Yes,Epinephelus marginatus,
1395,Open area - results from best fit logistic growth line,Transect count,Individual species,Epinephelidae,Epinephelus,marginatus,NA,Biomass,NA,PPO,Medes Islands Marine Reserve,These results are for the open area,g per m^2,1,1991,0.05,NA,NA,Yes,Epinephelus marginatus,
1395,Open area - results from best fit logistic growth line,Transect count,Individual species,Epinephelidae,Epinephelus,marginatus,NA,Biomass,NA,PPO,Medes Islands Marine Reserve,These results are for the open area,g per m^2,2,1993,0.03,NA,NA,Yes,Epinephelus marginatus,
1395,Open area - results from best fit logistic growth line,Transect count,Individual species,Epinephelidae,Epinephelus,marginatus,NA,Biomass,NA,PPO,Medes Islands Marine Reserve,These results are for the open area,g per m^2,3,1995,0.2,NA,NA,Yes,Epinephelus marginatus,
1395,Open area - results from best fit logistic growth line,Transect count,Individual species,Epinephelidae,Epinephelus,marginatus,NA,Biomass,NA,PPO,Medes Islands Marine Reserve,These results are for the open area,g per m^2,4,1997,0.3,NA,NA,Yes,Epinephelus marginatus,
1395,Open area - results from best fit logistic growth line,Transect count,Individual species,Epinephelidae,Epinephelus,marginatus,NA,Biomass,NA,PPO,Medes Islands Marine Reserve,These results are for the open area,g per m^2,5,1999,0.53,NA,NA,Yes,Epinephelus marginatus,
1395,Open area - results from best fit logistic growth line,Transect count,Individual species,Epinephelidae,Epinephelus,marginatus,NA,Biomass,NA,NTZ,Medes Islands Marine Reserve,These results are for the open area,g per m^2,1,2001,0.97,NA,NA,Yes,Epinephelus marginatus,
1395,Open area - results from best fit logistic growth line,Transect count,Individual species,Epinephelidae,Epinephelus,marginatus,NA,Biomass,NA,NTZ,Medes Islands Marine Reserve,These results are for the open area,g per m^2,2,2003,1.12,NA,NA,Yes,Epinephelus marginatus,
1395,Open area - results from best fit logistic growth line,Transect count,Individual species,Epinephelidae,Epinephelus,marginatus,NA,Biomass,NA,NTZ,Medes Islands Marine Reserve,These results are for the open area,g per m^2,3,2005,1.08,NA,NA,Yes,Epinephelus marginatus,
1395,Open area - results from best fit logistic growth line,Transect count,Individual species,Epinephelidae,Epinephelus,marginatus,NA,Biomass,NA,NTZ,Medes Islands Marine Reserve,These results are for the open area,g per m^2,4,2007,1.31,NA,NA,Yes,Epinephelus marginatus,
1395,Open area - results from best fit logistic growth line,Transect count,Individual species,Epinephelidae,Epinephelus,marginatus,NA,Biomass,NA,NTZ,Medes Islands Marine Reserve,These results are for the open area,g per m^2,5,2009,1.35,NA,NA,Yes,Epinephelus marginatus,
1395,NTZ - results from best fit logistic growth line,Transect count,Individual species,Sparidae,Sparus,aurata,NA,Biomass,NA,NTZ,Medes Islands Marine Reserve,PPO buffer zone then open,g per m^2,1,1991,2.53,NA,NA,No,Sparus aurata,
1395,NTZ - results from best fit logistic growth line,Transect count,Individual species,Sparidae,Sparus,aurata,NA,Biomass,NA,NTZ,Medes Islands Marine Reserve,PPO buffer zone then open,g per m^2,2,1993,2.15,NA,NA,No,Sparus aurata,
1395,NTZ - results from best fit logistic growth line,Transect count,Individual species,Sparidae,Sparus,aurata,NA,Biomass,NA,NTZ,Medes Islands Marine Reserve,PPO buffer zone then open,g per m^2,3,1995,1.9,NA,NA,No,Sparus aurata,
1395,NTZ - results from best fit logistic growth line,Transect count,Individual species,Sparidae,Sparus,aurata,NA,Biomass,NA,NTZ,Medes Islands Marine Reserve,PPO buffer zone then open,g per m^2,4,1997,1.73,NA,NA,No,Sparus aurata,
1395,NTZ - results from best fit logistic growth line,Transect count,Individual species,Sparidae,Sparus,aurata,NA,Biomass,NA,NTZ,Medes Islands Marine Reserve,PPO buffer zone then open,g per m^2,5,1999,1.6,NA,NA,No,Sparus aurata,
1395,NTZ - results from best fit logistic growth line,Transect count,Individual species,Sparidae,Sparus,aurata,NA,Biomass,NA,NTZ,Medes Islands Marine Reserve,PPO buffer zone then open,g per m^2,1,2001,1.5,NA,NA,No,Sparus aurata,
1395,NTZ - results from best fit logistic growth line,Transect count,Individual species,Sparidae,Sparus,aurata,NA,Biomass,NA,NTZ,Medes Islands Marine Reserve,PPO buffer zone then open,g per m^2,2,2003,1.42,NA,NA,No,Sparus aurata,
1395,NTZ - results from best fit logistic growth line,Transect count,Individual species,Sparidae,Sparus,aurata,NA,Biomass,NA,NTZ,Medes Islands Marine Reserve,PPO buffer zone then open,g per m^2,3,2005,1.36,NA,NA,No,Sparus aurata,
1395,NTZ - results from best fit logistic growth line,Transect count,Individual species,Sparidae,Sparus,aurata,NA,Biomass,NA,NTZ,Medes Islands Marine Reserve,PPO buffer zone then open,g per m^2,4,2007,1.31,NA,NA,No,Sparus aurata,
1395,NTZ - results from best fit logistic growth line,Transect count,Individual species,Sparidae,Sparus,aurata,NA,Biomass,NA,NTZ,Medes Islands Marine Reserve,PPO buffer zone then open,g per m^2,5,2009,1.28,NA,NA,No,Sparus aurata,
1395,PPO buffer zone - results from best fit logistic growth line,Transect count,Individual species,Sparidae,Sparus,aurata,NA,Biomass,NA,PPO,Medes Islands Marine Reserve,NA,g per m^2,1,1991,0.52,NA,NA,No,Sparus aurata,
1395,PPO buffer zone - results from best fit logistic growth line,Transect count,Individual species,Sparidae,Sparus,aurata,NA,Biomass,NA,PPO,Medes Islands Marine Reserve,NA,g per m^2,2,1993,0.49,NA,NA,No,Sparus aurata,
1395,PPO buffer zone - results from best fit logistic growth line,Transect count,Individual species,Sparidae,Sparus,aurata,NA,Biomass,NA,PPO,Medes Islands Marine Reserve,NA,g per m^2,3,1995,0.47,NA,NA,No,Sparus aurata,
1395,PPO buffer zone - results from best fit logistic growth line,Transect count,Individual species,Sparidae,Sparus,aurata,NA,Biomass,NA,PPO,Medes Islands Marine Reserve,NA,g per m^2,4,1997,0.46,NA,NA,No,Sparus aurata,
1395,PPO buffer zone - results from best fit logistic growth line,Transect count,Individual species,Sparidae,Sparus,aurata,NA,Biomass,NA,PPO,Medes Islands Marine Reserve,NA,g per m^2,5,1999,0.44,NA,NA,No,Sparus aurata,
1395,PPO buffer zone - results from best fit logistic growth line,Transect count,Individual species,Sparidae,Sparus,aurata,NA,Biomass,NA,PPO,Medes Islands Marine Reserve,NA,g per m^2,1,2001,0.42,NA,NA,No,Sparus aurata,
1395,PPO buffer zone - results from best fit logistic growth line,Transect count,Individual species,Sparidae,Sparus,aurata,NA,Biomass,NA,PPO,Medes Islands Marine Reserve,NA,g per m^2,2,2003,0.4,NA,NA,No,Sparus aurata,
1395,PPO buffer zone - results from best fit logistic growth line,Transect count,Individual species,Sparidae,Sparus,aurata,NA,Biomass,NA,PPO,Medes Islands Marine Reserve,NA,g per m^2,3,2005,0.38,NA,NA,No,Sparus aurata,
1395,PPO buffer zone - results from best fit logistic growth line,Transect count,Individual species,Sparidae,Sparus,aurata,NA,Biomass,NA,PPO,Medes Islands Marine Reserve,NA,g per m^2,4,2007,0.36,NA,NA,No,Sparus aurata,
1395,PPO buffer zone - results from best fit logistic growth line,Transect count,Individual species,Sparidae,Sparus,aurata,NA,Biomass,NA,PPO,Medes Islands Marine Reserve,NA,g per m^2,5,2009,0.34,NA,NA,No,Sparus aurata,
1395,Open area - results from best fit logistic growth line,Transect count,Individual species,Sparidae,Sparus,aurata,NA,Biomass,NA,NTZ,Medes Islands Marine Reserve,These results are for the open area,g per m^2,1,1991,0.39,NA,NA,No,Sparus aurata,
1395,Open area - results from best fit logistic growth line,Transect count,Individual species,Sparidae,Sparus,aurata,NA,Biomass,NA,NTZ,Medes Islands Marine Reserve,These results are for the open area,g per m^2,2,1993,0.38,NA,NA,No,Sparus aurata,
1395,Open area - results from best fit logistic growth line,Transect count,Individual species,Sparidae,Sparus,aurata,NA,Biomass,NA,NTZ,Medes Islands Marine Reserve,These results are for the open area,g per m^2,3,1995,0.37,NA,NA,No,Sparus aurata,
1395,Open area - results from best fit logistic growth line,Transect count,Individual species,Sparidae,Sparus,aurata,NA,Biomass,NA,NTZ,Medes Islands Marine Reserve,These results are for the open area,g per m^2,4,1997,0.35,MA,MA,No,Sparus aurata,
1395,Open area - results from best fit logistic growth line,Transect count,Individual species,Sparidae,Sparus,aurata,NA,Biomass,NA,NTZ,Medes Islands Marine Reserve,These results are for the open area,g per m^2,5,1999,0.34,NA,NA,No,Sparus aurata,
1395,Open area - results from best fit logistic growth line,Transect count,Individual species,Sparidae,Sparus,aurata,NA,Biomass,NA,NTZ,Medes Islands Marine Reserve,These results are for the open area,g per m^2,1,2001,0.33,NA,NA,No,Sparus aurata,
1395,Open area - results from best fit logistic growth line,Transect count,Individual species,Sparidae,Sparus,aurata,NA,Biomass,NA,NTZ,Medes Islands Marine Reserve,These results are for the open area,g per m^2,2,2003,0.31,NA,NA,No,Sparus aurata,
1395,Open area - results from best fit logistic growth line,Transect count,Individual species,Sparidae,Sparus,aurata,NA,Biomass,NA,NTZ,Medes Islands Marine Reserve,These results are for the open area,g per m^2,3,2005,0.3,NA,NA,No,Sparus aurata,
1395,Open area - results from best fit logistic growth line,Transect count,Individual species,Sparidae,Sparus,aurata,NA,Biomass,NA,NTZ,Medes Islands Marine Reserve,These results are for the open area,g per m^2,4,2007,0.29,NA,NA,No,Sparus aurata,
1395,Open area - results from best fit logistic growth line,Transect count,Individual species,Sparidae,Sparus,aurata,NA,Biomass,NA,NTZ,Medes Islands Marine Reserve,These results are for the open area,g per m^2,5,2009,0.28,NA,NA,No,Sparus aurata,
1395,NTZ - results from best fit logistic growth line,Transect count,Individual species,Sparidae,Dentex,dentex,NA,Biomass,NA,NTZ,Medes Islands Marine Reserve,PPO buffer zone then open area,g per m^2,1,1991,0.87,NA,NA,No,Dentex dentex,
1395,NTZ - results from best fit logistic growth line,Transect count,Individual species,Sparidae,Dentex,dentex,NA,Biomass,NA,NTZ,Medes Islands Marine Reserve,PPO buffer zone then open area,g per m^2,2,1993,1.09,NA,NA,No,Dentex dentex,
1395,NTZ - results from best fit logistic growth line,Transect count,Individual species,Sparidae,Dentex,dentex,NA,Biomass,NA,NTZ,Medes Islands Marine Reserve,PPO buffer zone then open area,g per m^2,3,1995,1.37,NA,NA,No,Dentex dentex,
1395,NTZ - results from best fit logistic growth line,Transect count,Individual species,Sparidae,Dentex,dentex,NA,Biomass,NA,NTZ,Medes Islands Marine Reserve,PPO buffer zone then open area,g per m^2,4,1997,1.74,NA,NA,No,Dentex dentex,
1395,NTZ - results from best fit logistic growth line,Transect count,Individual species,Sparidae,Dentex,dentex,NA,Biomass,NA,NTZ,Medes Islands Marine Reserve,PPO buffer zone then open area,g per m^2,5,1999,2.19,NA,NA,No,Dentex dentex,
1395,NTZ - results from best fit logistic growth line,Transect count,Individual species,Sparidae,Dentex,dentex,NA,Biomass,NA,NTZ,Medes Islands Marine Reserve,PPO buffer zone then open,g per m^2,1,2001,2.73,NA,NA,No,Dentex dentex,
1395,NTZ - results from best fit logistic growth line,Transect count,Individual species,Sparidae,Dentex,dentex,NA,Biomass,NA,NTZ,Medes Islands Marine Reserve,PPO buffer zone then open,g per m^2,2,2003,3.43,NA,NA,No,Dentex dentex,
1395,NTZ - results from best fit logistic growth line,Transect count,Individual species,Sparidae,Dentex,dentex,NA,Biomass,NA,NTZ,Medes Islands Marine Reserve,PPO buffer zone then open,g per m^2,3,2005,4.33,NA,NA,No,Dentex dentex,
1395,NTZ - results from best fit logistic growth line,Transect count,Individual species,Sparidae,Dentex,dentex,NA,Biomass,NA,NTZ,Medes Islands Marine Reserve,PPO buffer zone then open,g per m^2,4,2007,5.46,NA,NA,No,Dentex dentex,
1395,NTZ - results from best fit logistic growth line,Transect count,Individual species,Sparidae,Dentex,dentex,NA,Biomass,NA,NTZ,Medes Islands Marine Reserve,PPO buffer zone then open,g per m^2,5,2009,6.83,NA,NA,No,Dentex dentex,
1395,PPO buffer zone - results from best fit logistic growth line,Transect count,Individual species,Sparidae,Dentex,dentex,NA,Biomass,NA,PPO,Medes Islands Marine Reserve,NA,g per m^2,1,1991,0,NA,NA,No,Dentex dentex,
1395,PPO buffer zone - results from best fit logistic growth line,Transect count,Individual species,Sparidae,Dentex,dentex,NA,Biomass,NA,PPO,Medes Islands Marine Reserve,NA,g per m^2,2,1993,0,NA,NA,No,Dentex dentex,
1395,PPO buffer zone - results from best fit logistic growth line,Transect count,Individual species,Sparidae,Dentex,dentex,NA,Biomass,NA,PPO,Medes Islands Marine Reserve,NA,g per m^2,3,1995,0,NA,NA,No,Dentex dentex,
1395,PPO buffer zone - results from best fit logistic growth line,Transect count,Individual species,Sparidae,Dentex,dentex,NA,Biomass,NA,PPO,Medes Islands Marine Reserve,NA,g per m^2,4,1997,0,NA,NA,No,Dentex dentex,
1395,PPO buffer zone - results from best fit logistic growth line,Transect count,Individual species,Sparidae,Dentex,dentex,NA,Biomass,NA,PPO,Medes Islands Marine Reserve,NA,g per m^2,5,1999,0,NA,NA,No,Dentex dentex,
1395,PPO buffer zone - results from best fit logistic growth line,Transect count,Individual species,Sparidae,Dentex,dentex,NA,Biomass,NA,PPO,Medes Islands Marine Reserve,NA,g per m^2,1,2001,0,NA,NA,No,Dentex dentex,
1395,PPO buffer zone - results from best fit logistic growth line,Transect count,Individual species,Sparidae,Dentex,dentex,NA,Biomass,NA,PPO,Medes Islands Marine Reserve,NA,g per m^2,2,2003,0,NA,NA,No,Dentex dentex,
1395,PPO buffer zone - results from best fit logistic growth line,Transect count,Individual species,Sparidae,Dentex,dentex,NA,Biomass,NA,PPO,Medes Islands Marine Reserve,NA,g per m^2,3,2005,0.17,NA,NA,No,Dentex dentex,
1395,PPO buffer zone - results from best fit logistic growth line,Transect count,Individual species,Sparidae,Dentex,dentex,NA,Biomass,NA,PPO,Medes Islands Marine Reserve,NA,g per m^2,4,2007,0.53,NA,NA,No,Dentex dentex,
1395,PPO buffer zone - results from best fit logistic growth line,Transect count,Individual species,Sparidae,Dentex,dentex,NA,Biomass,NA,PPO,Medes Islands Marine Reserve,NA,g per m^2,5,2009,0.195,NA,NA,No,Dentex dentex,
1395,Open area - results from best fit logistic growth line,Transect count,Individual species,Sparidae,Sparus,auratus,NA,Biomass,NA,NTZ,Medes Islands Marine Reserve,These results are for the open area,g per m^2,1,1991,0,NA,NA,No,Sparus auratus,
1395,Open area - results from best fit logistic growth line,Transect count,Individual species,Sparidae,Sparus,auratus,NA,Biomass,NA,NTZ,Medes Islands Marine Reserve,These results are for the open area,g per m^2,2,1993,0,NA,NA,No,Sparus auratus,
1395,Open area - results from best fit logistic growth line,Transect count,Individual species,Sparidae,Sparus,auratus,NA,Biomass,NA,NTZ,Medes Islands Marine Reserve,These results are for the open area,g per m^2,3,1995,0,NA,NA,No,Sparus auratus,
1395,Open area - results from best fit logistic growth line,Transect count,Individual species,Sparidae,Sparus,auratus,NA,Biomass,NA,NTZ,Medes Islands Marine Reserve,These results are for the open area,g per m^2,4,1997,0,NA,NA,No,Sparus auratus,
1395,Open area - results from best fit logistic growth line,Transect count,Individual species,Sparidae,Sparus,auratus,NA,Biomass,NA,NTZ,Medes Islands Marine Reserve,These results are for the open area,g per m^2,5,1999,0.2,NA,NA,No,Sparus auratus,
1395,Open area - results from best fit logistic growth line,Transect count,Individual species,Sparidae,dentex,dentex,NA,Biomass,NA,NTZ,Medes Islands Marine Reserve,These results are for the open area,g per m^2,1,2001,0.51,NA,NA,No,dentex dentex,
1395,Open area - results from best fit logistic growth line,Transect count,Individual species,Sparidae,dentex,dentex,NA,Biomass,NA,NTZ,Medes Islands Marine Reserve,These results are for the open area,g per m^2,2,2003,0.55,NA,NA,No,dentex dentex,
1395,Open area - results from best fit logistic growth line,Transect count,Individual species,Sparidae,dentex,dentex,NA,Biomass,NA,NTZ,Medes Islands Marine Reserve,These results are for the open area,g per m^2,3,2005,0.55,NA,NA,No,dentex dentex,
1395,Open area - results from best fit logistic growth line,Transect count,Individual species,Sparidae,dentex,dentex,NA,Biomass,NA,NTZ,Medes Islands Marine Reserve,These results are for the open area,g per m^2,4,2007,0.55,NA,NA,No,dentex dentex,
1395,Open area - results from best fit logistic growth line,Transect count,Individual species,Sparidae,dentex,dentex,NA,Biomass,NA,NTZ,Medes Islands Marine Reserve,These results are for the open area,g per m^2,5,2009,0.55,NA,NA,No,dentex dentex,
1395,NTZ. - results from best fit logistic growth line,Transect count,Individual species,Moronidae,Dicentrarchus,labrax,NA,Biomass,NA,NTZ,Medes Islands Marine Reserve,PPO buffer area then open,g per m^2,1,19910.65,NA,NA,NA,No,Dicentrarchus labrax,
1395,NTZ. - results from best fit logistic growth line,Transect count,Individual species,Moronidae,Dicentrarchus,labrax,NA,Biomass,NA,NTZ,Medes Islands Marine Reserve,PPO buffer area then open,g per m^2,2,1993,1.14,NA,NA,No,Dicentrarchus labrax,
1395,NTZ. - results from best fit logistic growth line,Transect count,Individual species,Moronidae,Dicentrarchus,labrax,NA,Biomass,NA,NTZ,Medes Islands Marine Reserve,PPO buffer area then open,g per m^2,3,1995,1.75,NA,NA,No,Dicentrarchus labrax,
1395,NTZ. - results from best fit logistic growth line,Transect count,Individual species,Moronidae,Dicentrarchus,labrax,NA,Biomass,NA,NTZ,Medes Islands Marine Reserve,PPO buffer area then open,g per m^2,4,1997,2.35,NA,NA,No,Dicentrarchus labrax,
1395,NTZ. - results from best fit logistic growth line,Transect count,Individual species,Moronidae,Dicentrarchus,labrax,NA,Biomass,NA,NTZ,Medes Islands Marine Reserve,PPO buffer area then open,g per m^2,5,1999,2.81,NA,NA,No,Dicentrarchus labrax,
1395,NTZ - results from best fit logistic growth line,Transect count,Individual species,Moronidae,Dicentrarchus,labrax,NA,Biomass,NA,NTZ,Medes Islands Marine Reserve,PPO buffer zone then open,g per m^2,1,2001,3.1,NA,NA,No,Dicentrarchus labrax,
1395,NTZ - results from best fit logistic growth line,Transect count,Individual species,Moronidae,Dicentrarchus,labrax,NA,Biomass,NA,NTZ,Medes Islands Marine Reserve,PPO buffer zone then open,g per m^2,2,2003,3.25,NA,NA,No,Dicentrarchus labrax,
1395,NTZ - results from best fit logistic growth line,Transect count,Individual species,Moronidae,Dicentrarchus,labrax,NA,Biomass,NA,NTZ,Medes Islands Marine Reserve,PPO buffer zone then open,g per m^2,3,2005,3.33,NA,NA,No,Dicentrarchus labrax,
1395,NTZ - results from best fit logistic growth line,Transect count,Individual species,Moronidae,Dicentrarchus,labrax,NA,Biomass,NA,NTZ,Medes Islands Marine Reserve,PPO buffer zone then open,g per m^2,4,2007,3..37,NA,NA,No,Dicentrarchus labrax,
1395,NTZ - results from best fit logistic growth line,Transect count,Individual species,Moronidae,Dicentrarchus,labrax,NA,Biomass,NA,NTZ,Medes Islands Marine Reserve,PPO buffer zone then open,g per m^2,5,2009,3.37,NA,NA,No,Dicentrarchus labrax,
1395,PPO buffer zone - results from best fit logistic growth line,Transect count,Individual species,Moronidae,Dicentrarchus,labrax,NA,Biomass,NA,PPO,Medes Islands Marine Reserve,Yes,g per m2,1,1991,0,NA,NA,No,Dicentrarchus labrax,
1395,PPO buffer zone - results from best fit logistic growth line,Transect count,Individual species,Moronidae,Dicentrarchus,labrax,NA,Biomass,NA,PPO,Medes Islands Marine Reserve,Yes,g per m2,2,1993,0,NA,NA,No,Dicentrarchus labrax,
1395,PPO buffer zone - results from best fit logistic growth line,Transect count,Individual species,Moronidae,Dicentrarchus,labrax,NA,Biomass,NA,PPO,Medes Islands Marine Reserve,Yes,g per m2,3,1995,0,NA,NA,No,Dicentrarchus labrax,
1395,PPO buffer zone - results from best fit logistic growth line,Transect count,Individual species,Moronidae,Dicentrarchus,labrax,NA,Biomass,NA,PPO,Medes Islands Marine Reserve,Yes,g per m2,4,1997,0.05,NA,NA,No,Dicentrarchus labrax,
1395,PPO buffer zone - results from best fit logistic growth line,Transect count,Individual species,Moronidae,Dicentrarchus,labrax,NA,Biomass,NA,PPO,Medes Islands Marine Reserve,Yes,g per m2,5,1999,0.08,NA,NA,No,Dicentrarchus labrax,
1395,PPO buffer zone - results from best fit logistic growth line,Transect count,Individual species,Moronidae,Dicentrarchus,labrax,NA,Biomass,NA,PPO,Medes Islands Marine Reserve,NA,g per m^2,1,2001,0.14,NA,NA,No,Dicentrarchus labrax,
1395,PPO buffer zone - results from best fit logistic growth line,Transect count,Individual species,Moronidae,Dicentrarchus,labrax,NA,Biomass,NA,PPO,Medes Islands Marine Reserve,NA,g per m^2,2,2003,0.18,NA,NA,No,Dicentrarchus labrax,
1395,PPO buffer zone - results from best fit logistic growth line,Transect count,Individual species,Moronidae,Dicentrarchus,labrax,NA,Biomass,NA,PPO,Medes Islands Marine Reserve,NA,g per m^2,3,2005,0.2,NA,NA,No,Dicentrarchus labrax,
1395,PPO buffer zone - results from best fit logistic growth line,Transect count,Individual species,Moronidae,Dicentrarchus,labrax,NA,Biomass,NA,PPO,Medes Islands Marine Reserve,NA,g per m^2,4,2007,0.21,NA,NA,No,Dicentrarchus labrax,
1395,PPO buffer zone - results from best fit logistic growth line,Transect count,Individual species,Moronidae,Dicentrarchus,labrax,NA,Biomass,NA,PPO,Medes Islands Marine Reserve,NA,g per m^2,5,2009,0.21,NA,NA,No,Dicentrarchus labrax,
1395,Open area - results from best fit logistic growth line,Transect count,Individual species,Moronidae,Dicentrarchus,labrax,NA,Biomass,NA,NTZ,Medes Islands Marine Reserve,These results are for the open area,g per m^2,1,1991,0,NA,NA,No,Dicentrarchus labrax,
1395,Open area - results from best fit logistic growth line,Transect count,Individual species,Moronidae,Dicentrarchus,labrax,NA,Biomass,NA,NTZ,Medes Islands Marine Reserve,These results are for the open area,g per m^2,2,1993,0,NA,NA,No,Dicentrarchus labrax,
1395,Open area - results from best fit logistic growth line,Transect count,Individual species,Moronidae,Dicentrarchus,labrax,NA,Biomass,NA,NTZ,Medes Islands Marine Reserve,These results are for the open area,g per m^2,3,1995,0,NA,NA,No,Dicentrarchus labrax,
1395,Open area - results from best fit logistic growth line,Transect count,Individual species,Moronidae,Dicentrarchus,labrax,NA,Biomass,NA,NTZ,Medes Islands Marine Reserve,These results are for the open area,g per m^2,4,1997,0,NA,NA,No,Dicentrarchus labrax,
1395,Open area - results from best fit logistic growth line,Transect count,Individual species,Moronidae,Dicentrarchus,labrax,NA,Biomass,NA,NTZ,Medes Islands Marine Reserve,These results are for the open area,g per m^2,5,1999,0,NA,NA,No,Dicentrarchus labrax,
1395,Open area - results from best fit logistic growth line,Transect count,Individual species,Moronidae,Dicentrarchus,labrax,NA,Biomass,NA,NTZ,Medes Islands Marine Reserve,Yes,g per m^2,1,2001,0,NA,NA,No,Dicentrarchus labrax,
1395,Open area - results from best fit logistic growth line,Transect count,Individual species,Moronidae,Dicentrarchus,labrax,NA,Biomass,NA,NTZ,Medes Islands Marine Reserve,Yes,g per m^2,2,2003,0,NA,NA,No,Dicentrarchus labrax,
1395,Open area - results from best fit logistic growth line,Transect count,Individual species,Moronidae,Dicentrarchus,labrax,NA,Biomass,NA,NTZ,Medes Islands Marine Reserve,Yes,g per m^2,3,2005,0,NA,NA,No,Dicentrarchus labrax,
1395,Open area - results from best fit logistic growth line,Transect count,Individual species,Moronidae,Dicentrarchus,labrax,NA,Biomass,NA,NTZ,Medes Islands Marine Reserve,Yes,g per m^2,4,2007,0.02,NA,NA,No,Dicentrarchus labrax,
1395,Open area - results from best fit logistic growth line,Transect count,Individual species,Moronidae,Dicentrarchus,labrax,NA,Biomass,NA,NTZ,Medes Islands Marine Reserve,Yes,g per m^2,5,2009,0.04,NA,NA,No,Dicentrarchus labrax,
1395,NTZ - results from best fit logistic growth line,Transect count,Individual species,Sparidae,Diplodus,cervinus,NA,Biomass,NA,NTZ,Medes Islands Marine Reserve,PPO buffer area then open,g per m^2,1,1991,0.45,NA,NA,No,Diplodus cervinus,
1395,NTZ - results from best fit logistic growth line,Transect count,Individual species,Sparidae,Diplodus,cervinus,NA,Biomass,NA,NTZ,Medes Islands Marine Reserve,PPO buffer area then open,g per m^2,2,1993,2.26,NA,NA,No,Diplodus cervinus,
1395,NTZ - results from best fit logistic growth line,Transect count,Individual species,Sparidae,Diplodus,cervinus,NA,Biomass,NA,NTZ,Medes Islands Marine Reserve,PPO buffer area then open,g per m^2,3,1995,2.82,NA,NA,No,Diplodus cervinus,
1395,NTZ - results from best fit logistic growth line,Transect count,Individual species,Sparidae,Diplodus,cervinus,NA,Biomass,NA,NTZ,Medes Islands Marine Reserve,PPO buffer area then open,g per m^2,4,1997,3,NA,NA,No,Diplodus cervinus,
1395,NTZ - results from best fit logistic growth line,Transect count,Individual species,Sparidae,Diplodus,cervinus,NA,Biomass,NA,NTZ,Medes Islands Marine Reserve,PPO buffer area then open,g per m^2,5,1999,3.05,NA,NA,No,Diplodus cervinus,
1395,NTZ - results from best fit logistic growth line,Transect count,Individual species,Sparidae,Diplodus,cervinus,NA,Biomass,NA,NTZ,Medes Islands Marine Reserve,PPO buffer area then open,g per m^2,1,2001,3.07,NA,NA,No,Diplodus cervinus,
1395,NTZ - results from best fit logistic growth line,Transect count,Individual species,Sparidae,Diplodus,cervinus,NA,Biomass,NA,NTZ,Medes Islands Marine Reserve,PPO buffer area then open,g per m^2,2,2003,3.07,NA,NA,No,Diplodus cervinus,
1395,NTZ - results from best fit logistic growth line,Transect count,Individual species,Sparidae,Diplodus,cervinus,NA,Biomass,NA,NTZ,Medes Islands Marine Reserve,PPO buffer area then open,g per m^2,3,2005,3.07,NA,NA,No,Diplodus cervinus,
1395,NTZ - results from best fit logistic growth line,Transect count,Individual species,Sparidae,Diplodus,cervinus,NA,Biomass,NA,NTZ,Medes Islands Marine Reserve,PPO buffer area then open,g per m^2,4,2007,3.06,NA,NA,No,Diplodus cervinus,
1395,NTZ - results from best fit logistic growth line,Transect count,Individual species,Sparidae,Diplodus,cervinus,NA,Biomass,NA,NTZ,Medes Islands Marine Reserve,PPO buffer area then open,g per m^2,5,2009,3.06,NA,NA,No,Diplodus cervinus,
1395,PPO buffer zone - results from best fit logistic growth line,Transect count,Individual species,Sparidae,Diplodus,cervinus,NA,Biomass,NA,NTZ,Medes Islands Marine Reserve,NA,g per m^2,1,1991,0.57,NA,NA,No,Diplodus cervinus,
1395,PPO buffer zone - results from best fit logistic growth line,Transect count,Individual species,Sparidae,Diplodus,cervinus,NA,Biomass,NA,NTZ,Medes Islands Marine Reserve,NA,g per m^2,2,1993,0.59,NA,NA,No,Diplodus cervinus,
1395,PPO buffer zone - results from best fit logistic growth line,Transect count,Individual species,Sparidae,Diplodus,cervinus,NA,Biomass,NA,NTZ,Medes Islands Marine Reserve,NA,g per m^2,3,1995,0.6,NA,NA,No,Diplodus cervinus,
1395,PPO buffer zone - results from best fit logistic growth line,Transect count,Individual species,Sparidae,Diplodus,cervinus,NA,Biomass,NA,NTZ,Medes Islands Marine Reserve,NA,g per m^2,4,1997,0.63,NA,NA,No,Diplodus cervinus,
1395,PPO buffer zone - results from best fit logistic growth line,Transect count,Individual species,Sparidae,Diplodus,cervinus,NA,Biomass,NA,NTZ,Medes Islands Marine Reserve,NA,g per m^2,5,1999,0.65,NA,NA,No,Diplodus cervinus,
1395,PPO buffer area - results from best fit logistic growth line,Transect count,Individual species,Sparidae,Diplodus,cervinus,NA,Biomass,NA,PPO,Medes Islands Marine Reserve,NA,g per m^2,1,2001,0.68,NA,NA,No,Diplodus cervinus,
1395,PPO buffer area - results from best fit logistic growth line,Transect count,Individual species,Sparidae,Diplodus,cervinus,NA,Biomass,NA,PPO,Medes Islands Marine Reserve,NA,g per m^2,2,2003,0.7,NA,NA,No,Diplodus cervinus,
1395,PPO buffer area - results from best fit logistic growth line,Transect count,Individual species,Sparidae,Diplodus,cervinus,NA,Biomass,NA,PPO,Medes Islands Marine Reserve,NA,g per m^2,3,2005,0.73,NA,NA,No,Diplodus cervinus,
1395,PPO buffer area - results from best fit logistic growth line,Transect count,Individual species,Sparidae,Diplodus,cervinus,NA,Biomass,NA,PPO,Medes Islands Marine Reserve,NA,g per m^2,4,2007,0.75,NA,NA,No,Diplodus cervinus,
1395,PPO buffer area - results from best fit logistic growth line,Transect count,Individual species,Sparidae,Diplodus,cervinus,NA,Biomass,NA,PPO,Medes Islands Marine Reserve,NA,g per m^2,5,2009,0.78,NA,NA,No,Diplodus cervinus,
1395,Open area - results from best fit logistic growth line,Transect count,Individual species,Sparidae,Diplodus,cervinus,NA,Biomass,NA,NTZ,Medes Islands Marine Reserve,These results are for the open area,g per m^2,1,1991,1.24,NA,NA,No,Diplodus cervinus,
1395,Open area - results from best fit logistic growth line,Transect count,Individual species,Sparidae,Diplodus,cervinus,NA,Biomass,NA,NTZ,Medes Islands Marine Reserve,These results are for the open area,g per m^2,2,1993,1.72,NA,NA,No,Diplodus cervinus,
1395,Open area - results from best fit logistic growth line,Transect count,Individual species,Sparidae,Diplodus,cervinus,NA,Biomass,NA,NTZ,Medes Islands Marine Reserve,These results are for the open area,g per m^2,3,1995,1.11,NA,NA,No,Diplodus cervinus,
1395,Open area - results from best fit logistic growth line,Transect count,Individual species,Sparidae,Diplodus,cervinus,NA,Biomass,NA,NTZ,Medes Islands Marine Reserve,These results are for the open area,g per m^2,4,1997,1.06,NA,NA,No,Diplodus cervinus,
1395,Open area - results from best fit logistic growth line,Transect count,Individual species,Sparidae,Diplodus,cervinus,NA,Biomass,NA,NTZ,Medes Islands Marine Reserve,These results are for the open area,g per m^2,5,1999,1.02,NA,NA,No,Diplodus cervinus,
1395,Open area - results from best fit logistic growth line,Transect count,Individual species,Sparidae,Diplodus,cervinus,NA,Biomass,NA,NTZ,Medes Islands Marine Reserve,These results are for the open area,g per m^2,1,2001,0.94,NA,NA,No,Diplodus cervinus,
1395,Open area - results from best fit logistic growth line,Transect count,Individual species,Sparidae,Diplodus,cervinus,NA,Biomass,NA,NTZ,Medes Islands Marine Reserve,These results are for the open area,g per m^2,2,2003,0.89,NA,NA,No,Diplodus cervinus,
1395,Open area - results from best fit logistic growth line,Transect count,Individual species,Sparidae,Diplodus,cervinus,NA,Biomass,NA,NTZ,Medes Islands Marine Reserve,These results are for the open area,g per m^2,3,2005,0.83,NA,NA,No,Diplodus cervinus,
1395,Open area - results from best fit logistic growth line,Transect count,Individual species,Sparidae,Diplodus,cervinus,NA,Biomass,NA,NTZ,Medes Islands Marine Reserve,These results are for the open area,g per m^2,4,2007,0.77,NA,NA,No,Diplodus cervinus,
1395,Open area - results from best fit logistic growth line,Transect count,Individual species,Sparidae,Diplodus,cervinus,NA,Biomass,NA,NTZ,Medes Islands Marine Reserve,These results are for the open area,g per m^2,5,2009,0.72,NA,NA,No,Diplodus cervinus,
1395,NTZ - results from best fit logistic growth line,Transect count,Individual species,Sciaenidae,Sciaena,umbra,NA,Biomass,NA,NTZ,Medes Islands Marine Reserve,PPO buffer area then open,g per m^2,1,1991,2.01,NA,NA,Yes,Sciaena umbra,
1395,NTZ - results from best fit logistic growth line,Transect count,Individual species,Sciaenidae,Sciaena,umbra,NA,Biomass,NA,NTZ,Medes Islands Marine Reserve,PPO buffer area then open,g per m^2,2,1993,2.38,NA,NA,Yes,Sciaena umbra,
1395,NTZ - results from best fit logistic growth line,Transect count,Individual species,Sciaenidae,Sciaena,umbra,NA,Biomass,NA,NTZ,Medes Islands Marine Reserve,PPO buffer area then open,g per m^2,3,1995,2.77,NA,NA,Yes,Sciaena umbra,
1395,NTZ - results from best fit logistic growth line,Transect count,Individual species,Sciaenidae,Sciaena,umbra,NA,Biomass,NA,NTZ,Medes Islands Marine Reserve,PPO buffer area then open,g per m^2,4,1997,3.13,NA,NA,Yes,Sciaena umbra,
1395,NTZ - results from best fit logistic growth line,Transect count,Individual species,Sciaenidae,Sciaena,umbra,NA,Biomass,NA,NTZ,Medes Islands Marine Reserve,PPO buffer area then open,g per m^2,5,1999,3.48,NA,NA,Yes,Sciaena umbra,
1395,NTZ - results from best fit logistic growth line,Transect count,Individual species,Sciaenidae,Sciaena,umbra,NA,Biomass,NA,NTZ,Medes Islands Marine Reserve,PPO buffer area then open,g per m^2,1,2001,3.8,NA,NA,Yes,Sciaena umbra,
1395,NTZ - results from best fit logistic growth line,Transect count,Individual species,Sciaenidae,Sciaena,umbra,NA,Biomass,NA,NTZ,Medes Islands Marine Reserve,PPO buffer area then open,g per m^2,2,2003,4.07,NA,NA,Yes,Sciaena umbra,
1395,NTZ - results from best fit logistic growth line,Transect count,Individual species,Sciaenidae,Sciaena,umbra,NA,Biomass,NA,NTZ,Medes Islands Marine Reserve,PPO buffer area then open,g per m^2,3,2005,4.3,NA,NA,Yes,Sciaena umbra,
1395,NTZ - results from best fit logistic growth line,Transect count,Individual species,Sciaenidae,Sciaena,umbra,NA,Biomass,NA,NTZ,Medes Islands Marine Reserve,PPO buffer area then open,g per m^2,4,2007,4.49,NA,NA,Yes,Sciaena umbra,
1395,NTZ - results from best fit logistic growth line,Transect count,Individual species,Sciaenidae,Sciaena,umbra,NA,Biomass,NA,NTZ,Medes Islands Marine Reserve,PPO buffer area then open,g per m^2,5,2009,4.64,NA,NA,Yes,Sciaena umbra,
1395,PPO buffer area - results from best fit logistic growth line,Transect count,Individual species,Sciaenidae,Sciaena,umbra,NA,Biomass,NA,PPO,Medes Islands Marine Reserve,NA,g per m^2,1,1991,0,NA,NA,Yes,Sciaena umbra,
1395,PPO buffer area - results from best fit logistic growth line,Transect count,Individual species,Sciaenidae,Sciaena,umbra,NA,Biomass,NA,PPO,Medes Islands Marine Reserve,NA,g per m^2,2,1993,0,NA,NA,Yes,Sciaena umbra,
1395,PPO buffer area - results from best fit logistic growth line,Transect count,Individual species,Sciaenidae,Sciaena,umbra,NA,Biomass,NA,PPO,Medes Islands Marine Reserve,NA,g per m^2,3,1995,0,NA,NA,Yes,Sciaena umbra,
1395,PPO buffer area - results from best fit logistic growth line,Transect count,Individual species,Sciaenidae,Sciaena,umbra,NA,Biomass,NA,PPO,Medes Islands Marine Reserve,NA,g per m^2,4,1997,0,NA,NA,Yes,Sciaena umbra,
1395,PPO buffer area - results from best fit logistic growth line,Transect count,Individual species,Sciaenidae,Sciaena,umbra,NA,Biomass,NA,PPO,Medes Islands Marine Reserve,NA,g per m^2,5,1999,0,NA,NA,Yes,Sciaena umbra,
1395,PPO buffer area - results from best fit logistic growth line,Transect count,Individual species,Sciaenidae,Sciaena,umbra,NA,Biomass,NA,NTZ,Medes Islands Marine Reserve,NA,g per m^2,1,2001,0,NA,NA,Yes,Sciaena umbra,
1395,PPO buffer area - results from best fit logistic growth line,Transect count,Individual species,Sciaenidae,Sciaena,umbra,NA,Biomass,NA,NTZ,Medes Islands Marine Reserve,NA,g per m^2,2,2003,0.1,NA,NA,Yes,Sciaena umbra,
1395,PPO buffer area - results from best fit logistic growth line,Transect count,Individual species,Sciaenidae,Sciaena,umbra,NA,Biomass,NA,NTZ,Medes Islands Marine Reserve,NA,g per m^2,3,2005,0.27,NA,NA,Yes,Sciaena umbra,
1395,PPO buffer area - results from best fit logistic growth line,Transect count,Individual species,Sciaenidae,Sciaena,umbra,NA,Biomass,NA,NTZ,Medes Islands Marine Reserve,NA,g per m^2,4,2007,0.64,NA,NA,Yes,Sciaena umbra,
1395,PPO buffer area - results from best fit logistic growth line,Transect count,Individual species,Sciaenidae,Sciaena,umbra,NA,Biomass,NA,NTZ,Medes Islands Marine Reserve,NA,g per m^2,5,2009,1.55,NA,NA,Yes,Sciaena umbra,
1395,Open area - results from best fit logistic growth line,Transect count,Individual species,Sciaenidae,Sciaena,umbra,NA,Biomass,NA,NTZ,Medes Islands Marine Reserve,These results are for the open area,g per m^2,1,1991,0,NA,NA,Yes,Sciaena umbra,
1395,Open area - results from best fit logistic growth line,Transect count,Individual species,Sciaenidae,Sciaena,umbra,NA,Biomass,NA,NTZ,Medes Islands Marine Reserve,These results are for the open area,g per m^2,2,1993,0,NA,NA,Yes,Sciaena umbra,
1395,Open area - results from best fit logistic growth line,Transect count,Individual species,Sciaenidae,Sciaena,umbra,NA,Biomass,NA,NTZ,Medes Islands Marine Reserve,These results are for the open area,g per m^2,3,a1995,0,NA,NA,Yes,Sciaena umbra,
1395,Open area - results from best fit logistic growth line,Transect count,Individual species,Sciaenidae,Sciaena,umbra,NA,Biomass,NA,NTZ,Medes Islands Marine Reserve,These results are for the open area,g per m^2,4,1997,0,NA,NA,Yes,Sciaena umbra,
1395,Open area - results from best fit logistic growth line,Transect count,Individual species,Sciaenidae,Sciaena,umbra,NA,Biomass,NA,NTZ,Medes Islands Marine Reserve,These results are for the open area,g per m^2,5,1999,0,NA,NA,Yes,Sciaena umbra,
1395,Open area - results from best fit logistic growth line,Transect count,Individual species,Sciaenidae,Sciaena,umbra,NA,Biomass,NA,NTZ,Medes Islands Marine Reserve,These results are for the open area,g per m^2,1,2001,0,NA,NA,Yes,Sciaena umbra,
1395,Open area - results from best fit logistic growth line,Transect count,Individual species,Sciaenidae,Sciaena,umbra,NA,Biomass,NA,NTZ,Medes Islands Marine Reserve,These results are for the open area,g per m^2,2,2003,0,NA,NA,Yes,Sciaena umbra,
1395,Open area - results from best fit logistic growth line,Transect count,Individual species,Sciaenidae,Sciaena,umbra,NA,Biomass,NA,NTZ,Medes Islands Marine Reserve,These results are for the open area,g per m^2,3,2005,0,NA,NA,Yes,Sciaena umbra,
1395,Open area - results from best fit logistic growth line,Transect count,Individual species,Sciaenidae,Sciaena,umbra,NA,Biomass,NA,NTZ,Medes Islands Marine Reserve,These results are for the open area,g per m^2,4,2007,0,NA,NA,Yes,Sciaena umbra,
1395,Open area - results from best fit logistic growth line,Transect count,Individual species,Sciaenidae,Sciaena,umbra,NA,Biomass,NA,NTZ,Medes Islands Marine Reserve,These results are for the open area,g per m^2,5,2009,0,NA,NA,Yes,Sciaena umbra,
1035,biomass of important fish inside MPA (Fig. 2),Catch,Target species as a group,NA,NA,NA,"five commercially important reef-fish families (Acanthuridae, Scaridae, Serranidae, Haemulidae, Lutjanidae)",Biomass,Standard error,NTZ,Soufriere Marine Management Area,Yes,kg/count,1,1995,1.96,2.11,1.8,Yes,NA,
1035,biomass of important fish inside MPA (Fig. 2),Catch,Target species as a group,NA,NA,NA,"five commercially important reef-fish families (Acanthuridae, Scaridae, Serranidae, Haemulidae, Lutjanidae)",Biomass,Standard error,NTZ,Soufriere Marine Management Area,Yes,kg/count,2,1996,3.9,4.22,3.55,Yes,NA,
1035,biomass of important fish inside MPA (Fig. 2),Catch,Target species as a group,NA,NA,NA,"five commercially important reef-fish families (Acanthuridae, Scaridae, Serranidae, Haemulidae, Lutjanidae)",Biomass,Standard error,NTZ,Soufriere Marine Management Area,Yes,kg/count,3,1997,5.33,5.69,4.96,Yes,NA,
1035,biomass of important fish inside MPA (Fig. 2),Catch,Target species as a group,NA,NA,NA,"five commercially important reef-fish families (Acanthuridae, Scaridae, Serranidae, Haemulidae, Lutjanidae)",Biomass,Standard error,NTZ,Soufriere Marine Management Area,Yes,kg/count,4,1998,5.7,6.11,5.28,Yes,NA,
1035,biomass of important fish inside MPA (Fig. 2),Catch,Target species as a group,NA,NA,NA,"five commercially important reef-fish families (Acanthuridae, Scaridae, Serranidae, Haemulidae, Lutjanidae)",Biomass,Standard error,NTZ,Soufriere Marine Management Area,Yes,kg/count,5,2000,5.05,5.52,5.78,Yes,NA,
1035,"biomass of important fish, fished area (Fig. 2)",Catch,Target species as a group,NA,NA,NA,"five commercially important reef-fish families (Acanthuridae, Scaridae, Serranidae, Haemulidae, Lutjanidae)",Biomass,Standard error,NTZ, Soufriere Marine Management Area,Yes,kg/count,1,1995,2.26,2.6,1.79,Yes,NA,
1035,"biomass of important fish, fished area (Fig. 2)",Catch,Target species as a group,NA,NA,NA,"five commercially important reef-fish families (Acanthuridae, Scaridae, Serranidae, Haemulidae, Lutjanidae)",Biomass,Standard error,NTZ, Soufriere Marine Management Area,Yes,kg/count,2,1996,2.65,2.91,2.37,Yes,NA,
1035,"biomass of important fish, fished area (Fig. 2)",Catch,Target species as a group,NA,NA,NA,"five commercially important reef-fish families (Acanthuridae, Scaridae, Serranidae, Haemulidae, Lutjanidae)",Biomass,Standard error,NTZ, Soufriere Marine Management Area,Yes,kg/count,3,1997,3.87,4.38,3.37,Yes,NA,
1035,"biomass of important fish, fished area (Fig. 2)",Catch,Target species as a group,NA,NA,NA,"five commercially important reef-fish families (Acanthuridae, Scaridae, Serranidae, Haemulidae, Lutjanidae)",Biomass,Standard error,NTZ, Soufriere Marine Management Area,Yes,kg/count,4,1998,4.28,4.83,3.72,Yes,NA,
1035,"biomass of important fish, fished area (Fig. 2)",Catch,Target species as a group,NA,NA,NA,"five commercially important reef-fish families (Acanthuridae, Scaridae, Serranidae, Haemulidae, Lutjanidae)",Biomass,Standard error,NTZ, Soufriere Marine Management Area,Yes,kg/count,5,2000,3.68,4.09,3.28,Yes,NA,
1033,"annual total catch (Mg) inside GBR, 1995-1999, Fig. 2 a",Catch,Functional group,NA,NA,NA,"major functional/taxonomic groups (finfish, crustaceans, molluscs, sharks/rays)",Catch (numbers or weight),statistical significance (P-values) from beyond-BACI and BACIP t-tests,NTZ,Great Barrier Reef Marine Protected Area,Yes,Mg,1,1995,12323.077,NA,NA,No,NA,
1033,"annual total catch (Mg) inside GBR, 1995-1999, Fig. 2 a",Catch,Functional group,NA,NA,NA,"major functional/taxonomic groups (finfish, crustaceans, molluscs, sharks/rays)",Catch (numbers or weight),statistical significance (P-values) from beyond-BACI and BACIP t-tests,NTZ,Great Barrier Reef Marine Protected Area,Yes,Mg,2,1996,12692.31,NA,NA,No,NA,
1033,"annual total catch (Mg) inside GBR, 1995-1999, Fig. 2 a",Catch,Functional group,NA,NA,NA,"major functional/taxonomic groups (finfish, crustaceans, molluscs, sharks/rays)",Catch (numbers or weight),statistical significance (P-values) from beyond-BACI and BACIP t-tests,NTZ,Great Barrier Reef Marine Protected Area,Yes,Mg,3,1997,12692.31,NA,NA,No,NA,
1033,"annual total catch (Mg) inside GBR, 1995-1999, Fig. 2 a",Catch,Functional group,NA,NA,NA,"major functional/taxonomic groups (finfish, crustaceans, molluscs, sharks/rays)",Catch (numbers or weight),statistical significance (P-values) from beyond-BACI and BACIP t-tests,NTZ,Great Barrier Reef Marine Protected Area,Yes,Mg,4,1998,13523.08,NA,NA,No,NA,
1033,"annual total catch (Mg) inside GBR, 1995-1999, Fig. 2 a",Catch,Functional group,NA,NA,NA,"major functional/taxonomic groups (finfish, crustaceans, molluscs, sharks/rays)",Catch (numbers or weight),statistical significance (P-values) from beyond-BACI and BACIP t-tests,NTZ,Great Barrier Reef Marine Protected Area,Yes,Mg,5,1999,12830.77,NA,NA,No,NA,
1033,"annual total catch (Mg) inside GBR, 2000-2004",Catch,Functional group,NA,NA,NA,"major functional/taxonomic groups (finfish, crustaceans, molluscs, sharks/rays)",Catch (numbers or weight),statistical significance (P-values) from beyond-BACI and BACIP t-tests,NTZ,Great Barrier Reef Marine Protected Area,Yes,Mg,1,2000,11446.15,NA,NA,No,NA,
1033,"annual total catch (Mg) inside GBR, 2000-2004",Catch,Functional group,NA,NA,NA,"major functional/taxonomic groups (finfish, crustaceans, molluscs, sharks/rays)",Catch (numbers or weight),statistical significance (P-values) from beyond-BACI and BACIP t-tests,NTZ,Great Barrier Reef Marine Protected Area,Yes,Mg,2,2001,12553.85,NA,NA,No,NA,
1033,"annual total catch (Mg) inside GBR, 2000-2004",Catch,Functional group,NA,NA,NA,"major functional/taxonomic groups (finfish, crustaceans, molluscs, sharks/rays)",Catch (numbers or weight),statistical significance (P-values) from beyond-BACI and BACIP t-tests,NTZ,Great Barrier Reef Marine Protected Area,Yes,Mg,3,2002,13338.46,NA,NA,No,NA,
1033,"annual total catch (Mg) inside GBR, 2000-2004",Catch,Functional group,NA,NA,NA,"major functional/taxonomic groups (finfish, crustaceans, molluscs, sharks/rays)",Catch (numbers or weight),statistical significance (P-values) from beyond-BACI and BACIP t-tests,NTZ,Great Barrier Reef Marine Protected Area,Yes,Mg,4,2003,13615.38,NA,NA,No,NA,
1033,"annual total catch (Mg) inside GBR, 2000-2004",Catch,Functional group,NA,NA,NA,"major functional/taxonomic groups (finfish, crustaceans, molluscs, sharks/rays)",Catch (numbers or weight),statistical significance (P-values) from beyond-BACI and BACIP t-tests,NTZ,Great Barrier Reef Marine Protected Area,Yes,Mg,5,2004,10753.85,NA,NA,No,NA,
1133,"annual total catch (Mg) inside GBR, 2005-2009",Catch,Functional group,NA,NA,NA,"major functional/taxonomic groups (finfish, crustaceans, molluscs, sharks/rays)",Catch (numbers or weight),statistical significance (P-values) from beyond-BACI and BACIP t-tests,NTZ,Great Barrier Reef Marine Protected Area,Yes,Mg,1,2005,8815.38,NA,NA,No,NA,
1133,"annual total catch (Mg) inside GBR, 2005-2009",Catch,Functional group,NA,NA,NA,"major functional/taxonomic groups (finfish, crustaceans, molluscs, sharks/rays)",Catch (numbers or weight),statistical significance (P-values) from beyond-BACI and BACIP t-tests,NTZ,Great Barrier Reef Marine Protected Area,Yes,Mg,2,2006,8076.92,NA,NA,No,NA,
1133,"annual total catch (Mg) inside GBR, 2005-2009",Catch,Functional group,NA,NA,NA,"major functional/taxonomic groups (finfish, crustaceans, molluscs, sharks/rays)",Catch (numbers or weight),statistical significance (P-values) from beyond-BACI and BACIP t-tests,NTZ,Great Barrier Reef Marine Protected Area,Yes,Mg,3,2007,7476.92,NA,NA,No,NA,
1133,"annual total catch (Mg) inside GBR, 2005-2009",Catch,Functional group,NA,NA,NA,"major functional/taxonomic groups (finfish, crustaceans, molluscs, sharks/rays)",Catch (numbers or weight),statistical significance (P-values) from beyond-BACI and BACIP t-tests,NTZ,Great Barrier Reef Marine Protected Area,Yes,Mg,4,2008,8169.23,NA,NA,No,NA,
1133,"annual total catch (Mg) inside GBR, 2005-2009",Catch,Functional group,NA,NA,NA,"major functional/taxonomic groups (finfish, crustaceans, molluscs, sharks/rays)",Catch (numbers or weight),statistical significance (P-values) from beyond-BACI and BACIP t-tests,NTZ,Great Barrier Reef Marine Protected Area,Yes,Mg,5,2009,8907.69,NA,NA,No,NA,
1033,"annual total catch (Mg) inside GBR, 2010-2013",Catch,Functional group,NA,NA,NA,"major functional/taxonomic groups (finfish, crustaceans, molluscs, sharks/rays)",Catch (numbers or weight),statistical significance (P-values) from beyond-BACI and BACIP t-tests,NTZ,Great Barrier Reef Marine Protected Area,Yes,Mg,1,2010,7615.38,NA,NA,No,NA,
1033,"annual total catch (Mg) inside GBR, 2010-2013",Catch,Functional group,NA,NA,NA,"major functional/taxonomic groups (finfish, crustaceans, molluscs, sharks/rays)",Catch (numbers or weight),statistical significance (P-values) from beyond-BACI and BACIP t-tests,NTZ,Great Barrier Reef Marine Protected Area,Yes,Mg,2,2011,6784.62,NA,NA,No,NA,
1033,"annual total catch (Mg) inside GBR, 2010-2013",Catch,Functional group,NA,NA,NA,"major functional/taxonomic groups (finfish, crustaceans, molluscs, sharks/rays)",Catch (numbers or weight),statistical significance (P-values) from beyond-BACI and BACIP t-tests,NTZ,Great Barrier Reef Marine Protected Area,Yes,Mg,3,2012,6600,NA,NA,No,NA,
1033,"annual total catch (Mg) inside GBR, 2010-2013",Catch,Functional group,NA,NA,NA,"major functional/taxonomic groups (finfish, crustaceans, molluscs, sharks/rays)",Catch (numbers or weight),statistical significance (P-values) from beyond-BACI and BACIP t-tests,NTZ,Great Barrier Reef Marine Protected Area,Yes,Mg,4,2013,7153.85,NA,NA,No,NA,
1033,"annual total catch (Mg) inside GBR, 2010-2013",Catch,Functional group,NA,NA,NA,"major functional/taxonomic groups (finfish, crustaceans, molluscs, sharks/rays)",Catch (numbers or weight),statistical significance (P-values) from beyond-BACI and BACIP t-tests,NTZ,Great Barrier Reef Marine Protected Area,Yes,Mg,5,NA,NA,NA,NA,NA,NA,
1033,"annual total catch (Mg) Non-GBR, 1995-1999",Catch,Functional group,NA,NA,NA,"major functional/taxonomic groups (finfish, crustaceans, molluscs, sharks/rays)",Catch (numbers or weight),statistical significance (P-values) from beyond-BACI and BACIP t-tests,NTZ,Great Barrier Reef Marine Protected Area,Yes,Mg,1,1995,10707.69,NA,NA,No,NA,
1033,"annual total catch (Mg) Non-GBR, 1995-1999",Catch,Functional group,NA,NA,NA,"major functional/taxonomic groups (finfish, crustaceans, molluscs, sharks/rays)",Catch (numbers or weight),statistical significance (P-values) from beyond-BACI and BACIP t-tests,NTZ,Great Barrier Reef Marine Protected Area,Yes,Mg,2,1996,11123.08,NA,NA,No,NA,
1033,"annual total catch (Mg) Non-GBR, 1995-1999",Catch,Functional group,NA,NA,NA,"major functional/taxonomic groups (finfish, crustaceans, molluscs, sharks/rays)",Catch (numbers or weight),statistical significance (P-values) from beyond-BACI and BACIP t-tests,NTZ,Great Barrier Reef Marine Protected Area,Yes,Mg,3,1997,10107.69,NA,NA,No,NA,
1033,"annual total catch (Mg) Non-GBR, 1995-1999",Catch,Functional group,NA,NA,NA,"major functional/taxonomic groups (finfish, crustaceans, molluscs, sharks/rays)",Catch (numbers or weight),statistical significance (P-values) from beyond-BACI and BACIP t-tests,NTZ,Great Barrier Reef Marine Protected Area,Yes,Mg,4,1998,11400,NA,NA,No,NA,
1033,"annual total catch (Mg) Non-GBR, 1995-1999",Catch,Functional group,NA,NA,NA,"major functional/taxonomic groups (finfish, crustaceans, molluscs, sharks/rays)",Catch (numbers or weight),statistical significance (P-values) from beyond-BACI and BACIP t-tests,NTZ,Great Barrier Reef Marine Protected Area,Yes,Mg,5,1999,11030.77,NA,NA,No,NA,
1033,"annual total catch (Mg) Non-GBR, 2000-2004",Catch,Functional group,NA,NA,NA,"major functional/taxonomic groups (finfish, crustaceans, molluscs, sharks/rays)",Catch (numbers or weight),statistical significance (P-values) from beyond-BACI and BACIP t-tests,NTZ,Great Barrier Reef Marine Protected Area,Yes,Mg,1,2000,9230.77,NA,NA,No,NA,
1033,"annual total catch (Mg) Non-GBR, 2000-2004",Catch,Functional group,NA,NA,NA,"major functional/taxonomic groups (finfish, crustaceans, molluscs, sharks/rays)",Catch (numbers or weight),statistical significance (P-values) from beyond-BACI and BACIP t-tests,NTZ,Great Barrier Reef Marine Protected Area,Yes,Mg,2,2001,10615.38,NA,NA,No,NA,
1033,"annual total catch (Mg) Non-GBR, 2000-2004",Catch,Functional group,NA,NA,NA,"major functional/taxonomic groups (finfish, crustaceans, molluscs, sharks/rays)",Catch (numbers or weight),statistical significance (P-values) from beyond-BACI and BACIP t-tests,NTZ,Great Barrier Reef Marine Protected Area,Yes,Mg,3,2002,8815.38,NA,NA,No,NA,
1033,"annual total catch (Mg) Non-GBR, 2000-2004",Catch,Functional group,NA,NA,NA,"major functional/taxonomic groups (finfish, crustaceans, molluscs, sharks/rays)",Catch (numbers or weight),statistical significance (P-values) from beyond-BACI and BACIP t-tests,NTZ,Great Barrier Reef Marine Protected Area,Yes,Mg,4,2003,9461.54,NA,NA,No,NA,
1033,"annual total catch (Mg) Non-GBR, 2000-2004",Catch,Functional group,NA,NA,NA,"major functional/taxonomic groups (finfish, crustaceans, molluscs, sharks/rays)",Catch (numbers or weight),statistical significance (P-values) from beyond-BACI and BACIP t-tests,NTZ,Great Barrier Reef Marine Protected Area,Yes,Mg,5,2004,11076.92,NA,NA,No,NA,
1033,"annual total catch (Mg) Non-GBR, 2005-2009",Catch,Functional group,NA,NA,NA,"major functional/taxonomic groups (finfish, crustaceans, molluscs, sharks/rays)",Catch (numbers or weight),statistical significance (P-values) from beyond-BACI and BACIP t-tests,NTZ,Great Barrier Reef Marine Protected Area,Yes,Mg,1,2005,9415.38,NA,NA,No,NA,
1033,"annual total catch (Mg) Non-GBR, 2005-2009",Catch,Functional group,NA,NA,NA,"major functional/taxonomic groups (finfish, crustaceans, molluscs, sharks/rays)",Catch (numbers or weight),statistical significance (P-values) from beyond-BACI and BACIP t-tests,NTZ,Great Barrier Reef Marine Protected Area,Yes,Mg,2,2006,10107.69,NA,NA,No,NA,
1033,"annual total catch (Mg) Non-GBR, 2005-2009",Catch,Functional group,NA,NA,NA,"major functional/taxonomic groups (finfish, crustaceans, molluscs, sharks/rays)",Catch (numbers or weight),statistical significance (P-values) from beyond-BACI and BACIP t-tests,NTZ,Great Barrier Reef Marine Protected Area,Yes,Mg,3,2007,9092.31,NA,NA,No,NA,
1033,"annual total catch (Mg) Non-GBR, 2005-2009",Catch,Functional group,NA,NA,NA,"major functional/taxonomic groups (finfish, crustaceans, molluscs, sharks/rays)",Catch (numbers or weight),statistical significance (P-values) from beyond-BACI and BACIP t-tests,NTZ,Great Barrier Reef Marine Protected Area,Yes,Mg,4,2008,9415.38,NA,NA,No,NA,
1033,"annual total catch (Mg) Non-GBR, 2005-2009",Catch,Functional group,NA,NA,NA,"major functional/taxonomic groups (finfish, crustaceans, molluscs, sharks/rays)",Catch (numbers or weight),statistical significance (P-values) from beyond-BACI and BACIP t-tests,NTZ,Great Barrier Reef Marine Protected Area,Yes,Mg,5,2009,10246.15,NA,NA,No,NA,
1033,"annual total catch (Mg) Non-GBR, 2010-2013",Catch,Functional group,NA,NA,NA,"major functional/taxonomic groups (finfish, crustaceans, molluscs, sharks/rays)",Catch (numbers or weight),statistical significance (P-values) from beyond-BACI and BACIP t-tests,NTZ,Great Barrier Reef Marine Protected Area,Yes,Mg,1,2010,9784.62,NA,NA,No,NA,
1033,"annual total catch (Mg) Non-GBR, 2010-2013",Catch,Functional group,NA,NA,NA,"major functional/taxonomic groups (finfish, crustaceans, molluscs, sharks/rays)",Catch (numbers or weight),statistical significance (P-values) from beyond-BACI and BACIP t-tests,NTZ,Great Barrier Reef Marine Protected Area,Yes,Mg,2,2011,9369.23,NA,NA,No,NA,
1033,"annual total catch (Mg) Non-GBR, 2010-2013",Catch,Functional group,NA,NA,NA,"major functional/taxonomic groups (finfish, crustaceans, molluscs, sharks/rays)",Catch (numbers or weight),statistical significance (P-values) from beyond-BACI and BACIP t-tests,NTZ,Great Barrier Reef Marine Protected Area,Yes,Mg,3,2012,9138.46,NA,NA,No,NA,
1033,"annual total catch (Mg) Non-GBR, 2010-2013",Catch,Functional group,NA,NA,NA,"major functional/taxonomic groups (finfish, crustaceans, molluscs, sharks/rays)",Catch (numbers or weight),statistical significance (P-values) from beyond-BACI and BACIP t-tests,NTZ,Great Barrier Reef Marine Protected Area,Yes,Mg,4,2013,9415.38,NA,NA,No,NA,
1033,"annual total catch (Mg) Non-GBR, 2010-2013",Catch,Functional group,NA,NA,NA,"major functional/taxonomic groups (finfish, crustaceans, molluscs, sharks/rays)",Catch (numbers or weight),statistical significance (P-values) from beyond-BACI and BACIP t-tests,NTZ,Great Barrier Reef Marine Protected Area,Yes,Mg,5,NA,NA,NA,NA,NA,NA,
1033,"CPUE, inside GBR, 1995-1999",Catch,Functional group,NA,NA,NA,"major functional/taxonomic groups (finfish, crustaceans, molluscs, sharks/rays)",Catch per unit effort (CPUE),statistical significance (P-values) from beyond-BACI and BACIP t-tests,NTZ,Great Barrier Reef Marine Protected Area,Yes,kg/boat-days,1,1995,127.34,NA,NA,No,NA,
1033,"CPUE, inside GBR, 1995-1999",Catch,Functional group,NA,NA,NA,"major functional/taxonomic groups (finfish, crustaceans, molluscs, sharks/rays)",Catch per unit effort (CPUE),statistical significance (P-values) from beyond-BACI and BACIP t-tests,NTZ,Great Barrier Reef Marine Protected Area,Yes,kg/boat-days,2,1996,119.16,NA,NA,No,NA,
1033,"CPUE, inside GBR, 1995-1999",Catch,Functional group,NA,NA,NA,"major functional/taxonomic groups (finfish, crustaceans, molluscs, sharks/rays)",Catch per unit effort (CPUE),statistical significance (P-values) from beyond-BACI and BACIP t-tests,NTZ,Great Barrier Reef Marine Protected Area,Yes,kg/boat-days,3,1997,108.64,NA,NA,No,NA,
1033,"CPUE, inside GBR, 1995-1999",Catch,Functional group,NA,NA,NA,"major functional/taxonomic groups (finfish, crustaceans, molluscs, sharks/rays)",Catch per unit effort (CPUE),statistical significance (P-values) from beyond-BACI and BACIP t-tests,NTZ,Great Barrier Reef Marine Protected Area,Yes,kg/boat-days,4,1998,125.58,NA,NA,No,NA,
1033,"CPUE, inside GBR, 1995-1999",Catch,Functional group,NA,NA,NA,"major functional/taxonomic groups (finfish, crustaceans, molluscs, sharks/rays)",Catch per unit effort (CPUE),statistical significance (P-values) from beyond-BACI and BACIP t-tests,NTZ,Great Barrier Reef Marine Protected Area,Yes,kg/boat-days,5,1999,123.83,NA,NA,No,NA,
1033,"CPUE, inside GBR, 2000-2004",Catch,Functional group,NA,NA,NA,"major functional/taxonomic groups (finfish, crustaceans, molluscs, sharks/rays)",Catch per unit effort (CPUE),statistical significance (P-values) from beyond-BACI and BACIP t-tests,NTZ,Great Barrier Reef Marine Protected Area,Yes,kg/boat-days,1,2000,117.99,NA,NA,No,NA,
1033,"CPUE, inside GBR, 2000-2004",Catch,Functional group,NA,NA,NA,"major functional/taxonomic groups (finfish, crustaceans, molluscs, sharks/rays)",Catch per unit effort (CPUE),statistical significance (P-values) from beyond-BACI and BACIP t-tests,NTZ,Great Barrier Reef Marine Protected Area,Yes,kg/boat-days,2,2001,135.51,NA,NA,No,NA,
1033,"CPUE, inside GBR, 2000-2004",Catch,Functional group,NA,NA,NA,"major functional/taxonomic groups (finfish, crustaceans, molluscs, sharks/rays)",Catch per unit effort (CPUE),statistical significance (P-values) from beyond-BACI and BACIP t-tests,NTZ,Great Barrier Reef Marine Protected Area,Yes,kg/boat-days,3,2002,136.1,NA,NA,No,NA,
1033,"CPUE, inside GBR, 2000-2004",Catch,Functional group,NA,NA,NA,"major functional/taxonomic groups (finfish, crustaceans, molluscs, sharks/rays)",Catch per unit effort (CPUE),statistical significance (P-values) from beyond-BACI and BACIP t-tests,NTZ,Great Barrier Reef Marine Protected Area,Yes,kg/boat-days,4,2003,145.44,NA,NA,No,NA,
1033,"CPUE, inside GBR, 2000-2004",Catch,Functional group,NA,NA,NA,"major functional/taxonomic groups (finfish, crustaceans, molluscs, sharks/rays)",Catch per unit effort (CPUE),statistical significance (P-values) from beyond-BACI and BACIP t-tests,NTZ,Great Barrier Reef Marine Protected Area,Yes,kg/boat-days,5,2004,147.2,NA,NA,No,NA,
1033,"CPUE, inside GBR, 2005-2009",Catch,Functional group,NA,NA,NA,"major functional/taxonomic groups (finfish, crustaceans, molluscs, sharks/rays)",Catch per unit effort (CPUE),statistical significance (P-values) from beyond-BACI and BACIP t-tests,NTZ,Great Barrier Reef Marine Protected Area,Yes,kg/boat-days,1,2005,151.87,NA,NA,No,NA,
1033,"CPUE, inside GBR, 2005-2009",Catch,Functional group,NA,NA,NA,"major functional/taxonomic groups (finfish, crustaceans, molluscs, sharks/rays)",Catch per unit effort (CPUE),statistical significance (P-values) from beyond-BACI and BACIP t-tests,NTZ,Great Barrier Reef Marine Protected Area,Yes,kg/boat-days,2,2006,164.14,NA,NA,No,NA,
1033,"CPUE, inside GBR, 2005-2009",Catch,Functional group,NA,NA,NA,"major functional/taxonomic groups (finfish, crustaceans, molluscs, sharks/rays)",Catch per unit effort (CPUE),statistical significance (P-values) from beyond-BACI and BACIP t-tests,NTZ,Great Barrier Reef Marine Protected Area,Yes,kg/boat-days,3,2007,160.05,NA,NA,No,NA,
1033,"CPUE, inside GBR, 2005-2009",Catch,Functional group,NA,NA,NA,"major functional/taxonomic groups (finfish, crustaceans, molluscs, sharks/rays)",Catch per unit effort (CPUE),statistical significance (P-values) from beyond-BACI and BACIP t-tests,NTZ,Great Barrier Reef Marine Protected Area,Yes,kg/boat-days,4,2008,175.82,NA,NA,No,NA,
1033,"CPUE, inside GBR, 2005-2009",Catch,Functional group,NA,NA,NA,"major functional/taxonomic groups (finfish, crustaceans, molluscs, sharks/rays)",Catch per unit effort (CPUE),statistical significance (P-values) from beyond-BACI and BACIP t-tests,NTZ,Great Barrier Reef Marine Protected Area,Yes,kg/boat-days,5,2009,182.83,NA,NA,No,NA,
1033,"CPUE, inside GBR, 2010-2013",Catch,Functional group,NA,NA,NA,"major functional/taxonomic groups (finfish, crustaceans, molluscs, sharks/rays)",Catch per unit effort (CPUE),statistical significance (P-values) from beyond-BACI and BACIP t-tests,NTZ,Great Barrier Reef Marine Protected Area,Yes,kg/boat-days,1,2010,166.47,NA,NA,No,NA,
1033,"CPUE, inside GBR, 2010-2013",Catch,Functional group,NA,NA,NA,"major functional/taxonomic groups (finfish, crustaceans, molluscs, sharks/rays)",Catch per unit effort (CPUE),statistical significance (P-values) from beyond-BACI and BACIP t-tests,NTZ,Great Barrier Reef Marine Protected Area,Yes,kg/boat-days,2,2011,168.22,NA,NA,No,NA,
1033,"CPUE, inside GBR, 2010-2013",Catch,Functional group,NA,NA,NA,"major functional/taxonomic groups (finfish, crustaceans, molluscs, sharks/rays)",Catch per unit effort (CPUE),statistical significance (P-values) from beyond-BACI and BACIP t-tests,NTZ,Great Barrier Reef Marine Protected Area,Yes,kg/boat-days,3,2012,167.1,NA,NA,No,NA,
1033,"CPUE, inside GBR, 2010-2013",Catch,Functional group,NA,NA,NA,"major functional/taxonomic groups (finfish, crustaceans, molluscs, sharks/rays)",Catch per unit effort (CPUE),statistical significance (P-values) from beyond-BACI and BACIP t-tests,NTZ,Great Barrier Reef Marine Protected Area,Yes,kg/boat-days,4,2013,190.42,NA,NA,No,NA,
1033,"CPUE, inside GBR, 2010-2013",Catch,Functional group,NA,NA,NA,"major functional/taxonomic groups (finfish, crustaceans, molluscs, sharks/rays)",Catch per unit effort (CPUE),statistical significance (P-values) from beyond-BACI and BACIP t-tests,NTZ,Great Barrier Reef Marine Protected Area,Yes,kg/boat-days,5,NA,NA,NA,NA,NA,NA,
1033,"CPUE, Non-GBR, 1995-1999",Catch,Functional group,NA,NA,NA,"major functional/taxonomic groups (finfish, crustaceans, molluscs, sharks/rays)",Catch per unit effort (CPUE),statistical significance (P-values) from beyond-BACI and BACIP t-tests,NTZ,Great Barrier Reef Marine Protected Area,Yes,kg/boat-days,1,1995,155.74,NA,NA,No,NA,
1033,"CPUE, Non-GBR, 1995-1999",Catch,Functional group,NA,NA,NA,"major functional/taxonomic groups (finfish, crustaceans, molluscs, sharks/rays)",Catch per unit effort (CPUE),statistical significance (P-values) from beyond-BACI and BACIP t-tests,NTZ,Great Barrier Reef Marine Protected Area,Yes,kg/boat-days,2,1996,151.64,NA,NA,No,NA,
1033,"CPUE, Non-GBR, 1995-1999",Catch,Functional group,NA,NA,NA,"major functional/taxonomic groups (finfish, crustaceans, molluscs, sharks/rays)",Catch per unit effort (CPUE),statistical significance (P-values) from beyond-BACI and BACIP t-tests,NTZ,Great Barrier Reef Marine Protected Area,Yes,kg/boat-days,3,1997,129.98,NA,NA,No,NA,
1033,"CPUE, Non-GBR, 1995-1999",Catch,Functional group,NA,NA,NA,"major functional/taxonomic groups (finfish, crustaceans, molluscs, sharks/rays)",Catch per unit effort (CPUE),statistical significance (P-values) from beyond-BACI and BACIP t-tests,NTZ,Great Barrier Reef Marine Protected Area,Yes,kg/boat-days,4,1998,139.34,NA,NA,No,NA,
1033,"CPUE, Non-GBR, 1995-1999",Catch,Functional group,NA,NA,NA,"major functional/taxonomic groups (finfish, crustaceans, molluscs, sharks/rays)",Catch per unit effort (CPUE),statistical significance (P-values) from beyond-BACI and BACIP t-tests,NTZ,Great Barrier Reef Marine Protected Area,Yes,kg/boat-days,5,1999,141.69,NA,NA,No,NA,
1033,"CPUE, Non-GBR, 2000-2004",Catch,Functional group,NA,NA,NA,"major functional/taxonomic groups (finfish, crustaceans, molluscs, sharks/rays)",Catch per unit effort (CPUE),statistical significance (P-values) from beyond-BACI and BACIP t-tests,NTZ,Great Barrier Reef Marine Protected Area,Yes,kg/boat-days,1,2000,125.29,NA,NA,No,NA,
1033,"CPUE, Non-GBR, 2000-2004",Catch,Functional group,NA,NA,NA,"major functional/taxonomic groups (finfish, crustaceans, molluscs, sharks/rays)",Catch per unit effort (CPUE),statistical significance (P-values) from beyond-BACI and BACIP t-tests,NTZ,Great Barrier Reef Marine Protected Area,Yes,kg/boat-days,2,2001,155.15,NA,NA,No,NA,
1033,"CPUE, Non-GBR, 2000-2004",Catch,Functional group,NA,NA,NA,"major functional/taxonomic groups (finfish, crustaceans, molluscs, sharks/rays)",Catch per unit effort (CPUE),statistical significance (P-values) from beyond-BACI and BACIP t-tests,NTZ,Great Barrier Reef Marine Protected Area,Yes,kg/boat-days,3,2002,135.25,NA,NA,No,NA,
1033,"CPUE, Non-GBR, 2000-2004",Catch,Functional group,NA,NA,NA,"major functional/taxonomic groups (finfish, crustaceans, molluscs, sharks/rays)",Catch per unit effort (CPUE),statistical significance (P-values) from beyond-BACI and BACIP t-tests,NTZ,Great Barrier Reef Marine Protected Area,Yes,kg/boat-days,4,2003,136.42,NA,NA,No,NA,
1033,"CPUE, Non-GBR, 2000-2004",Catch,Functional group,NA,NA,NA,"major functional/taxonomic groups (finfish, crustaceans, molluscs, sharks/rays)",Catch per unit effort (CPUE),statistical significance (P-values) from beyond-BACI and BACIP t-tests,NTZ,Great Barrier Reef Marine Protected Area,Yes,kg/boat-days,5,2004,152.81,NA,NA,No,NA,
1033,"CPUE, Non-GBR, 2005-2009",Catch,Functional group,NA,NA,NA,"major functional/taxonomic groups (finfish, crustaceans, molluscs, sharks/rays)",Catch per unit effort (CPUE),statistical significance (P-values) from beyond-BACI and BACIP t-tests,NTZ,Great Barrier Reef Marine Protected Area,Yes,kg/boat-days,1,2005,148.13,NA,NA,No,NA,
1033,"CPUE, Non-GBR, 2005-2009",Catch,Functional group,NA,NA,NA,"major functional/taxonomic groups (finfish, crustaceans, molluscs, sharks/rays)",Catch per unit effort (CPUE),statistical significance (P-values) from beyond-BACI and BACIP t-tests,NTZ,Great Barrier Reef Marine Protected Area,Yes,kg/boat-days,2,2006,163.35,NA,NA,No,NA,
1033,"CPUE, Non-GBR, 2005-2009",Catch,Functional group,NA,NA,NA,"major functional/taxonomic groups (finfish, crustaceans, molluscs, sharks/rays)",Catch per unit effort (CPUE),statistical significance (P-values) from beyond-BACI and BACIP t-tests,NTZ,Great Barrier Reef Marine Protected Area,Yes,kg/boat-days,3,2007,158.67,NA,NA,No,NA,
1033,"CPUE, Non-GBR, 2005-2009",Catch,Functional group,NA,NA,NA,"major functional/taxonomic groups (finfish, crustaceans, molluscs, sharks/rays)",Catch per unit effort (CPUE),statistical significance (P-values) from beyond-BACI and BACIP t-tests,NTZ,Great Barrier Reef Marine Protected Area,Yes,kg/boat-days,4,2008,173.3,NA,NA,No,NA,
1033,"CPUE, Non-GBR, 2005-2009",Catch,Functional group,NA,NA,NA,"major functional/taxonomic groups (finfish, crustaceans, molluscs, sharks/rays)",Catch per unit effort (CPUE),statistical significance (P-values) from beyond-BACI and BACIP t-tests,NTZ,Great Barrier Reef Marine Protected Area,Yes,kg/boat-days,5,2009,197.31,NA,NA,No,NA,
1033,"CPUE, Non-GBR, 2010-2013",Catch,Functional group,NA,NA,NA,"major functional/taxonomic groups (finfish, crustaceans, molluscs, sharks/rays)",Catch per unit effort (CPUE),statistical significance (P-values) from beyond-BACI and BACIP t-tests,NTZ,Great Barrier Reef Marine Protected Area,Yes,kg/boat-days,1,2010,194.38,NA,NA,No,NA,
1033,"CPUE, Non-GBR, 2010-2013",Catch,Functional group,NA,NA,NA,"major functional/taxonomic groups (finfish, crustaceans, molluscs, sharks/rays)",Catch per unit effort (CPUE),statistical significance (P-values) from beyond-BACI and BACIP t-tests,NTZ,Great Barrier Reef Marine Protected Area,Yes,kg/boat-days,2,2011,193.21,NA,NA,No,NA,
1033,"CPUE, Non-GBR, 2010-2013",Catch,Functional group,NA,NA,NA,"major functional/taxonomic groups (finfish, crustaceans, molluscs, sharks/rays)",Catch per unit effort (CPUE),statistical significance (P-values) from beyond-BACI and BACIP t-tests,NTZ,Great Barrier Reef Marine Protected Area,Yes,kg/boat-days,3,2012,197.31,NA,NA,No,NA,
1033,"CPUE, Non-GBR, 2010-2013",Catch,Functional group,NA,NA,NA,"major functional/taxonomic groups (finfish, crustaceans, molluscs, sharks/rays)",Catch per unit effort (CPUE),statistical significance (P-values) from beyond-BACI and BACIP t-tests,NTZ,Great Barrier Reef Marine Protected Area,Yes,kg/boat-days,4,2013,218.97,NA,NA,No,NA,
1033,"CPUE, Non-GBR, 2010-2013",Catch,Functional group,NA,NA,NA,"major functional/taxonomic groups (finfish, crustaceans, molluscs, sharks/rays)",Catch per unit effort (CPUE),statistical significance (P-values) from beyond-BACI and BACIP t-tests,NTZ,Great Barrier Reef Marine Protected Area,Yes,kg/boat-days,5,NA,NA,NA,NA,NA,NA,
61,"South-west - CPUE standardised using GAM, results read from line",Catch,Individual species,Sparidae,Chrysoblephus,laticeps,NA,Catch per unit effort (CPUE),95% confidence intervals,PPG,Goukamma Marine Protected Area,Yes,kg per boat day,1,1985,3.39,0.54,0.4,Yes,Chrysoblephus laticeps,
61,"South-west - CPUE standardised using GAM, results read from line",Catch,Individual species,Sparidae,Chrysoblephus,laticeps,NA,Catch per unit effort (CPUE),95% confidence intervals,PPG,Goukamma Marine Protected Area,Yes,kg per boat day,2,1986,4.18,0.63,0.35,Yes,Chrysoblephus laticeps,
61,"South-west - CPUE standardised using GAM, results read from line",Catch,Individual species,Sparidae,Chrysoblephus,laticeps,NA,Catch per unit effort (CPUE),95% confidence intervals,PPG,Goukamma Marine Protected Area,Yes,kg per boat day,3,1987,3.85,0.57,0.41,Yes,Chrysoblephus laticeps,
61,"South-west - CPUE standardised using GAM, results read from line",Catch,Individual species,Sparidae,Chrysoblephus,laticeps,NA,Catch per unit effort (CPUE),95% confidence intervals,PPG,Goukamma Marine Protected Area,Yes,kg per boat day,4,1988,3.97,0.21,0.52,Yes,Chrysoblephus laticeps,
61,"South-west - CPUE standardised using GAM, results read from line",Catch,Individual species,Sparidae,Chrysoblephus,laticeps,NA,Catch per unit effort (CPUE),95% confidence intervals,PPG,Goukamma Marine Protected Area,Yes,kg per boat day,5,1989,4.01,0.35,0.48,Yes,Chrysoblephus laticeps,
61,"South-west - CPUE standardised using GAM, results read from line",Catch,Individual species,Sparidae,Chrysoblephus,laticeps,NA,Catch per unit effort (CPUE),95% confidence intervals,PPG,Goukamma Marine Protected Area,Yes,Kg per boat per day,1,1990,4.13,0.48,0.45,Yes,Chrysoblephus laticeps,
61,"South-west - CPUE standardised using GAM, results read from line",Catch,Individual species,Sparidae,Chrysoblephus,laticeps,NA,Catch per unit effort (CPUE),95% confidence intervals,PPG,Goukamma Marine Protected Area,Yes,Kg per boat per day,2,1991,4.3,0.46,0.44,Yes,Chrysoblephus laticeps,
61,"South-west - CPUE standardised using GAM, results read from line",Catch,Individual species,Sparidae,Chrysoblephus,laticeps,NA,Catch per unit effort (CPUE),95% confidence intervals,PPG,Goukamma Marine Protected Area,Yes,Kg per boat per day,3,1992,4.74,0.29,0.44,Yes,Chrysoblephus laticeps,
61,"South-west - CPUE standardised using GAM, results read from line",Catch,Individual species,Sparidae,Chrysoblephus,laticeps,NA,Catch per unit effort (CPUE),95% confidence intervals,PPG,Goukamma Marine Protected Area,Yes,Kg per boat per day,4,1993,4.13,0.34,0.42,Yes,Chrysoblephus laticeps,
61,"South-west - CPUE standardised using GAM, results read from line",Catch,Individual species,Sparidae,Chrysoblephus,laticeps,NA,Catch per unit effort (CPUE),95% confidence intervals,PPG,Goukamma Marine Protected Area,Yes,Kg per boat per day,5,1994,3.77,0.37,0.31,Yes,Chrysoblephus laticeps,
61,"South-west - CPUE standardised using GAM, results read from line",Catch,Individual species,Sparidae,Chrysoblephus,laticeps,NA,Catch per unit effort (CPUE),95% confidence intervals,PPG,Goukamma Marine Protected Area,Yes,Kg per boat per day,1,2000,8.83,0.5,0.29,Yes,Chrysoblephus laticeps,
61,"South-west - CPUE standardised using GAM, results read from line",Catch,Individual species,Sparidae,Chrysoblephus,laticeps,NA,Catch per unit effort (CPUE),95% confidence intervals,PPG,Goukamma Marine Protected Area,Yes,Kg per boat per day,2,NA,NA,NA,NA,Yes,Chrysoblephus laticeps,
61,"South-west - CPUE standardised using GAM, results read from line",Catch,Individual species,Sparidae,Chrysoblephus,laticeps,NA,Catch per unit effort (CPUE),95% confidence intervals,PPG,Goukamma Marine Protected Area,Yes,Kg per boat per day,3,NA,NA,NA,NA,Yes,Chrysoblephus laticeps,
61,"South-west - CPUE standardised using GAM, results read from line",Catch,Individual species,Sparidae,Chrysoblephus,laticeps,NA,Catch per unit effort (CPUE),95% confidence intervals,PPG,Goukamma Marine Protected Area,Yes,Kg per boat per day,4,NA,NA,NA,NA,Yes,Chrysoblephus laticeps,
61,"South-west - CPUE standardised using GAM, results read from line",Catch,Individual species,Sparidae,Chrysoblephus,laticeps,NA,Catch per unit effort (CPUE),95% confidence intervals,PPG,Goukamma Marine Protected Area,Yes,Kg per boat per day,5,NA,NA,NA,NA,Yes,Chrysoblephus laticeps,
61,"South - CPUE standardised using GAM, results read from line",Catch,Individual species,Sparidae,Chrysoblephus,laticeps,NA,Catch per unit effort (CPUE),95% confidence intervals,PPG,Goukamma. Marine Protected. Area,Yes,Kg per boat per day,1,1985,3.18,1.27,0.7,Yes,Chrysoblephus laticeps,
61,"South - CPUE standardised using GAM, results read from line",Catch,Individual species,Sparidae,Chrysoblephus,laticeps,NA,Catch per unit effort (CPUE),95% confidence intervals,PPG,Goukamma. Marine Protected. Area,Yes,Kg per boat per day,2,1986,3.28,0.49,0.7,Yes,Chrysoblephus laticeps,
61,"South - CPUE standardised using GAM, results read from line",Catch,Individual species,Sparidae,Chrysoblephus,laticeps,NA,Catch per unit effort (CPUE),95% confidence intervals,PPG,Goukamma. Marine Protected. Area,Yes,Kg per boat per day,3,1987,3.88,0.88,0.64,Yes,Chrysoblephus laticeps,
61,"South - CPUE standardised using GAM, results read from line",Catch,Individual species,Sparidae,Chrysoblephus,laticeps,NA,Catch per unit effort (CPUE),95% confidence intervals,PPG,Goukamma. Marine Protected. Area,Yes,Kg per boat per day,4,1988,3.93,0.79,0.54,Yes,Chrysoblephus laticeps,
61,"South - CPUE standardised using GAM, results read from line",Catch,Individual species,Sparidae,Chrysoblephus,laticeps,NA,Catch per unit effort (CPUE),95% confidence intervals,PPG,Goukamma. Marine Protected. Area,Yes,Kg per boat per day,5,1989,3.55,0.55,0.61,Yes,Chrysoblephus laticeps,
61,"South - CPUE standardised using GAM, results read from line",Catch,Individual species,Sparidae,Chrysoblephus,laticeps,NA,Catch per unit effort (CPUE),95% confidence intervals,PPG,Goukamma Marine Protected Area,Yes,Kg per boat per day,1,1990,4.11,0.72,0.76,Yes,Chrysoblephus laticeps,
61,"South - CPUE standardised using GAM, results read from line",Catch,Individual species,Sparidae,Chrysoblephus,laticeps,NA,Catch per unit effort (CPUE),95% confidence intervals,PPG,Goukamma Marine Protected Area,Yes,Kg per boat per day,2,1991,3.8,0.84,0.58,Yes,Chrysoblephus laticeps,
61,"South - CPUE standardised using GAM, results read from line",Catch,Individual species,Sparidae,Chrysoblephus,laticeps,NA,Catch per unit effort (CPUE),95% confidence intervals,PPG,Goukamma Marine Protected Area,Yes,Kg per boat per day,3,1992,3.62,0.7,0.56,Yes,Chrysoblephus laticeps,
61,"South - CPUE standardised using GAM, results read from line",Catch,Individual species,Sparidae,Chrysoblephus,laticeps,NA,Catch per unit effort (CPUE),95% confidence intervals,PPG,Goukamma Marine Protected Area,Yes,Kg per boat per day,4,1993,3.63,0.49,0.45,Yes,Chrysoblephus laticeps,
61,"South - CPUE standardised using GAM, results read from line",Catch,Individual species,Sparidae,Chrysoblephus,laticeps,NA,Catch per unit effort (CPUE),95% confidence intervals,PPG,Goukamma Marine Protected Area,Yes,Kg per boat per day,5,1994,3.06,0.4,0.47,Yes,Chrysoblephus laticeps,
61,"South - CPUE standardised using GAM, results read from line",Catch,Individual species,Sparidae,Chrysoblephus,laticeps,NA,Catch per unit effort (CPUE),95% confidence intervals,PPG,Goukamma Marine Protected Area,Yes,Kg per boat per day,1,1995,3.33,0.66,0.44,Yes,Chrysoblephus laticeps,
61,"South - CPUE standardised using GAM, results read from line",Catch,Individual species,Sparidae,Chrysoblephus,laticeps,NA,Catch per unit effort (CPUE),95% confidence intervals,PPG,Goukamma Marine Protected Area,Yes,Kg per boat per day,2,1996,3.66,0.78,0.65,Yes,Chrysoblephus laticeps,
61,"South - CPUE standardised using GAM, results read from line",Catch,Individual species,Sparidae,Chrysoblephus,laticeps,NA,Catch per unit effort (CPUE),95% confidence intervals,PPG,Goukamma Marine Protected Area,Yes,Kg per boat per day,3,1997,3.28,0.74,0.53,Yes,Chrysoblephus laticeps,
61,"South - CPUE standardised using GAM, results read from line",Catch,Individual species,Sparidae,Chrysoblephus,laticeps,NA,Catch per unit effort (CPUE),95% confidence intervals,PPG,Goukamma Marine Protected Area,Yes,Kg per boat per day,4,1998,3.95,0.69,0.83,Yes,Chrysoblephus laticeps,
61,"South - CPUE standardised using GAM, results read from line",Catch,Individual species,Sparidae,Chrysoblephus,laticeps,NA,Catch per unit effort (CPUE),95% confidence intervals,PPG,Goukamma Marine Protected Area,Yes,Kg per boat per day,5,1999,2.49,0.95,0.63,Yes,Chrysoblephus laticeps,
61,"South - CPUE standardised using GAM, results read from line",Catch,Individual species,Sparidae,Chrysoblephus,laticeps,NA,Catch per unit effort (CPUE),95% confidence intervals,PPG,Goukamma Marine Protected Area,Yes,Kg per boat per day,1,2000,2.96,0.54,0.71,Yes,Chrysoblephus laticeps,
61,"South - CPUE standardised using GAM, results read from line",Catch,Individual species,Sparidae,Chrysoblephus,laticeps,NA,Catch per unit effort (CPUE),95% confidence intervals,PPG,Goukamma Marine Protected Area,Yes,Kg per boat per day,2,NA,NA,NA,NA,Yes,Chrysoblephus laticeps,
61,"South - CPUE standardised using GAM, results read from line",Catch,Individual species,Sparidae,Chrysoblephus,laticeps,NA,Catch per unit effort (CPUE),95% confidence intervals,PPG,Goukamma Marine Protected Area,Yes,Kg per boat per day,3,NA,NA,NA,NA,Yes,Chrysoblephus laticeps,
61,"South - CPUE standardised using GAM, results read from line",Catch,Individual species,Sparidae,Chrysoblephus,laticeps,NA,Catch per unit effort (CPUE),95% confidence intervals,PPG,Goukamma Marine Protected Area,Yes,Kg per boat per day,4,NA,NA,NA,NA,Yes,Chrysoblephus laticeps,
61,"South - CPUE standardised using GAM, results read from line",Catch,Individual species,Sparidae,Chrysoblephus,laticeps,NA,Catch per unit effort (CPUE),95% confidence intervals,PPG,Goukamma Marine Protected Area,Yes,Kg per boat per day,5,NA,NA,NA,NA,Yes,Chrysoblephus laticeps,
61,"Goukamma (cells <30 km from MPA boundary) - CPUE standardised using GAM, results read from line",Catch,Individual species,Sparidae,Chrysoblephus,laticeps,NA,Catch per unit effort (CPUE),95% confidence intervals,PPG,Goukamma Marine Protected Area,Yes,Kg per boat per day,1,1985,2.98,1.08,0.46,Yes,Chrysoblephus laticeps,
61,"Goukamma (cells <30 km from MPA boundary) - CPUE standardised using GAM, results read from line",Catch,Individual species,Sparidae,Chrysoblephus,laticeps,NA,Catch per unit effort (CPUE),95% confidence intervals,PPG,Goukamma Marine Protected Area,Yes,Kg per boat per day,2,1986,5.25,1.15,1.11,Yes,Chrysoblephus laticeps,
61,"Goukamma (cells <30 km from MPA boundary) - CPUE standardised using GAM, results read from line",Catch,Individual species,Sparidae,Chrysoblephus,laticeps,NA,Catch per unit effort (CPUE),95% confidence intervals,PPG,Goukamma Marine Protected Area,Yes,Kg per boat per day,3,1987,3.94,1.33,0.81,Yes,Chrysoblephus laticeps,
61,"Goukamma (cells <30 km from MPA boundary) - CPUE standardised using GAM, results read from line",Catch,Individual species,Sparidae,Chrysoblephus,laticeps,NA,Catch per unit effort (CPUE),95% confidence intervals,PPG,Goukamma Marine Protected Area,Yes,Kg per boat per day,4,1988,3.87,1,0.69,Yes,Chrysoblephus laticeps,
61,"Goukamma (cells <30 km from MPA boundary) - CPUE standardised using GAM, results read from line",Catch,Individual species,Sparidae,Chrysoblephus,laticeps,NA,Catch per unit effort (CPUE),95% confidence intervals,PPG,Goukamma Marine Protected Area,Yes,Kg per boat per day,5,1989,3.98,1.3,1.01,Yes,Chrysoblephus laticeps,
61,"Goukamma (cells <30 km from MPA boundary) - CPUE standardised using GAM, results read from line",Catch,Individual species,Sparidae,Chrysoblephus,laticeps,NA,Catch per unit effort (CPUE),95% confidence intervals,PPG,Goukamma Marine Protected Area,Yes,Kg per boat per day,1,1990,4.27,1.33,0.98,Yes,Chrysoblephus laticeps,
61,"Goukamma (cells <30 km from MPA boundary) - CPUE standardised using GAM, results read from line",Catch,Individual species,Sparidae,Chrysoblephus,laticeps,NA,Catch per unit effort (CPUE),95% confidence intervals,PPG,Goukamma Marine Protected Area,Yes,Kg per boat per day,2,1991,3.07,1.44,0.51,Yes,Chrysoblephus laticeps,
61,"Goukamma (cells <30 km from MPA boundary) - CPUE standardised using GAM, results read from line",Catch,Individual species,Sparidae,Chrysoblephus,laticeps,NA,Catch per unit effort (CPUE),95% confidence intervals,PPG,Goukamma Marine Protected Area,Yes,Kg per boat per day,3,1992,5.26,1.27,0.9,Yes,Chrysoblephus laticeps,
61,"Goukamma (cells <30 km from MPA boundary) - CPUE standardised using GAM, results read from line",Catch,Individual species,Sparidae,Chrysoblephus,laticeps,NA,Catch per unit effort (CPUE),95% confidence intervals,PPG,Goukamma Marine Protected Area,Yes,Kg per boat per day,4,1993,6.13,1.21,1.03,Yes,Chrysoblephus laticeps,
61,"Goukamma (cells <30 km from MPA boundary) - CPUE standardised using GAM, results read from line",Catch,Individual species,Sparidae,Chrysoblephus,laticeps,NA,Catch per unit effort (CPUE),95% confidence intervals,PPG,Goukamma Marine Protected Area,Yes,Kg per boat per day,5,1994,5.38,0.55,0.96,Yes,Chrysoblephus laticeps,
61,"Goukamma (cells <30 km from MPA boundary) - CPUE standardised using GAM, results read from line",Catch,Individual species,Sparidae,Chrysoblephus,laticeps,NA,Catch per unit effort (CPUE),95% confidence intervals,PPG,Goukamma Marine Protected Area,Yes,Kg per boat per day,1,1995,7.79,1.43,1.6,Yes,Chrysoblephus laticeps,
61,"Goukamma (cells <30 km from MPA boundary) - CPUE standardised using GAM, results read from line",Catch,Individual species,Sparidae,Chrysoblephus,laticeps,NA,Catch per unit effort (CPUE),95% confidence intervals,PPG,Goukamma Marine Protected Area,Yes,Kg per boat per day,2,1996,7.8,1.85,1.81,Yes,Chrysoblephus laticeps,
61,"Goukamma (cells <30 km from MPA boundary) - CPUE standardised using GAM, results read from line",Catch,Individual species,Sparidae,Chrysoblephus,laticeps,NA,Catch per unit effort (CPUE),95% confidence intervals,PPG,Goukamma Marine Protected Area,Yes,Kg per boat per day,3,1997,11.68,2.16,2.09,Yes,Chrysoblephus laticeps,
61,"Goukamma (cells <30 km from MPA boundary) - CPUE standardised using GAM, results read from line",Catch,Individual species,Sparidae,Chrysoblephus,laticeps,NA,Catch per unit effort (CPUE),95% confidence intervals,PPG,Goukamma Marine Protected Area,Yes,Kg per boat per day,4,1998,9.56,2.13,1.5,Yes,Chrysoblephus laticeps,
61,"Goukamma (cells <30 km from MPA boundary) - CPUE standardised using GAM, results read from line",Catch,Individual species,Sparidae,Chrysoblephus,laticeps,NA,Catch per unit effort (CPUE),95% confidence intervals,PPG,Goukamma Marine Protected Area,Yes,Kg per boat per day,5,1999,8.53,1.49,1.6,Yes,Chrysoblephus laticeps,
61,"Goukamma (cells <30 km from MPA boundary) - CPUE standardised using GAM, results read from line",Catch,Individual species,Sparidae,Chrysoblephus,laticeps,NA,Catch per unit effort (CPUE),95% confidence intervals,PPG,Goukamma Marine Protected Area,Yes,Kg per boat per day,1,2000,12.07,4.28,4.58,Yes,Chrysoblephus laticeps,
61,"Goukamma (cells <30 km from MPA boundary) - CPUE standardised using GAM, results read from line",Catch,Individual species,Sparidae,Chrysoblephus,laticeps,NA,Catch per unit effort (CPUE),95% confidence intervals,PPG,Goukamma Marine Protected Area,Yes,Kg per boat per day,2,NA,NA,NA,NA,Yes,Chrysoblephus laticeps,
61,"Goukamma (cells <30 km from MPA boundary) - CPUE standardised using GAM, results read from line",Catch,Individual species,Sparidae,Chrysoblephus,laticeps,NA,Catch per unit effort (CPUE),95% confidence intervals,PPG,Goukamma Marine Protected Area,Yes,Kg per boat per day,3,NA,NA,NA,NA,Yes,Chrysoblephus laticeps,
61,"Goukamma (cells <30 km from MPA boundary) - CPUE standardised using GAM, results read from line",Catch,Individual species,Sparidae,Chrysoblephus,laticeps,NA,Catch per unit effort (CPUE),95% confidence intervals,PPG,Goukamma Marine Protected Area,Yes,Kg per boat per day,4,NA,NA,NA,NNA,Yes,Chrysoblephus laticeps,
61,"Goukamma (cells <30 km from MPA boundary) - CPUE standardised using GAM, results read from line",Catch,Individual species,Sparidae,Chrysoblephus,laticeps,NA,Catch per unit effort (CPUE),95% confidence intervals,PPG,Goukamma Marine Protected Area,Yes,Kg per boat per day,5,NA,NA,NA,NA,Yes,Chrysoblephus laticeps,
61,"South-east- CPUE standardised using GAM, results read from line",Catch,Individual species,Sparidae,Chrysoblephus,laticeps,NA,Catch per unit effort (CPUE),95% confidence intervals,PPG,Goukamma Marine Protected Area,Yes,Kg per boat per day,1,1985,3.67,0.33,0.62,Yes,Chrysoblephus laticeps,
61,"South-east- CPUE standardised using GAM, results read from line",Catch,Individual species,Sparidae,Chrysoblephus,laticeps,NA,Catch per unit effort (CPUE),95% confidence intervals,PPG,Goukamma Marine Protected Area,Yes,Kg per boat per day,2,1986,3.87,0.42,0.51,Yes,Chrysoblephus laticeps,
61,"South-east- CPUE standardised using GAM, results read from line",Catch,Individual species,Sparidae,Chrysoblephus,laticeps,NA,Catch per unit effort (CPUE),95% confidence intervals,PPG,Goukamma Marine Protected Area,Yes,Kg per boat per day,3,1987,2.28,0.07,0.36,Yes,Chrysoblephus laticeps,
61,"South-east- CPUE standardised using GAM, results read from line",Catch,Individual species,Sparidae,Chrysoblephus,laticeps,NA,Catch per unit effort (CPUE),95% confidence intervals,PPG,Goukamma Marine Protected Area,Yes,Kg per boat per day,4,1988,2.42,0.37,0.17,Yes,Chrysoblephus laticeps,
61,"South-east- CPUE standardised using GAM, results read from line",Catch,Individual species,Sparidae,Chrysoblephus,laticeps,NA,Catch per unit effort (CPUE),95% confidence intervals,PPG,Goukamma Marine Protected Area,Yes,Kg per boat per day,5,1989,4.3,0.22,0.8,Yes,Chrysoblephus laticeps,
61,"South-east- CPUE standardised using GAM, results read from line",Catch,Individual species,Sparidae,Chrysoblephus,laticeps,NA,Catch per unit effort (CPUE),95% confidence intervals,PPG,Goukamma Marine Protected Area,Yes,Kg per boat per day,1,1990,3.54,0.17,0.6,Yes,Chrysoblephus laticeps,
61,"South-east- CPUE standardised using GAM, results read from line",Catch,Individual species,Sparidae,Chrysoblephus,laticeps,NA,Catch per unit effort (CPUE),95% confidence intervals,PPG,Goukamma Marine Protected Area,Yes,Kg per boat per day,2,1991,2.48,0.16,0.72,Yes,Chrysoblephus laticeps,
61,"South-east- CPUE standardised using GAM, results read from line",Catch,Individual species,Sparidae,Chrysoblephus,laticeps,NA,Catch per unit effort (CPUE),95% confidence intervals,PPG,Goukamma Marine Protected Area,Yes,Kg per boat per day,3,1992,2.94,0.35,0.55,Yes,Chrysoblephus laticeps,
61,"South-east- CPUE standardised using GAM, results read from line",Catch,Individual species,Sparidae,Chrysoblephus,laticeps,NA,Catch per unit effort (CPUE),95% confidence intervals,PPG,Goukamma Marine Protected Area,Yes,Kg per boat per day,4,1993,3.17,0.47,0.32,Yes,Chrysoblephus laticeps,
61,"South-east- CPUE standardised using GAM, results read from line",Catch,Individual species,Sparidae,Chrysoblephus,laticeps,NA,Catch per unit effort (CPUE),95% confidence intervals,PPG,Goukamma Marine Protected Area,Yes,Kg per boat per day,5,1994,2.56,0.3,0.42,Yes,Chrysoblephus laticeps,
61,"South-east- CPUE standardised using GAM, results read from line",Catch,Individual species,Sparidae,Chrysoblephus,laticeps,NA,Catch per unit effort (CPUE),95% confidence intervals,PPG,Goukamma Marine Protected Area,Yes,Kg per boat per day,1,1995,3.06,0.42,0.56,Yes,Chrysoblephus laticeps,
61,"South-east- CPUE standardised using GAM, results read from line",Catch,Individual species,Sparidae,Chrysoblephus,laticeps,NA,Catch per unit effort (CPUE),95% confidence intervals,PPG,Goukamma Marine Protected Area,Yes,Kg per boat per day,2,1996,2.77,0.43,0.56,Yes,Chrysoblephus laticeps,
61,"South-east- CPUE standardised using GAM, results read from line",Catch,Individual species,Sparidae,Chrysoblephus,laticeps,NA,Catch per unit effort (CPUE),95% confidence intervals,PPG,Goukamma Marine Protected Area,Yes,Kg per boat per day,3,1997,3.79,0.39,0.6,Yes,Chrysoblephus laticeps,
61,"South-east- CPUE standardised using GAM, results read from line",Catch,Individual species,Sparidae,Chrysoblephus,laticeps,NA,Catch per unit effort (CPUE),95% confidence intervals,PPG,Goukamma Marine Protected Area,Yes,Kg per boat per day,4,1998,5.22,0.32,0.73,Yes,Chrysoblephus laticeps,
61,"South-east- CPUE standardised using GAM, results read from line",Catch,Individual species,Sparidae,Chrysoblephus,laticeps,NA,Catch per unit effort (CPUE),95% confidence intervals,PPG,Goukamma Marine Protected Area,Yes,Kg per boat per day,5,1999,3.39,0.23,0.46,Yes,Chrysoblephus laticeps,
61,"South-east- CPUE standardised using GAM, results read from line",Catch,Individual species,Sparidae,Chrysoblephus,laticeps,NA,Catch per unit effort (CPUE),95% confidence intervals,PPG,Goukamma Marine Protected Area,Yes,Kg per boat per day,1,2000,2.8,0.21,0.53,Yes,Chrysoblephus laticeps,
61,"South-east- CPUE standardised using GAM, results read from line",Catch,Individual species,Sparidae,Chrysoblephus,laticeps,NA,Catch per unit effort (CPUE),95% confidence intervals,PPG,Goukamma Marine Protected Area,Yes,Kg per boat per day,2,NA,NA,NA,NA,Yes,Chrysoblephus laticeps,
61,"South-east- CPUE standardised using GAM, results read from line",Catch,Individual species,Sparidae,Chrysoblephus,laticeps,NA,Catch per unit effort (CPUE),95% confidence intervals,PPG,Goukamma Marine Protected Area,Yes,Kg per boat per day,3,NA,NA,NA,NA,Yes,Chrysoblephus laticeps,
61,"South-east- CPUE standardised using GAM, results read from line",Catch,Individual species,Sparidae,Chrysoblephus,laticeps,NA,Catch per unit effort (CPUE),95% confidence intervals,PPG,Goukamma Marine Protected Area,Yes,Kg per boat per day,4,NA,NA,NA,NA,Yes,Chrysoblephus laticeps,
61,"South-east- CPUE standardised using GAM, results read from line",Catch,Individual species,Sparidae,Chrysoblephus,laticeps,NA,Catch per unit effort (CPUE),95% confidence intervals,PPG,Goukamma Marine Protected Area,Yes,Kg per boat per day,5,NA,NA,NA,NA,Yes,Chrysoblephus laticeps,
61,South-west,Catch,Individual species,Sparidae,Chrysoblephus,laticeps,NA,Catch (numbers or weight),NA,PPG,Goukamma Marine Protected Area,Yes,Tons,1,1985,41.25,NA,NA,Yes,Chrysoblephus laticeps,
61,South-west,Catch,Individual species,Sparidae,Chrysoblephus,laticeps,NA,Catch (numbers or weight),NA,PPG,Goukamma Marine Protected Area,Yes,Tons,2,1986,56.95,NA,NA,Yes,Chrysoblephus laticeps,
61,South-west,Catch,Individual species,Sparidae,Chrysoblephus,laticeps,NA,Catch (numbers or weight),NA,PPG,Goukamma Marine Protected Area,Yes,Tons,3,1987,52.82,NA,NA,Yes,Chrysoblephus laticeps,
61,South-west,Catch,Individual species,Sparidae,Chrysoblephus,laticeps,NA,Catch (numbers or weight),NA,PPG,Goukamma Marine Protected Area,Yes,Tons,4,1988,53.07,NA,NA,Yes,Chrysoblephus laticeps,
61,South-west,Catch,Individual species,Sparidae,Chrysoblephus,laticeps,NA,Catch (numbers or weight),NA,PPG,Goukamma Marine Protected Area,Yes,Tons,5,1989,46.86,NA,NA,Yes,Chrysoblephus laticeps,
61,South-west,Catch,Individual species,Sparidae,Chrysoblephus,laticeps,NA,Catch (numbers or weight),NA,PPG,Goukamma Marine Protected Area,Yes,Tons,1,1990,43.65,NA,NA,Yes,Chrysoblephus laticeps,
61,South-west,Catch,Individual species,Sparidae,Chrysoblephus,laticeps,NA,Catch (numbers or weight),NA,PPG,Goukamma Marine Protected Area,Yes,Tons,2,1991,39.72,NA,NA,Yes,Chrysoblephus laticeps,
61,South-west,Catch,Individual species,Sparidae,Chrysoblephus,laticeps,NA,Catch (numbers or weight),NA,PPG,Goukamma Marine Protected Area,Yes,Tons,3,1992,49.54,NA,NA,Yes,Chrysoblephus laticeps,
61,South-west,Catch,Individual species,Sparidae,Chrysoblephus,laticeps,NA,Catch (numbers or weight),NA,PPG,Goukamma Marine Protected Area,Yes,Tons,4,1993,40.13,NA,NA,Yes,Chrysoblephus laticeps,
61,South-west,Catch,Individual species,Sparidae,Chrysoblephus,laticeps,NA,Catch (numbers or weight),NA,PPG,Goukamma Marine Protected Area,Yes,Tons,5,1994,31.23,NA,NA,Yes,Chrysoblephus laticeps,
61,South-west,Catch,Individual species,Sparidae,Chrysoblephus,laticeps,NA,Catch (numbers or weight),NA,PPG,Goukamma Marine Protected Area,Yes,Tons,1,1995,21.58,NA,NA,Yes,Chrysoblephus laticeps,
61,South-west,Catch,Individual species,Sparidae,Chrysoblephus,laticeps,NA,Catch (numbers or weight),NA,PPG,Goukamma Marine Protected Area,Yes,Tons,2,1996,21.16,NA,NA,Yes,Chrysoblephus laticeps,
61,South-west,Catch,Individual species,Sparidae,Chrysoblephus,laticeps,NA,Catch (numbers or weight),NA,PPG,Goukamma Marine Protected Area,Yes,Tons,3,1997,22.9,NA,NA,Yes,Chrysoblephus laticeps,
61,South-west,Catch,Individual species,Sparidae,Chrysoblephus,laticeps,NA,Catch (numbers or weight),NA,PPG,Goukamma Marine Protected Area,Yes,Tons,4,1998,27.23,NA,NA,Yes,Chrysoblephus laticeps,
61,South-west,Catch,Individual species,Sparidae,Chrysoblephus,laticeps,NA,Catch (numbers or weight),NA,PPG,Goukamma Marine Protected Area,Yes,Tons,5,1999,27.77,NA,NA,Yes,Chrysoblephus laticeps,
61,South,Catch,Individual species,Sparidae,Chrysoblephus,laticeps,NA,Catch (numbers or weight),NA,PPG,Goukamma. Marine Protected Area,Yes,Tons,1,1985,10.75,NA,NA,Yes,Chrysoblephus laticeps,
61,South,Catch,Individual species,Sparidae,Chrysoblephus,laticeps,NA,Catch (numbers or weight),NA,PPG,Goukamma. Marine Protected Area,Yes,Tons,2,1986,6.17,NA,NA,Yes,Chrysoblephus laticeps,
61,South,Catch,Individual species,Sparidae,Chrysoblephus,laticeps,NA,Catch (numbers or weight),NA,PPG,Goukamma. Marine Protected Area,Yes,Tons,3,1987,5.79,NA,NA,Yes,Chrysoblephus laticeps,
61,South,Catch,Individual species,Sparidae,Chrysoblephus,laticeps,NA,Catch (numbers or weight),NA,PPG,Goukamma. Marine Protected Area,Yes,Tons,4,1988,5.51,NA,NA,Yes,Chrysoblephus laticeps,
61,South,Catch,Individual species,Sparidae,Chrysoblephus,laticeps,NA,Catch (numbers or weight),NA,PPG,Goukamma. Marine Protected Area,Yes,Tons,5,1989,4.32,NA,NA,Yes,Chrysoblephus laticeps,
61,South,Catch,Individual species,Sparidae,Chrysoblephus,laticeps,NA,Catch (numbers or weight),NA,PPG,Goukamma Marine Protected Area,Yes,Tons,1,1990,7.57,NA,NA,Yes,Chrysoblephus laticeps,
61,South,Catch,Individual species,Sparidae,Chrysoblephus,laticeps,NA,Catch (numbers or weight),NA,PPG,Goukamma Marine Protected Area,Yes,Tons,2,1991,6.13,NA,NA,Yes,Chrysoblephus laticeps,
61,South,Catch,Individual species,Sparidae,Chrysoblephus,laticeps,NA,Catch (numbers or weight),NA,PPG,Goukamma Marine Protected Area,Yes,Tons,3,1993,8.9,NA,NA,Yes,Chrysoblephus laticeps,
61,South,Catch,Individual species,Sparidae,Chrysoblephus,laticeps,NA,Catch (numbers or weight),NA,PPG,Goukamma Marine Protected Area,Yes,Tons,4,1993,6.32,NA,NA,Yes,Chrysoblephus laticeps,
61,South,Catch,Individual species,Sparidae,Chrysoblephus,laticeps,NA,Catch (numbers or weight),NA,PPG,Goukamma Marine Protected Area,Yes,Tons,5,1994,5.54,NA,NA,Yes,Chrysoblephus laticeps,
61,South,Catch,Individual species,Sparidae,Chrysoblephus,laticeps,NA,Catch (numbers or weight),NA,PPG,Goukamma Marine Protected Area,Yes,Tons,1,1995,4.37,NA,NA,Yes,Chrysoblephus laticeps,
61,South,Catch,Individual species,Sparidae,Chrysoblephus,laticeps,NA,Catch (numbers or weight),NA,PPG,Goukamma Marine Protected Area,Yes,Tons,2,1996,4.25,NA,NA,Yes,Chrysoblephus laticeps,
61,South,Catch,Individual species,Sparidae,Chrysoblephus,laticeps,NA,Catch (numbers or weight),NA,PPG,Goukamma Marine Protected Area,Yes,Tons,3,1997,2.51,NA,NA,Yes,Chrysoblephus laticeps,
61,South,Catch,Individual species,Sparidae,Chrysoblephus,laticeps,NA,Catch (numbers or weight),NA,PPG,Goukamma Marine Protected Area,Yes,Tons,4,1998,3.34,NA,NA,Yes,Chrysoblephus laticeps,
61,South,Catch,Individual species,Sparidae,Chrysoblephus,laticeps,NA,Catch (numbers or weight),NA,PPG,Goukamma Marine Protected Area,Yes,Tons,5,1999,1.02,NA,NA,Yes,Chrysoblephus laticeps,
61,Goukamma (cells <30 km from MPA boundary),Catch,Individual species,Sparidae,Chrysoblephus,laticeps,NA,Catch (numbers or weight),NA,PPG,Goukamma Marine Protected Area,Yes,Tons,1,1985,0.66,NA,NA,Yes,Chrysoblephus laticeps,
61,Goukamma (cells <30 km from MPA boundary),Catch,Individual species,Sparidae,Chrysoblephus,laticeps,NA,Catch (numbers or weight),NA,PPG,Goukamma Marine Protected Area,Yes,Tons,2,1986,1.15,NA,NA,Yes,Chrysoblephus laticeps,
61,Goukamma (cells <30 km from MPA boundary),Catch,Individual species,Sparidae,Chrysoblephus,laticeps,NA,Catch (numbers or weight),NA,PPG,Goukamma Marine Protected Area,Yes,Tons,3,1987,0.94,NA,NA,Yes,Chrysoblephus laticeps,
61,Goukamma (cells <30 km from MPA boundary),Catch,Individual species,Sparidae,Chrysoblephus,laticeps,NA,Catch (numbers or weight),NA,PPG,Goukamma Marine Protected Area,Yes,Tons,4,1988,0.7,NA,NA,Yes,Chrysoblephus laticeps,
61,Goukamma (cells <30 km from MPA boundary),Catch,Individual species,Sparidae,Chrysoblephus,laticeps,NA,Catch (numbers or weight),NA,PPG,Goukamma Marine Protected Area,Yes,Tons,5,1989,0.56,NA,NA,Yes,Chrysoblephus laticeps,
61,Goukamma (cells <30 km from MPA boundary),Catch,Individual species,Sparidae,Chrysoblephus,laticeps,NA,Catch (numbers or weight),NA,PPG,Goukamma Marine Protected Area,Yes,Tons,1,1990,0.47,NA,NA,Yes,Chrysoblephus laticeps,
61,Goukamma (cells <30 km from MPA boundary),Catch,Individual species,Sparidae,Chrysoblephus,laticeps,NA,Catch (numbers or weight),NA,PPG,Goukamma Marine Protected Area,Yes,Tons,2,1991,0.19,NA,NA,Yes,Chrysoblephus laticeps,
61,Goukamma (cells <30 km from MPA boundary),Catch,Individual species,Sparidae,Chrysoblephus,laticeps,NA,Catch (numbers or weight),NA,PPG,Goukamma Marine Protected Area,Yes,Tons,3,1992,0.49,NA,NA,Yes,Chrysoblephus laticeps,
61,Goukamma (cells <30 km from MPA boundary),Catch,Individual species,Sparidae,Chrysoblephus,laticeps,NA,Catch (numbers or weight),NA,PPG,Goukamma Marine Protected Area,Yes,Tons,4,1993,0.62,NA,NA,Yes,Chrysoblephus laticeps,
61,Goukamma (cells <30 km from MPA boundary),Catch,Individual species,Sparidae,Chrysoblephus,laticeps,NA,Catch (numbers or weight),NA,PPG,Goukamma Marine Protected Area,Yes,Tons,5,1994,0.49,NA,NA,Yes,Chrysoblephus laticeps,
61,Goukamma (cells <30 km from MPA boundary),Catch,Individual species,Sparidae,Chrysoblephus,laticeps,NA,Catch (numbers or weight),NA,PPG,Goukamma Marine Protected Area,Yes,Tons,1,1995,0.76,NA,NA,Yes,Chrysoblephus laticeps,
61,Goukamma (cells <30 km from MPA boundary),Catch,Individual species,Sparidae,Chrysoblephus,laticeps,NA,Catch (numbers or weight),NA,PPG,Goukamma Marine Protected Area,Yes,Tons,2,1996,"1,48",NA,NA,Yes,Chrysoblephus laticeps,
61,Goukamma (cells <30 km from MPA boundary),Catch,Individual species,Sparidae,Chrysoblephus,laticeps,NA,Catch (numbers or weight),NA,PPG,Goukamma Marine Protected Area,Yes,Tons,3,1997,0.98,NA,NA,Yes,Chrysoblephus laticeps,
61,Goukamma (cells <30 km from MPA boundary),Catch,Individual species,Sparidae,Chrysoblephus,laticeps,NA,Catch (numbers or weight),NA,PPG,Goukamma Marine Protected Area,Yes,Tons,4,1998,1.58,NA,NA,Yes,Chrysoblephus laticeps,
61,Goukamma (cells <30 km from MPA boundary),Catch,Individual species,Sparidae,Chrysoblephus,laticeps,NA,Catch (numbers or weight),NA,PPG,Goukamma Marine Protected Area,Yes,Tons,5,1999,0.9,NA,NA,Yes,Chrysoblephus laticeps,
61,South-east,Catch,Individual species,Sparidae,Chrysoblephus,laticeps,NA,Catch (numbers or weight),NA,PPG,Goukamma Marine Protected Area,Yes,Tons,1,1985,18.04,NA,NA,Yes,Chrysoblephus laticeps,
61,South-east,Catch,Individual species,Sparidae,Chrysoblephus,laticeps,NA,Catch (numbers or weight),NA,PPG,Goukamma Marine Protected Area,Yes,Tons,2,1986,28.57,NA,NA,Yes,Chrysoblephus laticeps,
61,South-east,Catch,Individual species,Sparidae,Chrysoblephus,laticeps,NA,Catch (numbers or weight),NA,PPG,Goukamma Marine Protected Area,Yes,Tons,3,1987,16.07,NA,NA,Yes,Chrysoblephus laticeps,
61,South-east,Catch,Individual species,Sparidae,Chrysoblephus,laticeps,NA,Catch (numbers or weight),NA,PPG,Goukamma Marine Protected Area,Yes,Tons,4,1988,10.55,NA,NA,Yes,Chrysoblephus laticeps,
61,South-east,Catch,Individual species,Sparidae,Chrysoblephus,laticeps,NA,Catch (numbers or weight),NA,PPG,Goukamma Marine Protected Area,Yes,Tons,5,1989,13.48,NA,NA,Yes,Chrysoblephus laticeps,
61,South-east,Catch,Individual species,Sparidae,Chrysoblephus,laticeps,NA,Catch per unit effort (CPUE),NA,PPG,Goukamma Marine Protected Area,Yes,Tons,1,1990,16.68,NA,NA,Yes,Chrysoblephus laticeps,
61,South-east,Catch,Individual species,Sparidae,Chrysoblephus,laticeps,NA,Catch per unit effort (CPUE),NA,PPG,Goukamma Marine Protected Area,Yes,Tons,2,1991,12.51,NA,NA,Yes,Chrysoblephus laticeps,
61,South-east,Catch,Individual species,Sparidae,Chrysoblephus,laticeps,NA,Catch per unit effort (CPUE),NA,PPG,Goukamma Marine Protected Area,Yes,Tons,3,1992,13.85,NA,NA,Yes,Chrysoblephus laticeps,
61,South-east,Catch,Individual species,Sparidae,Chrysoblephus,laticeps,NA,Catch per unit effort (CPUE),NA,PPG,Goukamma Marine Protected Area,Yes,Tons,4,1993,14.28,NA,NA,Yes,Chrysoblephus laticeps,
61,South-east,Catch,Individual species,Sparidae,Chrysoblephus,laticeps,NA,Catch per unit effort (CPUE),NA,PPG,Goukamma Marine Protected Area,Yes,Tons,5,1994,8.24,NA,NA,Yes,Chrysoblephus laticeps,
61,South-east,Catch,Individual species,Sparidae,Chrysoblephus,laticeps,NA,Catch per unit effort (CPUE),NA,PPG,Goukamma Marine Protected Area,Yes,Tons,1,1995,9,NA,NA,Yes,Chrysoblephus laticeps,
61,South-east,Catch,Individual species,Sparidae,Chrysoblephus,laticeps,NA,Catch per unit effort (CPUE),NA,PPG,Goukamma Marine Protected Area,Yes,Tons,2,1996,11.53,NA,NA,Yes,Chrysoblephus laticeps,
61,South-east,Catch,Individual species,Sparidae,Chrysoblephus,laticeps,NA,Catch per unit effort (CPUE),NA,PPG,Goukamma Marine Protected Area,Yes,Tons,3,1997,9.48,NA,NA,Yes,Chrysoblephus laticeps,
61,South-east,Catch,Individual species,Sparidae,Chrysoblephus,laticeps,NA,Catch per unit effort (CPUE),NA,PPG,Goukamma Marine Protected Area,Yes,Tons,4,1998,13.78,NA,NA,Yes,Chrysoblephus laticeps,
61,South-east,Catch,Individual species,Sparidae,Chrysoblephus,laticeps,NA,Catch per unit effort (CPUE),NA,PPG,Goukamma Marine Protected Area,Yes,Tons,5,1999,6.64,NA,NA,Yes,Chrysoblephus laticeps,
982,"Whole MPA network, targeted species, inside, 2003-2007, Fig.3a",Transect count,Target species as a group,NA,NA,NA,Targeted species ,Biomass,Standard error,NTZ,Northern Channel Islands MPA Network ,Yes,t ha−1,1,2003,0.15,0.24,0.06,NA,NA,
982,"Whole MPA network, targeted species, inside, 2003-2007, Fig.3a",Transect count,Target species as a group,NA,NA,NA,Targeted species ,Biomass,Standard error,NTZ,Northern Channel Islands MPA Network ,Yes,t ha−1,2,2004,0.22,0.3,NA,NA,NA,
982,"Whole MPA network, targeted species, inside, 2003-2007, Fig.3a",Transect count,Target species as a group,NA,NA,NA,Targeted species ,Biomass,Standard error,NTZ,Northern Channel Islands MPA Network ,Yes,t ha−1,3,2005,0.27,0.33,0.22,NA,NA,
982,"Whole MPA network, targeted species, inside, 2003-2007, Fig.3a",Transect count,Target species as a group,NA,NA,NA,Targeted species ,Biomass,Standard error,NTZ,Northern Channel Islands MPA Network ,Yes,t ha−1,4,2006,0.43,0.59,NA,NA,NA,
982,"Whole MPA network, targeted species, inside, 2003-2007, Fig.3a",Transect count,Target species as a group,NA,NA,NA,Targeted species ,Biomass,Standard error,NTZ,Northern Channel Islands MPA Network ,Yes,t ha−1,5,2007,0.31,0.37,NA,NA,NA,
982,"Whole MPA network, targeted species, inside, 2008-2012, Fig.3a",Transect count,Target species as a group,NA,NA,NA,Targeted species ,Biomass,Standard error,NTZ,Northern Channel Islands MPA Network ,Yes,t ha-1,1,2008,0.36,0.46,0.27,NA,NA,
982,"Whole MPA network, targeted species, inside, 2008-2012, Fig.3a",Transect count,Target species as a group,NA,NA,NA,Targeted species ,Biomass,Standard error,NTZ,Northern Channel Islands MPA Network ,Yes,t ha-1,2,2009,0.76,0.85,0.67,NA,NA,
982,"Whole MPA network, targeted species, inside, 2008-2012, Fig.3a",Transect count,Target species as a group,NA,NA,NA,Targeted species ,Biomass,Standard error,NTZ,Northern Channel Islands MPA Network ,Yes,t ha-1,3,2010,0.58,0.61,0.54,NA,NA,
982,"Whole MPA network, targeted species, inside, 2008-2012, Fig.3a",Transect count,Target species as a group,NA,NA,NA,Targeted species ,Biomass,Standard error,NTZ,Northern Channel Islands MPA Network ,Yes,t ha-1,4,2011,0.98,1.13,0.82,NA,NA,
982,"Whole MPA network, targeted species, inside, 2008-2012, Fig.3a",Transect count,Target species as a group,NA,NA,NA,Targeted species ,Biomass,Standard error,NTZ,Northern Channel Islands MPA Network ,Yes,t ha-1,5,2012,0.63,0.75,0.51,NA,NA,
982,"Whole MPA network, targeted species, outside, 2003-2007, Fig.3a",Transect count,Target species as a group,NA,NA,NA,Targeted species ,Biomass,Standard error,NTZ,Northern Channel Islands MPA Network ,Yes,t ha-1,1,2003,0.35,0.38,0.33,NA,NA,
982,"Whole MPA network, targeted species, outside, 2003-2007, Fig.3a",Transect count,Target species as a group,NA,NA,NA,Targeted species ,Biomass,Standard error,NTZ,Northern Channel Islands MPA Network ,Yes,t ha-1,2,2004,0.16,0.21,0.1,NA,NA,
982,"Whole MPA network, targeted species, outside, 2003-2007, Fig.3a",Transect count,Target species as a group,NA,NA,NA,Targeted species ,Biomass,Standard error,NTZ,Northern Channel Islands MPA Network ,Yes,t ha-1,3,2005,0.16,0.21,0.11,NA,NA,
982,"Whole MPA network, targeted species, outside, 2003-2007, Fig.3a",Transect count,Target species as a group,NA,NA,NA,Targeted species ,Biomass,Standard error,NTZ,Northern Channel Islands MPA Network ,Yes,t ha-1,4,2006,0.28,0.38,0.17,NA,NA,
982,"Whole MPA network, targeted species, outside, 2003-2007, Fig.3a",Transect count,Target species as a group,NA,NA,NA,Targeted species ,Biomass,Standard error,NTZ,Northern Channel Islands MPA Network ,Yes,t ha-1,5,2007,0.26,0.37,0.15,NA,NA,
982,"Whole MPA network, targeted species, outside, 2008-2012, Fig.3a",Transect count,Target species as a group,NA,NA,NA,Targeted species ,Biomass,Standard error,NTZ,Northern Channel Islands MPA Network ,Yes,t ha-1,1,2008,0.16,0.21,0.11,NA,NA,
982,"Whole MPA network, targeted species, outside, 2008-2012, Fig.3a",Transect count,Target species as a group,NA,NA,NA,Targeted species ,Biomass,Standard error,NTZ,Northern Channel Islands MPA Network ,Yes,t ha-1,2,2009,0.43,0.53,0.33,NA,NA,
982,"Whole MPA network, targeted species, outside, 2008-2012, Fig.3a",Transect count,Target species as a group,NA,NA,NA,Targeted species ,Biomass,Standard error,NTZ,Northern Channel Islands MPA Network ,Yes,t ha-1,3,2010,0.29,0.34,0.25,NA,NA,
982,"Whole MPA network, targeted species, outside, 2008-2012, Fig.3a",Transect count,Target species as a group,NA,NA,NA,Targeted species ,Biomass,Standard error,NTZ,Northern Channel Islands MPA Network ,Yes,t ha-1,4,2011,0.37,0.53,0.22,NA,NA,
982,"Whole MPA network, targeted species, outside, 2008-2012, Fig.3a",Transect count,Target species as a group,NA,NA,NA,Targeted species ,Biomass,Standard error,NTZ,Northern Channel Islands MPA Network ,Yes,t ha-1,5,2012,0.38,0.45,0.31,NA,NA,
982,"Whole MPA network, non-targeted species, inside, 2003-2007, Fig.3a",Transect count,Non-target species as a group,NA,NA,NA,Non-tageted species,Biomass,Standard error,NTZ,Northern Channel Islands MPA Network ,Yes,t ha-1,1,2003,0.31,NA,0.15,NA,NA,
982,"Whole MPA network, non-targeted species, inside, 2003-2007, Fig.3a",Transect count,Non-target species as a group,NA,NA,NA,Non-tageted species,Biomass,Standard error,NTZ,Northern Channel Islands MPA Network ,Yes,t ha-1,2,2004,0.57,0.69,0.44,NA,NA,
982,"Whole MPA network, non-targeted species, inside, 2003-2007, Fig.3a",Transect count,Non-target species as a group,NA,NA,NA,Non-tageted species,Biomass,Standard error,NTZ,Northern Channel Islands MPA Network ,Yes,t ha-1,3,2005,0.44,0.53,0.34,NA,NA,
982,"Whole MPA network, non-targeted species, inside, 2003-2007, Fig.3a",Transect count,Non-target species as a group,NA,NA,NA,Non-tageted species,Biomass,Standard error,NTZ,Northern Channel Islands MPA Network ,Yes,t ha-1,4,2006,0.48,0.58,0.39,NA,NA,
982,"Whole MPA network, non-targeted species, inside, 2003-2007, Fig.3a",Transect count,Non-target species as a group,NA,NA,NA,Non-tageted species,Biomass,Standard error,NTZ,Northern Channel Islands MPA Network ,Yes,t ha-1,5,2007,0.42,0.49,0.34,NA,NA,
982,"Whole MPA network, non-targeted species, inside, 2008-2012, Fig.3a",Transect count,Non-target species as a group,NA,NA,NA,Non-tageted species,Biomass,Standard error,NTZ,Northern Channel Islands MPA Network ,Yes,t ha-1,1,2008,0.35,0.41,NA,NA,NA,
982,"Whole MPA network, non-targeted species, inside, 2008-2012, Fig.3a",Transect count,Non-target species as a group,NA,NA,NA,Non-tageted species,Biomass,Standard error,NTZ,Northern Channel Islands MPA Network ,Yes,t ha-1,2,2009,0.8,0.85,NA,NA,NA,
982,"Whole MPA network, non-targeted species, inside, 2008-2012, Fig.3a",Transect count,Non-target species as a group,NA,NA,NA,Non-tageted species,Biomass,Standard error,NTZ,Northern Channel Islands MPA Network ,Yes,t ha-1,3,2010,0.65,0.75,NA,NA,NA,
982,"Whole MPA network, non-targeted species, inside, 2008-2012, Fig.3a",Transect count,Non-target species as a group,NA,NA,NA,Non-tageted species,Biomass,Standard error,NTZ,Northern Channel Islands MPA Network ,Yes,t ha-1,4,2011,0.86,0.95,0.76,NA,NA,
982,"Whole MPA network, non-targeted species, inside, 2008-2012, Fig.3a",Transect count,Non-target species as a group,NA,NA,NA,Non-tageted species,Biomass,Standard error,NTZ,Northern Channel Islands MPA Network ,Yes,t ha-1,5,2012,0.53,0.62,0.44,NA,NA,
982,"Whole MPA network, non-targeted species, outside, 2003-2007, Fig.3a",Transect count,Non-target species as a group,NA,NA,NA,Non-tageted species,Biomass,Standard error,NTZ,Northern Channel Islands MPA Network ,Yes,t ha-1,1,2003,0.48,0.57,0.4,NA,NA,
982,"Whole MPA network, non-targeted species, outside, 2003-2007, Fig.3a",Transect count,Non-target species as a group,NA,NA,NA,Non-tageted species,Biomass,Standard error,NTZ,Northern Channel Islands MPA Network ,Yes,t ha-1,2,2004,0.5,0.6,0.49,NA,NA,
982,"Whole MPA network, non-targeted species, outside, 2003-2007, Fig.3a",Transect count,Non-target species as a group,NA,NA,NA,Non-tageted species,Biomass,Standard error,NTZ,Northern Channel Islands MPA Network ,Yes,t ha-1,3,2005,0.41,0.52,0.31,NA,NA,
982,"Whole MPA network, non-targeted species, outside, 2003-2007, Fig.3a",Transect count,Non-target species as a group,NA,NA,NA,Non-tageted species,Biomass,Standard error,NTZ,Northern Channel Islands MPA Network ,Yes,t ha-1,4,2006,0.52,0.56,0.48,NA,NA,
982,"Whole MPA network, non-targeted species, outside, 2003-2007, Fig.3a",Transect count,Non-target species as a group,NA,NA,NA,Non-tageted species,Biomass,Standard error,NTZ,Northern Channel Islands MPA Network ,Yes,t ha-1,5,2007,0.39,0.46,0.32,NA,NA,
982,"Whole MPA network, non-targeted species, outside, 2008-2012, Fig.3a",Transect count,Non-target species as a group,NA,NA,NA,Non-tageted species,Biomass,Standard error,NTZ,Northern Channel Islands MPA Network ,Yes,t ha-1,1,2008,0.28,0.37,0.18,NA,NA,
982,"Whole MPA network, non-targeted species, outside, 2008-2012, Fig.3a",Transect count,Non-target species as a group,NA,NA,NA,Non-tageted species,Biomass,Standard error,NTZ,Northern Channel Islands MPA Network ,Yes,t ha-1,2,2009,0.76,1,0.52,NA,NA,
982,"Whole MPA network, non-targeted species, outside, 2008-2012, Fig.3a",Transect count,Non-target species as a group,NA,NA,NA,Non-tageted species,Biomass,Standard error,NTZ,Northern Channel Islands MPA Network ,Yes,t ha-1,3,2010,0.54,0.73,0.36,NA,NA,
982,"Whole MPA network, non-targeted species, outside, 2008-2012, Fig.3a",Transect count,Non-target species as a group,NA,NA,NA,Non-tageted species,Biomass,Standard error,NTZ,Northern Channel Islands MPA Network ,Yes,t ha-1,4,2011,0.52,0.62,0.43,NA,NA,
982,"Whole MPA network, non-targeted species, outside, 2008-2012, Fig.3a",Transect count,Non-target species as a group,NA,NA,NA,Non-tageted species,Biomass,Standard error,NTZ,Northern Channel Islands MPA Network ,Yes,t ha-1,5,2012,0.52,0.64,0.4,NA,NA,
367,"Apo Island inside, years 17-25, Fig. 2a (filled triangles)",Transect count,Functional group,NA,NA,NA,"Large predatory reef fish (Serranidae, Lutjanidae, Lethrinidae) ",Species richness (number of species per 1000 m²),NA,NTZ,Apo Island Marine Reserve ,Yes,No. species/1000m2,1,17 years of protection,5.35,NA,NA,NA,NA,
367,"Apo Island inside, years 17-25, Fig. 2a (filled triangles)",Transect count,Functional group,NA,NA,NA,"Large predatory reef fish (Serranidae, Lutjanidae, Lethrinidae) ",Species richness (number of species per 1000 m²),NA,NTZ,Apo Island Marine Reserve ,Yes,No. species/1000m2,2,20 years of protection,6.15,NA,NA,NA,NA,
367,"Apo Island inside, years 17-25, Fig. 2a (filled triangles)",Transect count,Functional group,NA,NA,NA,"Large predatory reef fish (Serranidae, Lutjanidae, Lethrinidae) ",Species richness (number of species per 1000 m²),NA,NTZ,Apo Island Marine Reserve ,Yes,No. species/1000m2,3,22 years of protection,6.69,NA,NA,NA,NA,
367,"Apo Island inside, years 17-25, Fig. 2a (filled triangles)",Transect count,Functional group,NA,NA,NA,"Large predatory reef fish (Serranidae, Lutjanidae, Lethrinidae) ",Species richness (number of species per 1000 m²),NA,NTZ,Apo Island Marine Reserve ,Yes,No. species/1000m2,4,25 years of protection,7.49,NA,NA,NA,NA,
367,"Apo Island inside, years 17-25, Fig. 2a (filled triangles)",Transect count,Functional group,NA,NA,NA,"Large predatory reef fish (Serranidae, Lutjanidae, Lethrinidae) ",Species richness (number of species per 1000 m²),NA,NTZ,Apo Island Marine Reserve ,Yes,No. species/1000m2,5,NA,NA,NA,NA,NA,NA,
367,"Apo Island outside, years 0-15, Fig. 2a (open triangles)",Transect count,Functional group,NA,NA,NA,"Large predatory reef fish (Serranidae, Lutjanidae, Lethrinidae) ",Species richness,NA,NTZ,Apo Island Marine Reserve ,Yes,No. species/1000m2,1,0 years of protection,0,NA,NA,NA,NA,
367,"Apo Island outside, years 0-15, Fig. 2a (open triangles)",Transect count,Functional group,NA,NA,NA,"Large predatory reef fish (Serranidae, Lutjanidae, Lethrinidae) ",Species richness,NA,NTZ,Apo Island Marine Reserve ,Yes,No. species/1000m2,2,5 years of protection,0.4,NA,NA,NA,NA,
367,"Apo Island outside, years 0-15, Fig. 2a (open triangles)",Transect count,Functional group,NA,NA,NA,"Large predatory reef fish (Serranidae, Lutjanidae, Lethrinidae) ",Species richness,NA,NTZ,Apo Island Marine Reserve ,Yes,No. species/1000m2,3,10 years of protection,1.11,NA,NA,NA,NA,
367,"Apo Island outside, years 0-15, Fig. 2a (open triangles)",Transect count,Functional group,NA,NA,NA,"Large predatory reef fish (Serranidae, Lutjanidae, Lethrinidae) ",Species richness,NA,NTZ,Apo Island Marine Reserve ,Yes,No. species/1000m2,4,13 years of protection,1.51,NA,NA,NA,NA,
367,"Apo Island outside, years 0-15, Fig. 2a (open triangles)",Transect count,Functional group,NA,NA,NA,"Large predatory reef fish (Serranidae, Lutjanidae, Lethrinidae) ",Species richness,NA,NTZ,Apo Island Marine Reserve ,Yes,No. species/1000m2,5,15 years of protection,1.85,NA,NA,NA,NA,
367,"Apo Island outside, years 17-26, Fig. 2a (open triangles)",Transect count,Functional group,NA,NA,NA,"Large predatory reef fish (Serranidae, Lutjanidae, Lethrinidae) ",Species richness,NA,NTZ,Apo Island Marine Reserve ,Yes,No. species/1000m2,1,17 years of protection,2.22,NA,NA,NA,NA,
367,"Apo Island outside, years 17-26, Fig. 2a (open triangles)",Transect count,Functional group,NA,NA,NA,"Large predatory reef fish (Serranidae, Lutjanidae, Lethrinidae) ",Species richness,NA,NTZ,Apo Island Marine Reserve ,Yes,No. species/1000m2,2,20 years of protection,2.85,NA,NA,NA,NA,
367,"Apo Island outside, years 17-26, Fig. 2a (open triangles)",Transect count,Functional group,NA,NA,NA,"Large predatory reef fish (Serranidae, Lutjanidae, Lethrinidae) ",Species richness,NA,NTZ,Apo Island Marine Reserve ,Yes,No. species/1000m2,3,23 years of protection,3.44,NA,NA,NA,NA,
367,"Apo Island outside, years 17-26, Fig. 2a (open triangles)",Transect count,Functional group,NA,NA,NA,"Large predatory reef fish (Serranidae, Lutjanidae, Lethrinidae) ",Species richness,NA,NTZ,Apo Island Marine Reserve ,Yes,No. species/1000m2,4,25 years of protection,3.96,NA,NA,NA,NA,
367,"Apo Island outside, years 17-26, Fig. 2a (open triangles)",Transect count,Functional group,NA,NA,NA,"Large predatory reef fish (Serranidae, Lutjanidae, Lethrinidae) ",Species richness,NA,NTZ,Apo Island Marine Reserve ,Yes,No. species/1000m2,5,26 years of protection,4.21,NA,NA,NA,NA,
304,"biomass inside reserve, years of protection 10-15, Fig2a)",Transect count,Individual species,Acanthuridae,Naso,Naso vlamingii,NA,Biomass,NA,NTZ,Apo Island Marine Reserve,"Open to traditional fishing methods, non-destructive to the benthos since 1986",Mean Biomass (KG/1000 m2),1,10,17.32,NA,NA,Yes,Naso Naso vlamingii,
304,"biomass inside reserve, years of protection 10-15, Fig2a)",Transect count,Individual species,Acanthuridae,Naso,Naso vlamingii,NA,Biomass,NA,NTZ,Apo Island Marine Reserve,"Open to traditional fishing methods, non-destructive to the benthos since 1986",Mean Biomass (KG/1000 m2),2,11,20.82,NA,NA,Yes,Naso Naso vlamingii,
304,"biomass inside reserve, years of protection 10-15, Fig2a)",Transect count,Individual species,Acanthuridae,Naso,Naso vlamingii,NA,Biomass,NA,NTZ,Apo Island Marine Reserve,"Open to traditional fishing methods, non-destructive to the benthos since 1986",Mean Biomass (KG/1000 m2),3,12,15.89,NA,NA,Yes,Naso Naso vlamingii,
304,"biomass inside reserve, years of protection 10-15, Fig2a)",Transect count,Individual species,Acanthuridae,Naso,Naso vlamingii,NA,Biomass,NA,NTZ,Apo Island Marine Reserve,"Open to traditional fishing methods, non-destructive to the benthos since 1986",Mean Biomass (KG/1000 m2),4,13,15.12,NA,NA,Yes,Naso Naso vlamingii,
304,"biomass inside reserve, years of protection 10-15, Fig2a)",Transect count,Individual species,Acanthuridae,Naso,Naso vlamingii,NA,Biomass,NA,NTZ,Apo Island Marine Reserve,"Open to traditional fishing methods, non-destructive to the benthos since 1986",Mean Biomass (KG/1000 m2),5,15,16.88,NA,NA,Yes,Naso Naso vlamingii,
304,"biomass inside reserve, years of protection 16-19, Fig2a)",Transect count,Individual species,Acanthuridae,Naso,Naso vlamingii,NA,Biomass,NA,NTZ,Apo Island Marine Reserve,"Open to traditional fishing methods, non-destructive to the benthos since 1986",Mean Biomass (KG/1000 m2),1,16,14.14,NA,NA,Yes,Naso Naso vlamingii,
304,"biomass inside reserve, years of protection 16-19, Fig2a)",Transect count,Individual species,Acanthuridae,Naso,Naso vlamingii,NA,Biomass,NA,NTZ,Apo Island Marine Reserve,"Open to traditional fishing methods, non-destructive to the benthos since 1986",Mean Biomass (KG/1000 m2),2,17,25.86,NA,NA,Yes,Naso Naso vlamingii,
304,"biomass inside reserve, years of protection 16-19, Fig2a)",Transect count,Individual species,Acanthuridae,Naso,Naso vlamingii,NA,Biomass,NA,NTZ,Apo Island Marine Reserve,"Open to traditional fishing methods, non-destructive to the benthos since 1986",Mean Biomass (KG/1000 m2),3,18,24.44,NA,NA,Yes,Naso Naso vlamingii,
304,"biomass inside reserve, years of protection 16-19, Fig2a)",Transect count,Individual species,Acanthuridae,Naso,Naso vlamingii,NA,Biomass,NA,NTZ,Apo Island Marine Reserve,"Open to traditional fishing methods, non-destructive to the benthos since 1986",Mean Biomass (KG/1000 m2),4,19,37.81,NA,NA,Yes,Naso Naso vlamingii,
304,"biomass inside reserve, years of protection 16-19, Fig2a)",Transect count,Individual species,Acanthuridae,Naso,Naso vlamingii,NA,Biomass,NA,NTZ,Apo Island Marine Reserve,"Open to traditional fishing methods, non-destructive to the benthos since 1986",Mean Biomass (KG/1000 m2),5,NA,NA,NA,NA,Yes,Naso Naso vlamingii,
304,"biomass fished nonreserve, years of protection 3-10, Fig2a)",Transect count,Individual species,Acanthuridae,Naso,Naso vlamingii,NA,Biomass,NA,NTZ,Apo Island Marine Reserve,"Open to traditional fishing methods, non-destructive to the benthos since 1986",Mean Biomass (KG/1000 m2),1,3,1.21,NA,NA,Yes,Naso Naso vlamingii,
304,"biomass fished nonreserve, years of protection 3-10, Fig2a)",Transect count,Individual species,Acanthuridae,Naso,Naso vlamingii,NA,Biomass,NA,NTZ,Apo Island Marine Reserve,"Open to traditional fishing methods, non-destructive to the benthos since 1986",Mean Biomass (KG/1000 m2),2,6,0.33,NA,NA,Yes,Naso Naso vlamingii,
304,"biomass fished nonreserve, years of protection 3-10, Fig2a)",Transect count,Individual species,Acanthuridae,Naso,Naso vlamingii,NA,Biomass,NA,NTZ,Apo Island Marine Reserve,"Open to traditional fishing methods, non-destructive to the benthos since 1986",Mean Biomass (KG/1000 m2),3,8,7.89,NA,NA,Yes,Naso Naso vlamingii,
304,"biomass fished nonreserve, years of protection 3-10, Fig2a)",Transect count,Individual species,Acanthuridae,Naso,Naso vlamingii,NA,Biomass,NA,NTZ,Apo Island Marine Reserve,"Open to traditional fishing methods, non-destructive to the benthos since 1986",Mean Biomass (KG/1000 m2),4,9,0,NA,NA,Yes,Naso Naso vlamingii,
304,"biomass fished nonreserve, years of protection 3-10, Fig2a)",Transect count,Individual species,Acanthuridae,Naso,Naso vlamingii,NA,Biomass,NA,NTZ,Apo Island Marine Reserve,"Open to traditional fishing methods, non-destructive to the benthos since 1986",Mean Biomass (KG/1000 m2),5,10,1.42,NA,NA,Yes,Naso Naso vlamingii,
304,"biomass fished nonreserve, years of protection 11-16, Fig2a)",Transect count,Individual species,Acanthuridae,Naso,Naso vlamingii,NA,Biomass,NA,NTZ,Apo Island Marine Reserve,"Open to traditional fishing methods, non-destructive to the benthos since 1986",Mean Biomass (KG/1000 m2),1,11,9.75,NA,NA,Yes,Naso Naso vlamingii,
304,"biomass fished nonreserve, years of protection 11-16, Fig2a)",Transect count,Individual species,Acanthuridae,Naso,Naso vlamingii,NA,Biomass,NA,NTZ,Apo Island Marine Reserve,"Open to traditional fishing methods, non-destructive to the benthos since 1986",Mean Biomass (KG/1000 m2),2,12,0.44,NA,NA,Yes,Naso Naso vlamingii,
304,"biomass fished nonreserve, years of protection 11-16, Fig2a)",Transect count,Individual species,Acanthuridae,Naso,Naso vlamingii,NA,Biomass,NA,NTZ,Apo Island Marine Reserve,"Open to traditional fishing methods, non-destructive to the benthos since 1986",Mean Biomass (KG/1000 m2),3,13,4.6,NA,NA,Yes,Naso Naso vlamingii,
304,"biomass fished nonreserve, years of protection 11-16, Fig2a)",Transect count,Individual species,Acanthuridae,Naso,Naso vlamingii,NA,Biomass,NA,NTZ,Apo Island Marine Reserve,"Open to traditional fishing methods, non-destructive to the benthos since 1986",Mean Biomass (KG/1000 m2),4,15,3.62,NA,NA,Yes,Naso Naso vlamingii,
304,"biomass fished nonreserve, years of protection 11-16, Fig2a)",Transect count,Individual species,Acanthuridae,Naso,Naso vlamingii,NA,Biomass,NA,NTZ,Apo Island Marine Reserve,"Open to traditional fishing methods, non-destructive to the benthos since 1986",Mean Biomass (KG/1000 m2),5,16,2.3,NA,NA,Yes,Naso Naso vlamingii,
304,"biomass fished nonreserve, years of protection 17-19, Fig2a)",Transect count,Individual species,Acanthuridae,Naso,Naso vlamingii,NA,Biomass,NA,NTZ,Apo Island Marine Reserve,"Open to traditional fishing methods, non-destructive to the benthos since 1986",Mean Biomass (KG/1000 m2),1,17,0.44,NA,NA,Yes,Naso Naso vlamingii,
304,"biomass fished nonreserve, years of protection 17-19, Fig2a)",Transect count,Individual species,Acanthuridae,Naso,Naso vlamingii,NA,Biomass,NA,NTZ,Apo Island Marine Reserve,"Open to traditional fishing methods, non-destructive to the benthos since 1986",Mean Biomass (KG/1000 m2),2,18,0.88,NA,NA,Yes,Naso Naso vlamingii,
304,"biomass fished nonreserve, years of protection 17-19, Fig2a)",Transect count,Individual species,Acanthuridae,Naso,Naso vlamingii,NA,Biomass,NA,NTZ,Apo Island Marine Reserve,"Open to traditional fishing methods, non-destructive to the benthos since 1986",Mean Biomass (KG/1000 m2),3,19,1.75,NA,NA,Yes,Naso Naso vlamingii,
304,"biomass fished nonreserve, years of protection 17-19, Fig2a)",Transect count,Individual species,Acanthuridae,Naso,Naso vlamingii,NA,Biomass,NA,NTZ,Apo Island Marine Reserve,"Open to traditional fishing methods, non-destructive to the benthos since 1986",Mean Biomass (KG/1000 m2),4,NA,NA,NA,NA,Yes,Naso Naso vlamingii,
304,"biomass fished nonreserve, years of protection 17-19, Fig2a)",Transect count,Individual species,Acanthuridae,Naso,Naso vlamingii,NA,Biomass,NA,NTZ,Apo Island Marine Reserve,"Open to traditional fishing methods, non-destructive to the benthos since 1986",Mean Biomass (KG/1000 m2),5,NA,NA,NA,NA,Yes,Naso Naso vlamingii,
244,"All species pooled, Manipulated site, Before, Reserve, Fig. 3a",Transect count,Functional group,NA,NA,NA,"Large-bodied, commercially important reef fish",Density,95% confidence intervals,PPO,Jardines de la Reina Marine Reserve,Yes,Individuals / 800 m2,1,1 month,105.35,112.97,97.73,Yes,NA,400
244,"All species pooled, Manipulated site, Before, Reserve, Fig. 3a",Transect count,Functional group,NA,NA,NA,"Large-bodied, commercially important reef fish",Density,95% confidence intervals,PPO,Jardines de la Reina Marine Reserve,Yes,Individuals / 800 m2,2,2 months,90.51,97.73,82.7,Yes,NA,400
244,"All species pooled, Manipulated site, Before, Reserve, Fig. 3a",Transect count,Functional group,NA,NA,NA,"Large-bodied, commercially important reef fish",Density,95% confidence intervals,PPO,Jardines de la Reina Marine Reserve,Yes,Individuals / 800 m2,3,3 months,98.91,105.94,91.09,Yes,NA,400
244,"All species pooled, Manipulated site, Before, Reserve, Fig. 3a",Transect count,Functional group,NA,NA,NA,"Large-bodied, commercially important reef fish",Density,95% confidence intervals,PPO,Jardines de la Reina Marine Reserve,Yes,Individuals / 800 m2,4,NA,NA,NA,NA,Yes,NA,400
244,"All species pooled, Manipulated site, Before, Reserve, Fig. 3a",Transect count,Functional group,NA,NA,NA,"Large-bodied, commercially important reef fish",Density,95% confidence intervals,PPO,Jardines de la Reina Marine Reserve,Yes,Individuals / 800 m2,5,NA,NA,NA,NA,Yes,NA,400
244,"All species pooled, Manipulated site, After, Reserve, Fig. 3a",Transect count,Functional group,NA,NA,NA,"Large-bodied, commercially important reef fish",Density,95% confidence intervals,PPO,Jardines de la Reina Marine Reserve,Yes,Individuals / 800 m2,1,4 months,100.47,107.5,92.46,Yes,NA,400
244,"All species pooled, Manipulated site, After, Reserve, Fig. 3a",Transect count,Functional group,NA,NA,NA,"Large-bodied, commercially important reef fish",Density,95% confidence intervals,PPO,Jardines de la Reina Marine Reserve,Yes,Individuals / 800 m2,2,5 months,89.73,96.95,81.72,Yes,NA,400
244,"All species pooled, Manipulated site, After, Reserve, Fig. 3a",Transect count,Functional group,NA,NA,NA,"Large-bodied, commercially important reef fish",Density,95% confidence intervals,PPO,Jardines de la Reina Marine Reserve,Yes,Individuals / 800 m2,3,6 months,101.05,108.87,93.63,Yes,NA,400
244,"All species pooled, Manipulated site, After, Reserve, Fig. 3a",Transect count,Functional group,NA,NA,NA,"Large-bodied, commercially important reef fish",Density,95% confidence intervals,PPO,Jardines de la Reina Marine Reserve,Yes,Individuals / 800 m2,4,NA,NA,NA,NA,Yes,NA,400
244,"All species pooled, Manipulated site, After, Reserve, Fig. 3a",Transect count,Functional group,NA,NA,NA,"Large-bodied, commercially important reef fish",Density,95% confidence intervals,PPO,Jardines de la Reina Marine Reserve,Yes,Individuals / 800 m2,5,NA,NA,NA,NA,Yes,NA,400
244,"All species pooled, Manipulated site, Before, non reserve, Fig. 3a",Transect count,Functional group,NA,NA,NA,"Large-bodied, commercially important reef fish",Density,95% confidence intervals,PPO,Jardines de la Reina Marine Reserve,Yes,Individuals / 800 m2,1,1 month,108.48,115.9,100.86,Yes,NA,400
244,"All species pooled, Manipulated site, Before, non reserve, Fig. 3a",Transect count,Functional group,NA,NA,NA,"Large-bodied, commercially important reef fish",Density,95% confidence intervals,PPO,Jardines de la Reina Marine Reserve,Yes,Individuals / 800 m2,2,2 months,92.46,99.69,84.84,Yes,NA,400
244,"All species pooled, Manipulated site, Before, non reserve, Fig. 3a",Transect count,Functional group,NA,NA,NA,"Large-bodied, commercially important reef fish",Density,95% confidence intervals,PPO,Jardines de la Reina Marine Reserve,Yes,Individuals / 800 m2,3,3 months,99.88,107.3,92.07,Yes,NA,400
244,"All species pooled, Manipulated site, Before, non reserve, Fig. 3a",Transect count,Functional group,NA,NA,NA,"Large-bodied, commercially important reef fish",Density,95% confidence intervals,PPO,Jardines de la Reina Marine Reserve,Yes,Individuals / 800 m2,4,NA,NA,NA,NA,Yes,NA,400
244,"All species pooled, Manipulated site, Before, non reserve, Fig. 3a",Transect count,Functional group,NA,NA,NA,"Large-bodied, commercially important reef fish",Density,95% confidence intervals,PPO,Jardines de la Reina Marine Reserve,Yes,Individuals / 800 m2,5,NA,NA,NA,NA,Yes,NA,400
244,"All species pooled, Manipulated site, After, non reserve, Fig. 3a",Transect count,Functional group,NA,NA,NA,"Large-bodied, commercially important reef fish",Density,95% confidence intervals,PPO,Jardines de la Reina Marine Reserve,Yes,Individuals / 800 m2,1,4 months,38.75,45.78,30.74,Yes,NA,400
244,"All species pooled, Manipulated site, After, non reserve, Fig. 3a",Transect count,Functional group,NA,NA,NA,"Large-bodied, commercially important reef fish",Density,95% confidence intervals,PPO,Jardines de la Reina Marine Reserve,Yes,Individuals / 800 m2,2,5 months,69.8,77.03,61.8,Yes,NA,400
244,"All species pooled, Manipulated site, After, non reserve, Fig. 3a",Transect count,Functional group,NA,NA,NA,"Large-bodied, commercially important reef fish",Density,95% confidence intervals,PPO,Jardines de la Reina Marine Reserve,Yes,Individuals / 800 m2,3,6 months,99.49,107.11,91.88,Yes,NA,400
244,"All species pooled, Manipulated site, After, non reserve, Fig. 3a",Transect count,Functional group,NA,NA,NA,"Large-bodied, commercially important reef fish",Density,95% confidence intervals,PPO,Jardines de la Reina Marine Reserve,Yes,Individuals / 800 m2,4,NA,NA,NA,NA,Yes,NA,400
244,"All species pooled, Manipulated site, After, non reserve, Fig. 3a",Transect count,Functional group,NA,NA,NA,"Large-bodied, commercially important reef fish",Density,95% confidence intervals,PPO,Jardines de la Reina Marine Reserve,Yes,Individuals / 800 m2,5,NA,NA,NA,NA,Yes,NA,400
244,"All species pooled, control site, Before, Reserve, Fig. 3a",Transect count,Functional group,NA,NA,NA,"Large-bodied, commercially important reef fish",Density,95% confidence intervals,PPO,Jardines de la Reina Marine Reserve,Yes,Individuals / 800 m2,1,1 months,104.02,111.03,96.02,Yes,NA,400
244,"All species pooled, control site, Before, Reserve, Fig. 3a",Transect count,Functional group,NA,NA,NA,"Large-bodied, commercially important reef fish",Density,95% confidence intervals,PPO,Jardines de la Reina Marine Reserve,Yes,Individuals / 800 m2,2,2 months,90.96,98.36,83.35,Yes,NA,400
244,"All species pooled, control site, Before, Reserve, Fig. 3a",Transect count,Functional group,NA,NA,NA,"Large-bodied, commercially important reef fish",Density,95% confidence intervals,PPO,Jardines de la Reina Marine Reserve,Yes,Individuals / 800 m2,3,3 months,104.02,110.84,96.22,Yes,NA,400
244,"All species pooled, control site, Before, Reserve, Fig. 3a",Transect count,Functional group,NA,NA,NA,"Large-bodied, commercially important reef fish",Density,95% confidence intervals,PPO,Jardines de la Reina Marine Reserve,Yes,Individuals / 800 m2,4,NA,NA,NA,NA,Yes,NA,400
244,"All species pooled, control site, Before, Reserve, Fig. 3a",Transect count,Functional group,NA,NA,NA,"Large-bodied, commercially important reef fish",Density,95% confidence intervals,PPO,Jardines de la Reina Marine Reserve,Yes,Individuals / 800 m2,5,NA,NA,NA,NA,Yes,NA,400
244,"All species pooled, control site, After, Reserve, Fig. 3a",Transect count,Functional group,NA,NA,NA,"Large-bodied, commercially important reef fish",Density,95% confidence intervals,PPO,Jardines de la Reina Marine Reserve,Yes,Individuals / 800 m2,1,4 months,105.77,112.98,98.17,Yes,NA,400
244,"All species pooled, control site, After, Reserve, Fig. 3a",Transect count,Functional group,NA,NA,NA,"Large-bodied, commercially important reef fish",Density,95% confidence intervals,PPO,Jardines de la Reina Marine Reserve,Yes,Individuals / 800 m2,2,5 months,102.65,110.06,95.05,Yes,NA,400
244,"All species pooled, control site, After, Reserve, Fig. 3a",Transect count,Functional group,NA,NA,NA,"Large-bodied, commercially important reef fish",Density,95% confidence intervals,PPO,Jardines de la Reina Marine Reserve,Yes,Individuals / 800 m2,3,6 months,104.99,112.59,97.58,Yes,NA,400
244,"All species pooled, control site, After, Reserve, Fig. 3a",Transect count,Functional group,NA,NA,NA,"Large-bodied, commercially important reef fish",Density,95% confidence intervals,PPO,Jardines de la Reina Marine Reserve,Yes,Individuals / 800 m2,4,NA,NA,NA,NA,Yes,NA,400
244,"All species pooled, control site, After, Reserve, Fig. 3a",Transect count,Functional group,NA,NA,NA,"Large-bodied, commercially important reef fish",Density,95% confidence intervals,PPO,Jardines de la Reina Marine Reserve,Yes,Individuals / 800 m2,5,NA,NA,NA,NA,Yes,NA,400
244,"All species pooled, control site, Before, non reserve, Fig. 3a",Transect count,Functional group,NA,NA,NA,"Large-bodied, commercially important reef fish",Density,95% confidence intervals,PPO,Jardines de la Reina Marine Reserve,Yes,Individuals / 800 m2,1,1 month,107.72,115.32,100.31,Yes,NA,400
244,"All species pooled, control site, Before, non reserve, Fig. 3a",Transect count,Functional group,NA,NA,NA,"Large-bodied, commercially important reef fish",Density,95% confidence intervals,PPO,Jardines de la Reina Marine Reserve,Yes,Individuals / 800 m2,2,2 months,93.68,100.9,85.89,Yes,NA,400
244,"All species pooled, control site, Before, non reserve, Fig. 3a",Transect count,Functional group,NA,NA,NA,"Large-bodied, commercially important reef fish",Density,95% confidence intervals,PPO,Jardines de la Reina Marine Reserve,Yes,Individuals / 800 m2,3,3 months,102.46,109.67,94.85,Yes,NA,400
244,"All species pooled, control site, Before, non reserve, Fig. 3a",Transect count,Functional group,NA,NA,NA,"Large-bodied, commercially important reef fish",Density,95% confidence intervals,PPO,Jardines de la Reina Marine Reserve,Yes,Individuals / 800 m2,4,NA,NA,NA,NA,Yes,NA,400
244,"All species pooled, control site, Before, non reserve, Fig. 3a",Transect count,Functional group,NA,NA,NA,"Large-bodied, commercially important reef fish",Density,95% confidence intervals,PPO,Jardines de la Reina Marine Reserve,Yes,Individuals / 800 m2,5,NA,NA,NA,NA,Yes,NA,400
244,"All species pooled, control site, After, non reserve, Fig. 3a",Transect count,Functional group,NA,NA,NA,"Large-bodied, commercially important reef fish",Density,95% confidence intervals,PPO,Jardines de la Reina Marine Reserve,Yes,Individuals / 800 m2,1,4 months,103.63,111.23,96.02,Yes,NA,400
244,"All species pooled, control site, After, non reserve, Fig. 3a",Transect count,Functional group,NA,NA,NA,"Large-bodied, commercially important reef fish",Density,95% confidence intervals,PPO,Jardines de la Reina Marine Reserve,Yes,Individuals / 800 m2,2,5 months,99.14,106.16,91.35,Yes,NA,400
244,"All species pooled, control site, After, non reserve, Fig. 3a",Transect count,Functional group,NA,NA,NA,"Large-bodied, commercially important reef fish",Density,95% confidence intervals,PPO,Jardines de la Reina Marine Reserve,Yes,Individuals / 800 m2,3,3 months,107.13,114.35,99.53,Yes,NA,400
244,"All species pooled, control site, After, non reserve, Fig. 3a",Transect count,Functional group,NA,NA,NA,"Large-bodied, commercially important reef fish",Density,95% confidence intervals,PPO,Jardines de la Reina Marine Reserve,Yes,Individuals / 800 m2,4,NA,NA,NA,NA,Yes,NA,400
244,"All species pooled, control site, After, non reserve, Fig. 3a",Transect count,Functional group,NA,NA,NA,"Large-bodied, commercially important reef fish",Density,95% confidence intervals,PPO,Jardines de la Reina Marine Reserve,Yes,Individuals / 800 m2,5,NA,NA,NA,NA,Yes,NA,400
244,"Cubera Snapper, Manipulated site, Before, Reserve, Fig. 3b",Transect count,Individual species,Lutjanidae,Lutjanus,Lutjanus cyanopterus,NA,Density,95% confidence intervals,PPO,Jardines de la Reina Marine Reserve,Yes,Individuals / 800 m2,1,1 month,9.83,11.94,7.63,No,Lutjanus Lutjanus cyanopterus,400
244,"Cubera Snapper, Manipulated site, Before, Reserve, Fig. 3b",Transect count,Individual species,Lutjanidae,Lutjanus,Lutjanus cyanopterus,NA,Density,95% confidence intervals,PPO,Jardines de la Reina Marine Reserve,Yes,Individuals / 800 m2,2,2 months,8.66,10.8,6.51,No,Lutjanus Lutjanus cyanopterus,400
244,"Cubera Snapper, Manipulated site, Before, Reserve, Fig. 3b",Transect count,Individual species,Lutjanidae,Lutjanus,Lutjanus cyanopterus,NA,Density,95% confidence intervals,PPO,Jardines de la Reina Marine Reserve,Yes,Individuals / 800 m2,3,3 months,9.31,11.43,7.11,No,Lutjanus Lutjanus cyanopterus,400
244,"Cubera Snapper, Manipulated site, Before, Reserve, Fig. 3b",Transect count,Individual species,Lutjanidae,Lutjanus,Lutjanus cyanopterus,NA,Density,95% confidence intervals,PPO,Jardines de la Reina Marine Reserve,Yes,Individuals / 800 m2,4,NA,NA,NA,NA,No,Lutjanus Lutjanus cyanopterus,400
244,"Cubera Snapper, Manipulated site, Before, Reserve, Fig. 3b",Transect count,Individual species,Lutjanidae,Lutjanus,Lutjanus cyanopterus,NA,Density,95% confidence intervals,PPO,Jardines de la Reina Marine Reserve,Yes,Individuals / 800 m2,5,NA,NA,NA,NA,No,Lutjanus Lutjanus cyanopterus,400
244,"Cubera Snapper, Manipulated site, After, Reserve, Fig. 3b",Transect count,Individual species,Lutjanidae,Lutjanus,Lutjanus cyanopterus,NA,Density,95% confidence intervals,PPO,Jardines de la Reina Marine Reserve,Yes,Individuals / 800 m2,1,4 months,10.31,12.46,8.14,No,Lutjanus Lutjanus cyanopterus,400
244,"Cubera Snapper, Manipulated site, After, Reserve, Fig. 3b",Transect count,Individual species,Lutjanidae,Lutjanus,Lutjanus cyanopterus,NA,Density,95% confidence intervals,PPO,Jardines de la Reina Marine Reserve,Yes,Individuals / 800 m2,2,5 month,10.49,12.63,8.31,No,Lutjanus Lutjanus cyanopterus,400
244,"Cubera Snapper, Manipulated site, After, Reserve, Fig. 3b",Transect count,Individual species,Lutjanidae,Lutjanus,Lutjanus cyanopterus,NA,Density,95% confidence intervals,PPO,Jardines de la Reina Marine Reserve,Yes,Individuals / 800 m2,3,6 months,11.51,13.66,9.34,No,Lutjanus Lutjanus cyanopterus,400
244,"Cubera Snapper, Manipulated site, After, Reserve, Fig. 3b",Transect count,Individual species,Lutjanidae,Lutjanus,Lutjanus cyanopterus,NA,Density,95% confidence intervals,PPO,Jardines de la Reina Marine Reserve,Yes,Individuals / 800 m2,4,NA,NA,NA,NA,No,Lutjanus Lutjanus cyanopterus,400
244,"Cubera Snapper, Manipulated site, After, Reserve, Fig. 3b",Transect count,Individual species,Lutjanidae,Lutjanus,Lutjanus cyanopterus,NA,Density,95% confidence intervals,PPO,Jardines de la Reina Marine Reserve,Yes,Individuals / 800 m2,5,NA,NA,NA,NA,No,Lutjanus Lutjanus cyanopterus,400
244,"Cubera Snapper, Manipulated site, Before, non reserve, Fig. 3b",Transect count,Individual species,Lutjanidae,Lutjanus,Lutjanus cyanopterus,NA,Density,95% confidence intervals,PPO,Jardines de la Reina Marine Reserve,Yes,Individuals / 800 m2,1,1 month,9.49,11.57,7.31,No,Lutjanus Lutjanus cyanopterus,400
244,"Cubera Snapper, Manipulated site, Before, non reserve, Fig. 3b",Transect count,Individual species,Lutjanidae,Lutjanus,Lutjanus cyanopterus,NA,Density,95% confidence intervals,PPO,Jardines de la Reina Marine Reserve,Yes,Individuals / 800 m2,2,2 months,8.31,10.46,6.17,No,Lutjanus Lutjanus cyanopterus,400
244,"Cubera Snapper, Manipulated site, Before, non reserve, Fig. 3b",Transect count,Individual species,Lutjanidae,Lutjanus,Lutjanus cyanopterus,NA,Density,95% confidence intervals,PPO,Jardines de la Reina Marine Reserve,Yes,Individuals / 800 m2,3,3 months,10.34,12.43,8.14,No,Lutjanus Lutjanus cyanopterus,400
244,"Cubera Snapper, Manipulated site, Before, non reserve, Fig. 3b",Transect count,Individual species,Lutjanidae,Lutjanus,Lutjanus cyanopterus,NA,Density,95% confidence intervals,PPO,Jardines de la Reina Marine Reserve,Yes,Individuals / 800 m2,4,NA,NA,NA,NA,No,Lutjanus Lutjanus cyanopterus,400
244,"Cubera Snapper, Manipulated site, Before, non reserve, Fig. 3b",Transect count,Individual species,Lutjanidae,Lutjanus,Lutjanus cyanopterus,NA,Density,95% confidence intervals,PPO,Jardines de la Reina Marine Reserve,Yes,Individuals / 800 m2,5,NA,NA,NA,NA,No,Lutjanus Lutjanus cyanopterus,400
244,"Cubera Snapper, Manipulated site, After, non reserve, Fig. 3b",Transect count,Individual species,Lutjanidae,Lutjanus,Lutjanus cyanopterus,NA,Density,95% confidence intervals,PPO,Jardines de la Reina Marine Reserve,Yes,Individuals / 800 m2,1,4 months,3.66,5.74,1.43,No,Lutjanus Lutjanus cyanopterus,400
244,"Cubera Snapper, Manipulated site, After, non reserve, Fig. 3b",Transect count,Individual species,Lutjanidae,Lutjanus,Lutjanus cyanopterus,NA,Density,95% confidence intervals,PPO,Jardines de la Reina Marine Reserve,Yes,Individuals / 800 m2,2,5 months,8.89,10.94,6.6,No,Lutjanus Lutjanus cyanopterus,400
244,"Cubera Snapper, Manipulated site, After, non reserve, Fig. 3b",Transect count,Individual species,Lutjanidae,Lutjanus,Lutjanus cyanopterus,NA,Density,95% confidence intervals,PPO,Jardines de la Reina Marine Reserve,Yes,Individuals / 800 m2,3,6 months,11.69,13.8,9.49,No,Lutjanus Lutjanus cyanopterus,400
244,"Cubera Snapper, Manipulated site, After, non reserve, Fig. 3b",Transect count,Individual species,Lutjanidae,Lutjanus,Lutjanus cyanopterus,NA,Density,95% confidence intervals,PPO,Jardines de la Reina Marine Reserve,Yes,Individuals / 800 m2,4,NA,NA,NA,NA,No,Lutjanus Lutjanus cyanopterus,400
244,"Cubera Snapper, Manipulated site, After, non reserve, Fig. 3b",Transect count,Individual species,Lutjanidae,Lutjanus,Lutjanus cyanopterus,NA,Density,95% confidence intervals,PPO,Jardines de la Reina Marine Reserve,Yes,Individuals / 800 m2,5,NA,NA,NA,NA,No,Lutjanus Lutjanus cyanopterus,400
244,"Cubera Snapper, control site, Before, Reserve, Fig. 3b",Transect count,Individual species,Lutjanidae,Lutjanus,Lutjanus cyanopterus,NA,Density,95% confidence intervals,PPO,Jardines de la Reina Marine Reserve,Yes,Individuals / 800 m2,1,1 month,11.2,13.34,9,No,Lutjanus Lutjanus cyanopterus,400
244,"Cubera Snapper, control site, Before, Reserve, Fig. 3b",Transect count,Individual species,Lutjanidae,Lutjanus,Lutjanus cyanopterus,NA,Density,95% confidence intervals,PPO,Jardines de la Reina Marine Reserve,Yes,Individuals / 800 m2,2,2 months,9.51,11.63,7.31,No,Lutjanus Lutjanus cyanopterus,400
244,"Cubera Snapper, control site, Before, Reserve, Fig. 3b",Transect count,Individual species,Lutjanidae,Lutjanus,Lutjanus cyanopterus,NA,Density,95% confidence intervals,PPO,Jardines de la Reina Marine Reserve,Yes,Individuals / 800 m2,3,3 months,10.03,12.14,7.83,No,Lutjanus Lutjanus cyanopterus,400
244,"Cubera Snapper, control site, Before, Reserve, Fig. 3b",Transect count,Individual species,Lutjanidae,Lutjanus,Lutjanus cyanopterus,NA,Density,95% confidence intervals,PPO,Jardines de la Reina Marine Reserve,Yes,Individuals / 800 m2,4,NA,NA,NA,NA,No,Lutjanus Lutjanus cyanopterus,400
244,"Cubera Snapper, control site, Before, Reserve, Fig. 3b",Transect count,Individual species,Lutjanidae,Lutjanus,Lutjanus cyanopterus,NA,Density,95% confidence intervals,PPO,Jardines de la Reina Marine Reserve,Yes,Individuals / 800 m2,5,NA,NA,NA,NA,No,Lutjanus Lutjanus cyanopterus,400
244,"Cubera Snapper, control site, After, Reserve, Fig. 3b",Transect count,Individual species,Lutjanidae,Lutjanus,Lutjanus cyanopterus,NA,Density,95% confidence intervals,PPO,Jardines de la Reina Marine Reserve,Yes,Individuals / 800 m2,1,4 months,10.34,12.46,8.17,No,Lutjanus Lutjanus cyanopterus,400
244,"Cubera Snapper, control site, After, Reserve, Fig. 3b",Transect count,Individual species,Lutjanidae,Lutjanus,Lutjanus cyanopterus,NA,Density,95% confidence intervals,PPO,Jardines de la Reina Marine Reserve,Yes,Individuals / 800 m2,2,5 months,13.74,15.86,11.57,No,Lutjanus Lutjanus cyanopterus,400
244,"Cubera Snapper, control site, After, Reserve, Fig. 3b",Transect count,Individual species,Lutjanidae,Lutjanus,Lutjanus cyanopterus,NA,Density,95% confidence intervals,PPO,Jardines de la Reina Marine Reserve,Yes,Individuals / 800 m2,3,6 months,13.4,15.49,11.2,No,Lutjanus Lutjanus cyanopterus,400
244,"Cubera Snapper, control site, After, Reserve, Fig. 3b",Transect count,Individual species,Lutjanidae,Lutjanus,Lutjanus cyanopterus,NA,Density,95% confidence intervals,PPO,Jardines de la Reina Marine Reserve,Yes,Individuals / 800 m2,4,NA,NA,NA,NA,No,Lutjanus Lutjanus cyanopterus,400
244,"Cubera Snapper, control site, After, Reserve, Fig. 3b",Transect count,Individual species,Lutjanidae,Lutjanus,Lutjanus cyanopterus,NA,Density,95% confidence intervals,PPO,Jardines de la Reina Marine Reserve,Yes,Individuals / 800 m2,5,NA,NA,NA,NA,No,Lutjanus Lutjanus cyanopterus,400
244,"Cubera Snapper, control site, Before, non reserve, Fig. 3b",Transect count,Individual species,Lutjanidae,Lutjanus,Lutjanus cyanopterus,NA,Density,95% confidence intervals,PPO,Jardines de la Reina Marine Reserve,Yes,Individuals / 800 m2,1,1 month,13.74,15.86,11.54,No,Lutjanus Lutjanus cyanopterus,400
244,"Cubera Snapper, control site, Before, non reserve, Fig. 3b",Transect count,Individual species,Lutjanidae,Lutjanus,Lutjanus cyanopterus,NA,Density,95% confidence intervals,PPO,Jardines de la Reina Marine Reserve,Yes,Individuals / 800 m2,2,2 months,9.69,11.77,7.46,No,Lutjanus Lutjanus cyanopterus,400
244,"Cubera Snapper, control site, Before, non reserve, Fig. 3b",Transect count,Individual species,Lutjanidae,Lutjanus,Lutjanus cyanopterus,NA,Density,95% confidence intervals,PPO,Jardines de la Reina Marine Reserve,Yes,Individuals / 800 m2,3,3 months,10.03,12.14,7.86,No,Lutjanus Lutjanus cyanopterus,400
244,"Cubera Snapper, control site, Before, non reserve, Fig. 3b",Transect count,Individual species,Lutjanidae,Lutjanus,Lutjanus cyanopterus,NA,Density,95% confidence intervals,PPO,Jardines de la Reina Marine Reserve,Yes,Individuals / 800 m2,4,NA,NA,NA,NA,No,Lutjanus Lutjanus cyanopterus,400
244,"Cubera Snapper, control site, Before, non reserve, Fig. 3b",Transect count,Individual species,Lutjanidae,Lutjanus,Lutjanus cyanopterus,NA,Density,95% confidence intervals,PPO,Jardines de la Reina Marine Reserve,Yes,Individuals / 800 m2,5,NA,NA,NA,NA,No,Lutjanus Lutjanus cyanopterus,400
244,"Cubera Snapper, control site, After, non reserve, Fig. 3b",Transect count,Individual species,Lutjanidae,Lutjanus,Lutjanus cyanopterus,NA,Density,95% confidence intervals,PPO,Jardines de la Reina Marine Reserve,Yes,Individuals / 800 m2,1,4 months,10.03,12.14,7.83,No,Lutjanus Lutjanus cyanopterus,400
244,"Cubera Snapper, control site, After, non reserve, Fig. 3b",Transect count,Individual species,Lutjanidae,Lutjanus,Lutjanus cyanopterus,NA,Density,95% confidence intervals,PPO,Jardines de la Reina Marine Reserve,Yes,Individuals / 800 m2,2,5 months,13.71,15.86,11.51,No,Lutjanus Lutjanus cyanopterus,400
244,"Cubera Snapper, control site, After, non reserve, Fig. 3b",Transect count,Individual species,Lutjanidae,Lutjanus,Lutjanus cyanopterus,NA,Density,95% confidence intervals,PPO,Jardines de la Reina Marine Reserve,Yes,Individuals / 800 m2,3,6 months,13.26,15.34,11.03,No,Lutjanus Lutjanus cyanopterus,400
244,"Cubera Snapper, control site, After, non reserve, Fig. 3b",Transect count,Individual species,Lutjanidae,Lutjanus,Lutjanus cyanopterus,NA,Density,95% confidence intervals,PPO,Jardines de la Reina Marine Reserve,Yes,Individuals / 800 m2,4,NA,NA,NA,NA,No,Lutjanus Lutjanus cyanopterus,400
244,"Cubera Snapper, control site, After, non reserve, Fig. 3b",Transect count,Individual species,Lutjanidae,Lutjanus,Lutjanus cyanopterus,NA,Density,95% confidence intervals,PPO,Jardines de la Reina Marine Reserve,Yes,Individuals / 800 m2,5,NA,NA,NA,NA,No,Lutjanus Lutjanus cyanopterus,400
244,"Mutton Snapper, Manipulated site, Before, Reserve, Fig. 3c",Transect count,Individual species,Lutjanidae,Lutjanus,Lutjanus analis,NA,Density,95% confidence intervals,PPO,Jardines de la Reina Marine Reserve,Yes,Individuals / 800 m2,1,1 month,10.36,12.67,7.93,Yes,Lutjanus Lutjanus analis,400
244,"Mutton Snapper, Manipulated site, Before, Reserve, Fig. 3c",Transect count,Individual species,Lutjanidae,Lutjanus,Lutjanus analis,NA,Density,95% confidence intervals,PPO,Jardines de la Reina Marine Reserve,Yes,Individuals / 800 m2,2,2 months,13.16,15.5,10.69,Yes,Lutjanus Lutjanus analis,400
244,"Mutton Snapper, Manipulated site, Before, Reserve, Fig. 3c",Transect count,Individual species,Lutjanidae,Lutjanus,Lutjanus analis,NA,Density,95% confidence intervals,PPO,Jardines de la Reina Marine Reserve,Yes,Individuals / 800 m2,3,3 months,13.12,15.5,10.72,Yes,Lutjanus Lutjanus analis,400
244,"Mutton Snapper, Manipulated site, Before, Reserve, Fig. 3c",Transect count,Individual species,Lutjanidae,Lutjanus,Lutjanus analis,NA,Density,95% confidence intervals,PPO,Jardines de la Reina Marine Reserve,Yes,Individuals / 800 m2,4,NA,NA,NA,NA,Yes,Lutjanus Lutjanus analis,400
244,"Mutton Snapper, Manipulated site, Before, Reserve, Fig. 3c",Transect count,Individual species,Lutjanidae,Lutjanus,Lutjanus analis,NA,Density,95% confidence intervals,PPO,Jardines de la Reina Marine Reserve,Yes,Individuals / 800 m2,5,NA,NA,NA,NA,Yes,Lutjanus Lutjanus analis,400
244,"Mutton Snapper, Manipulated site, After, Reserve, Fig. 3c",Transect count,Individual species,Lutjanidae,Lutjanus,Lutjanus analis,NA,Density,95% confidence intervals,PPO,Jardines de la Reina Marine Reserve,Yes,Individuals / 800 m2,1,4 months,14.52,16.83,11.97,Yes,Lutjanus Lutjanus analis,400
244,"Mutton Snapper, Manipulated site, After, Reserve, Fig. 3c",Transect count,Individual species,Lutjanidae,Lutjanus,Lutjanus analis,NA,Density,95% confidence intervals,PPO,Jardines de la Reina Marine Reserve,Yes,Individuals / 800 m2,2,5 months,12.82,15.13,10.39,Yes,Lutjanus Lutjanus analis,400
244,"Mutton Snapper, Manipulated site, After, Reserve, Fig. 3c",Transect count,Individual species,Lutjanidae,Lutjanus,Lutjanus analis,NA,Density,95% confidence intervals,PPO,Jardines de la Reina Marine Reserve,Yes,Individuals / 800 m2,3,6 months,11.94,14.37,9.51,Yes,Lutjanus Lutjanus analis,400
244,"Mutton Snapper, Manipulated site, After, Reserve, Fig. 3c",Transect count,Individual species,Lutjanidae,Lutjanus,Lutjanus analis,NA,Density,95% confidence intervals,PPO,Jardines de la Reina Marine Reserve,Yes,Individuals / 800 m2,4,NA,NA,NA,NA,Yes,Lutjanus Lutjanus analis,400
244,"Mutton Snapper, Manipulated site, After, Reserve, Fig. 3c",Transect count,Individual species,Lutjanidae,Lutjanus,Lutjanus analis,NA,Density,95% confidence intervals,PPO,Jardines de la Reina Marine Reserve,Yes,Individuals / 800 m2,5,NA,NA,NA,NA,Yes,Lutjanus Lutjanus analis,400
244,"Mutton Snapper, Manipulated site, Before, non reserve, Fig. 3c",Transect count,Individual species,Lutjanidae,Lutjanus,Lutjanus analis,NA,Density,95% confidence intervals,PPO,Jardines de la Reina Marine Reserve,Yes,Individuals / 800 m2,1,1 month,14.61,16.95,12.18,Yes,Lutjanus Lutjanus analis,400
244,"Mutton Snapper, Manipulated site, Before, non reserve, Fig. 3c",Transect count,Individual species,Lutjanidae,Lutjanus,Lutjanus analis,NA,Density,95% confidence intervals,PPO,Jardines de la Reina Marine Reserve,Yes,Individuals / 800 m2,2,2 months,9.96,12.3,7.53,Yes,Lutjanus Lutjanus analis,400
244,"Mutton Snapper, Manipulated site, Before, non reserve, Fig. 3c",Transect count,Individual species,Lutjanidae,Lutjanus,Lutjanus analis,NA,Density,95% confidence intervals,PPO,Jardines de la Reina Marine Reserve,Yes,Individuals / 800 m2,3,3 months,15.1,17.47,12.7,Yes,Lutjanus Lutjanus analis,400
244,"Mutton Snapper, Manipulated site, Before, non reserve, Fig. 3c",Transect count,Individual species,Lutjanidae,Lutjanus,Lutjanus analis,NA,Density,95% confidence intervals,PPO,Jardines de la Reina Marine Reserve,Yes,Individuals / 800 m2,4,NA,NA,NA,NA,Yes,Lutjanus Lutjanus analis,400
244,"Mutton Snapper, Manipulated site, Before, non reserve, Fig. 3c",Transect count,Individual species,Lutjanidae,Lutjanus,Lutjanus analis,NA,Density,95% confidence intervals,PPO,Jardines de la Reina Marine Reserve,Yes,Individuals / 800 m2,5,NA,NA,NA,NA,Yes,Lutjanus Lutjanus analis,400
244,"Mutton Snapper, Manipulated site, After, non reserve, Fig. 3c",Transect count,Individual species,Lutjanidae,Lutjanus,Lutjanus analis,NA,Density,95% confidence intervals,PPO,Jardines de la Reina Marine Reserve,Yes,Individuals / 800 m2,1,4 months,5.98,8.35,3.55,Yes,Lutjanus Lutjanus analis,400
244,"Mutton Snapper, Manipulated site, After, non reserve, Fig. 3c",Transect count,Individual species,Lutjanidae,Lutjanus,Lutjanus analis,NA,Density,95% confidence intervals,PPO,Jardines de la Reina Marine Reserve,Yes,Individuals / 800 m2,2,5 months,12.12,14.46,9.69,Yes,Lutjanus Lutjanus analis,400
244,"Mutton Snapper, Manipulated site, After, non reserve, Fig. 3c",Transect count,Individual species,Lutjanidae,Lutjanus,Lutjanus analis,NA,Density,95% confidence intervals,PPO,Jardines de la Reina Marine Reserve,Yes,Individuals / 800 m2,3,6 months,12.94,15.34,10.51,Yes,Lutjanus Lutjanus analis,400
244,"Mutton Snapper, Manipulated site, After, non reserve, Fig. 3c",Transect count,Individual species,Lutjanidae,Lutjanus,Lutjanus analis,NA,Density,95% confidence intervals,PPO,Jardines de la Reina Marine Reserve,Yes,Individuals / 800 m2,4,NA,NA,NA,NA,Yes,Lutjanus Lutjanus analis,400
244,"Mutton Snapper, Manipulated site, After, non reserve, Fig. 3c",Transect count,Individual species,Lutjanidae,Lutjanus,Lutjanus analis,NA,Density,95% confidence intervals,PPO,Jardines de la Reina Marine Reserve,Yes,Individuals / 800 m2,5,NA,NA,NA,NA,Yes,Lutjanus Lutjanus analis,400
244,"Mutton Snapper, control site, Before, Reserve, Fig. 3c",Transect count,Individual species,Lutjanidae,Lutjanus,Lutjanus analis,NA,Density,95% confidence intervals,PPO,Jardines de la Reina Marine Reserve,Yes,Individuals / 800 m2,1,1 month,12.15,14.46,9.72,Yes,Lutjanus Lutjanus analis,400
244,"Mutton Snapper, control site, Before, Reserve, Fig. 3c",Transect count,Individual species,Lutjanidae,Lutjanus,Lutjanus analis,NA,Density,95% confidence intervals,PPO,Jardines de la Reina Marine Reserve,Yes,Individuals / 800 m2,2,2 month,10.84,13.16,8.41,Yes,Lutjanus Lutjanus analis,400
244,"Mutton Snapper, control site, Before, Reserve, Fig. 3c",Transect count,Individual species,Lutjanidae,Lutjanus,Lutjanus analis,NA,Density,95% confidence intervals,PPO,Jardines de la Reina Marine Reserve,Yes,Individuals / 800 m2,3,3 months,15.01,17.35,12.58,Yes,Lutjanus Lutjanus analis,400
244,"Mutton Snapper, control site, Before, Reserve, Fig. 3c",Transect count,Individual species,Lutjanidae,Lutjanus,Lutjanus analis,NA,Density,95% confidence intervals,PPO,Jardines de la Reina Marine Reserve,Yes,Individuals / 800 m2,4,NA,NA,NA,NA,Yes,Lutjanus Lutjanus analis,400
244,"Mutton Snapper, control site, Before, Reserve, Fig. 3c",Transect count,Individual species,Lutjanidae,Lutjanus,Lutjanus analis,NA,Density,95% confidence intervals,PPO,Jardines de la Reina Marine Reserve,Yes,Individuals / 800 m2,5,NA,NA,NA,NA,Yes,Lutjanus Lutjanus analis,400
244,"Mutton Snapper, control site, After, Reserve, Fig. 3c",Transect count,Individual species,Lutjanidae,Lutjanus,Lutjanus analis,NA,Density,95% confidence intervals,PPO,Jardines de la Reina Marine Reserve,Yes,Individuals / 800 m2,1,4 months,16.62,18.99,14.13,Yes,Lutjanus Lutjanus analis,400
244,"Mutton Snapper, control site, After, Reserve, Fig. 3c",Transect count,Individual species,Lutjanidae,Lutjanus,Lutjanus analis,NA,Density,95% confidence intervals,PPO,Jardines de la Reina Marine Reserve,Yes,Individuals / 800 m2,2,5 months,11.45,13.79,9.05,Yes,Lutjanus Lutjanus analis,400
244,"Mutton Snapper, control site, After, Reserve, Fig. 3c",Transect count,Individual species,Lutjanidae,Lutjanus,Lutjanus analis,NA,Density,95% confidence intervals,PPO,Jardines de la Reina Marine Reserve,Yes,Individuals / 800 m2,3,6 months,7.99,10.33,5.52,Yes,Lutjanus Lutjanus analis,400
244,"Mutton Snapper, control site, After, Reserve, Fig. 3c",Transect count,Individual species,Lutjanidae,Lutjanus,Lutjanus analis,NA,Density,95% confidence intervals,PPO,Jardines de la Reina Marine Reserve,Yes,Individuals / 800 m2,4,NA,NA,NA,NA,Yes,Lutjanus Lutjanus analis,400
244,"Mutton Snapper, control site, After, Reserve, Fig. 3c",Transect count,Individual species,Lutjanidae,Lutjanus,Lutjanus analis,NA,Density,95% confidence intervals,PPO,Jardines de la Reina Marine Reserve,Yes,Individuals / 800 m2,5,NA,NA,NA,NA,Yes,Lutjanus Lutjanus analis,400
244,"Mutton Snapper, control site, Before, non reserve, Fig. 3c",Transect count,Individual species,Lutjanidae,Lutjanus,Lutjanus analis,NA,Density,95% confidence intervals,PPO,Jardines de la Reina Marine Reserve,Yes,Individuals / 800 m2,1,1 month,14.8,17.17,12.36,Yes,Lutjanus Lutjanus analis,400
244,"Mutton Snapper, control site, Before, non reserve, Fig. 3c",Transect count,Individual species,Lutjanidae,Lutjanus,Lutjanus analis,NA,Density,95% confidence intervals,PPO,Jardines de la Reina Marine Reserve,Yes,Individuals / 800 m2,2,2 months,9.99,12.33,7.53,Yes,Lutjanus Lutjanus analis,400
244,"Mutton Snapper, control site, Before, non reserve, Fig. 3c",Transect count,Individual species,Lutjanidae,Lutjanus,Lutjanus analis,NA,Density,95% confidence intervals,PPO,Jardines de la Reina Marine Reserve,Yes,Individuals / 800 m2,3,3 months,13.31,15.68,10.88,Yes,Lutjanus Lutjanus analis,400
244,"Mutton Snapper, control site, Before, non reserve, Fig. 3c",Transect count,Individual species,Lutjanidae,Lutjanus,Lutjanus analis,NA,Density,95% confidence intervals,PPO,Jardines de la Reina Marine Reserve,Yes,Individuals / 800 m2,4,NA,NA,NA,NA,Yes,Lutjanus Lutjanus analis,400
244,"Mutton Snapper, control site, Before, non reserve, Fig. 3c",Transect count,Individual species,Lutjanidae,Lutjanus,Lutjanus analis,NA,Density,95% confidence intervals,PPO,Jardines de la Reina Marine Reserve,Yes,Individuals / 800 m2,5,NA,NA,NA,NA,Yes,Lutjanus Lutjanus analis,400
244,"Mutton Snapper, control site, After, non reserve, Fig. 3c",Transect count,Individual species,Lutjanidae,Lutjanus,Lutjanus analis,NA,Density,95% confidence intervals,PPO,Jardines de la Reina Marine Reserve,Yes,Individuals / 800 m2,1,4 months,12.61,14.98,10.21,Yes,Lutjanus Lutjanus analis,400
244,"Mutton Snapper, control site, After, non reserve, Fig. 3c",Transect count,Individual species,Lutjanidae,Lutjanus,Lutjanus analis,NA,Density,95% confidence intervals,PPO,Jardines de la Reina Marine Reserve,Yes,Individuals / 800 m2,2,5 months,11.45,13.79,9.05,Yes,Lutjanus Lutjanus analis,400
244,"Mutton Snapper, control site, After, non reserve, Fig. 3c",Transect count,Individual species,Lutjanidae,Lutjanus,Lutjanus analis,NA,Density,95% confidence intervals,PPO,Jardines de la Reina Marine Reserve,Yes,Individuals / 800 m2,3,6 months,8.66,11.03,6.26,Yes,Lutjanus Lutjanus analis,400
244,"Mutton Snapper, control site, After, non reserve, Fig. 3c",Transect count,Individual species,Lutjanidae,Lutjanus,Lutjanus analis,NA,Density,95% confidence intervals,PPO,Jardines de la Reina Marine Reserve,Yes,Individuals / 800 m2,4,NA,NA,NA,NA,Yes,Lutjanus Lutjanus analis,400
244,"Mutton Snapper, control site, After, non reserve, Fig. 3c",Transect count,Individual species,Lutjanidae,Lutjanus,Lutjanus analis,NA,Density,95% confidence intervals,PPO,Jardines de la Reina Marine Reserve,Yes,Individuals / 800 m2,5,NA,NA,NA,NA,Yes,Lutjanus Lutjanus analis,400
244,"Hogfish, Manipulated site, Before, Reserve, Fig. 3d",Transect count,Individual species,Labridae,Lachnolaimus,Lachnolaimus maximus,NA,Density,95% confidence intervals,PPO,Jardines de la Reina Marine Reserve,Yes,Individuals / 800 m2,1,1 month,18.46,22.3,14.41,No,Lachnolaimus Lachnolaimus maximus,400
244,"Hogfish, Manipulated site, Before, Reserve, Fig. 3d",Transect count,Individual species,Labridae,Lachnolaimus,Lachnolaimus maximus,NA,Density,95% confidence intervals,PPO,Jardines de la Reina Marine Reserve,Yes,Individuals / 800 m2,2,2 months,14.21,18.15,10.32,No,Lachnolaimus Lachnolaimus maximus,400
244,"Hogfish, Manipulated site, Before, Reserve, Fig. 3d",Transect count,Individual species,Labridae,Lachnolaimus,Lachnolaimus maximus,NA,Density,95% confidence intervals,PPO,Jardines de la Reina Marine Reserve,Yes,Individuals / 800 m2,3,3 months,15.3,19.03,11.3,No,Lachnolaimus Lachnolaimus maximus,400
244,"Hogfish, Manipulated site, Before, Reserve, Fig. 3d",Transect count,Individual species,Labridae,Lachnolaimus,Lachnolaimus maximus,NA,Density,95% confidence intervals,PPO,Jardines de la Reina Marine Reserve,Yes,Individuals / 800 m2,4,NA,NA,NA,NA,No,Lachnolaimus Lachnolaimus maximus,400
244,"Hogfish, Manipulated site, Before, Reserve, Fig. 3d",Transect count,Individual species,Labridae,Lachnolaimus,Lachnolaimus maximus,NA,Density,95% confidence intervals,PPO,Jardines de la Reina Marine Reserve,Yes,Individuals / 800 m2,5,NA,NA,NA,NA,No,Lachnolaimus Lachnolaimus maximus,400
244,"Hogfish, Manipulated site, After, Reserve, Fig. 3d",Transect count,Individual species,Labridae,Lachnolaimus,Lachnolaimus maximus,NA,Density,95% confidence intervals,PPO,Jardines de la Reina Marine Reserve,Yes,Individuals / 800 m2,1,4 month,18.2,21.99,14.1,No,Lachnolaimus Lachnolaimus maximus,400
244,"Hogfish, Manipulated site, After, Reserve, Fig. 3d",Transect count,Individual species,Labridae,Lachnolaimus,Lachnolaimus maximus,NA,Density,95% confidence intervals,PPO,Jardines de la Reina Marine Reserve,Yes,Individuals / 800 m2,2,5 months,17.84,21.57,13.74,No,Lachnolaimus Lachnolaimus maximus,400
244,"Hogfish, Manipulated site, After, Reserve, Fig. 3d",Transect count,Individual species,Labridae,Lachnolaimus,Lachnolaimus maximus,NA,Density,95% confidence intervals,PPO,Jardines de la Reina Marine Reserve,Yes,Individuals / 800 m2,3,6 months,20.69,24.42,16.59,No,Lachnolaimus Lachnolaimus maximus,400
244,"Hogfish, Manipulated site, After, Reserve, Fig. 3d",Transect count,Individual species,Labridae,Lachnolaimus,Lachnolaimus maximus,NA,Density,95% confidence intervals,PPO,Jardines de la Reina Marine Reserve,Yes,Individuals / 800 m2,4,NA,NA,NA,NA,No,Lachnolaimus Lachnolaimus maximus,400
244,"Hogfish, Manipulated site, After, Reserve, Fig. 3d",Transect count,Individual species,Labridae,Lachnolaimus,Lachnolaimus maximus,NA,Density,95% confidence intervals,PPO,Jardines de la Reina Marine Reserve,Yes,Individuals / 800 m2,5,NA,NA,NA,NA,No,Lachnolaimus Lachnolaimus maximus,400
244,"Hogfish, Manipulated site, Before, non reserve, Fig. 3d",Transect count,Individual species,Labridae,Lachnolaimus,Lachnolaimus maximus,NA,Density,95% confidence intervals,PPO,Jardines de la Reina Marine Reserve,Yes,Individuals / 800 m2,1,1 month,19.44,23.23,15.4,No,Lachnolaimus Lachnolaimus maximus,400
244,"Hogfish, Manipulated site, Before, non reserve, Fig. 3d",Transect count,Individual species,Labridae,Lachnolaimus,Lachnolaimus maximus,NA,Density,95% confidence intervals,PPO,Jardines de la Reina Marine Reserve,Yes,Individuals / 800 m2,2,2 months,16.75,20.53,12.81,No,Lachnolaimus Lachnolaimus maximus,400
244,"Hogfish, Manipulated site, Before, non reserve, Fig. 3d",Transect count,Individual species,Labridae,Lachnolaimus,Lachnolaimus maximus,NA,Density,95% confidence intervals,PPO,Jardines de la Reina Marine Reserve,Yes,Individuals / 800 m2,3,3 months,15.71,19.65,11.82,No,Lachnolaimus Lachnolaimus maximus,400
244,"Hogfish, Manipulated site, Before, non reserve, Fig. 3d",Transect count,Individual species,Labridae,Lachnolaimus,Lachnolaimus maximus,NA,Density,95% confidence intervals,PPO,Jardines de la Reina Marine Reserve,Yes,Individuals / 800 m2,4,NA,NA,NA,NA,No,Lachnolaimus Lachnolaimus maximus,400
244,"Hogfish, Manipulated site, Before, non reserve, Fig. 3d",Transect count,Individual species,Labridae,Lachnolaimus,Lachnolaimus maximus,NA,Density,95% confidence intervals,PPO,Jardines de la Reina Marine Reserve,Yes,Individuals / 800 m2,5,NA,NA,NA,NA,No,Lachnolaimus Lachnolaimus maximus,400
244,"Hogfish, Manipulated site, After, non reserve, Fig. 3d",Transect count,Individual species,Labridae,Lachnolaimus,Lachnolaimus maximus,NA,Density,95% confidence intervals,PPO,Jardines de la Reina Marine Reserve,Yes,Individuals / 800 m2,1,4 months,6.07,10.01,2.13,No,Lachnolaimus Lachnolaimus maximus,400
244,"Hogfish, Manipulated site, After, non reserve, Fig. 3d",Transect count,Individual species,Labridae,Lachnolaimus,Lachnolaimus maximus,NA,Density,95% confidence intervals,PPO,Jardines de la Reina Marine Reserve,Yes,Individuals / 800 m2,2,5 months,14.93,18.77,10.94,No,Lachnolaimus Lachnolaimus maximus,400
244,"Hogfish, Manipulated site, After, non reserve, Fig. 3d",Transect count,Individual species,Labridae,Lachnolaimus,Lachnolaimus maximus,NA,Density,95% confidence intervals,PPO,Jardines de la Reina Marine Reserve,Yes,Individuals / 800 m2,3,6 months,17.94,21.57,13.79,No,Lachnolaimus Lachnolaimus maximus,400
244,"Hogfish, Manipulated site, After, non reserve, Fig. 3d",Transect count,Individual species,Labridae,Lachnolaimus,Lachnolaimus maximus,NA,Density,95% confidence intervals,PPO,Jardines de la Reina Marine Reserve,Yes,Individuals / 800 m2,4,NA,NA,NA,NA,No,Lachnolaimus Lachnolaimus maximus,400
244,"Hogfish, Manipulated site, After, non reserve, Fig. 3d",Transect count,Individual species,Labridae,Lachnolaimus,Lachnolaimus maximus,NA,Density,95% confidence intervals,PPO,Jardines de la Reina Marine Reserve,Yes,Individuals / 800 m2,5,NA,NA,NA,NA,No,Lachnolaimus Lachnolaimus maximus,400
244,"Hogfish, control site, Before, Reserve, Fig. 3d",Transect count,Individual species,Labridae,Lachnolaimus,Lachnolaimus maximus,NA,Density,95% confidence intervals,PPO,Jardines de la Reina Marine Reserve,Yes,Individuals / 800 m2,1,1 month,18.25,22.14,14.21,No,Lachnolaimus Lachnolaimus maximus,400
244,"Hogfish, control site, Before, Reserve, Fig. 3d",Transect count,Individual species,Labridae,Lachnolaimus,Lachnolaimus maximus,NA,Density,95% confidence intervals,PPO,Jardines de la Reina Marine Reserve,Yes,Individuals / 800 m2,2,2 months,13.79,17.58,9.75,No,Lachnolaimus Lachnolaimus maximus,400
244,"Hogfish, control site, Before, Reserve, Fig. 3d",Transect count,Individual species,Labridae,Lachnolaimus,Lachnolaimus maximus,NA,Density,95% confidence intervals,PPO,Jardines de la Reina Marine Reserve,Yes,Individuals / 800 m2,3,3 months,16.39,20.27,12.55,No,Lachnolaimus Lachnolaimus maximus,400
244,"Hogfish, control site, Before, Reserve, Fig. 3d",Transect count,Individual species,Labridae,Lachnolaimus,Lachnolaimus maximus,NA,Density,95% confidence intervals,PPO,Jardines de la Reina Marine Reserve,Yes,Individuals / 800 m2,4,NA,NA,NA,NA,No,Lachnolaimus Lachnolaimus maximus,400
244,"Hogfish, control site, Before, Reserve, Fig. 3d",Transect count,Individual species,Labridae,Lachnolaimus,Lachnolaimus maximus,NA,Density,95% confidence intervals,PPO,Jardines de la Reina Marine Reserve,Yes,Individuals / 800 m2,5,NA,NA,NA,NA,No,Lachnolaimus Lachnolaimus maximus,400
244,"Hogfish, control site, After, Reserve, Fig. 3d",Transect count,Individual species,Labridae,Lachnolaimus,Lachnolaimus maximus,NA,Density,95% confidence intervals,PPO,Jardines de la Reina Marine Reserve,Yes,Individuals / 800 m2,1,4 months,16.28,20.12,12.29,No,Lachnolaimus Lachnolaimus maximus,400
244,"Hogfish, control site, After, Reserve, Fig. 3d",Transect count,Individual species,Labridae,Lachnolaimus,Lachnolaimus maximus,NA,Density,95% confidence intervals,PPO,Jardines de la Reina Marine Reserve,Yes,Individuals / 800 m2,2,5 months,17.94,21.83,13.95,No,Lachnolaimus Lachnolaimus maximus,400
244,"Hogfish, control site, After, Reserve, Fig. 3d",Transect count,Individual species,Labridae,Lachnolaimus,Lachnolaimus maximus,NA,Density,95% confidence intervals,PPO,Jardines de la Reina Marine Reserve,Yes,Individuals / 800 m2,3,6 months,22.66,26.34,18.61,No,Lachnolaimus Lachnolaimus maximus,400
244,"Hogfish, control site, After, Reserve, Fig. 3d",Transect count,Individual species,Labridae,Lachnolaimus,Lachnolaimus maximus,NA,Density,95% confidence intervals,PPO,Jardines de la Reina Marine Reserve,Yes,Individuals / 800 m2,4,NA,NA,NA,NA,No,Lachnolaimus Lachnolaimus maximus,400
244,"Hogfish, control site, After, Reserve, Fig. 3d",Transect count,Individual species,Labridae,Lachnolaimus,Lachnolaimus maximus,NA,Density,95% confidence intervals,PPO,Jardines de la Reina Marine Reserve,Yes,Individuals / 800 m2,5,NA,NA,NA,NA,No,Lachnolaimus Lachnolaimus maximus,400
244,"Hogfish, control site, Before, non reserve, Fig. 3d",Transect count,Individual species,Labridae,Lachnolaimus,Lachnolaimus maximus,NA,Density,95% confidence intervals,PPO,Jardines de la Reina Marine Reserve,Yes,Individuals / 800 m2,1,1 month,17.79,21.57,13.74,No,Lachnolaimus Lachnolaimus maximus,400
244,"Hogfish, control site, Before, non reserve, Fig. 3d",Transect count,Individual species,Labridae,Lachnolaimus,Lachnolaimus maximus,NA,Density,95% confidence intervals,PPO,Jardines de la Reina Marine Reserve,Yes,Individuals / 800 m2,2,2 months,14.57,18.46,10.63,No,Lachnolaimus Lachnolaimus maximus,400
244,"Hogfish, control site, Before, non reserve, Fig. 3d",Transect count,Individual species,Labridae,Lachnolaimus,Lachnolaimus maximus,NA,Density,95% confidence intervals,PPO,Jardines de la Reina Marine Reserve,Yes,Individuals / 800 m2,3,3 months,17.47,21.31,13.48,No,Lachnolaimus Lachnolaimus maximus,400
244,"Hogfish, control site, Before, non reserve, Fig. 3d",Transect count,Individual species,Labridae,Lachnolaimus,Lachnolaimus maximus,NA,Density,95% confidence intervals,PPO,Jardines de la Reina Marine Reserve,Yes,Individuals / 800 m2,4,NA,NA,NA,NA,No,Lachnolaimus Lachnolaimus maximus,400
244,"Hogfish, control site, Before, non reserve, Fig. 3d",Transect count,Individual species,Labridae,Lachnolaimus,Lachnolaimus maximus,NA,Density,95% confidence intervals,PPO,Jardines de la Reina Marine Reserve,Yes,Individuals / 800 m2,5,NA,NA,NA,NA,No,Lachnolaimus Lachnolaimus maximus,400
244,"Hogfish, control site, After, non reserve, Fig. 3d",Transect count,Individual species,Labridae,Lachnolaimus,Lachnolaimus maximus,NA,Density,95% confidence intervals,PPO,Jardines de la Reina Marine Reserve,Yes,Individuals / 800 m2,1,4 months,16.28,20.07,12.24,No,Lachnolaimus Lachnolaimus maximus,400
244,"Hogfish, control site, After, non reserve, Fig. 3d",Transect count,Individual species,Labridae,Lachnolaimus,Lachnolaimus maximus,NA,Density,95% confidence intervals,PPO,Jardines de la Reina Marine Reserve,Yes,Individuals / 800 m2,2,5 months,19.19,22.87,15.09,No,Lachnolaimus Lachnolaimus maximus,400
244,"Hogfish, control site, After, non reserve, Fig. 3d",Transect count,Individual species,Labridae,Lachnolaimus,Lachnolaimus maximus,NA,Density,95% confidence intervals,PPO,Jardines de la Reina Marine Reserve,Yes,Individuals / 800 m2,3,6 months,25.15,28.88,21.05,No,Lachnolaimus Lachnolaimus maximus,400
244,"Hogfish, control site, After, non reserve, Fig. 3d",Transect count,Individual species,Labridae,Lachnolaimus,Lachnolaimus maximus,NA,Density,95% confidence intervals,PPO,Jardines de la Reina Marine Reserve,Yes,Individuals / 800 m2,4,NA,NA,NA,NA,No,Lachnolaimus Lachnolaimus maximus,400
244,"Hogfish, control site, After, non reserve, Fig. 3d",Transect count,Individual species,Labridae,Lachnolaimus,Lachnolaimus maximus,NA,Density,95% confidence intervals,PPO,Jardines de la Reina Marine Reserve,Yes,Individuals / 800 m2,5,NA,NA,NA,NA,No,Lachnolaimus Lachnolaimus maximus,400
803,"CPUE all categories of catch, Kenyatta-Closure, 1996-2000, Fig. 2a",Catch,whole catch,NA,NA,NA,whole catch,Catch per unit effort (CPUE),Standard error,NTZ,Mombasa Marine National Park,"1 PPG, 1 area open to all fishing",kg/fisher/day,1,1996,3.72,3.87,3.57,NA,NA,
803,"CPUE all categories of catch, Kenyatta-Closure, 1996-2000, Fig. 2a",Catch,whole catch,NA,NA,NA,whole catch,Catch per unit effort (CPUE),Standard error,NTZ,Mombasa Marine National Park,"1 PPG, 1 area open to all fishing",kg/fisher/day,2,1997,4.12,4.34,3.88,NA,NA,
803,"CPUE all categories of catch, Kenyatta-Closure, 1996-2000, Fig. 2a",Catch,whole catch,NA,NA,NA,whole catch,Catch per unit effort (CPUE),Standard error,NTZ,Mombasa Marine National Park,"1 PPG, 1 area open to all fishing",kg/fisher/day,3,1998,2.96,3.1,2.8,NA,NA,
803,"CPUE all categories of catch, Kenyatta-Closure, 1996-2000, Fig. 2a",Catch,whole catch,NA,NA,NA,whole catch,Catch per unit effort (CPUE),Standard error,NTZ,Mombasa Marine National Park,"1 PPG, 1 area open to all fishing",kg/fisher/day,4,1999,2.74,2.87,2.6,NA,NA,
803,"CPUE all categories of catch, Kenyatta-Closure, 1996-2000, Fig. 2a",Catch,whole catch,NA,NA,NA,whole catch,Catch per unit effort (CPUE),Standard error,NTZ,Mombasa Marine National Park,"1 PPG, 1 area open to all fishing",kg/fisher/day,5,2000,2.49,2.63,2.4,NA,NA,
803,"CPUE all categories of catch, Kenyatta-Closure, 2001-2005, Fig. 2a",Catch,whole catch,NA,NA,NA,whole catch,Catch per unit effort (CPUE),Standard error,NTZ,Mombasa Marine National Park,"1 PPG, 1 area open to all fishing",kg/fisher/day,1,2001,2.61,2.74,2.48,NA,NA,
803,"CPUE all categories of catch, Kenyatta-Closure, 2001-2005, Fig. 2a",Catch,whole catch,NA,NA,NA,whole catch,Catch per unit effort (CPUE),Standard error,NTZ,Mombasa Marine National Park,"1 PPG, 1 area open to all fishing",kg/fisher/day,2,2002,3.59,3.77,3.45,NA,NA,
803,"CPUE all categories of catch, Kenyatta-Closure, 2001-2005, Fig. 2a",Catch,whole catch,NA,NA,NA,whole catch,Catch per unit effort (CPUE),Standard error,NTZ,Mombasa Marine National Park,"1 PPG, 1 area open to all fishing",kg/fisher/day,3,2003,4.21,4.38,4.02,NA,NA,
803,"CPUE all categories of catch, Kenyatta-Closure, 2001-2005, Fig. 2a",Catch,whole catch,NA,NA,NA,whole catch,Catch per unit effort (CPUE),Standard error,NTZ,Mombasa Marine National Park,"1 PPG, 1 area open to all fishing",kg/fisher/day,4,2004,3.99,4.18,3.79,NA,NA,
803,"CPUE all categories of catch, Kenyatta-Closure, 2001-2005, Fig. 2a",Catch,whole catch,NA,NA,NA,whole catch,Catch per unit effort (CPUE),Standard error,NTZ,Mombasa Marine National Park,"1 PPG, 1 area open to all fishing",kg/fisher/day,5,2005,3.98,4.17,NA,NA,NA,
803,"CPUE all categories of catch, Kenyatta-Closure, 2006-2007, Fig. 2a",Catch,whole catch,NA,NA,NA,whole catch,Catch per unit effort (CPUE),Standard error,NTZ,Mombasa Marine National Park,"1 PPG, 1 area open to all fishing",kg/fisher/day,1,2006,3.66,NA,3.46,NA,NA,
803,"CPUE all categories of catch, Kenyatta-Closure, 2006-2007, Fig. 2a",Catch,whole catch,NA,NA,NA,whole catch,Catch per unit effort (CPUE),Standard error,NTZ,Mombasa Marine National Park,"1 PPG, 1 area open to all fishing",kg/fisher/day,2,2007,4.36,4.58,4.15,NA,NA,
803,"CPUE all categories of catch, Kenyatta-Closure, 2006-2007, Fig. 2a",Catch,whole catch,NA,NA,NA,whole catch,Catch per unit effort (CPUE),Standard error,NTZ,Mombasa Marine National Park,"1 PPG, 1 area open to all fishing",kg/fisher/day,3,NA,NA,NA,NA,NA,NA,
803,"CPUE all categories of catch, Kenyatta-Closure, 2006-2007, Fig. 2a",Catch,whole catch,NA,NA,NA,whole catch,Catch per unit effort (CPUE),Standard error,NTZ,Mombasa Marine National Park,"1 PPG, 1 area open to all fishing",kg/fisher/day,4,NA,NA,NA,NA,NA,NA,
803,"CPUE all categories of catch, Kenyatta-Closure, 2006-2007, Fig. 2a",Catch,whole catch,NA,NA,NA,whole catch,Catch per unit effort (CPUE),Standard error,NTZ,Mombasa Marine National Park,"1 PPG, 1 area open to all fishing",kg/fisher/day,5,NA,NA,NA,NA,NA,NA,
803,"CPUE all categories of catch, South Coast gear restriction, 1996-2000, Fig. 2a",Catch,whole catch,NA,NA,NA,whole catch,Catch per unit effort (CPUE),Standard error,NTZ,Mombasa Marine National Park,"1 PPG, 1 area open to all fishing",kg/fisher/day,1,1996,3.88,4.02,3.74,NA,NA,
803,"CPUE all categories of catch, South Coast gear restriction, 1996-2000, Fig. 2a",Catch,whole catch,NA,NA,NA,whole catch,Catch per unit effort (CPUE),Standard error,NTZ,Mombasa Marine National Park,"1 PPG, 1 area open to all fishing",kg/fisher/day,2,1997,3.19,3.33,3.06,NA,NA,
803,"CPUE all categories of catch, South Coast gear restriction, 1996-2000, Fig. 2a",Catch,whole catch,NA,NA,NA,whole catch,Catch per unit effort (CPUE),Standard error,NTZ,Mombasa Marine National Park,"1 PPG, 1 area open to all fishing",kg/fisher/day,3,1998,2.92,3.02,2.75,NA,NA,
803,"CPUE all categories of catch, South Coast gear restriction, 1996-2000, Fig. 2a",Catch,whole catch,NA,NA,NA,whole catch,Catch per unit effort (CPUE),Standard error,NTZ,Mombasa Marine National Park,"1 PPG, 1 area open to all fishing",kg/fisher/day,4,1999,2.76,2.88,2.61,NA,NA,
803,"CPUE all categories of catch, South Coast gear restriction, 1996-2000, Fig. 2a",Catch,whole catch,NA,NA,NA,whole catch,Catch per unit effort (CPUE),Standard error,NTZ,Mombasa Marine National Park,"1 PPG, 1 area open to all fishing",kg/fisher/day,5,2000,2.59,2.69,2.39,NA,NA,
803,"CPUE all categories of catch, South Coast gear restriction, 2001-2005, Fig. 2a",Catch,whole catch,NA,NA,NA,whole catch,Catch per unit effort (CPUE),Standard error,NTZ,Mombasa Marine National Park,"1 PPG, 1 area open to all fishing",kg/fisher/day,1,2001,3.53,3.66,3.39,NA,NA,
803,"CPUE all categories of catch, South Coast gear restriction, 2001-2005, Fig. 2a",Catch,whole catch,NA,NA,NA,whole catch,Catch per unit effort (CPUE),Standard error,NTZ,Mombasa Marine National Park,"1 PPG, 1 area open to all fishing",kg/fisher/day,2,2002,3.02,3.14,2.88,NA,NA,
803,"CPUE all categories of catch, South Coast gear restriction, 2001-2005, Fig. 2a",Catch,whole catch,NA,NA,NA,whole catch,Catch per unit effort (CPUE),Standard error,NTZ,Mombasa Marine National Park,"1 PPG, 1 area open to all fishing",kg/fisher/day,3,2003,3.09,3.28,2.91,NA,NA,
803,"CPUE all categories of catch, South Coast gear restriction, 2001-2005, Fig. 2a",Catch,whole catch,NA,NA,NA,whole catch,Catch per unit effort (CPUE),Standard error,NTZ,Mombasa Marine National Park,"1 PPG, 1 area open to all fishing",kg/fisher/day,4,2004,3.12,3.28,2.93,NA,NA,
803,"CPUE all categories of catch, South Coast gear restriction, 2001-2005, Fig. 2a",Catch,whole catch,NA,NA,NA,whole catch,Catch per unit effort (CPUE),Standard error,NTZ,Mombasa Marine National Park,"1 PPG, 1 area open to all fishing",kg/fisher/day,5,2005,3.82,NA,3.63,NA,NA,
803,"CPUE all categories of catch, South Coast gear restriction, 2006-2007, Fig. 2a",Catch,whole catch,NA,NA,NA,whole catch,Catch per unit effort (CPUE),Standard error,NTZ,Mombasa Marine National Park,"1 PPG, 1 area open to all fishing",kg/fisher/day,1,2006,3.69,3.87,3.52,NA,NA,
803,"CPUE all categories of catch, South Coast gear restriction, 2006-2007, Fig. 2a",Catch,whole catch,NA,NA,NA,whole catch,Catch per unit effort (CPUE),Standard error,NTZ,Mombasa Marine National Park,"1 PPG, 1 area open to all fishing",kg/fisher/day,2,2007,4.31,4.47,4.09,NA,NA,
803,"CPUE all categories of catch, South Coast gear restriction, 2006-2007, Fig. 2a",Catch,whole catch,NA,NA,NA,whole catch,Catch per unit effort (CPUE),Standard error,NTZ,Mombasa Marine National Park,"1 PPG, 1 area open to all fishing",kg/fisher/day,3,NA,NA,NA,NA,NA,NA,
803,"CPUE all categories of catch, South Coast gear restriction, 2006-2007, Fig. 2a",Catch,whole catch,NA,NA,NA,whole catch,Catch per unit effort (CPUE),Standard error,NTZ,Mombasa Marine National Park,"1 PPG, 1 area open to all fishing",kg/fisher/day,4,NA,NA,NA,NA,NA,NA,
803,"CPUE all categories of catch, South Coast gear restriction, 2006-2007, Fig. 2a",Catch,whole catch,NA,NA,NA,whole catch,Catch per unit effort (CPUE),Standard error,NTZ,Mombasa Marine National Park,"1 PPG, 1 area open to all fishing",kg/fisher/day,5,NA,NA,NA,NA,NA,NA,
803,"CPUE all categories of catch, North Coast fished area, 2000-2005, Fig. 2a",Catch,whole catch,NA,NA,NA,whole catch,Catch per unit effort (CPUE),Standard error,NTZ,Mombasa Marine National Park,"1 PPG, 1 area open to all fishing",kg/fisher/day,1,2001,2.11,2.25,1.99,NA,NA,
803,"CPUE all categories of catch, North Coast fished area, 2000-2005, Fig. 2a",Catch,whole catch,NA,NA,NA,whole catch,Catch per unit effort (CPUE),Standard error,NTZ,Mombasa Marine National Park,"1 PPG, 1 area open to all fishing",kg/fisher/day,2,2002,1.64,1.74,1.53,NA,NA,
803,"CPUE all categories of catch, North Coast fished area, 2000-2005, Fig. 2a",Catch,whole catch,NA,NA,NA,whole catch,Catch per unit effort (CPUE),Standard error,NTZ,Mombasa Marine National Park,"1 PPG, 1 area open to all fishing",kg/fisher/day,3,2003,2.16,2.28,2.04,NA,NA,
803,"CPUE all categories of catch, North Coast fished area, 2000-2005, Fig. 2a",Catch,whole catch,NA,NA,NA,whole catch,Catch per unit effort (CPUE),Standard error,NTZ,Mombasa Marine National Park,"1 PPG, 1 area open to all fishing",kg/fisher/day,4,2004,1.95,2.05,1.84,NA,NA,
803,"CPUE all categories of catch, North Coast fished area, 2000-2005, Fig. 2a",Catch,whole catch,NA,NA,NA,whole catch,Catch per unit effort (CPUE),Standard error,NTZ,Mombasa Marine National Park,"1 PPG, 1 area open to all fishing",kg/fisher/day,5,2005,2.11,2.26,1.98,NA,NA,
803,"CPUE all categories of catch, North Coast fished area, 2006-2007, Fig. 2a",Catch,whole catch,NA,NA,NA,whole catch,Catch per unit effort (CPUE),Standard error,NTZ,Mombasa Marine National Park,"1 PPG, 1 area open to all fishing",kg/fisher/day,1,2006,1.93,2.05,1.82,NA,NA,
803,"CPUE all categories of catch, North Coast fished area, 2006-2007, Fig. 2a",Catch,whole catch,NA,NA,NA,whole catch,Catch per unit effort (CPUE),Standard error,NTZ,Mombasa Marine National Park,"1 PPG, 1 area open to all fishing",kg/fisher/day,2,2007,2.38,2.52,2.25,NA,NA,
803,"CPUE all categories of catch, North Coast fished area, 2006-2007, Fig. 2a",Catch,whole catch,NA,NA,NA,whole catch,Catch per unit effort (CPUE),Standard error,NTZ,Mombasa Marine National Park,"1 PPG, 1 area open to all fishing",kg/fisher/day,3,NA,NA,NA,NA,NA,NA,
803,"CPUE all categories of catch, North Coast fished area, 2006-2007, Fig. 2a",Catch,whole catch,NA,NA,NA,whole catch,Catch per unit effort (CPUE),Standard error,NTZ,Mombasa Marine National Park,"1 PPG, 1 area open to all fishing",kg/fisher/day,4,NA,NA,NA,NA,NA,NA,
803,"CPUE all categories of catch, North Coast fished area, 2006-2007, Fig. 2a",Catch,whole catch,NA,NA,NA,whole catch,Catch per unit effort (CPUE),Standard error,NTZ,Mombasa Marine National Park,"1 PPG, 1 area open to all fishing",kg/fisher/day,5,NA,NA,NA,NA,NA,NA,
803,"CPUE, Goatfish, Kenyatta Closure, 1996-2000, Fig. 3a",Catch,Family group,Mullidae,NA,NA,NA,Catch per unit effort (CPUE),NA,NTZ,Mombasa Marine National Park," 1 PPG, 1 area open to all fishing",kg/fisher/day,1,1996,0.0269,NA,NA,NA,NA,
803,"CPUE, Goatfish, Kenyatta Closure, 1996-2000, Fig. 3a",Catch,Family group,Mullidae,NA,NA,NA,Catch per unit effort (CPUE),NA,NTZ,Mombasa Marine National Park," 1 PPG, 1 area open to all fishing",kg/fisher/day,2,1997,0.0159,NA,NA,NA,NA,
803,"CPUE, Goatfish, Kenyatta Closure, 1996-2000, Fig. 3a",Catch,Family group,Mullidae,NA,NA,NA,Catch per unit effort (CPUE),NA,NTZ,Mombasa Marine National Park," 1 PPG, 1 area open to all fishing",kg/fisher/day,3,1998,0.0089,NA,NA,NA,NA,
803,"CPUE, Goatfish, Kenyatta Closure, 1996-2000, Fig. 3a",Catch,Family group,Mullidae,NA,NA,NA,Catch per unit effort (CPUE),NA,NTZ,Mombasa Marine National Park," 1 PPG, 1 area open to all fishing",kg/fisher/day,4,1999,0.0113,NA,NA,NA,NA,
803,"CPUE, Goatfish, Kenyatta Closure, 1996-2000, Fig. 3a",Catch,Family group,Mullidae,NA,NA,NA,Catch per unit effort (CPUE),NA,NTZ,Mombasa Marine National Park," 1 PPG, 1 area open to all fishing",kg/fisher/day,5,2000,0.0156,NA,NA,NA,NA,
803,"CPUE, Goatfish, Kenyatta Closure, 2001-2005, Fig. 3a",Catch,Family group,Mullidae,NA,NA,NA,Catch per unit effort (CPUE),NA,NTZ,Mombasa Marine National Park,"1 PPG, 1 area open to all fishing",kg/fisher/day,1,2001,0.005,NA,NA,NA,NA,
803,"CPUE, Goatfish, Kenyatta Closure, 2001-2005, Fig. 3a",Catch,Family group,Mullidae,NA,NA,NA,Catch per unit effort (CPUE),NA,NTZ,Mombasa Marine National Park,"1 PPG, 1 area open to all fishing",kg/fisher/day,2,2002,0.006,NA,NA,NA,NA,
803,"CPUE, Goatfish, Kenyatta Closure, 2001-2005, Fig. 3a",Catch,Family group,Mullidae,NA,NA,NA,Catch per unit effort (CPUE),NA,NTZ,Mombasa Marine National Park,"1 PPG, 1 area open to all fishing",kg/fisher/day,3,2003,0.1233,NA,NA,NA,NA,
803,"CPUE, Goatfish, Kenyatta Closure, 2001-2005, Fig. 3a",Catch,Family group,Mullidae,NA,NA,NA,Catch per unit effort (CPUE),NA,NTZ,Mombasa Marine National Park,"1 PPG, 1 area open to all fishing",kg/fisher/day,4,2004,0.0475,NA,NA,NA,NA,
803,"CPUE, Goatfish, Kenyatta Closure, 2001-2005, Fig. 3a",Catch,Family group,Mullidae,NA,NA,NA,Catch per unit effort (CPUE),NA,NTZ,Mombasa Marine National Park,"1 PPG, 1 area open to all fishing",kg/fisher/day,5,2005,0.0301,NA,NA,NA,NA,
803,"CPUE, Goatfish, Kenyatta Closure, 2006-2007, Fig. 3a",Catch,Family group,Mullidae,NA,NA,NA,Catch per unit effort (CPUE),NA,NTZ,Mombasa Marine National Park,"1 PPG, 1 area open to all fishing",kg/fisher/day,1,2006,0.0255,NA,NA,NA,NA,
803,"CPUE, Goatfish, Kenyatta Closure, 2006-2007, Fig. 3a",Catch,Family group,Mullidae,NA,NA,NA,Catch per unit effort (CPUE),NA,NTZ,Mombasa Marine National Park,"1 PPG, 1 area open to all fishing",kg/fisher/day,2,2007,0.0298,NA,NA,NA,NA,
803,"CPUE, Goatfish, Kenyatta Closure, 2006-2007, Fig. 3a",Catch,Family group,Mullidae,NA,NA,NA,Catch per unit effort (CPUE),NA,NTZ,Mombasa Marine National Park,"1 PPG, 1 area open to all fishing",kg/fisher/day,3,NA,NA,NA,NA,NA,NA,
803,"CPUE, Goatfish, Kenyatta Closure, 2006-2007, Fig. 3a",Catch,Family group,Mullidae,NA,NA,NA,Catch per unit effort (CPUE),NA,NTZ,Mombasa Marine National Park,"1 PPG, 1 area open to all fishing",kg/fisher/day,4,NA,NA,NA,NA,NA,NA,
803,"CPUE, Goatfish, Kenyatta Closure, 2006-2007, Fig. 3a",Catch,Family group,Mullidae,NA,NA,NA,Catch per unit effort (CPUE),NA,NTZ,Mombasa Marine National Park,"1 PPG, 1 area open to all fishing",kg/fisher/day,5,NA,NA,NA,NA,NA,NA,
803,"CPUE, Goatfish, South Coast Gear Restriction, 1996-2000, Fig. 3a",Catch,Family group,Mullidae,NA,NA,NA,Catch per unit effort (CPUE),NA,NTZ,Mombasa Marine National Park,"1 PPG, 1 area open to all fishing",kg/fisher/day,1,1996,0.033,NA,NA,NA,NA,
803,"CPUE, Goatfish, South Coast Gear Restriction, 1996-2000, Fig. 3a",Catch,Family group,Mullidae,NA,NA,NA,Catch per unit effort (CPUE),NA,NTZ,Mombasa Marine National Park,"1 PPG, 1 area open to all fishing",kg/fisher/day,2,1997,0.0163,NA,NA,NA,NA,
803,"CPUE, Goatfish, South Coast Gear Restriction, 1996-2000, Fig. 3a",Catch,Family group,Mullidae,NA,NA,NA,Catch per unit effort (CPUE),NA,NTZ,Mombasa Marine National Park,"1 PPG, 1 area open to all fishing",kg/fisher/day,3,1998,0.0223,NA,NA,NA,NA,
803,"CPUE, Goatfish, South Coast Gear Restriction, 1996-2000, Fig. 3a",Catch,Family group,Mullidae,NA,NA,NA,Catch per unit effort (CPUE),NA,NTZ,Mombasa Marine National Park,"1 PPG, 1 area open to all fishing",kg/fisher/day,4,1999,0.0248,NA,NA,NA,NA,
803,"CPUE, Goatfish, South Coast Gear Restriction, 1996-2000, Fig. 3a",Catch,Family group,Mullidae,NA,NA,NA,Catch per unit effort (CPUE),NA,NTZ,Mombasa Marine National Park,"1 PPG, 1 area open to all fishing",kg/fisher/day,5,2000,0.0216,NA,NA,NA,NA,
803,"CPUE, Goatfish, South Coast Gear Restriction, 2001-2005, Fig. 3a",Catch,Family group,Mullidae,NA,NA,NA,Catch per unit effort (CPUE),NA,NTZ,Mombasa Marine National Park,"1 PPG, 1 area open to all fishing",kg/fisher/day,1,2001,0.0369,NA,NA,NA,NA,
803,"CPUE, Goatfish, South Coast Gear Restriction, 2001-2005, Fig. 3a",Catch,Family group,Mullidae,NA,NA,NA,Catch per unit effort (CPUE),NA,NTZ,Mombasa Marine National Park,"1 PPG, 1 area open to all fishing",kg/fisher/day,2,2002,0.0252,NA,NA,NA,NA,
803,"CPUE, Goatfish, South Coast Gear Restriction, 2001-2005, Fig. 3a",Catch,Family group,Mullidae,NA,NA,NA,Catch per unit effort (CPUE),NA,NTZ,Mombasa Marine National Park,"1 PPG, 1 area open to all fishing",kg/fisher/day,3,2003,0.0351,NA,NA,NA,NA,
803,"CPUE, Goatfish, South Coast Gear Restriction, 2001-2005, Fig. 3a",Catch,Family group,Mullidae,NA,NA,NA,Catch per unit effort (CPUE),NA,NTZ,Mombasa Marine National Park,"1 PPG, 1 area open to all fishing",kg/fisher/day,4,2004,0.0255,NA,NA,NA,NA,
803,"CPUE, Goatfish, South Coast Gear Restriction, 2001-2005, Fig. 3a",Catch,Family group,Mullidae,NA,NA,NA,Catch per unit effort (CPUE),NA,NTZ,Mombasa Marine National Park,"1 PPG, 1 area open to all fishing",kg/fisher/day,5,2005,0.0581,NA,NA,NA,NA,
803,"CPUE, Goatfish, South Coast Gear Restriction, 2006-2007, Fig. 3a",Catch,Family group,Mullidae,NA,NA,NA,Catch per unit effort (CPUE),NA,NTZ,Mombasa Marine National Park,"1 PPG, 1 area open to all fishing",kg/fisher/day,1,2006,0.0585,NA,NA,NA,NA,
803,"CPUE, Goatfish, South Coast Gear Restriction, 2006-2007, Fig. 3a",Catch,Family group,Mullidae,NA,NA,NA,Catch per unit effort (CPUE),NA,NTZ,Mombasa Marine National Park,"1 PPG, 1 area open to all fishing",kg/fisher/day,2,2007,0.0496,NA,NA,NA,NA,
803,"CPUE, Goatfish, South Coast Gear Restriction, 2006-2007, Fig. 3a",Catch,Family group,Mullidae,NA,NA,NA,Catch per unit effort (CPUE),NA,NTZ,Mombasa Marine National Park,"1 PPG, 1 area open to all fishing",kg/fisher/day,3,NA,NA,NA,NA,NA,NA,
803,"CPUE, Goatfish, South Coast Gear Restriction, 2006-2007, Fig. 3a",Catch,Family group,Mullidae,NA,NA,NA,Catch per unit effort (CPUE),NA,NTZ,Mombasa Marine National Park,"1 PPG, 1 area open to all fishing",kg/fisher/day,4,NA,NA,NA,NA,NA,NA,
803,"CPUE, Goatfish, South Coast Gear Restriction, 2006-2007, Fig. 3a",Catch,Family group,Mullidae,NA,NA,NA,Catch per unit effort (CPUE),NA,NTZ,Mombasa Marine National Park,"1 PPG, 1 area open to all fishing",kg/fisher/day,5,NA,NA,NA,NA,NA,NA,
803,"CPUE, Goatfish, North Coast fished area, 2001-2005, Fig. 3a",Catch,Family group,Mullidae,NA,NA,NA,Catch per unit effort (CPUE),NA,NTZ,Mombasa Marine National Park,"1 PPG, 1 area open to all fishing",kg/fisher/day,1,2001,0,NA,NA,NA,NA,
803,"CPUE, Goatfish, North Coast fished area, 2001-2005, Fig. 3a",Catch,Family group,Mullidae,NA,NA,NA,Catch per unit effort (CPUE),NA,NTZ,Mombasa Marine National Park,"1 PPG, 1 area open to all fishing",kg/fisher/day,2,2002,0.0082,NA,NA,NA,NA,
803,"CPUE, Goatfish, North Coast fished area, 2001-2005, Fig. 3a",Catch,Family group,Mullidae,NA,NA,NA,Catch per unit effort (CPUE),NA,NTZ,Mombasa Marine National Park,"1 PPG, 1 area open to all fishing",kg/fisher/day,3,2003,0.0287,NA,NA,NA,NA,
803,"CPUE, Goatfish, North Coast fished area, 2001-2005, Fig. 3a",Catch,Family group,Mullidae,NA,NA,NA,Catch per unit effort (CPUE),NA,NTZ,Mombasa Marine National Park,"1 PPG, 1 area open to all fishing",kg/fisher/day,4,2004,0.0195,NA,NA,NA,NA,
803,"CPUE, Goatfish, North Coast fished area, 2001-2005, Fig. 3a",Catch,Family group,Mullidae,NA,NA,NA,Catch per unit effort (CPUE),NA,NTZ,Mombasa Marine National Park,"1 PPG, 1 area open to all fishing",kg/fisher/day,5,2005,0.0043,NA,NA,NA,NA,
803,"CPUE, Goatfish, North Coast fished area, 2001-2005, Fig. 3a",Catch,Family group,Mullidae,NA,NA,NA,Catch per unit effort (CPUE),NA,NTZ,Mombasa Marine National Park,"1 PPG, 1 area open to all fishing",kg/fisher/day,1,2006,0.0085,NA,NA,NA,NA,
803,"CPUE, Goatfish, North Coast fished area, 2001-2005, Fig. 3a",Catch,Family group,Mullidae,NA,NA,NA,Catch per unit effort (CPUE),NA,NTZ,Mombasa Marine National Park,"1 PPG, 1 area open to all fishing",kg/fisher/day,2,2007,0.0202,NA,NA,NA,NA,
803,"CPUE, Goatfish, North Coast fished area, 2001-2005, Fig. 3a",Catch,Family group,Mullidae,NA,NA,NA,Catch per unit effort (CPUE),NA,NTZ,Mombasa Marine National Park,"1 PPG, 1 area open to all fishing",kg/fisher/day,3,NA,NA,NA,NA,NA,NA,
803,"CPUE, Goatfish, North Coast fished area, 2001-2005, Fig. 3a",Catch,Family group,Mullidae,NA,NA,NA,Catch per unit effort (CPUE),NA,NTZ,Mombasa Marine National Park,"1 PPG, 1 area open to all fishing",kg/fisher/day,4,NA,NA,NA,NA,NA,NA,
803,"CPUE, Goatfish, North Coast fished area, 2001-2005, Fig. 3a",Catch,Family group,Mullidae,NA,NA,NA,Catch per unit effort (CPUE),NA,NTZ,Mombasa Marine National Park,"1 PPG, 1 area open to all fishing",kg/fisher/day,5,NA,NA,NA,NA,NA,NA,
803,"CPUE, Octopus, Kenyatta Closure, 1996-2000, Fig. 3a",Catch,Commodity group (octopus; non-taxonomic),NA,NA,NA,octopus,Catch per unit effort (CPUE),NA,NTZ,Mombasa Marine National Park,"1 PPG, 1 area open to all fishing",kg/fisher/day,1,1996,0.9027,NA,NA,NA,NA,
803,"CPUE, Octopus, Kenyatta Closure, 1996-2000, Fig. 3a",Catch,Commodity group (octopus; non-taxonomic),NA,NA,NA,octopus,Catch per unit effort (CPUE),NA,NTZ,Mombasa Marine National Park,"1 PPG, 1 area open to all fishing",kg/fisher/day,2,1997,1.4316,NA,NA,NA,NA,
803,"CPUE, Octopus, Kenyatta Closure, 1996-2000, Fig. 3a",Catch,Commodity group (octopus; non-taxonomic),NA,NA,NA,octopus,Catch per unit effort (CPUE),NA,NTZ,Mombasa Marine National Park,"1 PPG, 1 area open to all fishing",kg/fisher/day,3,1998,1.2396,NA,NA,NA,NA,
803,"CPUE, Octopus, Kenyatta Closure, 1996-2000, Fig. 3a",Catch,Commodity group (octopus; non-taxonomic),NA,NA,NA,octopus,Catch per unit effort (CPUE),NA,NTZ,Mombasa Marine National Park,"1 PPG, 1 area open to all fishing",kg/fisher/day,4,1999,0.8657,NA,NA,NA,NA,
803,"CPUE, Octopus, Kenyatta Closure, 1996-2000, Fig. 3a",Catch,Commodity group (octopus; non-taxonomic),NA,NA,NA,octopus,Catch per unit effort (CPUE),NA,NTZ,Mombasa Marine National Park,"1 PPG, 1 area open to all fishing",kg/fisher/day,5,2000,0.6097,NA,NA,NA,NA,
803,"CPUE, Octopus, Kenyatta Closure, 2001-2005, Fig. 3a",Catch,Commodity group (octopus; non-taxonomic),NA,NA,NA,octopus,Catch per unit effort (CPUE),NA,NTZ,Mombasa Marine National Park,"1 PPG, 1 area open to all fishing",kg/fisher/day,1,2001,0.4278,NA,NA,NA,NA,
803,"CPUE, Octopus, Kenyatta Closure, 2001-2005, Fig. 3a",Catch,Commodity group (octopus; non-taxonomic),NA,NA,NA,octopus,Catch per unit effort (CPUE),NA,NTZ,Mombasa Marine National Park,"1 PPG, 1 area open to all fishing",kg/fisher/day,2,2002,0.4985,NA,NA,NA,NA,
803,"CPUE, Octopus, Kenyatta Closure, 2001-2005, Fig. 3a",Catch,Commodity group (octopus; non-taxonomic),NA,NA,NA,octopus,Catch per unit effort (CPUE),NA,NTZ,Mombasa Marine National Park,"1 PPG, 1 area open to all fishing",kg/fisher/day,3,2003,1.1722,NA,NA,NA,NA,
803,"CPUE, Octopus, Kenyatta Closure, 2001-2005, Fig. 3a",Catch,Commodity group (octopus; non-taxonomic),NA,NA,NA,octopus,Catch per unit effort (CPUE),NA,NTZ,Mombasa Marine National Park,"1 PPG, 1 area open to all fishing",kg/fisher/day,4,2004,0.8926,NA,NA,NA,NA,
803,"CPUE, Octopus, Kenyatta Closure, 2001-2005, Fig. 3a",Catch,Commodity group (octopus; non-taxonomic),NA,NA,NA,octopus,Catch per unit effort (CPUE),NA,NTZ,Mombasa Marine National Park,"1 PPG, 1 area open to all fishing",kg/fisher/day,5,2005,0.8893,NA,NA,NA,NA,
803,"CPUE, Octopus, Kenyatta Closure, 2006-2007, Fig. 3a",Catch,Commodity group (octopus; non-taxonomic),NA,NA,NA,octopus,Catch per unit effort (CPUE),NA,NTZ,Mombasa Marine National Park,"1 PPG, 1 area open to all fishing",kg/fisher/day,1,2006,1,NA,NA,NA,NA,
803,"CPUE, Octopus, Kenyatta Closure, 2006-2007, Fig. 3a",Catch,Commodity group (octopus; non-taxonomic),NA,NA,NA,octopus,Catch per unit effort (CPUE),NA,NTZ,Mombasa Marine National Park,"1 PPG, 1 area open to all fishing",kg/fisher/day,2,2007,1.1116,NA,NA,NA,NA,
803,"CPUE, Octopus, Kenyatta Closure, 2006-2007, Fig. 3a",Catch,Commodity group (octopus; non-taxonomic),NA,NA,NA,octopus,Catch per unit effort (CPUE),NA,NTZ,Mombasa Marine National Park,"1 PPG, 1 area open to all fishing",kg/fisher/day,3,NA,NA,NA,NA,NA,NA,
803,"CPUE, Octopus, Kenyatta Closure, 2006-2007, Fig. 3a",Catch,Commodity group (octopus; non-taxonomic),NA,NA,NA,octopus,Catch per unit effort (CPUE),NA,NTZ,Mombasa Marine National Park,"1 PPG, 1 area open to all fishing",kg/fisher/day,4,NA,NA,NA,NA,NA,NA,
803,"CPUE, Octopus, Kenyatta Closure, 2006-2007, Fig. 3a",Catch,Commodity group (octopus; non-taxonomic),NA,NA,NA,octopus,Catch per unit effort (CPUE),NA,NTZ,Mombasa Marine National Park,"1 PPG, 1 area open to all fishing",kg/fisher/day,5,NA,NA,NA,NA,NA,NA,
803,"CPUE, Octopus, South Coast Gear Restriction, 1996-2000, Fig. 3a",Catch,Commodity group (octopus; non-taxonomic),NA,NA,NA,octopus,Catch per unit effort (CPUE),NA,NTZ,Mombasa Marine National Park,"1 PPG, 1 area open to all fishing",kg/fisher/day,1,1996,0.832,NA,NA,NA,NA,
803,"CPUE, Octopus, South Coast Gear Restriction, 1996-2000, Fig. 3a",Catch,Commodity group (octopus; non-taxonomic),NA,NA,NA,octopus,Catch per unit effort (CPUE),NA,NTZ,Mombasa Marine National Park,"1 PPG, 1 area open to all fishing",kg/fisher/day,2,1997,0.6804,NA,NA,NA,NA,
803,"CPUE, Octopus, South Coast Gear Restriction, 1996-2000, Fig. 3a",Catch,Commodity group (octopus; non-taxonomic),NA,NA,NA,octopus,Catch per unit effort (CPUE),NA,NTZ,Mombasa Marine National Park,"1 PPG, 1 area open to all fishing",kg/fisher/day,3,1998,0.6703,NA,NA,NA,NA,
803,"CPUE, Octopus, South Coast Gear Restriction, 1996-2000, Fig. 3a",Catch,Commodity group (octopus; non-taxonomic),NA,NA,NA,octopus,Catch per unit effort (CPUE),NA,NTZ,Mombasa Marine National Park,"1 PPG, 1 area open to all fishing",kg/fisher/day,4,1999,0.5996,NA,NA,NA,NA,
803,"CPUE, Octopus, South Coast Gear Restriction, 1996-2000, Fig. 3a",Catch,Commodity group (octopus; non-taxonomic),NA,NA,NA,octopus,Catch per unit effort (CPUE),NA,NTZ,Mombasa Marine National Park,"1 PPG, 1 area open to all fishing",kg/fisher/day,5,2000,0.4413,NA,NA,NA,NA,
803,"CPUE, Octopus, South Coast Gear Restriction, 2001-2005, Fig. 3a",Catch,Commodity group (octopus; non-taxonomic),NA,NA,NA,octopus,Catch per unit effort (CPUE),NA,NTZ,Mombasa Marine National Park,"1 PPG, 1 area open to all fishing",kg/fisher/day,1,2001,0.7208,NA,NA,NA,NA,
803,"CPUE, Octopus, South Coast Gear Restriction, 2001-2005, Fig. 3a",Catch,Commodity group (octopus; non-taxonomic),NA,NA,NA,octopus,Catch per unit effort (CPUE),NA,NTZ,Mombasa Marine National Park,"1 PPG, 1 area open to all fishing",kg/fisher/day,2,2002,0.7848,NA,NA,NA,NA,
803,"CPUE, Octopus, South Coast Gear Restriction, 2001-2005, Fig. 3a",Catch,Commodity group (octopus; non-taxonomic),NA,NA,NA,octopus,Catch per unit effort (CPUE),NA,NTZ,Mombasa Marine National Park,"1 PPG, 1 area open to all fishing",kg/fisher/day,3,2003,0.8691,NA,NA,NA,NA,
803,"CPUE, Octopus, South Coast Gear Restriction, 2001-2005, Fig. 3a",Catch,Commodity group (octopus; non-taxonomic),NA,NA,NA,octopus,Catch per unit effort (CPUE),NA,NTZ,Mombasa Marine National Park,"1 PPG, 1 area open to all fishing",kg/fisher/day,4,2004,0.8051,NA,NA,NA,NA,
803,"CPUE, Octopus, South Coast Gear Restriction, 2001-2005, Fig. 3a",Catch,Commodity group (octopus; non-taxonomic),NA,NA,NA,octopus,Catch per unit effort (CPUE),NA,NTZ,Mombasa Marine National Park,"1 PPG, 1 area open to all fishing",kg/fisher/day,5,2005,1.1891,NA,NA,NA,NA,
803,"CPUE, Octopus, South Coast Gear Restriction, 2006-2007, Fig. 3a",Catch,Commodity group (octopus; non-taxonomic),NA,NA,NA,octopus,Catch per unit effort (CPUE),NA,NTZ,Mombasa Marine National Park,"1 PPG, 1 area open to all fishing",kg/fisher/day,1,2006,1.2227,NA,NA,NA,NA,
803,"CPUE, Octopus, South Coast Gear Restriction, 2006-2007, Fig. 3a",Catch,Commodity group (octopus; non-taxonomic),NA,NA,NA,octopus,Catch per unit effort (CPUE),NA,NTZ,Mombasa Marine National Park,"1 PPG, 1 area open to all fishing",kg/fisher/day,2,2007,1.0307,NA,NA,NA,NA,
803,"CPUE, Octopus, South Coast Gear Restriction, 2006-2007, Fig. 3a",Catch,Commodity group (octopus; non-taxonomic),NA,NA,NA,octopus,Catch per unit effort (CPUE),NA,NTZ,Mombasa Marine National Park,"1 PPG, 1 area open to all fishing",kg/fisher/day,3,NA,NA,NA,NA,NA,NA,
803,"CPUE, Octopus, South Coast Gear Restriction, 2006-2007, Fig. 3a",Catch,Commodity group (octopus; non-taxonomic),NA,NA,NA,octopus,Catch per unit effort (CPUE),NA,NTZ,Mombasa Marine National Park,"1 PPG, 1 area open to all fishing",kg/fisher/day,4,NA,NA,NA,NA,NA,NA,
803,"CPUE, Octopus, South Coast Gear Restriction, 2006-2007, Fig. 3a",Catch,Commodity group (octopus; non-taxonomic),NA,NA,NA,octopus,Catch per unit effort (CPUE),NA,NTZ,Mombasa Marine National Park,"1 PPG, 1 area open to all fishing",kg/fisher/day,5,NA,NA,NA,NA,NA,NA,
803,"CPUE, Octopus, North Coast fished area, 2001-2005, Fig. 3a",Catch,Commodity group (octopus; non-taxonomic),NA,NA,NA,octopus,Catch per unit effort (CPUE),NA,NTZ,Mombasa Marine National Park,"1 PPG, 1 area open to all fishing",kg/fisher/day,1,2001,0.1583,NA,NA,NA,NA,
803,"CPUE, Octopus, North Coast fished area, 2001-2005, Fig. 3a",Catch,Commodity group (octopus; non-taxonomic),NA,NA,NA,octopus,Catch per unit effort (CPUE),NA,NTZ,Mombasa Marine National Park,"1 PPG, 1 area open to all fishing",kg/fisher/day,2,2002,0.1718,NA,NA,NA,NA,
803,"CPUE, Octopus, North Coast fished area, 2001-2005, Fig. 3a",Catch,Commodity group (octopus; non-taxonomic),NA,NA,NA,octopus,Catch per unit effort (CPUE),NA,NTZ,Mombasa Marine National Park,"1 PPG, 1 area open to all fishing",kg/fisher/day,3,2003,0.2594,NA,NA,NA,NA,
803,"CPUE, Octopus, North Coast fished area, 2001-2005, Fig. 3a",Catch,Commodity group (octopus; non-taxonomic),NA,NA,NA,octopus,Catch per unit effort (CPUE),NA,NTZ,Mombasa Marine National Park,"1 PPG, 1 area open to all fishing",kg/fisher/day,4,2004,0.2054,NA,NA,NA,NA,
803,"CPUE, Octopus, North Coast fished area, 2001-2005, Fig. 3a",Catch,Commodity group (octopus; non-taxonomic),NA,NA,NA,octopus,Catch per unit effort (CPUE),NA,NTZ,Mombasa Marine National Park,"1 PPG, 1 area open to all fishing",kg/fisher/day,5,2005,0.4143,NA,NA,NA,NA,
803,"CPUE, Octopus, North Coast fished area, 2006-2007, Fig. 3a",Catch,Commodity group (octopus; non-taxonomic),NA,NA,NA,Octopus,Catch per unit effort (CPUE),NA,NTZ,Mombasa Marine National Park,"1 PPG, 1 area open to all fishing",kg/fisher/day,1,2006,0.2189,NA,NA,NA,NA,
803,"CPUE, Octopus, North Coast fished area, 2006-2007, Fig. 3a",Catch,Commodity group (octopus; non-taxonomic),NA,NA,NA,Octopus,Catch per unit effort (CPUE),NA,NTZ,Mombasa Marine National Park,"1 PPG, 1 area open to all fishing",kg/fisher/day,2,2007,0.2392,NA,NA,NA,NA,
803,"CPUE, Octopus, North Coast fished area, 2006-2007, Fig. 3a",Catch,Commodity group (octopus; non-taxonomic),NA,NA,NA,Octopus,Catch per unit effort (CPUE),NA,NTZ,Mombasa Marine National Park,"1 PPG, 1 area open to all fishing",kg/fisher/day,3,NA,NA,NA,NA,NA,NA,
803,"CPUE, Octopus, North Coast fished area, 2006-2007, Fig. 3a",Catch,Commodity group (octopus; non-taxonomic),NA,NA,NA,Octopus,Catch per unit effort (CPUE),NA,NTZ,Mombasa Marine National Park,"1 PPG, 1 area open to all fishing",kg/fisher/day,4,NA,NA,NA,NA,NA,NA,
803,"CPUE, Octopus, North Coast fished area, 2006-2007, Fig. 3a",Catch,Commodity group (octopus; non-taxonomic),NA,NA,NA,Octopus,Catch per unit effort (CPUE),NA,NTZ,Mombasa Marine National Park,"1 PPG, 1 area open to all fishing",kg/fisher/day,5,NA,NA,NA,NA,NA,NA,
803,"CPUE, Parrotfish, Kenyatta Closure, 1996-2000, Fig. 3b",Catch,Family group,Scaridae,NA,NA,NA,Catch per unit effort (CPUE),NA,NTZ,Mombasa Marine National Park,"1 PPG, 1 area open to all fishing",kg/fisher/day,1,1996,0.3425,NA,NA,NA,NA,
803,"CPUE, Parrotfish, Kenyatta Closure, 1996-2000, Fig. 3b",Catch,Family group,Scaridae,NA,NA,NA,Catch per unit effort (CPUE),NA,NTZ,Mombasa Marine National Park,"1 PPG, 1 area open to all fishing",kg/fisher/day,2,1997,0.3617,NA,NA,NA,NA,
803,"CPUE, Parrotfish, Kenyatta Closure, 1996-2000, Fig. 3b",Catch,Family group,Scaridae,NA,NA,NA,Catch per unit effort (CPUE),NA,NTZ,Mombasa Marine National Park,"1 PPG, 1 area open to all fishing",kg/fisher/day,3,1998,0.1653,NA,NA,NA,NA,
803,"CPUE, Parrotfish, Kenyatta Closure, 1996-2000, Fig. 3b",Catch,Family group,Scaridae,NA,NA,NA,Catch per unit effort (CPUE),NA,NTZ,Mombasa Marine National Park,"1 PPG, 1 area open to all fishing",kg/fisher/day,4,1999,0.2204,NA,NA,NA,NA,
803,"CPUE, Parrotfish, Kenyatta Closure, 1996-2000, Fig. 3b",Catch,Family group,Scaridae,NA,NA,NA,Catch per unit effort (CPUE),NA,NTZ,Mombasa Marine National Park,"1 PPG, 1 area open to all fishing",kg/fisher/day,5,2000,0.2204,NA,NA,NA,NA,
803,"CPUE, Parrotfish, Kenyatta Closure, 2001-2005, Fig. 3b",Catch,Family group,Scaridae,NA,NA,NA,Catch per unit effort (CPUE),NA,NTZ,Mombasa Marine National Park,"1 PPG, 1 area open to all fishing",kg/fisher/day,1,2001,0.3257,NA,NA,NA,NA,
803,"CPUE, Parrotfish, Kenyatta Closure, 2001-2005, Fig. 3b",Catch,Family group,Scaridae,NA,NA,NA,Catch per unit effort (CPUE),NA,NTZ,Mombasa Marine National Park,"1 PPG, 1 area open to all fishing",kg/fisher/day,2,2002,0.4647,NA,NA,NA,NA,
803,"CPUE, Parrotfish, Kenyatta Closure, 2001-2005, Fig. 3b",Catch,Family group,Scaridae,NA,NA,NA,Catch per unit effort (CPUE),NA,NTZ,Mombasa Marine National Park,"1 PPG, 1 area open to all fishing",kg/fisher/day,3,2003,0.5916,NA,NA,NA,NA,
803,"CPUE, Parrotfish, Kenyatta Closure, 2001-2005, Fig. 3b",Catch,Family group,Scaridae,NA,NA,NA,Catch per unit effort (CPUE),NA,NTZ,Mombasa Marine National Park,"1 PPG, 1 area open to all fishing",kg/fisher/day,4,2004,0.4335,NA,NA,NA,NA,
803,"CPUE, Parrotfish, Kenyatta Closure, 2001-2005, Fig. 3b",Catch,Family group,Scaridae,NA,NA,NA,Catch per unit effort (CPUE),NA,NTZ,Mombasa Marine National Park,"1 PPG, 1 area open to all fishing",kg/fisher/day,5,2005,0.5627,NA,NA,NA,NA,
803,"CPUE, Parrotfish, Kenyatta Closure, 2006-2007, Fig. 3b",Catch,Family group,Scaridae,NA,NA,NA,Catch per unit effort (CPUE),NA,NTZ,Mombasa Marine National Park,"1 PPG, 1 area open to all fishing",kg/fisher/day,1,2006,0.2946,NA,NA,NA,NA,
803,"CPUE, Parrotfish, Kenyatta Closure, 2006-2007, Fig. 3b",Catch,Family group,Scaridae,NA,NA,NA,Catch per unit effort (CPUE),NA,NTZ,Mombasa Marine National Park,"1 PPG, 1 area open to all fishing",kg/fisher/day,2,2007,0.5126,NA,NA,NA,NA,
803,"CPUE, Parrotfish, Kenyatta Closure, 2006-2007, Fig. 3b",Catch,Family group,Scaridae,NA,NA,NA,Catch per unit effort (CPUE),NA,NTZ,Mombasa Marine National Park,"1 PPG, 1 area open to all fishing",kg/fisher/day,3,NA,NA,NA,NA,NA,NA,
803,"CPUE, Parrotfish, Kenyatta Closure, 2006-2007, Fig. 3b",Catch,Family group,Scaridae,NA,NA,NA,Catch per unit effort (CPUE),NA,NTZ,Mombasa Marine National Park,"1 PPG, 1 area open to all fishing",kg/fisher/day,4,NA,NA,NA,NA,NA,NA,
803,"CPUE, Parrotfish, Kenyatta Closure, 2006-2007, Fig. 3b",Catch,Family group,Scaridae,NA,NA,NA,Catch per unit effort (CPUE),NA,NTZ,Mombasa Marine National Park,"1 PPG, 1 area open to all fishing",kg/fisher/day,5,NA,NA,NA,NA,NA,NA,
803,"CPUE, Parrotfish, South Coast Gear Restriction, 1996-2000, Fig. 3b",Catch,Family group,Scaridae,NA,NA,NA,Catch per unit effort (CPUE),NA,NTZ,Mombasa Marine National Park,"1 PPG, 1 area open to all fishing",kg/fisher/day,1,1996,0.8144,NA,NA,NA,NA,
803,"CPUE, Parrotfish, South Coast Gear Restriction, 1996-2000, Fig. 3b",Catch,Family group,Scaridae,NA,NA,NA,Catch per unit effort (CPUE),NA,NTZ,Mombasa Marine National Park,"1 PPG, 1 area open to all fishing",kg/fisher/day,2,1.0012,NA,NA,NA,NA,NA,
803,"CPUE, Parrotfish, South Coast Gear Restriction, 1996-2000, Fig. 3b",Catch,Family group,Scaridae,NA,NA,NA,Catch per unit effort (CPUE),NA,NTZ,Mombasa Marine National Park,"1 PPG, 1 area open to all fishing",kg/fisher/day,3,1998,0.8096,NA,NA,NA,NA,
803,"CPUE, Parrotfish, South Coast Gear Restriction, 1996-2000, Fig. 3b",Catch,Family group,Scaridae,NA,NA,NA,Catch per unit effort (CPUE),NA,NTZ,Mombasa Marine National Park,"1 PPG, 1 area open to all fishing",kg/fisher/day,4,1999,0.7329,NA,NA,NA,NA,
803,"CPUE, Parrotfish, South Coast Gear Restriction, 1996-2000, Fig. 3b",Catch,Family group,Scaridae,NA,NA,NA,Catch per unit effort (CPUE),NA,NTZ,Mombasa Marine National Park,"1 PPG, 1 area open to all fishing",kg/fisher/day,5,2000,0.7473,NA,NA,NA,NA,
803,"CPUE, Parrotfish, South Coast Gear Restriction, 2001-2005, Fig. 3b",Catch,Family group,Scaridae,NA,NA,NA,Catch per unit effort (CPUE),NA,NTZ,Mombasa Marine National Park,"1 PPG, 1 area open to all fishing",kg/fisher/day,1,2001,1.0228,NA,NA,NA,NA,
803,"CPUE, Parrotfish, South Coast Gear Restriction, 2001-2005, Fig. 3b",Catch,Family group,Scaridae,NA,NA,NA,Catch per unit effort (CPUE),NA,NTZ,Mombasa Marine National Park,"1 PPG, 1 area open to all fishing",kg/fisher/day,2,2002,0.515,NA,NA,NA,NA,
803,"CPUE, Parrotfish, South Coast Gear Restriction, 2001-2005, Fig. 3b",Catch,Family group,Scaridae,NA,NA,NA,Catch per unit effort (CPUE),NA,NTZ,Mombasa Marine National Park,"1 PPG, 1 area open to all fishing",kg/fisher/day,3,2003,0.4551,NA,NA,NA,NA,
803,"CPUE, Parrotfish, South Coast Gear Restriction, 2001-2005, Fig. 3b",Catch,Family group,Scaridae,NA,NA,NA,Catch per unit effort (CPUE),NA,NTZ,Mombasa Marine National Park,"1 PPG, 1 area open to all fishing",kg/fisher/day,4,2004,0.4623,NA,NA,NA,NA,
803,"CPUE, Parrotfish, South Coast Gear Restriction, 2001-2005, Fig. 3b",Catch,Family group,Scaridae,NA,NA,NA,Catch per unit effort (CPUE),NA,NTZ,Mombasa Marine National Park,"1 PPG, 1 area open to all fishing",kg/fisher/day,5,2005,0.6132,NA,NA,NA,NA,
803,"CPUE, Parrotfish, South Coast Gear Restriction, 2006-2007, Fig. 3b",Catch,Family group,Scaridae,NA,NA,NA,Catch per unit effort (CPUE),NA,NTZ,Mombasa Marine National Park,"1 PPG, 1 area open to all fishing",kg/fisher/day,1,2006,0.6443,NA,NA,NA,NA,
803,"CPUE, Parrotfish, South Coast Gear Restriction, 2006-2007, Fig. 3b",Catch,Family group,Scaridae,NA,NA,NA,Catch per unit effort (CPUE),NA,NTZ,Mombasa Marine National Park,"1 PPG, 1 area open to all fishing",kg/fisher/day,2,2007,0.5389,NA,NA,NA,NA,
803,"CPUE, Parrotfish, South Coast Gear Restriction, 2006-2007, Fig. 3b",Catch,Family group,Scaridae,NA,NA,NA,Catch per unit effort (CPUE),NA,NTZ,Mombasa Marine National Park,"1 PPG, 1 area open to all fishing",kg/fisher/day,3,NA,NA,NA,NA,NA,NA,
803,"CPUE, Parrotfish, South Coast Gear Restriction, 2006-2007, Fig. 3b",Catch,Family group,Scaridae,NA,NA,NA,Catch per unit effort (CPUE),NA,NTZ,Mombasa Marine National Park,"1 PPG, 1 area open to all fishing",kg/fisher/day,4,NA,NA,NA,NA,NA,NA,
803,"CPUE, Parrotfish, South Coast Gear Restriction, 2006-2007, Fig. 3b",Catch,Family group,Scaridae,NA,NA,NA,Catch per unit effort (CPUE),NA,NTZ,Mombasa Marine National Park,"1 PPG, 1 area open to all fishing",kg/fisher/day,5,NA,NA,NA,NA,NA,NA,
803,"CPUE, Parrotfish, North Coast fished area, 2000-2004, Fig. 3b",Catch,Family group,Scaridae,NA,NA,NA,Catch per unit effort (CPUE),NA,NTZ,Mombasa Marine National Park,"1 PPG, 1 area open to all fishing",kg/fisher/day,1,2000,0.8886,NA,NA,NA,NA,
803,"CPUE, Parrotfish, North Coast fished area, 2000-2004, Fig. 3b",Catch,Family group,Scaridae,NA,NA,NA,Catch per unit effort (CPUE),NA,NTZ,Mombasa Marine National Park,"1 PPG, 1 area open to all fishing",kg/fisher/day,2,2001,0.7377,NA,NA,NA,NA,
803,"CPUE, Parrotfish, North Coast fished area, 2000-2004, Fig. 3b",Catch,Family group,Scaridae,NA,NA,NA,Catch per unit effort (CPUE),NA,NTZ,Mombasa Marine National Park,"1 PPG, 1 area open to all fishing",kg/fisher/day,3,2002,0.915,NA,NA,NA,NA,
803,"CPUE, Parrotfish, North Coast fished area, 2000-2004, Fig. 3b",Catch,Family group,Scaridae,NA,NA,NA,Catch per unit effort (CPUE),NA,NTZ,Mombasa Marine National Park,"1 PPG, 1 area open to all fishing",kg/fisher/day,4,2003,0.7928,NA,NA,NA,NA,
803,"CPUE, Parrotfish, North Coast fished area, 2000-2004, Fig. 3b",Catch,Family group,Scaridae,NA,NA,NA,Catch per unit effort (CPUE),NA,NTZ,Mombasa Marine National Park,"1 PPG, 1 area open to all fishing",kg/fisher/day,5,2004,0.9892,NA,NA,NA,NA,
803,"CPUE, Parrotfish, North Coast fished area, 2005-2006, Fig. 3b",Catch,Family group,Scaridae,NA,NA,NA,Catch per unit effort (CPUE),NA,NTZ,Mombasa Marine National Park,"1 PPG, 1 area open to all fishing",kg/fisher/day,1,2005,0.9461,NA,NA,NA,NA,
803,"CPUE, Parrotfish, North Coast fished area, 2005-2006, Fig. 3b",Catch,Family group,Scaridae,NA,NA,NA,Catch per unit effort (CPUE),NA,NTZ,Mombasa Marine National Park,"1 PPG, 1 area open to all fishing",kg/fisher/day,2,2006,1.1114,NA,NA,NA,NA,
803,"CPUE, Parrotfish, North Coast fished area, 2005-2006, Fig. 3b",Catch,Family group,Scaridae,NA,NA,NA,Catch per unit effort (CPUE),NA,NTZ,Mombasa Marine National Park,"1 PPG, 1 area open to all fishing",kg/fisher/day,3,NA,NA,NA,NA,NA,NA,
803,"CPUE, Parrotfish, North Coast fished area, 2005-2006, Fig. 3b",Catch,Family group,Scaridae,NA,NA,NA,Catch per unit effort (CPUE),NA,NTZ,Mombasa Marine National Park,"1 PPG, 1 area open to all fishing",kg/fisher/day,4,NA,NA,NA,NA,NA,NA,
803,"CPUE, Parrotfish, North Coast fished area, 2005-2006, Fig. 3b",Catch,Family group,Scaridae,NA,NA,NA,Catch per unit effort (CPUE),NA,NTZ,Mombasa Marine National Park,"1 PPG, 1 area open to all fishing",kg/fisher/day,5,NA,NA,NA,NA,NA,NA,
803,"CPUE, Rabbitfish, Kenyatta Closure, 1996-2000, Fig. 3c",Catch,Family group,Siganidae,NA,NA,NA,Catch per unit effort (CPUE),NA,NTZ,Mombasa Marine National Park,"1 PPG, 1 area open to all fishing",kg/fisher/day ,1,1996,0.8277,NA,NA,NA,NA,
803,"CPUE, Rabbitfish, Kenyatta Closure, 1996-2000, Fig. 3c",Catch,Family group,Siganidae,NA,NA,NA,Catch per unit effort (CPUE),NA,NTZ,Mombasa Marine National Park,"1 PPG, 1 area open to all fishing",kg/fisher/day ,2,1997,0.5432,NA,NA,NA,NA,
803,"CPUE, Rabbitfish, Kenyatta Closure, 1996-2000, Fig. 3c",Catch,Family group,Siganidae,NA,NA,NA,Catch per unit effort (CPUE),NA,NTZ,Mombasa Marine National Park,"1 PPG, 1 area open to all fishing",kg/fisher/day ,3,1998,0.5025,NA,NA,NA,NA,
803,"CPUE, Rabbitfish, Kenyatta Closure, 1996-2000, Fig. 3c",Catch,Family group,Siganidae,NA,NA,NA,Catch per unit effort (CPUE),NA,NTZ,Mombasa Marine National Park,"1 PPG, 1 area open to all fishing",kg/fisher/day ,4,1999,0.4508,NA,NA,NA,NA,
803,"CPUE, Rabbitfish, Kenyatta Closure, 1996-2000, Fig. 3c",Catch,Family group,Siganidae,NA,NA,NA,Catch per unit effort (CPUE),NA,NTZ,Mombasa Marine National Park,"1 PPG, 1 area open to all fishing",kg/fisher/day ,5,2000,0.5764,NA,NA,NA,NA,
803,"CPUE, Rabbitfish, Kenyatta Closure, 2001-2005, Fig. 3c",Catch,Family group,Siganidae,NA,NA,NA,Catch per unit effort (CPUE),NA,NTZ,Mombasa Marine National Park,"1 PPG, 1 area open to all fishing",kg/fisher/day ,1,2001,0.691,NA,NA,NA,NA,
803,"CPUE, Rabbitfish, Kenyatta Closure, 2001-2005, Fig. 3c",Catch,Family group,Siganidae,NA,NA,NA,Catch per unit effort (CPUE),NA,NTZ,Mombasa Marine National Park,"1 PPG, 1 area open to all fishing",kg/fisher/day ,2,2002,0.9644,NA,NA,NA,NA,
803,"CPUE, Rabbitfish, Kenyatta Closure, 2001-2005, Fig. 3c",Catch,Family group,Siganidae,NA,NA,NA,Catch per unit effort (CPUE),NA,NTZ,Mombasa Marine National Park,"1 PPG, 1 area open to all fishing",kg/fisher/day ,3,2003,0.7169,NA,NA,NA,NA,
803,"CPUE, Rabbitfish, Kenyatta Closure, 2001-2005, Fig. 3c",Catch,Family group,Siganidae,NA,NA,NA,Catch per unit effort (CPUE),NA,NTZ,Mombasa Marine National Park,"1 PPG, 1 area open to all fishing",kg/fisher/day ,4,2004,0.946,NA,NA,NA,NA,
803,"CPUE, Rabbitfish, Kenyatta Closure, 2001-2005, Fig. 3c",Catch,Family group,Siganidae,NA,NA,NA,Catch per unit effort (CPUE),NA,NTZ,Mombasa Marine National Park,"1 PPG, 1 area open to all fishing",kg/fisher/day ,5,2005,0.9792,NA,NA,NA,NA,
803,"CPUE, Rabbitfish, Kenyatta Closure, 2006-2007, Fig. 3c",Catch,Family group,Siganidae,NA,NA,NA,Catch per unit effort (CPUE),NA,NTZ,Mombasa Marine National Park,"1 PPG, 1 area open to all fishing",kg/fisher/day ,1,2006,1.0088,NA,NA,NA,NA,
803,"CPUE, Rabbitfish, Kenyatta Closure, 2006-2007, Fig. 3c",Catch,Family group,Siganidae,NA,NA,NA,Catch per unit effort (CPUE),NA,NTZ,Mombasa Marine National Park,"1 PPG, 1 area open to all fishing",kg/fisher/day ,2,2007,1.4743,NA,NA,NA,NA,
803,"CPUE, Rabbitfish, Kenyatta Closure, 2006-2007, Fig. 3c",Catch,Family group,Siganidae,NA,NA,NA,Catch per unit effort (CPUE),NA,NTZ,Mombasa Marine National Park,"1 PPG, 1 area open to all fishing",kg/fisher/day ,3,NA,NA,NA,NA,NA,NA,
803,"CPUE, Rabbitfish, Kenyatta Closure, 2006-2007, Fig. 3c",Catch,Family group,Siganidae,NA,NA,NA,Catch per unit effort (CPUE),NA,NTZ,Mombasa Marine National Park,"1 PPG, 1 area open to all fishing",kg/fisher/day ,4,NA,NA,NA,NA,NA,NA,
803,"CPUE, Rabbitfish, Kenyatta Closure, 2006-2007, Fig. 3c",Catch,Family group,Siganidae,NA,NA,NA,Catch per unit effort (CPUE),NA,NTZ,Mombasa Marine National Park,"1 PPG, 1 area open to all fishing",kg/fisher/day ,5,NA,NA,NA,NA,NA,NA,
803,"CPUE, Rabbitfish, South Coast Gear Restriction, 1996-2000, Fig. 3c",Catch,Family group,Siganidae,NA,NA,NA,Catch per unit effort (CPUE),NA,NTZ,Mombasa Marine National Park,"1 PPG, 1 area open to all fishing",kg/fisher/day ,1,1996,0.6393,NA,NA,NA,NA,
803,"CPUE, Rabbitfish, South Coast Gear Restriction, 1996-2000, Fig. 3c",Catch,Family group,Siganidae,NA,NA,NA,Catch per unit effort (CPUE),NA,NTZ,Mombasa Marine National Park,"1 PPG, 1 area open to all fishing",kg/fisher/day ,2,1997,0.5062,NA,NA,NA,NA,
803,"CPUE, Rabbitfish, South Coast Gear Restriction, 1996-2000, Fig. 3c",Catch,Family group,Siganidae,NA,NA,NA,Catch per unit effort (CPUE),NA,NTZ,Mombasa Marine National Park,"1 PPG, 1 area open to all fishing",kg/fisher/day ,3,1998,0.3695,NA,NA,NA,NA,
803,"CPUE, Rabbitfish, South Coast Gear Restriction, 1996-2000, Fig. 3c",Catch,Family group,Siganidae,NA,NA,NA,Catch per unit effort (CPUE),NA,NTZ,Mombasa Marine National Park,"1 PPG, 1 area open to all fishing",kg/fisher/day ,4,1999,0.2919,NA,NA,NA,NA,
803,"CPUE, Rabbitfish, South Coast Gear Restriction, 1996-2000, Fig. 3c",Catch,Family group,Siganidae,NA,NA,NA,Catch per unit effort (CPUE),NA,NTZ,Mombasa Marine National Park,"1 PPG, 1 area open to all fishing",kg/fisher/day ,5,2000,0.3363,NA,NA,NA,NA,
803,"CPUE, Rabbitfish, South Coast Gear Restriction, 2001-2005, Fig. 3c",Catch,Family group,Siganidae,NA,NA,NA,Catch per unit effort (CPUE),NA,NTZ,Mombasa Marine National Park,"1 PPG, 1 area open to all fishing",kg/fisher/day ,1,2001,0.558,NA,NA,NA,NA,
803,"CPUE, Rabbitfish, South Coast Gear Restriction, 2001-2005, Fig. 3c",Catch,Family group,Siganidae,NA,NA,NA,Catch per unit effort (CPUE),NA,NTZ,Mombasa Marine National Park,"1 PPG, 1 area open to all fishing",kg/fisher/day ,2,2002,0.3732,NA,NA,NA,NA,
803,"CPUE, Rabbitfish, South Coast Gear Restriction, 2001-2005, Fig. 3c",Catch,Family group,Siganidae,NA,NA,NA,Catch per unit effort (CPUE),NA,NTZ,Mombasa Marine National Park,"1 PPG, 1 area open to all fishing",kg/fisher/day ,3,2003,0.2845,NA,NA,NA,NA,
803,"CPUE, Rabbitfish, South Coast Gear Restriction, 2001-2005, Fig. 3c",Catch,Family group,Siganidae,NA,NA,NA,Catch per unit effort (CPUE),NA,NTZ,Mombasa Marine National Park,"1 PPG, 1 area open to all fishing",kg/fisher/day ,4,2004,0.436,NA,NA,NA,NA,
803,"CPUE, Rabbitfish, South Coast Gear Restriction, 2001-2005, Fig. 3c",Catch,Family group,Siganidae,NA,NA,NA,Catch per unit effort (CPUE),NA,NTZ,Mombasa Marine National Park,"1 PPG, 1 area open to all fishing",kg/fisher/day ,5,2005,0.4286,NA,NA,NA,NA,
803,"CPUE, Rabbitfish, South Coast Gear Restriction, 2006-2007, Fig. 3c",Catch,Family group,Siganidae,NA,NA,NA,Catch per unit effort (CPUE),NA,NTZ,Mombasa Marine National Park,"1 PPG, 1 area open to all fishing",kg/fisher/day ,1,2006,0.5432,NA,NA,NA,NA,
803,"CPUE, Rabbitfish, South Coast Gear Restriction, 2006-2007, Fig. 3c",Catch,Family group,Siganidae,NA,NA,NA,Catch per unit effort (CPUE),NA,NTZ,Mombasa Marine National Park,"1 PPG, 1 area open to all fishing",kg/fisher/day ,2,2007,0.6799,NA,NA,NA,NA,
803,"CPUE, Rabbitfish, South Coast Gear Restriction, 2006-2007, Fig. 3c",Catch,Family group,Siganidae,NA,NA,NA,Catch per unit effort (CPUE),NA,NTZ,Mombasa Marine National Park,"1 PPG, 1 area open to all fishing",kg/fisher/day ,3,NA,NA,NA,NA,NA,NA,
803,"CPUE, Rabbitfish, South Coast Gear Restriction, 2006-2007, Fig. 3c",Catch,Family group,Siganidae,NA,NA,NA,Catch per unit effort (CPUE),NA,NTZ,Mombasa Marine National Park,"1 PPG, 1 area open to all fishing",kg/fisher/day ,4,NA,NA,NA,NA,NA,NA,
803,"CPUE, Rabbitfish, South Coast Gear Restriction, 2006-2007, Fig. 3c",Catch,Family group,Siganidae,NA,NA,NA,Catch per unit effort (CPUE),NA,NTZ,Mombasa Marine National Park,"1 PPG, 1 area open to all fishing",kg/fisher/day ,5,NA,NA,NA,NA,NA,NA,
803,"CPUE, Rabbitfish, North Coast fished area, 2000-2004, Fig. 3c",Catch,Family group,Siganidae,NA,NA,NA,Catch per unit effort (CPUE),NA,NTZ,Mombasa Marine National Park,"1 PPG, 1 area open to all fishing",kg/fisher/day ,1,2000,0.3178,NA,NA,NA,NA,
803,"CPUE, Rabbitfish, North Coast fished area, 2000-2004, Fig. 3c",Catch,Family group,Siganidae,NA,NA,NA,Catch per unit effort (CPUE),NA,NTZ,Mombasa Marine National Park,"1 PPG, 1 area open to all fishing",kg/fisher/day ,2,2001,0.1921,NA,NA,NA,NA,
803,"CPUE, Rabbitfish, North Coast fished area, 2000-2004, Fig. 3c",Catch,Family group,Siganidae,NA,NA,NA,Catch per unit effort (CPUE),NA,NTZ,Mombasa Marine National Park,"1 PPG, 1 area open to all fishing",kg/fisher/day ,3,2002,0.303,NA,NA,NA,NA,
803,"CPUE, Rabbitfish, North Coast fished area, 2000-2004, Fig. 3c",Catch,Family group,Siganidae,NA,NA,NA,Catch per unit effort (CPUE),NA,NTZ,Mombasa Marine National Park,"1 PPG, 1 area open to all fishing",kg/fisher/day ,4,2003,0.34,NA,NA,NA,NA,
803,"CPUE, Rabbitfish, North Coast fished area, 2000-2004, Fig. 3c",Catch,Family group,Siganidae,NA,NA,NA,Catch per unit effort (CPUE),NA,NTZ,Mombasa Marine National Park,"1 PPG, 1 area open to all fishing",kg/fisher/day ,5,2004,0.1958,NA,NA,NA,NA,
803,"CPUE, Rabbitfish, North Coast fished area, 2005-2006, Fig. 3c",Catch,Family group,Siganidae,NA,NA,NA,Catch per unit effort (CPUE),NA,NTZ,Mombasa Marine National Park,"1 PPG, 1 area open to all fishing",kg/fisher/day ,1,2005,0.2143,NA,NA,NA,NA,
803,"CPUE, Rabbitfish, North Coast fished area, 2005-2006, Fig. 3c",Catch,Family group,Siganidae,NA,NA,NA,Catch per unit effort (CPUE),NA,NTZ,Mombasa Marine National Park,"1 PPG, 1 area open to all fishing",kg/fisher/day ,2,2006,0.0148,NA,NA,NA,NA,
803,"CPUE, Rabbitfish, North Coast fished area, 2005-2006, Fig. 3c",Catch,Family group,Siganidae,NA,NA,NA,Catch per unit effort (CPUE),NA,NTZ,Mombasa Marine National Park,"1 PPG, 1 area open to all fishing",kg/fisher/day ,3,NA,NA,NA,NA,NA,NA,
803,"CPUE, Rabbitfish, North Coast fished area, 2005-2006, Fig. 3c",Catch,Family group,Siganidae,NA,NA,NA,Catch per unit effort (CPUE),NA,NTZ,Mombasa Marine National Park,"1 PPG, 1 area open to all fishing",kg/fisher/day ,4,NA,NA,NA,NA,NA,NA,
803,"CPUE, Rabbitfish, North Coast fished area, 2005-2006, Fig. 3c",Catch,Family group,Siganidae,NA,NA,NA,Catch per unit effort (CPUE),NA,NTZ,Mombasa Marine National Park,"1 PPG, 1 area open to all fishing",kg/fisher/day ,5,NA,NA,NA,NA,NA,NA,
803,"CPUE, Scavengers, Kenyatta Closure, 1996-2000, Fig. 3d",Catch,Functional group,NA,NA,NA,"Lethrinidae, Lutjanidae, and Haemulidae; carnivores",Catch per unit effort (CPUE),NA,NTZ,Mombasa Marine National Park,"1 PPG, 1 area open to all fishing",kg/fisher/day ,1,1996,1.0021,NA,NA,NA,NA,
803,"CPUE, Scavengers, Kenyatta Closure, 1996-2000, Fig. 3d",Catch,Functional group,NA,NA,NA,"Lethrinidae, Lutjanidae, and Haemulidae; carnivores",Catch per unit effort (CPUE),NA,NTZ,Mombasa Marine National Park,"1 PPG, 1 area open to all fishing",kg/fisher/day ,2,1997,0.3708,NA,NA,NA,NA,
803,"CPUE, Scavengers, Kenyatta Closure, 1996-2000, Fig. 3d",Catch,Functional group,NA,NA,NA,"Lethrinidae, Lutjanidae, and Haemulidae; carnivores",Catch per unit effort (CPUE),NA,NTZ,Mombasa Marine National Park,"1 PPG, 1 area open to all fishing",kg/fisher/day ,3,1998,0.3674,NA,NA,NA,NA,
803,"CPUE, Scavengers, Kenyatta Closure, 1996-2000, Fig. 3d",Catch,Functional group,NA,NA,NA,"Lethrinidae, Lutjanidae, and Haemulidae; carnivores",Catch per unit effort (CPUE),NA,NTZ,Mombasa Marine National Park,"1 PPG, 1 area open to all fishing",kg/fisher/day ,4,1999,0.8618,NA,NA,NA,NA,
803,"CPUE, Scavengers, Kenyatta Closure, 1996-2000, Fig. 3d",Catch,Functional group,NA,NA,NA,"Lethrinidae, Lutjanidae, and Haemulidae; carnivores",Catch per unit effort (CPUE),NA,NTZ,Mombasa Marine National Park,"1 PPG, 1 area open to all fishing",kg/fisher/day ,5,2000,0.8117,NA,NA,NA,NA,
803,"CPUE, Scavengers, Kenyatta Closure, 2001-2005, Fig. 3d",Catch,Functional group,NA,NA,NA,"Lethrinidae, Lutjanidae, and Haemulidae; carnivores",Catch per unit effort (CPUE),NA,NTZ,Mombasa Marine National Park,"1 PPG, 1 area open to all fishing",kg/fisher/day ,1,2001,0.8451,NA,NA,NA,NA,
803,"CPUE, Scavengers, Kenyatta Closure, 2001-2005, Fig. 3d",Catch,Functional group,NA,NA,NA,"Lethrinidae, Lutjanidae, and Haemulidae; carnivores",Catch per unit effort (CPUE),NA,NTZ,Mombasa Marine National Park,"1 PPG, 1 area open to all fishing",kg/fisher/day ,2,2002,0.9186,NA,NA,NA,NA,
803,"CPUE, Scavengers, Kenyatta Closure, 2001-2005, Fig. 3d",Catch,Functional group,NA,NA,NA,"Lethrinidae, Lutjanidae, and Haemulidae; carnivores",Catch per unit effort (CPUE),NA,NTZ,Mombasa Marine National Park,"1 PPG, 1 area open to all fishing",kg/fisher/day ,3,2003,1.2225,NA,NA,NA,NA,
803,"CPUE, Scavengers, Kenyatta Closure, 2001-2005, Fig. 3d",Catch,Functional group,NA,NA,NA,"Lethrinidae, Lutjanidae, and Haemulidae; carnivores",Catch per unit effort (CPUE),NA,NTZ,Mombasa Marine National Park,"1 PPG, 1 area open to all fishing",kg/fisher/day ,4,2004,1.3929,NA,NA,NA,NA,
803,"CPUE, Scavengers, Kenyatta Closure, 2001-2005, Fig. 3d",Catch,Functional group,NA,NA,NA,"Lethrinidae, Lutjanidae, and Haemulidae; carnivores",Catch per unit effort (CPUE),NA,NTZ,Mombasa Marine National Park,"1 PPG, 1 area open to all fishing",kg/fisher/day ,5,2005,1.286,NA,NA,NA,NA,
803,"CPUE, Scavengers, Kenyatta Closure, 2006-2007, Fig. 3d",Catch,Functional group,NA,NA,NA,"Lethrinidae, Lutjanidae, and Haemulidae; carnivores",Catch per unit effort (CPUE),NA,NTZ,Mombasa Marine National Park,"1 PPG, 1 area open to all fishing",kg/fisher/day ,1,2006,1.1624,NA,NA,NA,NA,
803,"CPUE, Scavengers, Kenyatta Closure, 2006-2007, Fig. 3d",Catch,Functional group,NA,NA,NA,"Lethrinidae, Lutjanidae, and Haemulidae; carnivores",Catch per unit effort (CPUE),NA,NTZ,Mombasa Marine National Park,"1 PPG, 1 area open to all fishing",kg/fisher/day ,2,2007,0.9186,NA,NA,NA,NA,
803,"CPUE, Scavengers, Kenyatta Closure, 2006-2007, Fig. 3d",Catch,Functional group,NA,NA,NA,"Lethrinidae, Lutjanidae, and Haemulidae; carnivores",Catch per unit effort (CPUE),NA,NTZ,Mombasa Marine National Park,"1 PPG, 1 area open to all fishing",kg/fisher/day ,3,NA,NA,NA,NA,NA,NA,
803,"CPUE, Scavengers, Kenyatta Closure, 2006-2007, Fig. 3d",Catch,Functional group,NA,NA,NA,"Lethrinidae, Lutjanidae, and Haemulidae; carnivores",Catch per unit effort (CPUE),NA,NTZ,Mombasa Marine National Park,"1 PPG, 1 area open to all fishing",kg/fisher/day ,4,NA,NA,NA,NA,NA,NA,
803,"CPUE, Scavengers, Kenyatta Closure, 2006-2007, Fig. 3d",Catch,Functional group,NA,NA,NA,"Lethrinidae, Lutjanidae, and Haemulidae; carnivores",Catch per unit effort (CPUE),NA,NTZ,Mombasa Marine National Park,"1 PPG, 1 area open to all fishing",kg/fisher/day ,5,NA,NA,NA,NA,NA,NA,
803,"CPUE, Scavengers, South Coast Gear Restriction, 1996-2000, Fig. 3d",Catch,Functional group,NA,NA,NA,"Lethrinidae, Lutjanidae, and Haemulidae; carnivores",Catch per unit effort (CPUE),NA,NTZ,Mombasa Marine National Park,"1 PPG, 1 area open to all fishing",kg/fisher/day ,1,1996,0.5678,NA,NA,NA,NA,
803,"CPUE, Scavengers, South Coast Gear Restriction, 1996-2000, Fig. 3d",Catch,Functional group,NA,NA,NA,"Lethrinidae, Lutjanidae, and Haemulidae; carnivores",Catch per unit effort (CPUE),NA,NTZ,Mombasa Marine National Park,"1 PPG, 1 area open to all fishing",kg/fisher/day ,2,1997,0.3841,NA,NA,NA,NA,
803,"CPUE, Scavengers, South Coast Gear Restriction, 1996-2000, Fig. 3d",Catch,Functional group,NA,NA,NA,"Lethrinidae, Lutjanidae, and Haemulidae; carnivores",Catch per unit effort (CPUE),NA,NTZ,Mombasa Marine National Park,"1 PPG, 1 area open to all fishing",kg/fisher/day ,3,1998,0.4142,NA,NA,NA,NA,
803,"CPUE, Scavengers, South Coast Gear Restriction, 1996-2000, Fig. 3d",Catch,Functional group,NA,NA,NA,"Lethrinidae, Lutjanidae, and Haemulidae; carnivores",Catch per unit effort (CPUE),NA,NTZ,Mombasa Marine National Park,"1 PPG, 1 area open to all fishing",kg/fisher/day ,4,1999,0.2472,NA,NA,NA,NA,
803,"CPUE, Scavengers, South Coast Gear Restriction, 1996-2000, Fig. 3d",Catch,Functional group,NA,NA,NA,"Lethrinidae, Lutjanidae, and Haemulidae; carnivores",Catch per unit effort (CPUE),NA,NTZ,Mombasa Marine National Park,"1 PPG, 1 area open to all fishing",kg/fisher/day ,5,2000,0.2839,NA,NA,NA,NA,
803,"CPUE, Scavengers, South Coast Gear Restriction, 2001-2005, Fig. 3d",Catch,Functional group,NA,NA,NA,"Lethrinidae, Lutjanidae, and Haemulidae; carnivores",Catch per unit effort (CPUE),NA,NTZ,Mombasa Marine National Park,"1 PPG, 1 area open to all fishing",kg/fisher/day ,1,2001,0.3841,NA,NA,NA,NA,
803,"CPUE, Scavengers, South Coast Gear Restriction, 2001-2005, Fig. 3d",Catch,Functional group,NA,NA,NA,"Lethrinidae, Lutjanidae, and Haemulidae; carnivores",Catch per unit effort (CPUE),NA,NTZ,Mombasa Marine National Park,"1 PPG, 1 area open to all fishing",kg/fisher/day ,2,2002,0.4209,NA,NA,NA,NA,
803,"CPUE, Scavengers, South Coast Gear Restriction, 2001-2005, Fig. 3d",Catch,Functional group,NA,NA,NA,"Lethrinidae, Lutjanidae, and Haemulidae; carnivores",Catch per unit effort (CPUE),NA,NTZ,Mombasa Marine National Park,"1 PPG, 1 area open to all fishing",kg/fisher/day ,3,2003,0.1737,NA,NA,NA,NA,
803,"CPUE, Scavengers, South Coast Gear Restriction, 2001-2005, Fig. 3d",Catch,Functional group,NA,NA,NA,"Lethrinidae, Lutjanidae, and Haemulidae; carnivores",Catch per unit effort (CPUE),NA,NTZ,Mombasa Marine National Park,"1 PPG, 1 area open to all fishing",kg/fisher/day ,4,2004,0.1804,NA,NA,NA,NA,
803,"CPUE, Scavengers, South Coast Gear Restriction, 2001-2005, Fig. 3d",Catch,Functional group,NA,NA,NA,"Lethrinidae, Lutjanidae, and Haemulidae; carnivores",Catch per unit effort (CPUE),NA,NTZ,Mombasa Marine National Park,"1 PPG, 1 area open to all fishing",kg/fisher/day ,5,2005,0.3474,NA,NA,NA,NA,
803,"CPUE, Scavengers, South Coast Gear Restriction, 2006-2007, Fig. 3d",Catch,Functional group,NA,NA,NA,"Lethrinidae, Lutjanidae, and Haemulidae; carnivores",Catch per unit effort (CPUE),NA,NTZ,Mombasa Marine National Park,"1 PPG, 1 area open to all fishing",kg/fisher/day ,1,2006,0.3507,NA,NA,NA,NA,
803,"CPUE, Scavengers, South Coast Gear Restriction, 2006-2007, Fig. 3d",Catch,Functional group,NA,NA,NA,"Lethrinidae, Lutjanidae, and Haemulidae; carnivores",Catch per unit effort (CPUE),NA,NTZ,Mombasa Marine National Park,"1 PPG, 1 area open to all fishing",kg/fisher/day ,2,2007,0.1603,NA,NA,NA,NA,
803,"CPUE, Scavengers, South Coast Gear Restriction, 2006-2007, Fig. 3d",Catch,Functional group,NA,NA,NA,"Lethrinidae, Lutjanidae, and Haemulidae; carnivores",Catch per unit effort (CPUE),NA,NTZ,Mombasa Marine National Park,"1 PPG, 1 area open to all fishing",kg/fisher/day ,3,NA,NA,NA,NA,NA,NA,
803,"CPUE, Scavengers, South Coast Gear Restriction, 2006-2007, Fig. 3d",Catch,Functional group,NA,NA,NA,"Lethrinidae, Lutjanidae, and Haemulidae; carnivores",Catch per unit effort (CPUE),NA,NTZ,Mombasa Marine National Park,"1 PPG, 1 area open to all fishing",kg/fisher/day ,4,NA,NA,NA,NA,NA,NA,
803,"CPUE, Scavengers, South Coast Gear Restriction, 2006-2007, Fig. 3d",Catch,Functional group,NA,NA,NA,"Lethrinidae, Lutjanidae, and Haemulidae; carnivores",Catch per unit effort (CPUE),NA,NTZ,Mombasa Marine National Park,"1 PPG, 1 area open to all fishing",kg/fisher/day ,5,NA,NA,NA,NA,NA,NA,
803,"CPUE, Scavengers, North Coast fished area, 2000-2004, Fig. 3d",Catch,Functional group,NA,NA,NA,"Lethrinidae, Lutjanidae, and Haemulidae; carnivores",Catch per unit effort (CPUE),NA,NTZ,Mombasa Marine National Park,"1 PPG, 1 area open to all fishing",kg/fisher/day ,1,2000,0.2939,NA,NA,NA,NA,
803,"CPUE, Scavengers, North Coast fished area, 2000-2004, Fig. 3d",Catch,Functional group,NA,NA,NA,"Lethrinidae, Lutjanidae, and Haemulidae; carnivores",Catch per unit effort (CPUE),NA,NTZ,Mombasa Marine National Park,"1 PPG, 1 area open to all fishing",kg/fisher/day ,2,2001,0.2405,NA,NA,NA,NA,
803,"CPUE, Scavengers, North Coast fished area, 2000-2004, Fig. 3d",Catch,Functional group,NA,NA,NA,"Lethrinidae, Lutjanidae, and Haemulidae; carnivores",Catch per unit effort (CPUE),NA,NTZ,Mombasa Marine National Park,"1 PPG, 1 area open to all fishing",kg/fisher/day ,3,2002,0.2772,NA,NA,NA,NA,
803,"CPUE, Scavengers, North Coast fished area, 2000-2004, Fig. 3d",Catch,Functional group,NA,NA,NA,"Lethrinidae, Lutjanidae, and Haemulidae; carnivores",Catch per unit effort (CPUE),NA,NTZ,Mombasa Marine National Park,"1 PPG, 1 area open to all fishing",kg/fisher/day ,4,2003,0.3507,NA,NA,NA,NA,
803,"CPUE, Scavengers, North Coast fished area, 2000-2004, Fig. 3d",Catch,Functional group,NA,NA,NA,"Lethrinidae, Lutjanidae, and Haemulidae; carnivores",Catch per unit effort (CPUE),NA,NTZ,Mombasa Marine National Park,"1 PPG, 1 area open to all fishing",kg/fisher/day ,5,2004,0.2305,NA,NA,NA,NA,
803,"CPUE, Scavengers, North Coast fished area, 2005-2006, Fig. 3d",Catch,Functional group,NA,NA,NA,"Lethrinidae, Lutjanidae, and Haemulidae; carnivores",Catch per unit effort (CPUE),NA,NTZ,Mombasa Marine National Park,"1 PPG, 1 area open to all fishing",kg/fisher/day ,1,2005,0.3641,NA,NA,NA,NA,
803,"CPUE, Scavengers, North Coast fished area, 2005-2006, Fig. 3d",Catch,Functional group,NA,NA,NA,"Lethrinidae, Lutjanidae, and Haemulidae; carnivores",Catch per unit effort (CPUE),NA,NTZ,Mombasa Marine National Park,"1 PPG, 1 area open to all fishing",kg/fisher/day ,2,2006,0.2405,NA,NA,NA,NA,
803,"CPUE, Scavengers, North Coast fished area, 2005-2006, Fig. 3d",Catch,Functional group,NA,NA,NA,"Lethrinidae, Lutjanidae, and Haemulidae; carnivores",Catch per unit effort (CPUE),NA,NTZ,Mombasa Marine National Park,"1 PPG, 1 area open to all fishing",kg/fisher/day ,3,NA,NA,NA,NA,NA,NA,
803,"CPUE, Scavengers, North Coast fished area, 2005-2006, Fig. 3d",Catch,Functional group,NA,NA,NA,"Lethrinidae, Lutjanidae, and Haemulidae; carnivores",Catch per unit effort (CPUE),NA,NTZ,Mombasa Marine National Park,"1 PPG, 1 area open to all fishing",kg/fisher/day ,4,NA,NA,NA,NA,NA,NA,
803,"CPUE, Scavengers, North Coast fished area, 2005-2006, Fig. 3d",Catch,Functional group,NA,NA,NA,"Lethrinidae, Lutjanidae, and Haemulidae; carnivores",Catch per unit effort (CPUE),NA,NTZ,Mombasa Marine National Park,"1 PPG, 1 area open to all fishing",kg/fisher/day ,5,NA,NA,NA,NA,NA,NA,
694," inside Handumon, mean abundance of trophic level fishes, 1998-2002, Fig. 3 a",Transect count,Trophic levels,NA,NA,NA,predatory reef fishes,Abundance,3-year running mean SE,NTZ,Handumon marine reserve,Yes,desnity of top trophic level fishes (250m-2 +- SE),1,1998,16.364,NA,NA,No,NA,
694," inside Handumon, mean abundance of trophic level fishes, 1998-2002, Fig. 3 a",Transect count,Trophic levels,NA,NA,NA,predatory reef fishes,Abundance,3-year running mean SE,NTZ,Handumon marine reserve,Yes,desnity of top trophic level fishes (250m-2 +- SE),2,1999,8.883,NA,NA,No,NA,
694," inside Handumon, mean abundance of trophic level fishes, 1998-2002, Fig. 3 a",Transect count,Trophic levels,NA,NA,NA,predatory reef fishes,Abundance,3-year running mean SE,NTZ,Handumon marine reserve,Yes,desnity of top trophic level fishes (250m-2 +- SE),3,2000,14.026,NA,NA,No,NA,
694," inside Handumon, mean abundance of trophic level fishes, 1998-2002, Fig. 3 a",Transect count,Trophic levels,NA,NA,NA,predatory reef fishes,Abundance,3-year running mean SE,NTZ,Handumon marine reserve,Yes,desnity of top trophic level fishes (250m-2 +- SE),4,2001,19.636,NA,NA,No,NA,
694," inside Handumon, mean abundance of trophic level fishes, 1998-2002, Fig. 3 a",Transect count,Trophic levels,NA,NA,NA,predatory reef fishes,Abundance,3-year running mean SE,NTZ,Handumon marine reserve,Yes,desnity of top trophic level fishes (250m-2 +- SE),5,2002,10.13,NA,NA,No,NA,
694,"inside Handumon, mean abundance of trophic level fishes, 2003-2004, Fig. 3 a",Transect count,Trophic levels,NA,NA,NA,predatory reef fishes,Abundance,3-year running mean SE,NTZ,Handumon marine reserve,Yes,desnity of top trophic level fishes (250m-2 +- SE),1,2003,25.714,NA,NA,No,NA,
694,"inside Handumon, mean abundance of trophic level fishes, 2003-2004, Fig. 3 a",Transect count,Trophic levels,NA,NA,NA,predatory reef fishes,Abundance,3-year running mean SE,NTZ,Handumon marine reserve,Yes,desnity of top trophic level fishes (250m-2 +- SE),2,2004,20.26,NA,NA,No,NA,
694,"inside Handumon, mean abundance of trophic level fishes, 2003-2004, Fig. 3 a",Transect count,Trophic levels,NA,NA,NA,predatory reef fishes,Abundance,3-year running mean SE,NTZ,Handumon marine reserve,Yes,desnity of top trophic level fishes (250m-2 +- SE),3,NA,NA,NA,NA,No,NA,
694,"inside Handumon, mean abundance of trophic level fishes, 2003-2004, Fig. 3 a",Transect count,Trophic levels,NA,NA,NA,predatory reef fishes,Abundance,3-year running mean SE,NTZ,Handumon marine reserve,Yes,desnity of top trophic level fishes (250m-2 +- SE),4,NA,NA,NA,NA,No,NA,
694,"inside Handumon, mean abundance of trophic level fishes, 2003-2004, Fig. 3 a",Transect count,Trophic levels,NA,NA,NA,predatory reef fishes,Abundance,3-year running mean SE,NTZ,Handumon marine reserve,Yes,desnity of top trophic level fishes (250m-2 +- SE),5,NA,NA,NA,NA,No,NA,
694,"outside Handumon, mean abundance of trophic level fishes, 1998-2002, Fig. 3 a",Transect count,Trophic levels,NA,NA,NA,predatory reef fishes,Abundance,3-year running mean SE,NTZ,Handumon marine reserve,Yes,desnity of top trophic level fishes (250m-2 +- SE),1,1998,9.818,NA,NA,No,NA,
694,"outside Handumon, mean abundance of trophic level fishes, 1998-2002, Fig. 3 a",Transect count,Trophic levels,NA,NA,NA,predatory reef fishes,Abundance,3-year running mean SE,NTZ,Handumon marine reserve,Yes,desnity of top trophic level fishes (250m-2 +- SE),2,1999,2.338,NA,NA,No,NA,
694,"outside Handumon, mean abundance of trophic level fishes, 1998-2002, Fig. 3 a",Transect count,Trophic levels,NA,NA,NA,predatory reef fishes,Abundance,3-year running mean SE,NTZ,Handumon marine reserve,Yes,desnity of top trophic level fishes (250m-2 +- SE),3,2000,10.13,NA,NA,No,NA,
694,"outside Handumon, mean abundance of trophic level fishes, 1998-2002, Fig. 3 a",Transect count,Trophic levels,NA,NA,NA,predatory reef fishes,Abundance,3-year running mean SE,NTZ,Handumon marine reserve,Yes,desnity of top trophic level fishes (250m-2 +- SE),4,2001,5.299,NA,NA,No,NA,
694,"outside Handumon, mean abundance of trophic level fishes, 1998-2002, Fig. 3 a",Transect count,Trophic levels,NA,NA,NA,predatory reef fishes,Abundance,3-year running mean SE,NTZ,Handumon marine reserve,Yes,desnity of top trophic level fishes (250m-2 +- SE),5,2002,2.494,NA,NA,No,NA,
694,"outside Handumon, mean abundance of trophic level fishes, 2003-2004, Fig. 3 a",Transect count,Trophic levels,NA,NA,NA,predatory reef fishes,Abundance,3-year running mean SE,NTZ,Handumon marine reserve,Yes,desnity of top trophic level fishes (250m-2 +- SE),1,2003,11.532,NA,NA,No,NA,
694,"outside Handumon, mean abundance of trophic level fishes, 2003-2004, Fig. 3 a",Transect count,Trophic levels,NA,NA,NA,predatory reef fishes,Abundance,3-year running mean SE,NTZ,Handumon marine reserve,Yes,desnity of top trophic level fishes (250m-2 +- SE),2,2004,12.312,NA,NA,No,NA,
694,"outside Handumon, mean abundance of trophic level fishes, 2003-2004, Fig. 3 a",Transect count,Trophic levels,NA,NA,NA,predatory reef fishes,Abundance,3-year running mean SE,NTZ,Handumon marine reserve,Yes,desnity of top trophic level fishes (250m-2 +- SE),3,NA,NA,NA,NA,No,NA,
694,"outside Handumon, mean abundance of trophic level fishes, 2003-2004, Fig. 3 a",Transect count,Trophic levels,NA,NA,NA,predatory reef fishes,Abundance,3-year running mean SE,NTZ,Handumon marine reserve,Yes,desnity of top trophic level fishes (250m-2 +- SE),4,NA,NA,NA,NA,No,NA,
694,"outside Handumon, mean abundance of trophic level fishes, 2003-2004, Fig. 3 a",Transect count,Trophic levels,NA,NA,NA,predatory reef fishes,Abundance,3-year running mean SE,NTZ,Handumon marine reserve,Yes,desnity of top trophic level fishes (250m-2 +- SE),5,NA,NA,NA,NA,No,NA,
694,"inside Pandanon, mean abundance of trophic level fishes, 1998-2002, Fig. 3b",Transect count,Trophic levels,NA,NA,NA,predatory reef fishes,Abundance,3-year running mean SE,NTZ,Pandanon Marine Reserve,Yes,desnity of top trophic level fishes (250m-2 +- SE),1,1998,0.704,NA,NA,No,NA,
694,"inside Pandanon, mean abundance of trophic level fishes, 1998-2002, Fig. 3b",Transect count,Trophic levels,NA,NA,NA,predatory reef fishes,Abundance,3-year running mean SE,NTZ,Pandanon Marine Reserve,Yes,desnity of top trophic level fishes (250m-2 +- SE),2,1999,2.113,NA,NA,No,NA,
694,"inside Pandanon, mean abundance of trophic level fishes, 1998-2002, Fig. 3b",Transect count,Trophic levels,NA,NA,NA,predatory reef fishes,Abundance,3-year running mean SE,NTZ,Pandanon Marine Reserve,Yes,desnity of top trophic level fishes (250m-2 +- SE),3,2000,1.268,NA,NA,No,NA,
694,"inside Pandanon, mean abundance of trophic level fishes, 1998-2002, Fig. 3b",Transect count,Trophic levels,NA,NA,NA,predatory reef fishes,Abundance,3-year running mean SE,NTZ,Pandanon Marine Reserve,Yes,desnity of top trophic level fishes (250m-2 +- SE),4,2001,4.366,NA,NA,No,NA,
694,"inside Pandanon, mean abundance of trophic level fishes, 1998-2002, Fig. 3b",Transect count,Trophic levels,NA,NA,NA,predatory reef fishes,Abundance,3-year running mean SE,NTZ,Pandanon Marine Reserve,Yes,desnity of top trophic level fishes (250m-2 +- SE),5,2002,20.986,NA,NA,No,NA,
694,"inside Pandanon, mean abundance of trophic level fishes, 2003-2004, Fig. 3b",Transect count,Trophic levels,NA,NA,NA,predatory reef fishes,Abundance,3-year running mean SE,NTZ,Pandanon Marine Reserve,Yes,desnity of top trophic level fishes (250m-2 +- SE),1,2003,41.831,NA,NA,No,NA,
694,"inside Pandanon, mean abundance of trophic level fishes, 2003-2004, Fig. 3b",Transect count,Trophic levels,NA,NA,NA,predatory reef fishes,Abundance,3-year running mean SE,NTZ,Pandanon Marine Reserve,Yes,desnity of top trophic level fishes (250m-2 +- SE),2,2004,54.648,NA,NA,No,NA,
694,"inside Pandanon, mean abundance of trophic level fishes, 2003-2004, Fig. 3b",Transect count,Trophic levels,NA,NA,NA,predatory reef fishes,Abundance,3-year running mean SE,NTZ,Pandanon Marine Reserve,Yes,desnity of top trophic level fishes (250m-2 +- SE),3,NA,NA,NA,NA,No,NA,
694,"inside Pandanon, mean abundance of trophic level fishes, 2003-2004, Fig. 3b",Transect count,Trophic levels,NA,NA,NA,predatory reef fishes,Abundance,3-year running mean SE,NTZ,Pandanon Marine Reserve,Yes,desnity of top trophic level fishes (250m-2 +- SE),4,NA,NA,NA,NA,No,NA,
694,"inside Pandanon, mean abundance of trophic level fishes, 2003-2004, Fig. 3b",Transect count,Trophic levels,NA,NA,NA,predatory reef fishes,Abundance,3-year running mean SE,NTZ,Pandanon Marine Reserve,Yes,desnity of top trophic level fishes (250m-2 +- SE),5,NA,NA,NA,NA,No,NA,
694,"outside Pandanon, mean abundance of trophic level fishes, 1998-2002, Fig. 3 b",Transect count,Trophic levels,NA,NA,NA,predatory reef fishes,Abundance,3-year running mean SE,NTZ,Pandanon Marine Reserve,Yes,desnity of top trophic level fishes (250m-2 +- SE),1,1998,15.775,NA,NA,No,NA,
694,"outside Pandanon, mean abundance of trophic level fishes, 1998-2002, Fig. 3 b",Transect count,Trophic levels,NA,NA,NA,predatory reef fishes,Abundance,3-year running mean SE,NTZ,Pandanon Marine Reserve,Yes,desnity of top trophic level fishes (250m-2 +- SE),2,1999,1.69,NA,NA,No,NA,
694,"outside Pandanon, mean abundance of trophic level fishes, 1998-2002, Fig. 3 b",Transect count,Trophic levels,NA,NA,NA,predatory reef fishes,Abundance,3-year running mean SE,NTZ,Pandanon Marine Reserve,Yes,desnity of top trophic level fishes (250m-2 +- SE),3,2000,8.732,NA,NA,No,NA,
694,"outside Pandanon, mean abundance of trophic level fishes, 1998-2002, Fig. 3 b",Transect count,Trophic levels,NA,NA,NA,predatory reef fishes,Abundance,3-year running mean SE,NTZ,Pandanon Marine Reserve,Yes,desnity of top trophic level fishes (250m-2 +- SE),4,2001,7.465,NA,NA,No,NA,
694,"outside Pandanon, mean abundance of trophic level fishes, 1998-2002, Fig. 3 b",Transect count,Trophic levels,NA,NA,NA,predatory reef fishes,Abundance,3-year running mean SE,NTZ,Pandanon Marine Reserve,Yes,desnity of top trophic level fishes (250m-2 +- SE),5,2002,13.662,NA,NA,No,NA,
694,"outside Pandanon, mean abundance of trophic level fishes, 2003-2004, Fig. 3 b",Transect count,Trophic levels,NA,NA,NA,predatory reef fishes,Abundance,3-year running mean SE,NTZ,Pandanon Marine Reserve,Yes,desnity of top trophic level fishes (250m-2 +- SE),1,2003,19.155,NA,NA,No,NA,
694,"outside Pandanon, mean abundance of trophic level fishes, 2003-2004, Fig. 3 b",Transect count,Trophic levels,NA,NA,NA,predatory reef fishes,Abundance,3-year running mean SE,NTZ,Pandanon Marine Reserve,Yes,desnity of top trophic level fishes (250m-2 +- SE),2,2004,7.887,NA,NA,No,NA,
694,"outside Pandanon, mean abundance of trophic level fishes, 2003-2004, Fig. 3 b",Transect count,Trophic levels,NA,NA,NA,predatory reef fishes,Abundance,3-year running mean SE,NTZ,Pandanon Marine Reserve,Yes,desnity of top trophic level fishes (250m-2 +- SE),3,NA,NA,NA,NA,No,NA,
694,"outside Pandanon, mean abundance of trophic level fishes, 2003-2004, Fig. 3 b",Transect count,Trophic levels,NA,NA,NA,predatory reef fishes,Abundance,3-year running mean SE,NTZ,Pandanon Marine Reserve,Yes,desnity of top trophic level fishes (250m-2 +- SE),4,NA,NA,NA,NA,No,NA,
694,"outside Pandanon, mean abundance of trophic level fishes, 2003-2004, Fig. 3 b",Transect count,Trophic levels,NA,NA,NA,predatory reef fishes,Abundance,3-year running mean SE,NTZ,Pandanon Marine Reserve,Yes,desnity of top trophic level fishes (250m-2 +- SE),5,NA,NA,NA,NA,No,NA,
694,"inside Asinan, mean abundance of trophic level fishes, 1998-2002, Fig. 3c",Transect count,Trophic levels,NA,NA,NA,predatory reef fishes,Abundance,3-year running mean SE,NTZ,Asinan marine reserve,Yes,desnity of top trophic level fishes (250m-2 +- SE),1,1998,3.209,NA,NA,No,NA,
694,"inside Asinan, mean abundance of trophic level fishes, 1998-2002, Fig. 3c",Transect count,Trophic levels,NA,NA,NA,predatory reef fishes,Abundance,3-year running mean SE,NTZ,Asinan marine reserve,Yes,desnity of top trophic level fishes (250m-2 +- SE),2,1999,8.93,NA,NA,No,NA,
694,"inside Asinan, mean abundance of trophic level fishes, 1998-2002, Fig. 3c",Transect count,Trophic levels,NA,NA,NA,predatory reef fishes,Abundance,3-year running mean SE,NTZ,Asinan marine reserve,Yes,desnity of top trophic level fishes (250m-2 +- SE),3,2000,10.047,NA,NA,No,NA,
694,"inside Asinan, mean abundance of trophic level fishes, 1998-2002, Fig. 3c",Transect count,Trophic levels,NA,NA,NA,predatory reef fishes,Abundance,3-year running mean SE,NTZ,Asinan marine reserve,Yes,desnity of top trophic level fishes (250m-2 +- SE),4,2001,10.884,NA,NA,No,NA,
694,"inside Asinan, mean abundance of trophic level fishes, 1998-2002, Fig. 3c",Transect count,Trophic levels,NA,NA,NA,predatory reef fishes,Abundance,3-year running mean SE,NTZ,Asinan marine reserve,Yes,desnity of top trophic level fishes (250m-2 +- SE),5,2002,28.047,NA,NA,No,NA,
694,"inside Asinan, mean abundance of trophic level fishes, 2003-2004, Fig. 3c",Transect count,Trophic levels,NA,NA,NA,predatory reef fishes,Abundance,3-year running mean SE,NTZ,Asinan marine reserve,Yes,desnity of top trophic level fishes (250m-2 +- SE),1,2003,26.512,NA,NA,No,NA,
694,"inside Asinan, mean abundance of trophic level fishes, 2003-2004, Fig. 3c",Transect count,Trophic levels,NA,NA,NA,predatory reef fishes,Abundance,3-year running mean SE,NTZ,Asinan marine reserve,Yes,desnity of top trophic level fishes (250m-2 +- SE),2,2004,14.651,NA,NA,No,NA,
694,"inside Asinan, mean abundance of trophic level fishes, 2003-2004, Fig. 3c",Transect count,Trophic levels,NA,NA,NA,predatory reef fishes,Abundance,3-year running mean SE,NTZ,Asinan marine reserve,Yes,desnity of top trophic level fishes (250m-2 +- SE),3,NA,NA,NA,NA,No,NA,
694,"inside Asinan, mean abundance of trophic level fishes, 2003-2004, Fig. 3c",Transect count,Trophic levels,NA,NA,NA,predatory reef fishes,Abundance,3-year running mean SE,NTZ,Asinan marine reserve,Yes,desnity of top trophic level fishes (250m-2 +- SE),4,NA,NA,NA,NA,No,NA,
694,"inside Asinan, mean abundance of trophic level fishes, 2003-2004, Fig. 3c",Transect count,Trophic levels,NA,NA,NA,predatory reef fishes,Abundance,3-year running mean SE,NTZ,Asinan marine reserve,Yes,desnity of top trophic level fishes (250m-2 +- SE),5,NA,NA,NA,NA,No,NA,
694,"outside Asinan, mean abundance of trophic level fishes, 1998-2002, Fig. 3c",Transect count,Trophic levels,NA,NA,NA,predatory reef fishes,Abundance,3-year running mean SE,NTZ,Asinan marine reserve,Yes,desnity of top trophic level fishes (250m-2 +- SE),1,1998,11.86,NA,NA,No,NA,
694,"outside Asinan, mean abundance of trophic level fishes, 1998-2002, Fig. 3c",Transect count,Trophic levels,NA,NA,NA,predatory reef fishes,Abundance,3-year running mean SE,NTZ,Asinan marine reserve,Yes,desnity of top trophic level fishes (250m-2 +- SE),2,1999,6.14,NA,NA,No,NA,
694,"outside Asinan, mean abundance of trophic level fishes, 1998-2002, Fig. 3c",Transect count,Trophic levels,NA,NA,NA,predatory reef fishes,Abundance,3-year running mean SE,NTZ,Asinan marine reserve,Yes,desnity of top trophic level fishes (250m-2 +- SE),3,2000,0,NA,NA,No,NA,
694,"outside Asinan, mean abundance of trophic level fishes, 1998-2002, Fig. 3c",Transect count,Trophic levels,NA,NA,NA,predatory reef fishes,Abundance,3-year running mean SE,NTZ,Asinan marine reserve,Yes,desnity of top trophic level fishes (250m-2 +- SE),4,2001,7.256,NA,NA,No,NA,
694,"outside Asinan, mean abundance of trophic level fishes, 1998-2002, Fig. 3c",Transect count,Trophic levels,NA,NA,NA,predatory reef fishes,Abundance,3-year running mean SE,NTZ,Asinan marine reserve,Yes,desnity of top trophic level fishes (250m-2 +- SE),5,2002,16.047,NA,NA,No,NA,
694,"outside Asinan, mean abundance of trophic level fishes, 2003-2004, Fig. 3c",Transect count,Trophic levels,NA,NA,NA,predatory reef fishes,Abundance,3-year running mean SE,NTZ,Asinan marine reserve,Yes,desnity of top trophic level fishes (250m-2 +- SE),1,2003,14.791,NA,NA,No,NA,
694,"outside Asinan, mean abundance of trophic level fishes, 2003-2004, Fig. 3c",Transect count,Trophic levels,NA,NA,NA,predatory reef fishes,Abundance,3-year running mean SE,NTZ,Asinan marine reserve,Yes,desnity of top trophic level fishes (250m-2 +- SE),2,2004,22.047,NA,NA,No,NA,
694,"outside Asinan, mean abundance of trophic level fishes, 2003-2004, Fig. 3c",Transect count,Trophic levels,NA,NA,NA,predatory reef fishes,Abundance,3-year running mean SE,NTZ,Asinan marine reserve,Yes,desnity of top trophic level fishes (250m-2 +- SE),3,NA,NA,NA,NA,No,NA,
694,"outside Asinan, mean abundance of trophic level fishes, 2003-2004, Fig. 3c",Transect count,Trophic levels,NA,NA,NA,predatory reef fishes,Abundance,3-year running mean SE,NTZ,Asinan marine reserve,Yes,desnity of top trophic level fishes (250m-2 +- SE),4,NA,NA,NA,NA,No,NA,
694,"outside Asinan, mean abundance of trophic level fishes, 2003-2004, Fig. 3c",Transect count,Trophic levels,NA,NA,NA,predatory reef fishes,Abundance,3-year running mean SE,NTZ,Asinan marine reserve,Yes,desnity of top trophic level fishes (250m-2 +- SE),5,NA,NA,NA,NA,No,NA,
694,"inside Bilang-Bilangan, mean abundance of trophic level fishes, 1998-2002, Fig. 3d",Transect count,Trophic levels,NA,NA,NA,predatory reef fishes,Abundance,3-year running mean SE,NTZ,Bilang-bilangan marine reserve,Yes,desnity of top trophic level fishes (250m-2 +- SE),1,1998,18.032,NA,NA,No,NA,
694,"inside Bilang-Bilangan, mean abundance of trophic level fishes, 1998-2002, Fig. 3d",Transect count,Trophic levels,NA,NA,NA,predatory reef fishes,Abundance,3-year running mean SE,NTZ,Bilang-bilangan marine reserve,Yes,desnity of top trophic level fishes (250m-2 +- SE),2,1999,6.543,NA,NA,No,NA,
694,"inside Bilang-Bilangan, mean abundance of trophic level fishes, 1998-2002, Fig. 3d",Transect count,Trophic levels,NA,NA,NA,predatory reef fishes,Abundance,3-year running mean SE,NTZ,Bilang-bilangan marine reserve,Yes,desnity of top trophic level fishes (250m-2 +- SE),3,2000,17.553,NA,NA,No,NA,
694,"inside Bilang-Bilangan, mean abundance of trophic level fishes, 1998-2002, Fig. 3d",Transect count,Trophic levels,NA,NA,NA,predatory reef fishes,Abundance,3-year running mean SE,NTZ,Bilang-bilangan marine reserve,Yes,desnity of top trophic level fishes (250m-2 +- SE),4,2001,36.862,NA,NA,No,NA,
694,"inside Bilang-Bilangan, mean abundance of trophic level fishes, 1998-2002, Fig. 3d",Transect count,Trophic levels,NA,NA,NA,predatory reef fishes,Abundance,3-year running mean SE,NTZ,Bilang-bilangan marine reserve,Yes,desnity of top trophic level fishes (250m-2 +- SE),5,2002,15.479,NA,NA,No,NA,
694,"inside Bilang-Bilangan, mean abundance of trophic level fishes, 2003-2004, Fig. 3d",Transect count,Trophic levels,NA,NA,NA,predatory reef fishes,Abundance,3-year running mean SE,NTZ,Bilang-bilangan marine reserve,Yes,desnity of top trophic level fishes (250m-2 +- SE),1,2003,36.862,NA,NA,No,NA,
694,"inside Bilang-Bilangan, mean abundance of trophic level fishes, 2003-2004, Fig. 3d",Transect count,Trophic levels,NA,NA,NA,predatory reef fishes,Abundance,3-year running mean SE,NTZ,Bilang-bilangan marine reserve,Yes,desnity of top trophic level fishes (250m-2 +- SE),2,2004,42.447,NA,NA,No,NA,
694,"inside Bilang-Bilangan, mean abundance of trophic level fishes, 2003-2004, Fig. 3d",Transect count,Trophic levels,NA,NA,NA,predatory reef fishes,Abundance,3-year running mean SE,NTZ,Bilang-bilangan marine reserve,Yes,desnity of top trophic level fishes (250m-2 +- SE),3,NA,NA,NA,NA,No,NA,
694,"inside Bilang-Bilangan, mean abundance of trophic level fishes, 2003-2004, Fig. 3d",Transect count,Trophic levels,NA,NA,NA,predatory reef fishes,Abundance,3-year running mean SE,NTZ,Bilang-bilangan marine reserve,Yes,desnity of top trophic level fishes (250m-2 +- SE),4,NA,NA,NA,NA,No,NA,
694,"inside Bilang-Bilangan, mean abundance of trophic level fishes, 2003-2004, Fig. 3d",Transect count,Trophic levels,NA,NA,NA,predatory reef fishes,Abundance,3-year running mean SE,NTZ,Bilang-bilangan marine reserve,Yes,desnity of top trophic level fishes (250m-2 +- SE),5,NA,NA,NA,NA,No,NA,
694,"outside Bilang-Bilangan, mean abundance of trophic level fishes, 1999-2003, Fig. 3d",Transect count,Trophic levels,NA,NA,NA,predatory reef fishes,Abundance,3-year running mean SE,NTZ,Bilang-bilangan marine reserve,Yes,desnity of top trophic level fishes (250m-2 +- SE),1,1999,26.809,NA,NA,No,NA,
694,"outside Bilang-Bilangan, mean abundance of trophic level fishes, 1999-2003, Fig. 3d",Transect count,Trophic levels,NA,NA,NA,predatory reef fishes,Abundance,3-year running mean SE,NTZ,Bilang-bilangan marine reserve,Yes,desnity of top trophic level fishes (250m-2 +- SE),2,2000,56.649,NA,NA,No,NA,
694,"outside Bilang-Bilangan, mean abundance of trophic level fishes, 1999-2003, Fig. 3d",Transect count,Trophic levels,NA,NA,NA,predatory reef fishes,Abundance,3-year running mean SE,NTZ,Bilang-bilangan marine reserve,Yes,desnity of top trophic level fishes (250m-2 +- SE),3,2001,21.862,NA,NA,No,NA,
694,"outside Bilang-Bilangan, mean abundance of trophic level fishes, 1999-2003, Fig. 3d",Transect count,Trophic levels,NA,NA,NA,predatory reef fishes,Abundance,3-year running mean SE,NTZ,Bilang-bilangan marine reserve,Yes,desnity of top trophic level fishes (250m-2 +- SE),4,2002,109,NA,NA,No,NA,
694,"outside Bilang-Bilangan, mean abundance of trophic level fishes, 1999-2003, Fig. 3d",Transect count,Trophic levels,NA,NA,NA,predatory reef fishes,Abundance,3-year running mean SE,NTZ,Bilang-bilangan marine reserve,Yes,desnity of top trophic level fishes (250m-2 +- SE),5,2003,43.245,NA,NA,No,NA,
694,"outside Bilang-Bilangan, mean abundance of trophic level fishes, 2004, Fig. 3d",Transect count,Trophic levels,NA,NA,NA,predatory reef fishes,Abundance,3-year running mean SE,NTZ,Bilang-bilangan marine reserve,Yes,desnity of top trophic level fishes (250m-2 +- SE),1,2004,47.713,NA,NA,No,NA,
694,"outside Bilang-Bilangan, mean abundance of trophic level fishes, 2004, Fig. 3d",Transect count,Trophic levels,NA,NA,NA,predatory reef fishes,Abundance,3-year running mean SE,NTZ,Bilang-bilangan marine reserve,Yes,desnity of top trophic level fishes (250m-2 +- SE),2,NA,NA,NA,NA,No,NA,
694,"outside Bilang-Bilangan, mean abundance of trophic level fishes, 2004, Fig. 3d",Transect count,Trophic levels,NA,NA,NA,predatory reef fishes,Abundance,3-year running mean SE,NTZ,Bilang-bilangan marine reserve,Yes,desnity of top trophic level fishes (250m-2 +- SE),3,NA,NA,NA,NA,No,NA,
694,"outside Bilang-Bilangan, mean abundance of trophic level fishes, 2004, Fig. 3d",Transect count,Trophic levels,NA,NA,NA,predatory reef fishes,Abundance,3-year running mean SE,NTZ,Bilang-bilangan marine reserve,Yes,desnity of top trophic level fishes (250m-2 +- SE),4,NA,NA,NA,NA,No,NA,
694,"outside Bilang-Bilangan, mean abundance of trophic level fishes, 2004, Fig. 3d",Transect count,Trophic levels,NA,NA,NA,predatory reef fishes,Abundance,3-year running mean SE,NTZ,Bilang-bilangan marine reserve,Yes,desnity of top trophic level fishes (250m-2 +- SE),5,NA,NA,NA,NA,No,NA,
694,"inside Batasan, mean abundance of trophic level fishes, 1999-2003, Fig. 3e",Transect count,Trophic levels,NA,NA,NA,predatory reef fishes,Abundance,3-year running mean SE,NTZ,Batasan marine reserve,Yes,desnity of top trophic level fishes (250m-2 +- SE),1,1999,7.536,NA,NA,No,NA,
694,"inside Batasan, mean abundance of trophic level fishes, 1999-2003, Fig. 3e",Transect count,Trophic levels,NA,NA,NA,predatory reef fishes,Abundance,3-year running mean SE,NTZ,Batasan marine reserve,Yes,desnity of top trophic level fishes (250m-2 +- SE),2,2000,15.797,NA,NA,No,NA,
694,"inside Batasan, mean abundance of trophic level fishes, 1999-2003, Fig. 3e",Transect count,Trophic levels,NA,NA,NA,predatory reef fishes,Abundance,3-year running mean SE,NTZ,Batasan marine reserve,Yes,desnity of top trophic level fishes (250m-2 +- SE),3,2001,14.058,NA,NA,No,NA,
694,"inside Batasan, mean abundance of trophic level fishes, 1999-2003, Fig. 3e",Transect count,Trophic levels,NA,NA,NA,predatory reef fishes,Abundance,3-year running mean SE,NTZ,Batasan marine reserve,Yes,desnity of top trophic level fishes (250m-2 +- SE),4,2002,18.986,NA,NA,No,NA,
694,"inside Batasan, mean abundance of trophic level fishes, 1999-2003, Fig. 3e",Transect count,Trophic levels,NA,NA,NA,predatory reef fishes,Abundance,3-year running mean SE,NTZ,Batasan marine reserve,Yes,desnity of top trophic level fishes (250m-2 +- SE),5,2003,37.681,NA,NA,No,NA,
694,"inside Batasan, mean abundance of trophic level fishes, 2004, Fig. 3e",Transect count,Trophic levels,NA,NA,NA,predatory reef fishes,Abundance,3-year running mean SE,NTZ,Batasan marine reserve,Yes,desnity of top trophic level fishes (250m-2 +- SE),1,2004,40.725,NA,NA,No,NA,
694,"inside Batasan, mean abundance of trophic level fishes, 2004, Fig. 3e",Transect count,Trophic levels,NA,NA,NA,predatory reef fishes,Abundance,3-year running mean SE,NTZ,Batasan marine reserve,Yes,desnity of top trophic level fishes (250m-2 +- SE),2,NA,NA,NA,NA,No,NA,
694,"inside Batasan, mean abundance of trophic level fishes, 2004, Fig. 3e",Transect count,Trophic levels,NA,NA,NA,predatory reef fishes,Abundance,3-year running mean SE,NTZ,Batasan marine reserve,Yes,desnity of top trophic level fishes (250m-2 +- SE),3,NA,NA,NA,NA,No,NA,
694,"inside Batasan, mean abundance of trophic level fishes, 2004, Fig. 3e",Transect count,Trophic levels,NA,NA,NA,predatory reef fishes,Abundance,3-year running mean SE,NTZ,Batasan marine reserve,Yes,desnity of top trophic level fishes (250m-2 +- SE),4,NA,NA,NA,NA,No,NA,
694,"inside Batasan, mean abundance of trophic level fishes, 2004, Fig. 3e",Transect count,Trophic levels,NA,NA,NA,predatory reef fishes,Abundance,3-year running mean SE,NTZ,Batasan marine reserve,Yes,desnity of top trophic level fishes (250m-2 +- SE),5,NA,NA,NA,NA,No,NA,
694,"outside Batasan, mean abundance of trophic level fishes, 1999-2003, Fig. 3e",Transect count,Trophic levels,NA,NA,NA,predatory reef fishes,Abundance,3-year running mean SE,NTZ,Batasan marine reserve,Yes,desnity of top trophic level fishes (250m-2 +- SE),1,1999,0.58,NA,NA,No,NA,
694,"outside Batasan, mean abundance of trophic level fishes, 1999-2003, Fig. 3e",Transect count,Trophic levels,NA,NA,NA,predatory reef fishes,Abundance,3-year running mean SE,NTZ,Batasan marine reserve,Yes,desnity of top trophic level fishes (250m-2 +- SE),2,2000,2.899,NA,NA,No,NA,
694,"outside Batasan, mean abundance of trophic level fishes, 1999-2003, Fig. 3e",Transect count,Trophic levels,NA,NA,NA,predatory reef fishes,Abundance,3-year running mean SE,NTZ,Batasan marine reserve,Yes,desnity of top trophic level fishes (250m-2 +- SE),3,2001,5.652,NA,NA,No,NA,
694,"outside Batasan, mean abundance of trophic level fishes, 1999-2003, Fig. 3e",Transect count,Trophic levels,NA,NA,NA,predatory reef fishes,Abundance,3-year running mean SE,NTZ,Batasan marine reserve,Yes,desnity of top trophic level fishes (250m-2 +- SE),4,2002,6.667,NA,NA,No,NA,
694,"outside Batasan, mean abundance of trophic level fishes, 1999-2003, Fig. 3e",Transect count,Trophic levels,NA,NA,NA,predatory reef fishes,Abundance,3-year running mean SE,NTZ,Batasan marine reserve,Yes,desnity of top trophic level fishes (250m-2 +- SE),5,2003,14.348,NA,NA,No,NA,
694,"outside Batasan, mean abundance of trophic level fishes, 2004, Fig. 3e",Transect count,Trophic levels,NA,NA,NA,predatory reef fishes,Abundance,3-year running mean SE,NTZ,Batasan marine reserve,Yes,desnity of top trophic level fishes (250m-2 +- SE),1,2004,2.464,NA,NA,No,NA,
694,"outside Batasan, mean abundance of trophic level fishes, 2004, Fig. 3e",Transect count,Trophic levels,NA,NA,NA,predatory reef fishes,Abundance,3-year running mean SE,NTZ,Batasan marine reserve,Yes,desnity of top trophic level fishes (250m-2 +- SE),2,NA,NA,NA,NA,No,NA,
694,"outside Batasan, mean abundance of trophic level fishes, 2004, Fig. 3e",Transect count,Trophic levels,NA,NA,NA,predatory reef fishes,Abundance,3-year running mean SE,NTZ,Batasan marine reserve,Yes,desnity of top trophic level fishes (250m-2 +- SE),3,NA,NA,NA,NA,No,NA,
694,"outside Batasan, mean abundance of trophic level fishes, 2004, Fig. 3e",Transect count,Trophic levels,NA,NA,NA,predatory reef fishes,Abundance,3-year running mean SE,NTZ,Batasan marine reserve,Yes,desnity of top trophic level fishes (250m-2 +- SE),4,NA,NA,NA,NA,No,NA,
694,"outside Batasan, mean abundance of trophic level fishes, 2004, Fig. 3e",Transect count,Trophic levels,NA,NA,NA,predatory reef fishes,Abundance,3-year running mean SE,NTZ,Batasan marine reserve,Yes,desnity of top trophic level fishes (250m-2 +- SE),5,NA,NA,NA,NA,No,NA,
694,"inside Handumon, mean abundance of Labridae, 1998-2002, Fig. 4 a",Transect count,Family group,Labridae,NA,NA,NA,Abundance,3-year running mean SE,NTZ,Handumon marine reserve,Yes,desnity of labrids (250m-2 +- SE),1,1998,4.513,NA,NA,Yes,NA,
694,"inside Handumon, mean abundance of Labridae, 1998-2002, Fig. 4 a",Transect count,Family group,Labridae,NA,NA,NA,Abundance,3-year running mean SE,NTZ,Handumon marine reserve,Yes,desnity of labrids (250m-2 +- SE),2,1999,13.949,NA,NA,Yes,NA,
694,"inside Handumon, mean abundance of Labridae, 1998-2002, Fig. 4 a",Transect count,Family group,Labridae,NA,NA,NA,Abundance,3-year running mean SE,NTZ,Handumon marine reserve,Yes,desnity of labrids (250m-2 +- SE),3,2000,30.769,NA,NA,Yes,NA,
694,"inside Handumon, mean abundance of Labridae, 1998-2002, Fig. 4 a",Transect count,Family group,Labridae,NA,NA,NA,Abundance,3-year running mean SE,NTZ,Handumon marine reserve,Yes,desnity of labrids (250m-2 +- SE),4,2001,30.769,NA,NA,Yes,NA,
694,"inside Handumon, mean abundance of Labridae, 1998-2002, Fig. 4 a",Transect count,Family group,Labridae,NA,NA,NA,Abundance,3-year running mean SE,NTZ,Handumon marine reserve,Yes,desnity of labrids (250m-2 +- SE),5,2002,25.846,NA,NA,Yes,NA,
694,"inside Handumon, mean abundance of Labridae, 2003-2004, Fig. 4 a",Transect count,Family group,Labridae,NA,NA,NA,Abundance,3-year running mean SE,NTZ,Handumon marine reserve,Yes,desnity of labrids (250m-2 +- SE),1,2003,70.154,NA,NA,Yes,NA,
694,"inside Handumon, mean abundance of Labridae, 2003-2004, Fig. 4 a",Transect count,Family group,Labridae,NA,NA,NA,Abundance,3-year running mean SE,NTZ,Handumon marine reserve,Yes,desnity of labrids (250m-2 +- SE),2,2004,41.846,NA,NA,Yes,NA,
694,"inside Handumon, mean abundance of Labridae, 2003-2004, Fig. 4 a",Transect count,Family group,Labridae,NA,NA,NA,Abundance,3-year running mean SE,NTZ,Handumon marine reserve,Yes,desnity of labrids (250m-2 +- SE),3,NA,NA,NA,NA,Yes,NA,
694,"inside Handumon, mean abundance of Labridae, 2003-2004, Fig. 4 a",Transect count,Family group,Labridae,NA,NA,NA,Abundance,3-year running mean SE,NTZ,Handumon marine reserve,Yes,desnity of labrids (250m-2 +- SE),4,NA,NA,NA,NA,Yes,NA,
694,"inside Handumon, mean abundance of Labridae, 2003-2004, Fig. 4 a",Transect count,Family group,Labridae,NA,NA,NA,Abundance,3-year running mean SE,NTZ,Handumon marine reserve,Yes,desnity of labrids (250m-2 +- SE),5,NA,NA,NA,NA,Yes,NA,
694,"outside Handumon, mean abundance of Labridae, 1998-2002, Fig. 4 a",Transect count,Family group,Labridae,NA,NA,NA,Abundance,3-year running mean SE,NTZ,Handumon marine reserve,Yes,desnity of labrids (250m-2 +- SE),1,1998,2.462,NA,NA,Yes,NA,
694,"outside Handumon, mean abundance of Labridae, 1998-2002, Fig. 4 a",Transect count,Family group,Labridae,NA,NA,NA,Abundance,3-year running mean SE,NTZ,Handumon marine reserve,Yes,desnity of labrids (250m-2 +- SE),2,1999,4.923,NA,NA,Yes,NA,
694,"outside Handumon, mean abundance of Labridae, 1998-2002, Fig. 4 a",Transect count,Family group,Labridae,NA,NA,NA,Abundance,3-year running mean SE,NTZ,Handumon marine reserve,Yes,desnity of labrids (250m-2 +- SE),3,2000,14.769,NA,NA,Yes,NA,
694,"outside Handumon, mean abundance of Labridae, 1998-2002, Fig. 4 a",Transect count,Family group,Labridae,NA,NA,NA,Abundance,3-year running mean SE,NTZ,Handumon marine reserve,Yes,desnity of labrids (250m-2 +- SE),4,2001,8.205,NA,NA,Yes,NA,
694,"outside Handumon, mean abundance of Labridae, 1998-2002, Fig. 4 a",Transect count,Family group,Labridae,NA,NA,NA,Abundance,3-year running mean SE,NTZ,Handumon marine reserve,Yes,desnity of labrids (250m-2 +- SE),5,2002,7.795,NA,NA,Yes,NA,
694,"outside Handumon, mean abundance of Labridae, 2003-2004, Fig. 4 a",Transect count,Family group,Labridae,NA,NA,NA,Abundance,3-year running mean SE,NTZ,Handumon marine reserve,Yes,desnity of labrids (250m-2 +- SE),1,2003,88.205,NA,NA,Yes,NA,
694,"outside Handumon, mean abundance of Labridae, 2003-2004, Fig. 4 a",Transect count,Family group,Labridae,NA,NA,NA,Abundance,3-year running mean SE,NTZ,Handumon marine reserve,Yes,desnity of labrids (250m-2 +- SE),2,2004,17.231,NA,NA,Yes,NA,
694,"outside Handumon, mean abundance of Labridae, 2003-2004, Fig. 4 a",Transect count,Family group,Labridae,NA,NA,NA,Abundance,3-year running mean SE,NTZ,Handumon marine reserve,Yes,desnity of labrids (250m-2 +- SE),3,NA,NA,NA,NA,Yes,NA,
694,"outside Handumon, mean abundance of Labridae, 2003-2004, Fig. 4 a",Transect count,Family group,Labridae,NA,NA,NA,Abundance,3-year running mean SE,NTZ,Handumon marine reserve,Yes,desnity of labrids (250m-2 +- SE),4,NA,NA,NA,NA,Yes,NA,
694,"outside Handumon, mean abundance of Labridae, 2003-2004, Fig. 4 a",Transect count,Family group,Labridae,NA,NA,NA,Abundance,3-year running mean SE,NTZ,Handumon marine reserve,Yes,desnity of labrids (250m-2 +- SE),5,NA,NA,NA,NA,Yes,NA,
694,"inside Pandanon, mean abundance of Labridae, 1998-2002, Fig. 4b",Transect count,Family group,Labridae,NA,NA,NA,Abundance,3-year running mean SE,NTZ,Pandanon marine reserve,Yes,desnity of labrids (250m-2 +- SE),1,1998,127.079,NA,NA,No,NA,
694,"inside Pandanon, mean abundance of Labridae, 1998-2002, Fig. 4b",Transect count,Family group,Labridae,NA,NA,NA,Abundance,3-year running mean SE,NTZ,Pandanon marine reserve,Yes,desnity of labrids (250m-2 +- SE),2,1999,170.576,NA,NA,No,NA,
694,"inside Pandanon, mean abundance of Labridae, 1998-2002, Fig. 4b",Transect count,Family group,Labridae,NA,NA,NA,Abundance,3-year running mean SE,NTZ,Pandanon marine reserve,Yes,desnity of labrids (250m-2 +- SE),3,2000,162.047,NA,NA,No,NA,
694,"inside Pandanon, mean abundance of Labridae, 1998-2002, Fig. 4b",Transect count,Family group,Labridae,NA,NA,NA,Abundance,3-year running mean SE,NTZ,Pandanon marine reserve,Yes,desnity of labrids (250m-2 +- SE),4,2001,202.132,NA,NA,No,NA,
694,"inside Pandanon, mean abundance of Labridae, 1998-2002, Fig. 4b",Transect count,Family group,Labridae,NA,NA,NA,Abundance,3-year running mean SE,NTZ,Pandanon marine reserve,Yes,desnity of labrids (250m-2 +- SE),5,2002,199.574,NA,NA,No,NA,
694,"inside Pandanon, mean abundance of Labridae, 2003-2004, Fig. 4b",Transect count,Family group,Labridae,NA,NA,NA,Abundance,3-year running mean SE,NTZ,Pandanon marine reserve,Yes,desnity of labrids (250m-2 +- SE),1,2003,427.292,NA,NA,No,NA,
694,"inside Pandanon, mean abundance of Labridae, 2003-2004, Fig. 4b",Transect count,Family group,Labridae,NA,NA,NA,Abundance,3-year running mean SE,NTZ,Pandanon marine reserve,Yes,desnity of labrids (250m-2 +- SE),2,2004,298.507,NA,NA,No,NA,
694,"inside Pandanon, mean abundance of Labridae, 2003-2004, Fig. 4b",Transect count,Family group,Labridae,NA,NA,NA,Abundance,3-year running mean SE,NTZ,Pandanon marine reserve,Yes,desnity of labrids (250m-2 +- SE),3,NA,NA,NA,NA,No,NA,
694,"inside Pandanon, mean abundance of Labridae, 2003-2004, Fig. 4b",Transect count,Family group,Labridae,NA,NA,NA,Abundance,3-year running mean SE,NTZ,Pandanon marine reserve,Yes,desnity of labrids (250m-2 +- SE),4,NA,NA,NA,NA,No,NA,
694,"inside Pandanon, mean abundance of Labridae, 2003-2004, Fig. 4b",Transect count,Family group,Labridae,NA,NA,NA,Abundance,3-year running mean SE,NTZ,Pandanon marine reserve,Yes,desnity of labrids (250m-2 +- SE),5,NA,NA,NA,NA,No,NA,
694,"outside Pandanon, mean abundance of Labridae, 1998-2002, Fig. 4b",Transect count,Family group,Labridae,NA,NA,NA,Abundance,3-year running mean SE,NTZ,Pandanon marine reserve,Yes,desnity of labrids (250m-2 +- SE),1,1998,58.849,NA,NA,No,NA,
694,"outside Pandanon, mean abundance of Labridae, 1998-2002, Fig. 4b",Transect count,Family group,Labridae,NA,NA,NA,Abundance,3-year running mean SE,NTZ,Pandanon marine reserve,Yes,desnity of labrids (250m-2 +- SE),2,1999,295.096,NA,NA,No,NA,
694,"outside Pandanon, mean abundance of Labridae, 1998-2002, Fig. 4b",Transect count,Family group,Labridae,NA,NA,NA,Abundance,3-year running mean SE,NTZ,Pandanon marine reserve,Yes,desnity of labrids (250m-2 +- SE),3,2000,116.844,NA,NA,No,NA,
694,"outside Pandanon, mean abundance of Labridae, 1998-2002, Fig. 4b",Transect count,Family group,Labridae,NA,NA,NA,Abundance,3-year running mean SE,NTZ,Pandanon marine reserve,Yes,desnity of labrids (250m-2 +- SE),4,2001,224.307,NA,NA,No,NA,
694,"outside Pandanon, mean abundance of Labridae, 1998-2002, Fig. 4b",Transect count,Family group,Labridae,NA,NA,NA,Abundance,3-year running mean SE,NTZ,Pandanon marine reserve,Yes,desnity of labrids (250m-2 +- SE),5,2002,104.051,NA,NA,No,NA,
694,"outside Pandanon, mean abundance of Labridae, 2003-2004, Fig. 4b",Transect count,Family group,Labridae,NA,NA,NA,Abundance,3-year running mean SE,NTZ,Pandanon marine reserve,Yes,desnity of labrids (250m-2 +- SE),1,2003,150.107,NA,NA,No,NA,
694,"outside Pandanon, mean abundance of Labridae, 2003-2004, Fig. 4b",Transect count,Family group,Labridae,NA,NA,NA,Abundance,3-year running mean SE,NTZ,Pandanon marine reserve,Yes,desnity of labrids (250m-2 +- SE),2,2004,157.782,NA,NA,No,NA,
694,"outside Pandanon, mean abundance of Labridae, 2003-2004, Fig. 4b",Transect count,Family group,Labridae,NA,NA,NA,Abundance,3-year running mean SE,NTZ,Pandanon marine reserve,Yes,desnity of labrids (250m-2 +- SE),3,NA,NA,NA,NA,No,NA,
694,"outside Pandanon, mean abundance of Labridae, 2003-2004, Fig. 4b",Transect count,Family group,Labridae,NA,NA,NA,Abundance,3-year running mean SE,NTZ,Pandanon marine reserve,Yes,desnity of labrids (250m-2 +- SE),4,NA,NA,NA,NA,No,NA,
694,"outside Pandanon, mean abundance of Labridae, 2003-2004, Fig. 4b",Transect count,Family group,Labridae,NA,NA,NA,Abundance,3-year running mean SE,NTZ,Pandanon marine reserve,Yes,desnity of labrids (250m-2 +- SE),5,NA,NA,NA,NA,No,NA,
694,"inside Asinan, mean abundance of Labridae, 1998-2002, Fig. 4c",Transect count,Family group,Labridae,NA,NA,NA ,Abundance,3-year running mean SE,NTZ,Asinan marine reserve,Yes,desnity of labrids (250m-2 +- SE),1,1998,8.571,NA,NA,No,NA,
694,"inside Asinan, mean abundance of Labridae, 1998-2002, Fig. 4c",Transect count,Family group,Labridae,NA,NA,NA ,Abundance,3-year running mean SE,NTZ,Asinan marine reserve,Yes,desnity of labrids (250m-2 +- SE),2,1999,17.857,NA,NA,No,NA,
694,"inside Asinan, mean abundance of Labridae, 1998-2002, Fig. 4c",Transect count,Family group,Labridae,NA,NA,NA ,Abundance,3-year running mean SE,NTZ,Asinan marine reserve,Yes,desnity of labrids (250m-2 +- SE),3,2000,21.071,NA,NA,No,NA,
694,"inside Asinan, mean abundance of Labridae, 1998-2002, Fig. 4c",Transect count,Family group,Labridae,NA,NA,NA ,Abundance,3-year running mean SE,NTZ,Asinan marine reserve,Yes,desnity of labrids (250m-2 +- SE),4,2001,27.143,NA,NA,No,NA,
694,"inside Asinan, mean abundance of Labridae, 1998-2002, Fig. 4c",Transect count,Family group,Labridae,NA,NA,NA ,Abundance,3-year running mean SE,NTZ,Asinan marine reserve,Yes,desnity of labrids (250m-2 +- SE),5,2002,38.929,NA,NA,No,NA,
694,"inside Asinan, mean abundance of Labridae, 2003-2004, Fig. 4c",Transect count,Family group,Labridae,NA,NA,NA,Abundance,3-year running mean SE,NTZ,Asinan marine reserve,Yes,desnity of labrids (250m-2 +- SE),1,2003,71.429,NA,NA,No,NA,
694,"inside Asinan, mean abundance of Labridae, 2003-2004, Fig. 4c",Transect count,Family group,Labridae,NA,NA,NA,Abundance,3-year running mean SE,NTZ,Asinan marine reserve,Yes,desnity of labrids (250m-2 +- SE),2,36.786,NA,NA,NA,No,NA,
694,"inside Asinan, mean abundance of Labridae, 2003-2004, Fig. 4c",Transect count,Family group,Labridae,NA,NA,NA,Abundance,3-year running mean SE,NTZ,Asinan marine reserve,Yes,desnity of labrids (250m-2 +- SE),3,NA,NA,NA,NA,No,NA,
694,"inside Asinan, mean abundance of Labridae, 2003-2004, Fig. 4c",Transect count,Family group,Labridae,NA,NA,NA,Abundance,3-year running mean SE,NTZ,Asinan marine reserve,Yes,desnity of labrids (250m-2 +- SE),4,NA,NA,NA,NA,No,NA,
694,"inside Asinan, mean abundance of Labridae, 2003-2004, Fig. 4c",Transect count,Family group,Labridae,NA,NA,NA,Abundance,3-year running mean SE,NTZ,Asinan marine reserve,Yes,desnity of labrids (250m-2 +- SE),5,NA,NA,NA,NA,No,NA,
694,"outside Asinan, mean abundance of Labridae, 1998-2002, Fig. 4c",Transect count,Family group,Labridae,NA,NA,NA,Abundance,3-year running mean SE,NTZ,Asinan marine reserve,Yes,desnity of labrids (250m-2 +- SE),1,1998,16.071,NA,NA,No,NA,
694,"outside Asinan, mean abundance of Labridae, 1998-2002, Fig. 4c",Transect count,Family group,Labridae,NA,NA,NA,Abundance,3-year running mean SE,NTZ,Asinan marine reserve,Yes,desnity of labrids (250m-2 +- SE),2,1999,24.643,NA,NA,No,NA,
694,"outside Asinan, mean abundance of Labridae, 1998-2002, Fig. 4c",Transect count,Family group,Labridae,NA,NA,NA,Abundance,3-year running mean SE,NTZ,Asinan marine reserve,Yes,desnity of labrids (250m-2 +- SE),3,2000,17.857,NA,NA,No,NA,
694,"outside Asinan, mean abundance of Labridae, 1998-2002, Fig. 4c",Transect count,Family group,Labridae,NA,NA,NA,Abundance,3-year running mean SE,NTZ,Asinan marine reserve,Yes,desnity of labrids (250m-2 +- SE),4,2001,26.429,NA,NA,No,NA,
694,"outside Asinan, mean abundance of Labridae, 1998-2002, Fig. 4c",Transect count,Family group,Labridae,NA,NA,NA,Abundance,3-year running mean SE,NTZ,Asinan marine reserve,Yes,desnity of labrids (250m-2 +- SE),5,2002,56.071,NA,NA,No,NA,
694,"outside Asinan, mean abundance of Labridae, 2003-2004, Fig. 4c",Transect count,Family group,Labridae,NA,NA,NA,Abundance,3-year running mean SE,NTZ,Asinan marine reserve,Yes,desnity of labrids (250m-2 +- SE),1,2003,91.071,NA,NA,No,NA,
694,"outside Asinan, mean abundance of Labridae, 2003-2004, Fig. 4c",Transect count,Family group,Labridae,NA,NA,NA,Abundance,3-year running mean SE,NTZ,Asinan marine reserve,Yes,desnity of labrids (250m-2 +- SE),2,2004,49.643,NA,NA,No,NA,
694,"outside Asinan, mean abundance of Labridae, 2003-2004, Fig. 4c",Transect count,Family group,Labridae,NA,NA,NA,Abundance,3-year running mean SE,NTZ,Asinan marine reserve,Yes,desnity of labrids (250m-2 +- SE),3,NA,NA,NA,NA,No,NA,
694,"outside Asinan, mean abundance of Labridae, 2003-2004, Fig. 4c",Transect count,Family group,Labridae,NA,NA,NA,Abundance,3-year running mean SE,NTZ,Asinan marine reserve,Yes,desnity of labrids (250m-2 +- SE),4,NA,NA,NA,NA,No,NA,
694,"outside Asinan, mean abundance of Labridae, 2003-2004, Fig. 4c",Transect count,Family group,Labridae,NA,NA,NA,Abundance,3-year running mean SE,NTZ,Asinan marine reserve,Yes,desnity of labrids (250m-2 +- SE),5,NA,NA,NA,NA,No,NA,
694,"inside Bilang-Bilangan, mean abundance of Labridae, 1998-2002, Fig. 4d",Transect count,Family group,Labridae,NA,NA,NA,Abundance,3-year running mean SE,NTZ,Bilang-Bilangan marine reserve,Yes,desnity of labrids (250m-2 +- SE),1,1998,75.703,NA,NA,No,NA,
694,"inside Bilang-Bilangan, mean abundance of Labridae, 1998-2002, Fig. 4d",Transect count,Family group,Labridae,NA,NA,NA,Abundance,3-year running mean SE,NTZ,Bilang-Bilangan marine reserve,Yes,desnity of labrids (250m-2 +- SE),2,1999,47.877,NA,NA,No,NA,
694,"inside Bilang-Bilangan, mean abundance of Labridae, 1998-2002, Fig. 4d",Transect count,Family group,Labridae,NA,NA,NA,Abundance,3-year running mean SE,NTZ,Bilang-Bilangan marine reserve,Yes,desnity of labrids (250m-2 +- SE),3,2000,74.067,NA,NA,No,NA,
694,"inside Bilang-Bilangan, mean abundance of Labridae, 1998-2002, Fig. 4d",Transect count,Family group,Labridae,NA,NA,NA,Abundance,3-year running mean SE,NTZ,Bilang-Bilangan marine reserve,Yes,desnity of labrids (250m-2 +- SE),4,2001,50.332,NA,NA,No,NA,
694,"inside Bilang-Bilangan, mean abundance of Labridae, 1998-2002, Fig. 4d",Transect count,Family group,Labridae,NA,NA,NA,Abundance,3-year running mean SE,NTZ,Bilang-Bilangan marine reserve,Yes,desnity of labrids (250m-2 +- SE),5,2002,60.153,NA,NA,No,NA,
694,"inside Bilang-Bilangan, mean abundance of Labridae, 2003-2004, Fig. 4d",Transect count,Family group,Labridae,NA,NA,NA,Abundance,3-year running mean SE,NTZ,Bilang-Bilangan marine reserve,Yes,desnity of labrids (250m-2 +- SE),1,2003,147.724,NA,NA,No,NA,
694,"inside Bilang-Bilangan, mean abundance of Labridae, 2003-2004, Fig. 4d",Transect count,Family group,Labridae,NA,NA,NA,Abundance,3-year running mean SE,NTZ,Bilang-Bilangan marine reserve,Yes,desnity of labrids (250m-2 +- SE),2,2004,135.038,NA,NA,No,NA,
694,"inside Bilang-Bilangan, mean abundance of Labridae, 2003-2004, Fig. 4d",Transect count,Family group,Labridae,NA,NA,NA,Abundance,3-year running mean SE,NTZ,Bilang-Bilangan marine reserve,Yes,desnity of labrids (250m-2 +- SE),3,NA,NA,NA,NA,No,NA,
694,"inside Bilang-Bilangan, mean abundance of Labridae, 2003-2004, Fig. 4d",Transect count,Family group,Labridae,NA,NA,NA,Abundance,3-year running mean SE,NTZ,Bilang-Bilangan marine reserve,Yes,desnity of labrids (250m-2 +- SE),4,NA,NA,NA,NA,No,NA,
694,"inside Bilang-Bilangan, mean abundance of Labridae, 2003-2004, Fig. 4d",Transect count,Family group,Labridae,NA,NA,NA,Abundance,3-year running mean SE,NTZ,Bilang-Bilangan marine reserve,Yes,desnity of labrids (250m-2 +- SE),5,NA,NA,NA,NA,No,NA,
694,"outside Bilang-Bilangan, mean abundance of Labridae, 1999-2003, Fig. 4d",Transect count,Family group,Labridae,NA,NA,NA,Abundance,3-year running mean SE,NTZ,Bilang-Bilangan marine reserve,Yes,desnity of labrids (250m-2 +- SE),1,1999,56.471,NA,NA,No,NA,
694,"outside Bilang-Bilangan, mean abundance of Labridae, 1999-2003, Fig. 4d",Transect count,Family group,Labridae,NA,NA,NA,Abundance,3-year running mean SE,NTZ,Bilang-Bilangan marine reserve,Yes,desnity of labrids (250m-2 +- SE),2,2000,37.647,NA,NA,No,NA,
694,"outside Bilang-Bilangan, mean abundance of Labridae, 1999-2003, Fig. 4d",Transect count,Family group,Labridae,NA,NA,NA,Abundance,3-year running mean SE,NTZ,Bilang-Bilangan marine reserve,Yes,desnity of labrids (250m-2 +- SE),3,2001,73.248,NA,NA,No,NA,
694,"outside Bilang-Bilangan, mean abundance of Labridae, 1999-2003, Fig. 4d",Transect count,Family group,Labridae,NA,NA,NA,Abundance,3-year running mean SE,NTZ,Bilang-Bilangan marine reserve,Yes,desnity of labrids (250m-2 +- SE),4,2002,65.882,NA,NA,No,NA,
694,"outside Bilang-Bilangan, mean abundance of Labridae, 1999-2003, Fig. 4d",Transect count,Family group,Labridae,NA,NA,NA,Abundance,3-year running mean SE,NTZ,Bilang-Bilangan marine reserve,Yes,desnity of labrids (250m-2 +- SE),5,2003,117.442,NA,NA,No,NA,
694,"outside Bilang-Bilangan, mean abundance of Labridae, 2004, Fig. 4d",Transect count,Family group,Labridae,NA,NA,NA,Abundance,3-year running mean SE,NTZ,Bilang-Bilangan marine reserve,Yes,desnity of labrids (250m-2 +- SE),1,2004,147.724,NA,NA,No,NA,
694,"outside Bilang-Bilangan, mean abundance of Labridae, 2004, Fig. 4d",Transect count,Family group,Labridae,NA,NA,NA,Abundance,3-year running mean SE,NTZ,Bilang-Bilangan marine reserve,Yes,desnity of labrids (250m-2 +- SE),2,NA,NA,NA,NA,No,NA,
694,"outside Bilang-Bilangan, mean abundance of Labridae, 2004, Fig. 4d",Transect count,Family group,Labridae,NA,NA,NA,Abundance,3-year running mean SE,NTZ,Bilang-Bilangan marine reserve,Yes,desnity of labrids (250m-2 +- SE),3,NA,NA,NA,NA,No,NA,
694,"outside Bilang-Bilangan, mean abundance of Labridae, 2004, Fig. 4d",Transect count,Family group,Labridae,NA,NA,NA,Abundance,3-year running mean SE,NTZ,Bilang-Bilangan marine reserve,Yes,desnity of labrids (250m-2 +- SE),4,NA,NA,NA,NA,No,NA,
694,"outside Bilang-Bilangan, mean abundance of Labridae, 2004, Fig. 4d",Transect count,Family group,Labridae,NA,NA,NA,Abundance,3-year running mean SE,NTZ,Bilang-Bilangan marine reserve,Yes,desnity of labrids (250m-2 +- SE),5,NA,NA,NA,NA,No,NA,
694,"inside Batasan, mean abundance of Labridae, 1999-2003, Fig. 4e",Transect count,Family group,Labridae,NA,NA,NA,Abundance,3-year running mean SE,NTZ,Batasan marine reserve,Yes,desnity of labrids (250m-2 +- SE),1,1999,51.151,NA,NA,Yes,NA,
694,"inside Batasan, mean abundance of Labridae, 1999-2003, Fig. 4e",Transect count,Family group,Labridae,NA,NA,NA,Abundance,3-year running mean SE,NTZ,Batasan marine reserve,Yes,desnity of labrids (250m-2 +- SE),2,2000,54.834,NA,NA,Yes,NA,
694,"inside Batasan, mean abundance of Labridae, 1999-2003, Fig. 4e",Transect count,Family group,Labridae,NA,NA,NA,Abundance,3-year running mean SE,NTZ,Batasan marine reserve,Yes,desnity of labrids (250m-2 +- SE),3,2001,52.788,NA,NA,Yes,NA,
694,"inside Batasan, mean abundance of Labridae, 1999-2003, Fig. 4e",Transect count,Family group,Labridae,NA,NA,NA,Abundance,3-year running mean SE,NTZ,Batasan marine reserve,Yes,desnity of labrids (250m-2 +- SE),4,2002,52.788,NA,NA,Yes,NA,
694,"inside Batasan, mean abundance of Labridae, 1999-2003, Fig. 4e",Transect count,Family group,Labridae,NA,NA,NA,Abundance,3-year running mean SE,NTZ,Batasan marine reserve,Yes,desnity of labrids (250m-2 +- SE),5,2003,123.581,NA,NA,Yes,NA,
694,"inside Batasan, mean abundance of Labridae, 2004, Fig. 4e",Transect count,Family group,Labridae,NA,NA,NA,Abundance,3-year running mean SE,NTZ,Batasan marine reserve,Yes,desnity of labrids (250m-2 +- SE),1,2004,109.258,NA,NA,Yes,NA,
694,"inside Batasan, mean abundance of Labridae, 2004, Fig. 4e",Transect count,Family group,Labridae,NA,NA,NA,Abundance,3-year running mean SE,NTZ,Batasan marine reserve,Yes,desnity of labrids (250m-2 +- SE),2,NA,NA,NA,NA,Yes,NA,
694,"inside Batasan, mean abundance of Labridae, 2004, Fig. 4e",Transect count,Family group,Labridae,NA,NA,NA,Abundance,3-year running mean SE,NTZ,Batasan marine reserve,Yes,desnity of labrids (250m-2 +- SE),3,NA,NA,NA,NA,Yes,NA,
694,"inside Batasan, mean abundance of Labridae, 2004, Fig. 4e",Transect count,Family group,Labridae,NA,NA,NA,Abundance,3-year running mean SE,NTZ,Batasan marine reserve,Yes,desnity of labrids (250m-2 +- SE),4,NA,NA,NA,NA,Yes,NA,
694,"inside Batasan, mean abundance of Labridae, 2004, Fig. 4e",Transect count,Family group,Labridae,NA,NA,NA,Abundance,3-year running mean SE,NTZ,Batasan marine reserve,Yes,desnity of labrids (250m-2 +- SE),5,NA,NA,NA,NA,Yes,NA,
694,"outside Batasan, mean abundance of Labridae, 1999-2003, Fig. 4e",Stationary count,Family group,Labridae,NA,NA,NA,Abundance,3-year running mean SE,NTZ,Batasan marine reserve,Yes,desnity of labrids (250m-2 +- SE),1,1999,22.097,NA,NA,Yes,NA,
694,"outside Batasan, mean abundance of Labridae, 1999-2003, Fig. 4e",Stationary count,Family group,Labridae,NA,NA,NA,Abundance,3-year running mean SE,NTZ,Batasan marine reserve,Yes,desnity of labrids (250m-2 +- SE),2,2000,29.054,NA,NA,Yes,NA,
694,"outside Batasan, mean abundance of Labridae, 1999-2003, Fig. 4e",Stationary count,Family group,Labridae,NA,NA,NA,Abundance,3-year running mean SE,NTZ,Batasan marine reserve,Yes,desnity of labrids (250m-2 +- SE),3,2001,35.601,NA,NA,Yes,NA,
694,"outside Batasan, mean abundance of Labridae, 1999-2003, Fig. 4e",Stationary count,Family group,Labridae,NA,NA,NA,Abundance,3-year running mean SE,NTZ,Batasan marine reserve,Yes,desnity of labrids (250m-2 +- SE),4,2002,38.875,NA,NA,Yes,NA,
694,"outside Batasan, mean abundance of Labridae, 1999-2003, Fig. 4e",Stationary count,Family group,Labridae,NA,NA,NA,Abundance,3-year running mean SE,NTZ,Batasan marine reserve,Yes,desnity of labrids (250m-2 +- SE),5,2003,150.997,NA,NA,Yes,NA,
694,"outside Batasan, mean abundance of Labridae, 2004, Fig. 4e",Transect count,Family group,Labridae,NA,NA,NA,Abundance,3-year running mean SE,NTZ,Batasan marine reserve,Yes,desnity of labrids (250m-2 +- SE),1,2004,99.847,NA,NA,Yes,NA,
694,"outside Batasan, mean abundance of Labridae, 2004, Fig. 4e",Transect count,Family group,Labridae,NA,NA,NA,Abundance,3-year running mean SE,NTZ,Batasan marine reserve,Yes,desnity of labrids (250m-2 +- SE),2,NA,NA,NA,NA,Yes,NA,
694,"outside Batasan, mean abundance of Labridae, 2004, Fig. 4e",Transect count,Family group,Labridae,NA,NA,NA,Abundance,3-year running mean SE,NTZ,Batasan marine reserve,Yes,desnity of labrids (250m-2 +- SE),3,NA,NA,NA,NA,Yes,NA,
694,"outside Batasan, mean abundance of Labridae, 2004, Fig. 4e",Transect count,Family group,Labridae,NA,NA,NA,Abundance,3-year running mean SE,NTZ,Batasan marine reserve,Yes,desnity of labrids (250m-2 +- SE),4,NA,NA,NA,NA,Yes,NA,
694,"outside Batasan, mean abundance of Labridae, 2004, Fig. 4e",Transect count,Family group,Labridae,NA,NA,NA,Abundance,3-year running mean SE,NTZ,Batasan marine reserve,Yes,desnity of labrids (250m-2 +- SE),5,NA,NA,NA,NA,Yes,NA,
694,"inside Handumon, mean abundance of Scaridae, 1998-2002, Fig. 5a",Transect count,Family group,Scaridae,NA,NA,NA,Abundance,3-year running mean SE,NTZ,Handumon marine reserve,Yes,desnity of scarids (250m-2 +- SE),1,1998,1.717,NA,NA,No,NA,
694,"inside Handumon, mean abundance of Scaridae, 1998-2002, Fig. 5a",Transect count,Family group,Scaridae,NA,NA,NA,Abundance,3-year running mean SE,NTZ,Handumon marine reserve,Yes,desnity of scarids (250m-2 +- SE),2,1999,0.343,NA,NA,No,NA,
694,"inside Handumon, mean abundance of Scaridae, 1998-2002, Fig. 5a",Transect count,Family group,Scaridae,NA,NA,NA,Abundance,3-year running mean SE,NTZ,Handumon marine reserve,Yes,desnity of scarids (250m-2 +- SE),3,2000,13.562,NA,NA,No,NA,
694,"inside Handumon, mean abundance of Scaridae, 1998-2002, Fig. 5a",Transect count,Family group,Scaridae,NA,NA,NA,Abundance,3-year running mean SE,NTZ,Handumon marine reserve,Yes,desnity of scarids (250m-2 +- SE),4,2001,17.854,NA,NA,No,NA,
694,"inside Handumon, mean abundance of Scaridae, 1998-2002, Fig. 5a",Transect count,Family group,Scaridae,NA,NA,NA,Abundance,3-year running mean SE,NTZ,Handumon marine reserve,Yes,desnity of scarids (250m-2 +- SE),5,2002,15.622,NA,NA,No,NA,
694,"inside Handumon, mean abundance of Scaridae, 2003-2004, Fig. 5a",Transect count,Family group,Scaridae,NA,NA,NA,Abundance,3-year running mean SE,NTZ,Handumon marine reserve,Yes,desnity of scarids (250m-2 +- SE),1,2003,50.129,NA,NA,No,NA,
694,"inside Handumon, mean abundance of Scaridae, 2003-2004, Fig. 5a",Transect count,Family group,Scaridae,NA,NA,NA,Abundance,3-year running mean SE,NTZ,Handumon marine reserve,Yes,desnity of scarids (250m-2 +- SE),2,2004,59.227,NA,NA,No,NA,
694,"inside Handumon, mean abundance of Scaridae, 2003-2004, Fig. 5a",Transect count,Family group,Scaridae,NA,NA,NA,Abundance,3-year running mean SE,NTZ,Handumon marine reserve,Yes,desnity of scarids (250m-2 +- SE),3,NA,NA,NA,NA,No,NA,
694,"inside Handumon, mean abundance of Scaridae, 2003-2004, Fig. 5a",Transect count,Family group,Scaridae,NA,NA,NA,Abundance,3-year running mean SE,NTZ,Handumon marine reserve,Yes,desnity of scarids (250m-2 +- SE),4,NA,NA,NA,NA,No,NA,
694,"inside Handumon, mean abundance of Scaridae, 2003-2004, Fig. 5a",Transect count,Family group,Scaridae,NA,NA,NA,Abundance,3-year running mean SE,NTZ,Handumon marine reserve,Yes,desnity of scarids (250m-2 +- SE),5,NA,NA,NA,NA,No,NA,
694,"outside Handumon, mean abundance of Scaridae, 1998-2002, Fig. 5a",Transect count,Family group,Scaridae,NA,NA,NA,Abundance,3-year running mean SE,NTZ,Handumon marine reserve,Yes,desnity of scarids (250m-2 +- SE),1,2000,22.661,NA,NA,No,NA,
694,"outside Handumon, mean abundance of Scaridae, 1998-2002, Fig. 5a",Transect count,Family group,Scaridae,NA,NA,NA,Abundance,3-year running mean SE,NTZ,Handumon marine reserve,Yes,desnity of scarids (250m-2 +- SE),2,2001,1.373,NA,NA,No,NA,
694,"outside Handumon, mean abundance of Scaridae, 1998-2002, Fig. 5a",Transect count,Family group,Scaridae,NA,NA,NA,Abundance,3-year running mean SE,NTZ,Handumon marine reserve,Yes,desnity of scarids (250m-2 +- SE),3,2002,2.747,NA,NA,No,NA,
694,"outside Handumon, mean abundance of Scaridae, 1998-2002, Fig. 5a",Transect count,Family group,Scaridae,NA,NA,NA,Abundance,3-year running mean SE,NTZ,Handumon marine reserve,Yes,desnity of scarids (250m-2 +- SE),4,2003,25.064,NA,NA,No,NA,
694,"outside Handumon, mean abundance of Scaridae, 1998-2002, Fig. 5a",Transect count,Family group,Scaridae,NA,NA,NA,Abundance,3-year running mean SE,NTZ,Handumon marine reserve,Yes,desnity of scarids (250m-2 +- SE),5,2004,8.584,NA,NA,No,NA,
694,"inside Pandanon, mean abundance of Scaridae, 1998-2002, Fig. 5b",Transect count,Family group,Scaridae,NA,NA,NA,Abundance,3-year running mean SE,NTZ,Pandanon marine reserve,Yes,desnity of scarids (250m-2 +- SE),1,1998,10.635,NA,NA,No,NA,
694,"inside Pandanon, mean abundance of Scaridae, 1998-2002, Fig. 5b",Transect count,Family group,Scaridae,NA,NA,NA,Abundance,3-year running mean SE,NTZ,Pandanon marine reserve,Yes,desnity of scarids (250m-2 +- SE),2,1999,0.635,NA,NA,No,NA,
694,"inside Pandanon, mean abundance of Scaridae, 1998-2002, Fig. 5b",Transect count,Family group,Scaridae,NA,NA,NA,Abundance,3-year running mean SE,NTZ,Pandanon marine reserve,Yes,desnity of scarids (250m-2 +- SE),3,2000,0,NA,NA,No,NA,
694,"inside Pandanon, mean abundance of Scaridae, 1998-2002, Fig. 5b",Transect count,Family group,Scaridae,NA,NA,NA,Abundance,3-year running mean SE,NTZ,Pandanon marine reserve,Yes,desnity of scarids (250m-2 +- SE),4,2001,8.254,NA,NA,No,NA,
694,"inside Pandanon, mean abundance of Scaridae, 1998-2002, Fig. 5b",Transect count,Family group,Scaridae,NA,NA,NA,Abundance,3-year running mean SE,NTZ,Pandanon marine reserve,Yes,desnity of scarids (250m-2 +- SE),5,2002,16.508,NA,NA,No,NA,
694,"inside Pandanon, mean abundance of Scaridae, 2003-2004, Fig. 5b",Transect count,Family group,Scaridae,NA,NA,NA,Abundance,3-year running mean SE,NTZ,Pandanon marine reserve,Yes,desnity of scarids (250m-2 +- SE),1,2003,27.46,NA,NA,No,NA,
694,"inside Pandanon, mean abundance of Scaridae, 2003-2004, Fig. 5b",Transect count,Family group,Scaridae,NA,NA,NA,Abundance,3-year running mean SE,NTZ,Pandanon marine reserve,Yes,desnity of scarids (250m-2 +- SE),2,2004,55.079,NA,NA,No,NA,
694,"inside Pandanon, mean abundance of Scaridae, 2003-2004, Fig. 5b",Transect count,Family group,Scaridae,NA,NA,NA,Abundance,3-year running mean SE,NTZ,Pandanon marine reserve,Yes,desnity of scarids (250m-2 +- SE),3,NA,NA,NA,NA,No,NA,
694,"inside Pandanon, mean abundance of Scaridae, 2003-2004, Fig. 5b",Transect count,Family group,Scaridae,NA,NA,NA,Abundance,3-year running mean SE,NTZ,Pandanon marine reserve,Yes,desnity of scarids (250m-2 +- SE),4,NA,NA,NA,NA,No,NA,
694,"inside Pandanon, mean abundance of Scaridae, 2003-2004, Fig. 5b",Transect count,Family group,Scaridae,NA,NA,NA,Abundance,3-year running mean SE,NTZ,Pandanon marine reserve,Yes,desnity of scarids (250m-2 +- SE),5,NA,NA,NA,NA,No,NA,
694,"outside Pandanon, mean abundance of Scaridae, 1998-2002, Fig. 5b",Transect count,Family group,Scaridae,NA,NA,NA,Abundance,3-year running mean SE,NTZ,Pandanon marine reserve,Yes,desnity of scarids (250m-2 +- SE),1,1998,0,NA,NA,No,NA,
694,"outside Pandanon, mean abundance of Scaridae, 1998-2002, Fig. 5b",Transect count,Family group,Scaridae,NA,NA,NA,Abundance,3-year running mean SE,NTZ,Pandanon marine reserve,Yes,desnity of scarids (250m-2 +- SE),2,1999,0.952,NA,NA,No,NA,
694,"outside Pandanon, mean abundance of Scaridae, 1998-2002, Fig. 5b",Transect count,Family group,Scaridae,NA,NA,NA,Abundance,3-year running mean SE,NTZ,Pandanon marine reserve,Yes,desnity of scarids (250m-2 +- SE),3,2000,1.746,NA,NA,No,NA,
694,"outside Pandanon, mean abundance of Scaridae, 1998-2002, Fig. 5b",Transect count,Family group,Scaridae,NA,NA,NA,Abundance,3-year running mean SE,NTZ,Pandanon marine reserve,Yes,desnity of scarids (250m-2 +- SE),4,2001,4.127,NA,NA,No,NA,
694,"outside Pandanon, mean abundance of Scaridae, 1998-2002, Fig. 5b",Transect count,Family group,Scaridae,NA,NA,NA,Abundance,3-year running mean SE,NTZ,Pandanon marine reserve,Yes,desnity of scarids (250m-2 +- SE),5,2002,40.159,NA,NA,No,NA,
694,"outside Pandanon, mean abundance of Scaridae, 2003-2004, Fig. 5b",Transect count,Family group,Scaridae,NA,NA,NA,Abundance,3-year running mean SE,NTZ,Pandanon marine reserve,Yes,desnity of scarids (250m-2 +- SE),1,2003,23.651,NA,NA,No,NA,
694,"outside Pandanon, mean abundance of Scaridae, 2003-2004, Fig. 5b",Transect count,Family group,Scaridae,NA,NA,NA,Abundance,3-year running mean SE,NTZ,Pandanon marine reserve,Yes,desnity of scarids (250m-2 +- SE),2,2004,10.317,NA,NA,No,NA,
694,"outside Pandanon, mean abundance of Scaridae, 2003-2004, Fig. 5b",Transect count,Family group,Scaridae,NA,NA,NA,Abundance,3-year running mean SE,NTZ,Pandanon marine reserve,Yes,desnity of scarids (250m-2 +- SE),3,NA,NA,NA,NA,No,NA,
694,"outside Pandanon, mean abundance of Scaridae, 2003-2004, Fig. 5b",Transect count,Family group,Scaridae,NA,NA,NA,Abundance,3-year running mean SE,NTZ,Pandanon marine reserve,Yes,desnity of scarids (250m-2 +- SE),4,NA,NA,NA,NA,No,NA,
694,"outside Pandanon, mean abundance of Scaridae, 2003-2004, Fig. 5b",Transect count,Family group,Scaridae,NA,NA,NA,Abundance,3-year running mean SE,NTZ,Pandanon marine reserve,Yes,desnity of scarids (250m-2 +- SE),5,NA,NA,NA,NA,No,NA,
694,"inside Asinan, mean abundance of Scaridae, 1998-2002, Fig. 5c",Transect count,Family group,Scaridae,NA,NA,NA,Abundance,3-year running mean SE,NTZ,Asinan marine reserve,Yes,desnity of scarids (250m-2 +- SE),1,1998,0,NA,NA,No,NA,
694,"inside Asinan, mean abundance of Scaridae, 1998-2002, Fig. 5c",Transect count,Family group,Scaridae,NA,NA,NA,Abundance,3-year running mean SE,NTZ,Asinan marine reserve,Yes,desnity of scarids (250m-2 +- SE),2,1999,0.319,NA,NA,No,NA,
694,"inside Asinan, mean abundance of Scaridae, 1998-2002, Fig. 5c",Transect count,Family group,Scaridae,NA,NA,NA,Abundance,3-year running mean SE,NTZ,Asinan marine reserve,Yes,desnity of scarids (250m-2 +- SE),3,2000,1.912,NA,NA,No,NA,
694,"inside Asinan, mean abundance of Scaridae, 1998-2002, Fig. 5c",Transect count,Family group,Scaridae,NA,NA,NA,Abundance,3-year running mean SE,NTZ,Asinan marine reserve,Yes,desnity of scarids (250m-2 +- SE),4,2001,6.215,NA,NA,No,NA,
694,"inside Asinan, mean abundance of Scaridae, 1998-2002, Fig. 5c",Transect count,Family group,Scaridae,NA,NA,NA,Abundance,3-year running mean SE,NTZ,Asinan marine reserve,Yes,desnity of scarids (250m-2 +- SE),5,2002,9.88,NA,NA,No,NA,
694,"inside Asinan, mean abundance of Scaridae, 2003-2004, Fig. 5c",Transect count,Family group,Scaridae,NA,NA,NA,Abundance,3-year running mean SE,NTZ,Asinan marine reserve,Yes,desnity of scarids (250m-2 +- SE),1,2003,16.414,NA,NA,No,NA,
694,"inside Asinan, mean abundance of Scaridae, 2003-2004, Fig. 5c",Transect count,Family group,Scaridae,NA,NA,NA,Abundance,3-year running mean SE,NTZ,Asinan marine reserve,Yes,desnity of scarids (250m-2 +- SE),2,2004,20.239,NA,NA,No,NA,
694,"inside Asinan, mean abundance of Scaridae, 2003-2004, Fig. 5c",Transect count,Family group,Scaridae,NA,NA,NA,Abundance,3-year running mean SE,NTZ,Asinan marine reserve,Yes,desnity of scarids (250m-2 +- SE),3,NA,NA,NA,NA,No,NA,
694,"inside Asinan, mean abundance of Scaridae, 2003-2004, Fig. 5c",Transect count,Family group,Scaridae,NA,NA,NA,Abundance,3-year running mean SE,NTZ,Asinan marine reserve,Yes,desnity of scarids (250m-2 +- SE),4,NA,NA,NA,NA,No,NA,
694,"inside Asinan, mean abundance of Scaridae, 2003-2004, Fig. 5c",Transect count,Family group,Scaridae,NA,NA,NA,Abundance,3-year running mean SE,NTZ,Asinan marine reserve,Yes,desnity of scarids (250m-2 +- SE),5,NA,NA,NA,NA,No,NA,
694,"outside Asinan, mean abundance of Scaridae, 1998-2002, Fig. 5c",Transect count,Family group,Scaridae,NA,NA,NA,Abundance,3-year running mean SE,NTZ,Asinan marine reserve,Yes,desnity of scarids (250m-2 +- SE),1,1998,0,NA,NA,No,NA,
694,"outside Asinan, mean abundance of Scaridae, 1998-2002, Fig. 5c",Transect count,Family group,Scaridae,NA,NA,NA,Abundance,3-year running mean SE,NTZ,Asinan marine reserve,Yes,desnity of scarids (250m-2 +- SE),2,1999,1.594,NA,NA,No,NA,
694,"outside Asinan, mean abundance of Scaridae, 1998-2002, Fig. 5c",Transect count,Family group,Scaridae,NA,NA,NA,Abundance,3-year running mean SE,NTZ,Asinan marine reserve,Yes,desnity of scarids (250m-2 +- SE),3,2000,4.303,NA,NA,No,NA,
694,"outside Asinan, mean abundance of Scaridae, 1998-2002, Fig. 5c",Transect count,Family group,Scaridae,NA,NA,NA,Abundance,3-year running mean SE,NTZ,Asinan marine reserve,Yes,desnity of scarids (250m-2 +- SE),4,2001,7.49,NA,NA,No,NA,
694,"outside Asinan, mean abundance of Scaridae, 1998-2002, Fig. 5c",Transect count,Family group,Scaridae,NA,NA,NA,Abundance,3-year running mean SE,NTZ,Asinan marine reserve,Yes,desnity of scarids (250m-2 +- SE),5,2002,17.53,NA,NA,No,NA,
694,"outside Asinan, mean abundance of Scaridae, 2003-2004, Fig. 5c",Transect count,Family group,Scaridae,NA,NA,NA,Abundance,3-year running mean SE,NTZ,Asinan marine reserve,Yes,desnity of scarids (250m-2 +- SE),1,2003,28.207,NA,NA,No,NA,
694,"outside Asinan, mean abundance of Scaridae, 2003-2004, Fig. 5c",Transect count,Family group,Scaridae,NA,NA,NA,Abundance,3-year running mean SE,NTZ,Asinan marine reserve,Yes,desnity of scarids (250m-2 +- SE),2,2004,16.574,NA,NA,No,NA,
694,"outside Asinan, mean abundance of Scaridae, 2003-2004, Fig. 5c",Transect count,Family group,Scaridae,NA,NA,NA,Abundance,3-year running mean SE,NTZ,Asinan marine reserve,Yes,desnity of scarids (250m-2 +- SE),3,NA,NA,NA,NA,No,NA,
694,"outside Asinan, mean abundance of Scaridae, 2003-2004, Fig. 5c",Transect count,Family group,Scaridae,NA,NA,NA,Abundance,3-year running mean SE,NTZ,Asinan marine reserve,Yes,desnity of scarids (250m-2 +- SE),4,NA,NA,NA,NA,No,NA,
694,"outside Asinan, mean abundance of Scaridae, 2003-2004, Fig. 5c",Transect count,Family group,Scaridae,NA,NA,NA,Abundance,3-year running mean SE,NTZ,Asinan marine reserve,Yes,desnity of scarids (250m-2 +- SE),5,NA,NA,NA,NA,No,NA,
694,"inside Bilang-Bilangan, mean abundance of Scaridae, 1998-2002, Fig. 5d",Transect count,Family group,Scaridae,NA,NA,NA,Abundance,3-year running mean SE,NTZ,Bilang-Bilangan marine reserve,Yes,desnity of scarids (250m-2 +- SE),1,1998,11.596,NA,NA,No,NA,
694,"inside Bilang-Bilangan, mean abundance of Scaridae, 1998-2002, Fig. 5d",Transect count,Family group,Scaridae,NA,NA,NA,Abundance,3-year running mean SE,NTZ,Bilang-Bilangan marine reserve,Yes,desnity of scarids (250m-2 +- SE),2,1999,1.468,NA,NA,No,NA,
694,"inside Bilang-Bilangan, mean abundance of Scaridae, 1998-2002, Fig. 5d",Transect count,Family group,Scaridae,NA,NA,NA,Abundance,3-year running mean SE,NTZ,Bilang-Bilangan marine reserve,Yes,desnity of scarids (250m-2 +- SE),3,2000,7.339,NA,NA,No,NA,
694,"inside Bilang-Bilangan, mean abundance of Scaridae, 1998-2002, Fig. 5d",Transect count,Family group,Scaridae,NA,NA,NA,Abundance,3-year running mean SE,NTZ,Bilang-Bilangan marine reserve,Yes,desnity of scarids (250m-2 +- SE),4,2001,2.642,NA,NA,No,NA,
694,"inside Bilang-Bilangan, mean abundance of Scaridae, 1998-2002, Fig. 5d",Transect count,Family group,Scaridae,NA,NA,NA,Abundance,3-year running mean SE,NTZ,Bilang-Bilangan marine reserve,Yes,desnity of scarids (250m-2 +- SE),5,2002,2.642,NA,NA,No,NA,
694,"inside Bilang-Bilangan, mean abundance of Scaridae, 2003-2004, Fig. 5d",Transect count,Family group,Scaridae,NA,NA,NA,Abundance,3-year running mean SE,NTZ,Bilang-Bilangan marine reserve,Yes,desnity of scarids (250m-2 +- SE),1,2003,22.899,NA,NA,No,NA,
694,"inside Bilang-Bilangan, mean abundance of Scaridae, 2003-2004, Fig. 5d",Transect count,Family group,Scaridae,NA,NA,NA,Abundance,3-year running mean SE,NTZ,Bilang-Bilangan marine reserve,Yes,desnity of scarids (250m-2 +- SE),2,2004,8.22,NA,NA,No,NA,
694,"inside Bilang-Bilangan, mean abundance of Scaridae, 2003-2004, Fig. 5d",Transect count,Family group,Scaridae,NA,NA,NA,Abundance,3-year running mean SE,NTZ,Bilang-Bilangan marine reserve,Yes,desnity of scarids (250m-2 +- SE),3,NA,NA,NA,NA,No,NA,
694,"inside Bilang-Bilangan, mean abundance of Scaridae, 2003-2004, Fig. 5d",Transect count,Family group,Scaridae,NA,NA,NA,Abundance,3-year running mean SE,NTZ,Bilang-Bilangan marine reserve,Yes,desnity of scarids (250m-2 +- SE),4,NA,NA,NA,NA,No,NA,
694,"inside Bilang-Bilangan, mean abundance of Scaridae, 2003-2004, Fig. 5d",Transect count,Family group,Scaridae,NA,NA,NA,Abundance,3-year running mean SE,NTZ,Bilang-Bilangan marine reserve,Yes,desnity of scarids (250m-2 +- SE),5,NA,NA,NA,NA,No,NA,
694,"outside Bilang-Bilangan, mean abundance of Scaridae, 1999-2003, Fig. 5d",Transect count,Family group,Scaridae,NA,NA,NA,Abundance,3-year running mean SE,NTZ,Bilang-Bilangan marine reserve,Yes,desnity of scarids (250m-2 +- SE),1,1999,0.147,NA,NA,No,NA,
694,"outside Bilang-Bilangan, mean abundance of Scaridae, 1999-2003, Fig. 5d",Transect count,Family group,Scaridae,NA,NA,NA,Abundance,3-year running mean SE,NTZ,Bilang-Bilangan marine reserve,Yes,desnity of scarids (250m-2 +- SE),2,2000,11.308,NA,NA,No,NA,
694,"outside Bilang-Bilangan, mean abundance of Scaridae, 1999-2003, Fig. 5d",Transect count,Family group,Scaridae,NA,NA,NA,Abundance,3-year running mean SE,NTZ,Bilang-Bilangan marine reserve,Yes,desnity of scarids (250m-2 +- SE),3,2001,1.468,NA,NA,No,NA,
694,"outside Bilang-Bilangan, mean abundance of Scaridae, 1999-2003, Fig. 5d",Transect count,Family group,Scaridae,NA,NA,NA,Abundance,3-year running mean SE,NTZ,Bilang-Bilangan marine reserve,Yes,desnity of scarids (250m-2 +- SE),4,2002,11.45,NA,NA,No,NA,
694,"outside Bilang-Bilangan, mean abundance of Scaridae, 1999-2003, Fig. 5d",Transect count,Family group,Scaridae,NA,NA,NA,Abundance,3-year running mean SE,NTZ,Bilang-Bilangan marine reserve,Yes,desnity of scarids (250m-2 +- SE),5,2003,19.67,NA,NA,No,NA,
694,"outside Bilang-Bilangan, mean abundance of Scaridae, 2004, Fig. 5d",Transect count,Family group,Scaridae,NA,NA,NA,Abundance,3-year running mean SE,NTZ,Bilang-Bilangan marine reserve,Yes,desnity of scarids (250m-2 +- SE),1,2004,17.028,NA,NA,No,NA,
694,"outside Bilang-Bilangan, mean abundance of Scaridae, 2004, Fig. 5d",Transect count,Family group,Scaridae,NA,NA,NA,Abundance,3-year running mean SE,NTZ,Bilang-Bilangan marine reserve,Yes,desnity of scarids (250m-2 +- SE),2,NA,NA,NA,NA,No,NA,
694,"outside Bilang-Bilangan, mean abundance of Scaridae, 2004, Fig. 5d",Transect count,Family group,Scaridae,NA,NA,NA,Abundance,3-year running mean SE,NTZ,Bilang-Bilangan marine reserve,Yes,desnity of scarids (250m-2 +- SE),3,NA,NA,NA,NA,No,NA,
694,"outside Bilang-Bilangan, mean abundance of Scaridae, 2004, Fig. 5d",Transect count,Family group,Scaridae,NA,NA,NA,Abundance,3-year running mean SE,NTZ,Bilang-Bilangan marine reserve,Yes,desnity of scarids (250m-2 +- SE),4,NA,NA,NA,NA,No,NA,
694,"outside Bilang-Bilangan, mean abundance of Scaridae, 2004, Fig. 5d",Transect count,Family group,Scaridae,NA,NA,NA,Abundance,3-year running mean SE,NTZ,Bilang-Bilangan marine reserve,Yes,desnity of scarids (250m-2 +- SE),5,NA,NA,NA,NA,No,NA,
694,"inside Batasan, mean abundance of Scaridae, 1999-2003, Fig. 5e",Transect count,Family group,Scaridae,NA,NA,NA,Abundance,3-year running mean SE,NTZ,Batasan marine reserve,Yes,desnity of scarids (250m-2 +- SE),1,1999,0.453,NA,NA,No,NA,
694,"inside Batasan, mean abundance of Scaridae, 1999-2003, Fig. 5e",Transect count,Family group,Scaridae,NA,NA,NA,Abundance,3-year running mean SE,NTZ,Batasan marine reserve,Yes,desnity of scarids (250m-2 +- SE),2,2000,37.736,NA,NA,No,NA,
694,"inside Batasan, mean abundance of Scaridae, 1999-2003, Fig. 5e",Transect count,Family group,Scaridae,NA,NA,NA,Abundance,3-year running mean SE,NTZ,Batasan marine reserve,Yes,desnity of scarids (250m-2 +- SE),3,2001,49.66,NA,NA,No,NA,
694,"inside Batasan, mean abundance of Scaridae, 1999-2003, Fig. 5e",Transect count,Family group,Scaridae,NA,NA,NA,Abundance,3-year running mean SE,NTZ,Batasan marine reserve,Yes,desnity of scarids (250m-2 +- SE),4,2002,51.523,NA,NA,No,NA,
694,"inside Batasan, mean abundance of Scaridae, 1999-2003, Fig. 5e",Transect count,Family group,Scaridae,NA,NA,NA,Abundance,3-year running mean SE,NTZ,Batasan marine reserve,Yes,desnity of scarids (250m-2 +- SE),5,2003,73.962,NA,NA,No,NA,
694,"inside Batasan, mean abundance of Scaridae, 2004, Fig. 5e",Transect count,Family group,Scaridae,NA,NA,NA,Abundance,3-year running mean SE,NTZ,Batasan marine reserve,Yes,desnity of scarids (250m-2 +- SE),1,2004,58.415,NA,NA,No,NA,
694,"inside Batasan, mean abundance of Scaridae, 2004, Fig. 5e",Transect count,Family group,Scaridae,NA,NA,NA,Abundance,3-year running mean SE,NTZ,Batasan marine reserve,Yes,desnity of scarids (250m-2 +- SE),2,NA,NA,NA,NA,No,NA,
694,"inside Batasan, mean abundance of Scaridae, 2004, Fig. 5e",Transect count,Family group,Scaridae,NA,NA,NA,Abundance,3-year running mean SE,NTZ,Batasan marine reserve,Yes,desnity of scarids (250m-2 +- SE),3,NA,NA,NA,NA,No,NA,
694,"inside Batasan, mean abundance of Scaridae, 2004, Fig. 5e",Transect count,Family group,Scaridae,NA,NA,NA,Abundance,3-year running mean SE,NTZ,Batasan marine reserve,Yes,desnity of scarids (250m-2 +- SE),4,NA,NA,NA,NA,No,NA,
694,"inside Batasan, mean abundance of Scaridae, 2004, Fig. 5e",Transect count,Family group,Scaridae,NA,NA,NA,Abundance,3-year running mean SE,NTZ,Batasan marine reserve,Yes,desnity of scarids (250m-2 +- SE),5,NA,NA,NA,NA,No,NA,
694,"outside Batasan, mean abundance of Scaridae, 1999-2003, Fig. 5e",Transect count,Family group,Scaridae,NA,NA,NA,Abundance,3-year running mean SE,NTZ,Batasan marine reserve,Yes,desnity of scarids (250m-2 +- SE),1,1999,0.151,NA,NA,No,NA,
694,"outside Batasan, mean abundance of Scaridae, 1999-2003, Fig. 5e",Transect count,Family group,Scaridae,NA,NA,NA,Abundance,3-year running mean SE,NTZ,Batasan marine reserve,Yes,desnity of scarids (250m-2 +- SE),2,2000,10.415,NA,NA,No,NA,
694,"outside Batasan, mean abundance of Scaridae, 1999-2003, Fig. 5e",Transect count,Family group,Scaridae,NA,NA,NA,Abundance,3-year running mean SE,NTZ,Batasan marine reserve,Yes,desnity of scarids (250m-2 +- SE),3,2001,16.755,NA,NA,No,NA,
694,"outside Batasan, mean abundance of Scaridae, 1999-2003, Fig. 5e",Transect count,Family group,Scaridae,NA,NA,NA,Abundance,3-year running mean SE,NTZ,Batasan marine reserve,Yes,desnity of scarids (250m-2 +- SE),4,2002,6.038,NA,NA,No,NA,
694,"outside Batasan, mean abundance of Scaridae, 1999-2003, Fig. 5e",Transect count,Family group,Scaridae,NA,NA,NA,Abundance,3-year running mean SE,NTZ,Batasan marine reserve,Yes,desnity of scarids (250m-2 +- SE),5,2003,23.849,NA,NA,No,NA,
694,"outside Batasan, mean abundance of Scaridae, 2004, Fig. 5e",Transect count,Family group,Scaridae,NA,NA,NA,Abundance,3-year running mean SE,NTZ,Batasan marine reserve,Yes,desnity of scarids (250m-2 +- SE),1,2004,18.264,NA,NA,No,NA,
694,"outside Batasan, mean abundance of Scaridae, 2004, Fig. 5e",Transect count,Family group,Scaridae,NA,NA,NA,Abundance,3-year running mean SE,NTZ,Batasan marine reserve,Yes,desnity of scarids (250m-2 +- SE),2,NA,NA,NA,NA,No,NA,
694,"outside Batasan, mean abundance of Scaridae, 2004, Fig. 5e",Transect count,Family group,Scaridae,NA,NA,NA,Abundance,3-year running mean SE,NTZ,Batasan marine reserve,Yes,desnity of scarids (250m-2 +- SE),3,NA,NA,NA,NA,No,NA,
694,"outside Batasan, mean abundance of Scaridae, 2004, Fig. 5e",Transect count,Family group,Scaridae,NA,NA,NA,Abundance,3-year running mean SE,NTZ,Batasan marine reserve,Yes,desnity of scarids (250m-2 +- SE),4,NA,NA,NA,NA,No,NA,
694,"outside Batasan, mean abundance of Scaridae, 2004, Fig. 5e",Transect count,Family group,Scaridae,NA,NA,NA,Abundance,3-year running mean SE,NTZ,Batasan marine reserve,Yes,desnity of scarids (250m-2 +- SE),5,NA,NA,NA,NA,No,NA,
694,"inside Handumon, mean abundance of Pomacentridae, 1998-2002, Fig. 6a",Transect count,Family group,Pomacentridae,NA,NA,NA,Abundance,3-year running mean SE,NTZ,Handumon marine reserve,Yes,desnity of pomacentrids (250m-2 +- SE),1,1998,6.93,NA,NA,No,NA,
694,"inside Handumon, mean abundance of Pomacentridae, 1998-2002, Fig. 6a",Transect count,Family group,Pomacentridae,NA,NA,NA,Abundance,3-year running mean SE,NTZ,Handumon marine reserve,Yes,desnity of pomacentrids (250m-2 +- SE),2,1999,32.542,NA,NA,No,NA,
694,"inside Handumon, mean abundance of Pomacentridae, 1998-2002, Fig. 6a",Transect count,Family group,Pomacentridae,NA,NA,NA,Abundance,3-year running mean SE,NTZ,Handumon marine reserve,Yes,desnity of pomacentrids (250m-2 +- SE),3,2000,57.853,NA,NA,No,NA,
694,"inside Handumon, mean abundance of Pomacentridae, 1998-2002, Fig. 6a",Transect count,Family group,Pomacentridae,NA,NA,NA,Abundance,3-year running mean SE,NTZ,Handumon marine reserve,Yes,desnity of pomacentrids (250m-2 +- SE),4,2001,62.373,NA,NA,No,NA,
694,"inside Handumon, mean abundance of Pomacentridae, 1998-2002, Fig. 6a",Transect count,Family group,Pomacentridae,NA,NA,NA,Abundance,3-year running mean SE,NTZ,Handumon marine reserve,Yes,desnity of pomacentrids (250m-2 +- SE),5,2002,91.902,NA,NA,No,NA,
694,"inside Handumon, mean abundance of Pomacentridae, 2003-2004, Fig. 6a",Transect count,Family group,Pomacentridae,NA,NA,NA,Abundance,3-year running mean SE,NTZ,Handumon marine reserve,Yes,desnity of pomacentrids (250m-2 +- SE),1,2003,145.235,NA,NA,No,NA,
694,"inside Handumon, mean abundance of Pomacentridae, 2003-2004, Fig. 6a",Transect count,Family group,Pomacentridae,NA,NA,NA,Abundance,3-year running mean SE,NTZ,Handumon marine reserve,Yes,desnity of pomacentrids (250m-2 +- SE),2,2004,150.056,NA,NA,No,NA,
694,"inside Handumon, mean abundance of Pomacentridae, 2003-2004, Fig. 6a",Transect count,Family group,Pomacentridae,NA,NA,NA,Abundance,3-year running mean SE,NTZ,Handumon marine reserve,Yes,desnity of pomacentrids (250m-2 +- SE),3,NA,NA,NA,NA,No,NA,
694,"inside Handumon, mean abundance of Pomacentridae, 2003-2004, Fig. 6a",Transect count,Family group,Pomacentridae,NA,NA,NA,Abundance,3-year running mean SE,NTZ,Handumon marine reserve,Yes,desnity of pomacentrids (250m-2 +- SE),4,NA,NA,NA,NA,No,NA,
694,"inside Handumon, mean abundance of Pomacentridae, 2003-2004, Fig. 6a",Transect count,Family group,Pomacentridae,NA,NA,NA,Abundance,3-year running mean SE,NTZ,Handumon marine reserve,Yes,desnity of pomacentrids (250m-2 +- SE),5,NA,NA,NA,NA,No,NA,
694,"outside Handumon, mean abundance of Pomacentridae, 1998-2002, Fig. 6a",Transect count,Family group,Pomacentridae,NA,NA,NA,Abundance,3-year running mean SE,NTZ,Handumon marine reserve,Yes,desnity of pomacentrids (250m-2 +- SE),1,1998,0.301,NA,NA,No,NA,
694,"outside Handumon, mean abundance of Pomacentridae, 1998-2002, Fig. 6a",Transect count,Family group,Pomacentridae,NA,NA,NA,Abundance,3-year running mean SE,NTZ,Handumon marine reserve,Yes,desnity of pomacentrids (250m-2 +- SE),2,1999,2.712,NA,NA,No,NA,
694,"outside Handumon, mean abundance of Pomacentridae, 1998-2002, Fig. 6a",Transect count,Family group,Pomacentridae,NA,NA,NA,Abundance,3-year running mean SE,NTZ,Handumon marine reserve,Yes,desnity of pomacentrids (250m-2 +- SE),3,2000,29.228,NA,NA,No,NA,
694,"outside Handumon, mean abundance of Pomacentridae, 1998-2002, Fig. 6a",Transect count,Family group,Pomacentridae,NA,NA,NA,Abundance,3-year running mean SE,NTZ,Handumon marine reserve,Yes,desnity of pomacentrids (250m-2 +- SE),4,2001,5.122,NA,NA,No,NA,
694,"outside Handumon, mean abundance of Pomacentridae, 1998-2002, Fig. 6a",Transect count,Family group,Pomacentridae,NA,NA,NA,Abundance,3-year running mean SE,NTZ,Handumon marine reserve,Yes,desnity of pomacentrids (250m-2 +- SE),5,2002,6.93,NA,NA,No,NA,
694,"outside Handumon, mean abundance of Pomacentridae, 2003-2004, Fig. 6a",Transect count,Family group,Pomacentridae,NA,NA,NA,Abundance,3-year running mean SE,NTZ,Handumon marine reserve,Yes,desnity of pomacentrids (250m-2 +- SE),1,2003,16.573,NA,NA,No,NA,
694,"outside Handumon, mean abundance of Pomacentridae, 2003-2004, Fig. 6a",Transect count,Family group,Pomacentridae,NA,NA,NA,Abundance,3-year running mean SE,NTZ,Handumon marine reserve,Yes,desnity of pomacentrids (250m-2 +- SE),2,2004,15.066,NA,NA,No,NA,
694,"outside Handumon, mean abundance of Pomacentridae, 2003-2004, Fig. 6a",Transect count,Family group,Pomacentridae,NA,NA,NA,Abundance,3-year running mean SE,NTZ,Handumon marine reserve,Yes,desnity of pomacentrids (250m-2 +- SE),3,NA,NA,NA,NA,No,NA,
694,"outside Handumon, mean abundance of Pomacentridae, 2003-2004, Fig. 6a",Transect count,Family group,Pomacentridae,NA,NA,NA,Abundance,3-year running mean SE,NTZ,Handumon marine reserve,Yes,desnity of pomacentrids (250m-2 +- SE),4,NA,NA,NA,NA,No,NA,
694,"outside Handumon, mean abundance of Pomacentridae, 2003-2004, Fig. 6a",Transect count,Family group,Pomacentridae,NA,NA,NA,Abundance,3-year running mean SE,NTZ,Handumon marine reserve,Yes,desnity of pomacentrids (250m-2 +- SE),5,NA,NA,NA,NA,No,NA,
694,"inside Pandanon, mean abundance of Pomacentridae, 1998-2002, Fig. 6b",Transect count,Family group,Pomacentridae,NA,NA,NA,Abundance,3-year running mean SE,NTZ,Pandanon marine reserve,Yes,desnity of pomacentrids (250m-2 +- SE),1,1998,125.461,NA,NA,No,NA,
694,"inside Pandanon, mean abundance of Pomacentridae, 1998-2002, Fig. 6b",Transect count,Family group,Pomacentridae,NA,NA,NA,Abundance,3-year running mean SE,NTZ,Pandanon marine reserve,Yes,desnity of pomacentrids (250m-2 +- SE),2,1999,210.332,NA,NA,No,NA,
694,"inside Pandanon, mean abundance of Pomacentridae, 1998-2002, Fig. 6b",Transect count,Family group,Pomacentridae,NA,NA,NA,Abundance,3-year running mean SE,NTZ,Pandanon marine reserve,Yes,desnity of pomacentrids (250m-2 +- SE),3,2000,214.022,NA,NA,No,NA,
694,"inside Pandanon, mean abundance of Pomacentridae, 1998-2002, Fig. 6b",Transect count,Family group,Pomacentridae,NA,NA,NA,Abundance,3-year running mean SE,NTZ,Pandanon marine reserve,Yes,desnity of pomacentrids (250m-2 +- SE),4,2001,350.553,NA,NA,No,NA,
694,"inside Pandanon, mean abundance of Pomacentridae, 1998-2002, Fig. 6b",Transect count,Family group,Pomacentridae,NA,NA,NA,Abundance,3-year running mean SE,NTZ,Pandanon marine reserve,Yes,desnity of pomacentrids (250m-2 +- SE),5,2002,276.753,NA,NA,No,NA,
694,"inside Pandanon, mean abundance of Pomacentridae, 2003-2004, Fig. 6b",Transect count,Family group,Pomacentridae,NA,NA,NA,Abundance,3-year running mean SE,NTZ,Pandanon marine reserve,Yes,desnity of pomacentrids (250m-2 +- SE),1,2003,671.587,NA,NA,No,NA,
694,"inside Pandanon, mean abundance of Pomacentridae, 2003-2004, Fig. 6b",Transect count,Family group,Pomacentridae,NA,NA,NA,Abundance,3-year running mean SE,NTZ,Pandanon marine reserve,Yes,desnity of pomacentrids (250m-2 +- SE),2,2004,1697.417,NA,NA,No,NA,
694,"inside Pandanon, mean abundance of Pomacentridae, 2003-2004, Fig. 6b",Transect count,Family group,Pomacentridae,NA,NA,NA,Abundance,3-year running mean SE,NTZ,Pandanon marine reserve,Yes,desnity of pomacentrids (250m-2 +- SE),3,NA,NA,NA,NA,No,NA,
694,"inside Pandanon, mean abundance of Pomacentridae, 2003-2004, Fig. 6b",Transect count,Family group,Pomacentridae,NA,NA,NA,Abundance,3-year running mean SE,NTZ,Pandanon marine reserve,Yes,desnity of pomacentrids (250m-2 +- SE),4,NA,NA,NA,NA,No,NA,
694,"inside Pandanon, mean abundance of Pomacentridae, 2003-2004, Fig. 6b",Transect count,Family group,Pomacentridae,NA,NA,NA,Abundance,3-year running mean SE,NTZ,Pandanon marine reserve,Yes,desnity of pomacentrids (250m-2 +- SE),5,NA,NA,NA,NA,No,NA,
694,"outside Pandanon, mean abundance of Pomacentridae, 1998-2002, Fig. 6b",Transect count,Family group,Pomacentridae,NA,NA,NA,Abundance,3-year running mean SE,NTZ,Pandanon marine reserve,Yes,desnity of pomacentrids (250m-2 +- SE),1,1998,199.262,NA,NA,No,NA,
694,"outside Pandanon, mean abundance of Pomacentridae, 1998-2002, Fig. 6b",Transect count,Family group,Pomacentridae,NA,NA,NA,Abundance,3-year running mean SE,NTZ,Pandanon marine reserve,Yes,desnity of pomacentrids (250m-2 +- SE),2,1999,1151.291,NA,NA,No,NA,
694,"outside Pandanon, mean abundance of Pomacentridae, 1998-2002, Fig. 6b",Transect count,Family group,Pomacentridae,NA,NA,NA,Abundance,3-year running mean SE,NTZ,Pandanon marine reserve,Yes,desnity of pomacentrids (250m-2 +- SE),3,2000,439.114,NA,NA,No,NA,
694,"outside Pandanon, mean abundance of Pomacentridae, 1998-2002, Fig. 6b",Transect count,Family group,Pomacentridae,NA,NA,NA,Abundance,3-year running mean SE,NTZ,Pandanon marine reserve,Yes,desnity of pomacentrids (250m-2 +- SE),4,2001,833.948,NA,NA,No,NA,
694,"outside Pandanon, mean abundance of Pomacentridae, 1998-2002, Fig. 6b",Transect count,Family group,Pomacentridae,NA,NA,NA,Abundance,3-year running mean SE,NTZ,Pandanon marine reserve,Yes,desnity of pomacentrids (250m-2 +- SE),5,2002,350.553,NA,NA,No,NA,
694,"outside Pandanon, mean abundance of Pomacentridae, 2003-2004, Fig. 6b",Transect count,Family group,Pomacentridae,NA,NA,NA,Abundance,3-year running mean SE,NTZ,Pandanon marine reserve,Yes,desnity of pomacentrids (250m-2 +- SE),1,2003,520.295,NA,NA,No,NA,
694,"outside Pandanon, mean abundance of Pomacentridae, 2003-2004, Fig. 6b",Transect count,Family group,Pomacentridae,NA,NA,NA,Abundance,3-year running mean SE,NTZ,Pandanon marine reserve,Yes,desnity of pomacentrids (250m-2 +- SE),2,2004,538.754,NA,NA,No,NA,
694,"outside Pandanon, mean abundance of Pomacentridae, 2003-2004, Fig. 6b",Transect count,Family group,Pomacentridae,NA,NA,NA,Abundance,3-year running mean SE,NTZ,Pandanon marine reserve,Yes,desnity of pomacentrids (250m-2 +- SE),3,NA,NA,NA,NA,No,NA,
694,"outside Pandanon, mean abundance of Pomacentridae, 2003-2004, Fig. 6b",Transect count,Family group,Pomacentridae,NA,NA,NA,Abundance,3-year running mean SE,NTZ,Pandanon marine reserve,Yes,desnity of pomacentrids (250m-2 +- SE),4,NA,NA,NA,NA,No,NA,
694,"outside Pandanon, mean abundance of Pomacentridae, 2003-2004, Fig. 6b",Transect count,Family group,Pomacentridae,NA,NA,NA,Abundance,3-year running mean SE,NTZ,Pandanon marine reserve,Yes,desnity of pomacentrids (250m-2 +- SE),5,NA,NA,NA,NA,No,NA,
694,"inside Asinan, mean abundance of Pomacentridae, 1998-2002, Fig. 6c",Transect count,Family group,Pomacentridae,NA,NA,NA,Abundance,3-year running mean SE,NTZ,Asinan marine reserve,Yes,desnity of pomacentrids (250m-2 +- SE),1,1998,3.63,NA,NA,No,NA,
694,"inside Asinan, mean abundance of Pomacentridae, 1998-2002, Fig. 6c",Transect count,Family group,Pomacentridae,NA,NA,NA,Abundance,3-year running mean SE,NTZ,Asinan marine reserve,Yes,desnity of pomacentrids (250m-2 +- SE),2,1999,18.512,NA,NA,No,NA,
694,"inside Asinan, mean abundance of Pomacentridae, 1998-2002, Fig. 6c",Transect count,Family group,Pomacentridae,NA,NA,NA,Abundance,3-year running mean SE,NTZ,Asinan marine reserve,Yes,desnity of pomacentrids (250m-2 +- SE),3,2000,18.512,NA,NA,No,NA,
694,"inside Asinan, mean abundance of Pomacentridae, 1998-2002, Fig. 6c",Transect count,Family group,Pomacentridae,NA,NA,NA,Abundance,3-year running mean SE,NTZ,Asinan marine reserve,Yes,desnity of pomacentrids (250m-2 +- SE),4,2001,27.586,NA,NA,No,NA,
694,"inside Asinan, mean abundance of Pomacentridae, 1998-2002, Fig. 6c",Transect count,Family group,Pomacentridae,NA,NA,NA,Abundance,3-year running mean SE,NTZ,Asinan marine reserve,Yes,desnity of pomacentrids (250m-2 +- SE),5,2002,80.944,NA,NA,No,NA,
694,"inside Asinan, mean abundance of Pomacentridae, 2003-2004, Fig. 6c",Transect count,Family group,Pomacentridae,NA,NA,NA,Abundance,3-year running mean SE,NTZ,Asinan marine reserve,Yes,desnity of pomacentrids (250m-2 +- SE),1,2003,197.459,NA,NA,No,NA,
694,"inside Asinan, mean abundance of Pomacentridae, 2003-2004, Fig. 6c",Transect count,Family group,Pomacentridae,NA,NA,NA,Abundance,3-year running mean SE,NTZ,Asinan marine reserve,Yes,desnity of pomacentrids (250m-2 +- SE),2,2004,107.441,NA,NA,No,NA,
694,"inside Asinan, mean abundance of Pomacentridae, 2003-2004, Fig. 6c",Transect count,Family group,Pomacentridae,NA,NA,NA,Abundance,3-year running mean SE,NTZ,Asinan marine reserve,Yes,desnity of pomacentrids (250m-2 +- SE),3,NA,NA,NA,NA,No,NA,
694,"inside Asinan, mean abundance of Pomacentridae, 2003-2004, Fig. 6c",Transect count,Family group,Pomacentridae,NA,NA,NA,Abundance,3-year running mean SE,NTZ,Asinan marine reserve,Yes,desnity of pomacentrids (250m-2 +- SE),4,NA,NA,NA,NA,No,NA,
694,"inside Asinan, mean abundance of Pomacentridae, 2003-2004, Fig. 6c",Transect count,Family group,Pomacentridae,NA,NA,NA,Abundance,3-year running mean SE,NTZ,Asinan marine reserve,Yes,desnity of pomacentrids (250m-2 +- SE),5,NA,NA,NA,NA,No,NA,
694,"outside Asinan, mean abundance of Pomacentridae, 1998-2002, Fig. 6c",Transect count,Family group,Pomacentridae,NA,NA,NA,Abundance,3-year running mean SE,NTZ,Asinan marine reserve,Yes,desnity of pomacentrids (250m-2 +- SE),1,1998,2.178,NA,NA,No,NA,
694,"outside Asinan, mean abundance of Pomacentridae, 1998-2002, Fig. 6c",Transect count,Family group,Pomacentridae,NA,NA,NA,Abundance,3-year running mean SE,NTZ,Asinan marine reserve,Yes,desnity of pomacentrids (250m-2 +- SE),2,1999,28.312,NA,NA,No,NA,
694,"outside Asinan, mean abundance of Pomacentridae, 1998-2002, Fig. 6c",Transect count,Family group,Pomacentridae,NA,NA,NA,Abundance,3-year running mean SE,NTZ,Asinan marine reserve,Yes,desnity of pomacentrids (250m-2 +- SE),3,2000,11.615,NA,NA,No,NA,
694,"outside Asinan, mean abundance of Pomacentridae, 1998-2002, Fig. 6c",Transect count,Family group,Pomacentridae,NA,NA,NA,Abundance,3-year running mean SE,NTZ,Asinan marine reserve,Yes,desnity of pomacentrids (250m-2 +- SE),4,2001,27.586,NA,NA,No,NA,
694,"outside Asinan, mean abundance of Pomacentridae, 1998-2002, Fig. 6c",Transect count,Family group,Pomacentridae,NA,NA,NA,Abundance,3-year running mean SE,NTZ,Asinan marine reserve,Yes,desnity of pomacentrids (250m-2 +- SE),5,2002,51.906,NA,NA,No,NA,
694,"outside Asinan, mean abundance of Pomacentridae, 2003-2004, Fig. 6c",Transect count,Family group,Pomacentridae,NA,NA,NA,Abundance,3-year running mean SE,NTZ,Asinan marine reserve,Yes,desnity of pomacentrids (250m-2 +- SE),1,2003,101.996,NA,NA,No,NA,
694,"outside Asinan, mean abundance of Pomacentridae, 2003-2004, Fig. 6c",Transect count,Family group,Pomacentridae,NA,NA,NA,Abundance,3-year running mean SE,NTZ,Asinan marine reserve,Yes,desnity of pomacentrids (250m-2 +- SE),2,2004,143.739,NA,NA,No,NA,
694,"outside Asinan, mean abundance of Pomacentridae, 2003-2004, Fig. 6c",Transect count,Family group,Pomacentridae,NA,NA,NA,Abundance,3-year running mean SE,NTZ,Asinan marine reserve,Yes,desnity of pomacentrids (250m-2 +- SE),3,NA,NA,NA,NA,No,NA,
694,"outside Asinan, mean abundance of Pomacentridae, 2003-2004, Fig. 6c",Transect count,Family group,Pomacentridae,NA,NA,NA,Abundance,3-year running mean SE,NTZ,Asinan marine reserve,Yes,desnity of pomacentrids (250m-2 +- SE),4,NA,NA,NA,NA,No,NA,
694,"outside Asinan, mean abundance of Pomacentridae, 2003-2004, Fig. 6c",Transect count,Family group,Pomacentridae,NA,NA,NA,Abundance,3-year running mean SE,NTZ,Asinan marine reserve,Yes,desnity of pomacentrids (250m-2 +- SE),5,NA,NA,NA,NA,No,NA,
694,"inside Bilang-Bilangan, mean abundance of Chaetodontidae, 1998-2002, Fig. 7d",Transect count,Family group,Chaetodontidae,NA,NA,NA,Abundance,3-year running mean SE,NTZ,Bilang-Bilangan marine reserve,Yes,desnity of Chaetodontids (250m-2 +- SE),1,1998,25.492,NA,NA,No,NA,
694,"inside Bilang-Bilangan, mean abundance of Chaetodontidae, 1998-2002, Fig. 7d",Transect count,Family group,Chaetodontidae,NA,NA,NA,Abundance,3-year running mean SE,NTZ,Bilang-Bilangan marine reserve,Yes,desnity of Chaetodontids (250m-2 +- SE),2,1999,26.716,NA,NA,No,NA,
694,"inside Bilang-Bilangan, mean abundance of Chaetodontidae, 1998-2002, Fig. 7d",Transect count,Family group,Chaetodontidae,NA,NA,NA,Abundance,3-year running mean SE,NTZ,Bilang-Bilangan marine reserve,Yes,desnity of Chaetodontids (250m-2 +- SE),3,2000,27.941,NA,NA,No,NA,
694,"inside Bilang-Bilangan, mean abundance of Chaetodontidae, 1998-2002, Fig. 7d",Transect count,Family group,Chaetodontidae,NA,NA,NA,Abundance,3-year running mean SE,NTZ,Bilang-Bilangan marine reserve,Yes,desnity of Chaetodontids (250m-2 +- SE),4,2001,23.265,NA,NA,No,NA,
694,"inside Bilang-Bilangan, mean abundance of Chaetodontidae, 1998-2002, Fig. 7d",Transect count,Family group,Chaetodontidae,NA,NA,NA,Abundance,3-year running mean SE,NTZ,Bilang-Bilangan marine reserve,Yes,desnity of Chaetodontids (250m-2 +- SE),5,2002,18.256,NA,NA,No,NA,
694,"inside Bilang-Bilangan, mean abundance of Chaetodontidae, 2003-2004, Fig. 7d",Transect count,Family group,Chaetodontidae,NA,NA,NA,Abundance,3-year running mean SE,NTZ,Bilang-Bilangan marine reserve,Yes,desnity of Chaetodontids (250m-2 +- SE),1,2003,41.299,NA,NA,No,NA,
694,"inside Bilang-Bilangan, mean abundance of Chaetodontidae, 2003-2004, Fig. 7d",Transect count,Family group,Chaetodontidae,NA,NA,NA,Abundance,3-year running mean SE,NTZ,Bilang-Bilangan marine reserve,Yes,desnity of Chaetodontids (250m-2 +- SE),2,2004,31.725,NA,NA,No,NA,
694,"inside Bilang-Bilangan, mean abundance of Chaetodontidae, 2003-2004, Fig. 7d",Transect count,Family group,Chaetodontidae,NA,NA,NA,Abundance,3-year running mean SE,NTZ,Bilang-Bilangan marine reserve,Yes,desnity of Chaetodontids (250m-2 +- SE),3,NA,NA,NA,NA,No,NA,
694,"inside Bilang-Bilangan, mean abundance of Chaetodontidae, 2003-2004, Fig. 7d",Transect count,Family group,Chaetodontidae,NA,NA,NA,Abundance,3-year running mean SE,NTZ,Bilang-Bilangan marine reserve,Yes,desnity of Chaetodontids (250m-2 +- SE),4,NA,NA,NA,NA,No,NA,
694,"inside Bilang-Bilangan, mean abundance of Chaetodontidae, 2003-2004, Fig. 7d",Transect count,Family group,Chaetodontidae,NA,NA,NA,Abundance,3-year running mean SE,NTZ,Bilang-Bilangan marine reserve,Yes,desnity of Chaetodontids (250m-2 +- SE),5,NA,NA,NA,NA,No,NA,
694,"outside Bilang-Bilangan, mean abundance of Chaetodontidae, 1999-2003, Fig. 7d",Transect count,Family group,Chaetodontidae,NA,NA,NA,Abundance,3-year running mean SE,NTZ,Bilang-Bilangan marine reserve,Yes,desnity of Chaetodontids (250m-2 +- SE),1,1999,6.345,NA,NA,No,NA,
694,"outside Bilang-Bilangan, mean abundance of Chaetodontidae, 1999-2003, Fig. 7d",Transect count,Family group,Chaetodontidae,NA,NA,NA,Abundance,3-year running mean SE,NTZ,Bilang-Bilangan marine reserve,Yes,desnity of Chaetodontids (250m-2 +- SE),2,2000,13.803,NA,NA,No,NA,
694,"outside Bilang-Bilangan, mean abundance of Chaetodontidae, 1999-2003, Fig. 7d",Transect count,Family group,Chaetodontidae,NA,NA,NA,Abundance,3-year running mean SE,NTZ,Bilang-Bilangan marine reserve,Yes,desnity of Chaetodontids (250m-2 +- SE),3,2001,7.57,NA,NA,No,NA,
694,"outside Bilang-Bilangan, mean abundance of Chaetodontidae, 1999-2003, Fig. 7d",Transect count,Family group,Chaetodontidae,NA,NA,NA,Abundance,3-year running mean SE,NTZ,Bilang-Bilangan marine reserve,Yes,desnity of Chaetodontids (250m-2 +- SE),4,2002,8.46,NA,NA,No,NA,
694,"outside Bilang-Bilangan, mean abundance of Chaetodontidae, 1999-2003, Fig. 7d",Transect count,Family group,Chaetodontidae,NA,NA,NA,Abundance,3-year running mean SE,NTZ,Bilang-Bilangan marine reserve,Yes,desnity of Chaetodontids (250m-2 +- SE),5,2003,7.792,NA,NA,No,NA,
694,"outside Bilang-Bilangan, mean abundance of Chaetodontidae, 2004, Fig. 7d",Transect count,Family group,Chaetodontidae,NA,NA,NA,Abundance,3-year running mean SE,NTZ,Bilang-Bilangan marine reserve,Yes,desnity of Chaetodontids (250m-2 +- SE),1,2004,9.796,NA,NA,No,NA,
694,"outside Bilang-Bilangan, mean abundance of Chaetodontidae, 2004, Fig. 7d",Transect count,Family group,Chaetodontidae,NA,NA,NA,Abundance,3-year running mean SE,NTZ,Bilang-Bilangan marine reserve,Yes,desnity of Chaetodontids (250m-2 +- SE),2,NA,NA,NA,NA,No,NA,
694,"outside Bilang-Bilangan, mean abundance of Chaetodontidae, 2004, Fig. 7d",Transect count,Family group,Chaetodontidae,NA,NA,NA,Abundance,3-year running mean SE,NTZ,Bilang-Bilangan marine reserve,Yes,desnity of Chaetodontids (250m-2 +- SE),3,NA,NA,NA,NA,No,NA,
694,"outside Bilang-Bilangan, mean abundance of Chaetodontidae, 2004, Fig. 7d",Transect count,Family group,Chaetodontidae,NA,NA,NA,Abundance,3-year running mean SE,NTZ,Bilang-Bilangan marine reserve,Yes,desnity of Chaetodontids (250m-2 +- SE),4,NA,NA,NA,NA,No,NA,
694,"outside Bilang-Bilangan, mean abundance of Chaetodontidae, 2004, Fig. 7d",Transect count,Family group,Chaetodontidae,NA,NA,NA,Abundance,3-year running mean SE,NTZ,Bilang-Bilangan marine reserve,Yes,desnity of Chaetodontids (250m-2 +- SE),5,NA,NA,NA,NA,No,NA,
694,"inside Batasan, mean abundance of Chaetodontidae, 1999-2003, Fig. 7e",Transect count,Family group,Chaetodontidae,NA,NA,NA,Abundance,3-year running mean SE,NTZ,Batasan marine reserve,Yes,desnity of Chaetodontids (250m-2 +- SE),1,1999,14.164,NA,NA,No,NA,
694,"inside Batasan, mean abundance of Chaetodontidae, 1999-2003, Fig. 7e",Transect count,Family group,Chaetodontidae,NA,NA,NA,Abundance,3-year running mean SE,NTZ,Batasan marine reserve,Yes,desnity of Chaetodontids (250m-2 +- SE),2,2000,25.316,NA,NA,No,NA,
694,"inside Batasan, mean abundance of Chaetodontidae, 1999-2003, Fig. 7e",Transect count,Family group,Chaetodontidae,NA,NA,NA,Abundance,3-year running mean SE,NTZ,Batasan marine reserve,Yes,desnity of Chaetodontids (250m-2 +- SE),3,2001,28.327,NA,NA,No,NA,
694,"inside Batasan, mean abundance of Chaetodontidae, 1999-2003, Fig. 7e",Transect count,Family group,Chaetodontidae,NA,NA,NA,Abundance,3-year running mean SE,NTZ,Batasan marine reserve,Yes,desnity of Chaetodontids (250m-2 +- SE),4,2002,20.855,NA,NA,No,NA,
694,"inside Batasan, mean abundance of Chaetodontidae, 1999-2003, Fig. 7e",Transect count,Family group,Chaetodontidae,NA,NA,NA,Abundance,3-year running mean SE,NTZ,Batasan marine reserve,Yes,desnity of Chaetodontids (250m-2 +- SE),5,2003,48.625,NA,NA,No,NA,
694,"inside Batasan, mean abundance of Chaetodontidae, 2004, Fig. 7e",Transect count,Family group,Chaetodontidae,NA,NA,NA,Abundance,3-year running mean SE,NTZ,Batasan marine reserve,Yes,desnity of Chaetodontids (250m-2 +- SE),1,2004,30.335,NA,NA,No,NA,
694,"inside Batasan, mean abundance of Chaetodontidae, 2004, Fig. 7e",Transect count,Family group,Chaetodontidae,NA,NA,NA,Abundance,3-year running mean SE,NTZ,Batasan marine reserve,Yes,desnity of Chaetodontids (250m-2 +- SE),2,NA,NA,NA,NA,No,NA,
694,"inside Batasan, mean abundance of Chaetodontidae, 2004, Fig. 7e",Transect count,Family group,Chaetodontidae,NA,NA,NA,Abundance,3-year running mean SE,NTZ,Batasan marine reserve,Yes,desnity of Chaetodontids (250m-2 +- SE),3,NA,NA,NA,NA,No,NA,
694,"inside Batasan, mean abundance of Chaetodontidae, 2004, Fig. 7e",Transect count,Family group,Chaetodontidae,NA,NA,NA,Abundance,3-year running mean SE,NTZ,Batasan marine reserve,Yes,desnity of Chaetodontids (250m-2 +- SE),4,NA,NA,NA,NA,No,NA,
694,"inside Batasan, mean abundance of Chaetodontidae, 2004, Fig. 7e",Transect count,Family group,Chaetodontidae,NA,NA,NA,Abundance,3-year running mean SE,NTZ,Batasan marine reserve,Yes,desnity of Chaetodontids (250m-2 +- SE),5,NA,NA,NA,NA,No,NA,
694,"outside Batasan, mean abundance of Chaetodontidae, 1999-2003, Fig. 7e",Transect count,Family group,Chaetodontidae,NA,NA,NA,Abundance,3-year running mean SE,NTZ,Batasan marine reserve,Yes,desnity of Chaetodontids(250m-2 +- SE),1,1999,10.102,NA,NA,No,NA,
694,"outside Batasan, mean abundance of Chaetodontidae, 1999-2003, Fig. 7e",Transect count,Family group,Chaetodontidae,NA,NA,NA,Abundance,3-year running mean SE,NTZ,Batasan marine reserve,Yes,desnity of Chaetodontids(250m-2 +- SE),2,2000,12.857,NA,NA,No,NA,
694,"outside Batasan, mean abundance of Chaetodontidae, 1999-2003, Fig. 7e",Transect count,Family group,Chaetodontidae,NA,NA,NA,Abundance,3-year running mean SE,NTZ,Batasan marine reserve,Yes,desnity of Chaetodontids(250m-2 +- SE),3,2001,24.49,NA,NA,No,NA,
694,"outside Batasan, mean abundance of Chaetodontidae, 1999-2003, Fig. 7e",Transect count,Family group,Chaetodontidae,NA,NA,NA,Abundance,3-year running mean SE,NTZ,Batasan marine reserve,Yes,desnity of Chaetodontids(250m-2 +- SE),4,2002,6.888,NA,NA,No,NA,
694,"outside Batasan, mean abundance of Chaetodontidae, 1999-2003, Fig. 7e",Transect count,Family group,Chaetodontidae,NA,NA,NA,Abundance,3-year running mean SE,NTZ,Batasan marine reserve,Yes,desnity of Chaetodontids(250m-2 +- SE),5,2003,19.745,NA,NA,No,NA,
694,"outside Batasan, mean abundance of Chaetodontidae, 2004, Fig. 7e",Transect count,Family group,Chaetodontidae,NA,NA,NA,Abundance,3-year running mean SE,NTZ,Batasan marine reserve,Yes,desnity of Chaetodontids (250m-2 +- SE),1,2004,11.939,NA,NA,No,NA,
694,"outside Batasan, mean abundance of Chaetodontidae, 2004, Fig. 7e",Transect count,Family group,Chaetodontidae,NA,NA,NA,Abundance,3-year running mean SE,NTZ,Batasan marine reserve,Yes,desnity of Chaetodontids (250m-2 +- SE),2,NA,NA,NA,NA,No,NA,
694,"outside Batasan, mean abundance of Chaetodontidae, 2004, Fig. 7e",Transect count,Family group,Chaetodontidae,NA,NA,NA,Abundance,3-year running mean SE,NTZ,Batasan marine reserve,Yes,desnity of Chaetodontids (250m-2 +- SE),3,NA,NA,NA,NA,No,NA,
694,"outside Batasan, mean abundance of Chaetodontidae, 2004, Fig. 7e",Transect count,Family group,Chaetodontidae,NA,NA,NA,Abundance,3-year running mean SE,NTZ,Batasan marine reserve,Yes,desnity of Chaetodontids (250m-2 +- SE),4,NA,NA,NA,NA,No,NA,
694,"outside Batasan, mean abundance of Chaetodontidae, 2004, Fig. 7e",Transect count,Family group,Chaetodontidae,NA,NA,NA,Abundance,3-year running mean SE,NTZ,Batasan marine reserve,Yes,desnity of Chaetodontids (250m-2 +- SE),5,NA,NA,NA,NA,No,NA,
694,"inside Bilang-Bilangan, mean abundance of Pomacentridae, 1998-2002, Fig. 6d",Transect count,Family group,Pomacentridae,NA,NA,NA,Abundance,3-year running mean SE,NTZ,Bilang-Bilangan marine reserve,Yes,desnity of pomacentrids (250m-2 +- SE),1,1998,340.838,NA,NA,No,NA,
694,"inside Bilang-Bilangan, mean abundance of Pomacentridae, 1998-2002, Fig. 6d",Transect count,Family group,Pomacentridae,NA,NA,NA,Abundance,3-year running mean SE,NTZ,Bilang-Bilangan marine reserve,Yes,desnity of pomacentrids (250m-2 +- SE),2,1999,560.733,NA,NA,No,NA,
694,"inside Bilang-Bilangan, mean abundance of Pomacentridae, 1998-2002, Fig. 6d",Transect count,Family group,Pomacentridae,NA,NA,NA,Abundance,3-year running mean SE,NTZ,Bilang-Bilangan marine reserve,Yes,desnity of pomacentrids (250m-2 +- SE),3,2000,516.754,NA,NA,No,NA,
694,"inside Bilang-Bilangan, mean abundance of Pomacentridae, 1998-2002, Fig. 6d",Transect count,Family group,Pomacentridae,NA,NA,NA,Abundance,3-year running mean SE,NTZ,Bilang-Bilangan marine reserve,Yes,desnity of pomacentrids (250m-2 +- SE),4,2001,667.016,NA,NA,No,NA,
694,"inside Bilang-Bilangan, mean abundance of Pomacentridae, 1998-2002, Fig. 6d",Transect count,Family group,Pomacentridae,NA,NA,NA,Abundance,3-year running mean SE,NTZ,Bilang-Bilangan marine reserve,Yes,desnity of pomacentrids (250m-2 +- SE),5,2002,432.461,NA,NA,No,NA,
694,"inside Bilang-Bilangan, mean abundance of Pomacentridae, 2003-2004, Fig. 6d",Transect count,Family group,Pomacentridae,NA,NA,NA,Abundance,3-year running mean SE,NTZ,Bilang-Bilangan marine reserve,Yes,desnity of pomacentrids (250m-2 +- SE),1,2003,1066.492,NA,NA,No,NA,
694,"inside Bilang-Bilangan, mean abundance of Pomacentridae, 2003-2004, Fig. 6d",Transect count,Family group,Pomacentridae,NA,NA,NA,Abundance,3-year running mean SE,NTZ,Bilang-Bilangan marine reserve,Yes,desnity of pomacentrids (250m-2 +- SE),2,2004,1304.712,NA,NA,No,NA,
694,"inside Bilang-Bilangan, mean abundance of Pomacentridae, 2003-2004, Fig. 6d",Transect count,Family group,Pomacentridae,NA,NA,NA,Abundance,3-year running mean SE,NTZ,Bilang-Bilangan marine reserve,Yes,desnity of pomacentrids (250m-2 +- SE),3,NA,NA,NA,NA,No,NA,
694,"inside Bilang-Bilangan, mean abundance of Pomacentridae, 2003-2004, Fig. 6d",Transect count,Family group,Pomacentridae,NA,NA,NA,Abundance,3-year running mean SE,NTZ,Bilang-Bilangan marine reserve,Yes,desnity of pomacentrids (250m-2 +- SE),4,NA,NA,NA,NA,No,NA,
694,"inside Bilang-Bilangan, mean abundance of Pomacentridae, 2003-2004, Fig. 6d",Transect count,Family group,Pomacentridae,NA,NA,NA,Abundance,3-year running mean SE,NTZ,Bilang-Bilangan marine reserve,Yes,desnity of pomacentrids (250m-2 +- SE),5,NA,NA,NA,NA,No,NA,
694,"outside Bilang-Bilangan, mean abundance of Pomacentridae, 1999-2003, Fig. 6d",Transect count,Family group,Pomacentridae,NA,NA,NA,Abundance,3-year running mean SE,NTZ,Bilang-Bilangan marine reserve,Yes,desnity of pomacentrids (250m-2 +- SE),1,1999,447.12,NA,NA,No,NA,
694,"outside Bilang-Bilangan, mean abundance of Pomacentridae, 1999-2003, Fig. 6d",Transect count,Family group,Pomacentridae,NA,NA,NA,Abundance,3-year running mean SE,NTZ,Bilang-Bilangan marine reserve,Yes,desnity of pomacentrids (250m-2 +- SE),2,2000,249.215,NA,NA,No,NA,
694,"outside Bilang-Bilangan, mean abundance of Pomacentridae, 1999-2003, Fig. 6d",Transect count,Family group,Pomacentridae,NA,NA,NA,Abundance,3-year running mean SE,NTZ,Bilang-Bilangan marine reserve,Yes,desnity of pomacentrids (250m-2 +- SE),3,2001,685.34,NA,NA,No,NA,
694,"outside Bilang-Bilangan, mean abundance of Pomacentridae, 1999-2003, Fig. 6d",Transect count,Family group,Pomacentridae,NA,NA,NA,Abundance,3-year running mean SE,NTZ,Bilang-Bilangan marine reserve,Yes,desnity of pomacentrids (250m-2 +- SE),4,2002,458.115,NA,NA,No,NA,
694,"outside Bilang-Bilangan, mean abundance of Pomacentridae, 1999-2003, Fig. 6d",Transect count,Family group,Pomacentridae,NA,NA,NA,Abundance,3-year running mean SE,NTZ,Bilang-Bilangan marine reserve,Yes,desnity of pomacentrids (250m-2 +- SE),5,2003,839.267,NA,NA,No,NA,
694,"outside Bilang-Bilangan, mean abundance of Pomacentridae, 2004, Fig. 6d",Transect count,Family group,Pomacentridae,NA,NA,NA,Abundance,3-year running mean SE,NTZ,Bilang-Bilangan marine reserve,Yes,desnity of pomacentrids (250m-2 +- SE),1,2004,864.922,NA,NA,No,NA,
694,"outside Bilang-Bilangan, mean abundance of Pomacentridae, 2004, Fig. 6d",Transect count,Family group,Pomacentridae,NA,NA,NA,Abundance,3-year running mean SE,NTZ,Bilang-Bilangan marine reserve,Yes,desnity of pomacentrids (250m-2 +- SE),2,NA,NA,NA,NA,No,NA,
694,"outside Bilang-Bilangan, mean abundance of Pomacentridae, 2004, Fig. 6d",Transect count,Family group,Pomacentridae,NA,NA,NA,Abundance,3-year running mean SE,NTZ,Bilang-Bilangan marine reserve,Yes,desnity of pomacentrids (250m-2 +- SE),3,NA,NA,NA,NA,No,NA,
694,"outside Bilang-Bilangan, mean abundance of Pomacentridae, 2004, Fig. 6d",Transect count,Family group,Pomacentridae,NA,NA,NA,Abundance,3-year running mean SE,NTZ,Bilang-Bilangan marine reserve,Yes,desnity of pomacentrids (250m-2 +- SE),4,NA,NA,NA,NA,No,NA,
694,"outside Bilang-Bilangan, mean abundance of Pomacentridae, 2004, Fig. 6d",Transect count,Family group,Pomacentridae,NA,NA,NA,Abundance,3-year running mean SE,NTZ,Bilang-Bilangan marine reserve,Yes,desnity of pomacentrids (250m-2 +- SE),5,NA,NA,NA,NA,No,NA,
694,"inside Batasan, mean abundance of Pomacentridae, 1999-2003, Fig. 6e",Transect count,Family group,Pomacentridae,NA,NA,NA,Abundance,3-year running mean SE,NTZ,Batasan marine reserve,Yes,desnity of pomacentrids (250m-2 +- SE),1,1999,109.415,NA,NA,No,NA,
694,"inside Batasan, mean abundance of Pomacentridae, 1999-2003, Fig. 6e",Transect count,Family group,Pomacentridae,NA,NA,NA,Abundance,3-year running mean SE,NTZ,Batasan marine reserve,Yes,desnity of pomacentrids (250m-2 +- SE),2,2000,464.377,NA,NA,No,NA,
694,"inside Batasan, mean abundance of Pomacentridae, 1999-2003, Fig. 6e",Transect count,Family group,Pomacentridae,NA,NA,NA,Abundance,3-year running mean SE,NTZ,Batasan marine reserve,Yes,desnity of pomacentrids (250m-2 +- SE),3,2001,217.557,NA,NA,No,NA,
694,"inside Batasan, mean abundance of Pomacentridae, 1999-2003, Fig. 6e",Transect count,Family group,Pomacentridae,NA,NA,NA,Abundance,3-year running mean SE,NTZ,Batasan marine reserve,Yes,desnity of pomacentrids (250m-2 +- SE),4,2002,217.557,NA,NA,No,NA,
694,"inside Batasan, mean abundance of Pomacentridae, 1999-2003, Fig. 6e",Transect count,Family group,Pomacentridae,NA,NA,NA,Abundance,3-year running mean SE,NTZ,Batasan marine reserve,Yes,desnity of pomacentrids (250m-2 +- SE),5,2003,267.176,NA,NA,No,NA,
694,"inside Batasan, mean abundance of Pomacentridae, 2004, Fig. 6e",Transect count,Family group,Pomacentridae,NA,NA,NA,Abundance,3-year running mean SE,NTZ,Batasan marine reserve,Yes,desnity of pomacentrids (250m-2 +- SE),1,2004,297.71,NA,NA,No,NA,
694,"inside Batasan, mean abundance of Pomacentridae, 2004, Fig. 6e",Transect count,Family group,Pomacentridae,NA,NA,NA,Abundance,3-year running mean SE,NTZ,Batasan marine reserve,Yes,desnity of pomacentrids (250m-2 +- SE),2,NA,NA,NA,NA,No,NA,
694,"inside Batasan, mean abundance of Pomacentridae, 2004, Fig. 6e",Transect count,Family group,Pomacentridae,NA,NA,NA,Abundance,3-year running mean SE,NTZ,Batasan marine reserve,Yes,desnity of pomacentrids (250m-2 +- SE),3,NA,NA,NA,NA,No,NA,
694,"inside Batasan, mean abundance of Pomacentridae, 2004, Fig. 6e",Transect count,Family group,Pomacentridae,NA,NA,NA,Abundance,3-year running mean SE,NTZ,Batasan marine reserve,Yes,desnity of pomacentrids (250m-2 +- SE),4,NA,NA,NA,NA,No,NA,
694,"inside Batasan, mean abundance of Pomacentridae, 2004, Fig. 6e",Transect count,Family group,Pomacentridae,NA,NA,NA,Abundance,3-year running mean SE,NTZ,Batasan marine reserve,Yes,desnity of pomacentrids (250m-2 +- SE),5,NA,NA,NA,NA,No,NA,
694,"outside Batasan, mean abundance of Pomacentridae, 1999-2003, Fig. 6e",Transect count,Family group,Pomacentridae,NA,NA,NA,Abundance,3-year running mean SE,NTZ,Batasan marine reserve,Yes,desnity of pomacentrids (250m-2 +- SE),1,1999,159.033,NA,NA,No,NA,
694,"outside Batasan, mean abundance of Pomacentridae, 1999-2003, Fig. 6e",Transect count,Family group,Pomacentridae,NA,NA,NA,Abundance,3-year running mean SE,NTZ,Batasan marine reserve,Yes,desnity of pomacentrids (250m-2 +- SE),2,2000,268.448,NA,NA,No,NA,
694,"outside Batasan, mean abundance of Pomacentridae, 1999-2003, Fig. 6e",Transect count,Family group,Pomacentridae,NA,NA,NA,Abundance,3-year running mean SE,NTZ,Batasan marine reserve,Yes,desnity of pomacentrids (250m-2 +- SE),3,2001,173.028,NA,NA,No,NA,
694,"outside Batasan, mean abundance of Pomacentridae, 1999-2003, Fig. 6e",Transect count,Family group,Pomacentridae,NA,NA,NA,Abundance,3-year running mean SE,NTZ,Batasan marine reserve,Yes,desnity of pomacentrids (250m-2 +- SE),4,2002,184.478,NA,NA,No,NA,
694,"outside Batasan, mean abundance of Pomacentridae, 1999-2003, Fig. 6e",Transect count,Family group,Pomacentridae,NA,NA,NA,Abundance,3-year running mean SE,NTZ,Batasan marine reserve,Yes,desnity of pomacentrids (250m-2 +- SE),5,2003,362.595,NA,NA,No,NA,
694,"outside Batasan, mean abundance of Pomacentridae, 2004, Fig. 6e",Transect count,Family group,Pomacentridae,NA,NA,NA,Abundance,3-year running mean SE,NTZ,Batasan marine reserve,Yes,desnity of pomacentrids (250m-2 +- SE),1,2004,405.852,NA,NA,No,NA,
694,"outside Batasan, mean abundance of Pomacentridae, 2004, Fig. 6e",Transect count,Family group,Pomacentridae,NA,NA,NA,Abundance,3-year running mean SE,NTZ,Batasan marine reserve,Yes,desnity of pomacentrids (250m-2 +- SE),2,NA,NA,NA,NA,No,NA,
694,"outside Batasan, mean abundance of Pomacentridae, 2004, Fig. 6e",Transect count,Family group,Pomacentridae,NA,NA,NA,Abundance,3-year running mean SE,NTZ,Batasan marine reserve,Yes,desnity of pomacentrids (250m-2 +- SE),3,NA,NA,NA,NA,No,NA,
694,"outside Batasan, mean abundance of Pomacentridae, 2004, Fig. 6e",Transect count,Family group,Pomacentridae,NA,NA,NA,Abundance,3-year running mean SE,NTZ,Batasan marine reserve,Yes,desnity of pomacentrids (250m-2 +- SE),4,NA,NA,NA,NA,No,NA,
694,"outside Batasan, mean abundance of Pomacentridae, 2004, Fig. 6e",Transect count,Family group,Pomacentridae,NA,NA,NA,Abundance,3-year running mean SE,NTZ,Batasan marine reserve,Yes,desnity of pomacentrids (250m-2 +- SE),5,NA,NA,NA,NA,No,NA,
694,"inside Handumon, mean abundance of Chaetodontidae, 1998-2002, Fig. 7a",Transect count,Family group,Chaetodontidae,NA,NA,NA,Abundance,3-year running mean SE,NTZ,Handumon marine reserve,Yes,desnity of Chaetodontids (250m-2 +- SE),1,1998,8.384,NA,NA,No,NA,
694,"inside Handumon, mean abundance of Chaetodontidae, 1998-2002, Fig. 7a",Transect count,Family group,Chaetodontidae,NA,NA,NA,Abundance,3-year running mean SE,NTZ,Handumon marine reserve,Yes,desnity of Chaetodontids (250m-2 +- SE),2,1999,5.019,NA,NA,No,NA,
694,"inside Handumon, mean abundance of Chaetodontidae, 1998-2002, Fig. 7a",Transect count,Family group,Chaetodontidae,NA,NA,NA,Abundance,3-year running mean SE,NTZ,Handumon marine reserve,Yes,desnity of Chaetodontids (250m-2 +- SE),3,2000,5.475,NA,NA,No,NA,
694,"inside Handumon, mean abundance of Chaetodontidae, 1998-2002, Fig. 7a",Transect count,Family group,Chaetodontidae,NA,NA,NA,Abundance,3-year running mean SE,NTZ,Handumon marine reserve,Yes,desnity of Chaetodontids (250m-2 +- SE),4,2001,7.129,NA,NA,No,NA,
694,"inside Handumon, mean abundance of Chaetodontidae, 1998-2002, Fig. 7a",Transect count,Family group,Chaetodontidae,NA,NA,NA,Abundance,3-year running mean SE,NTZ,Handumon marine reserve,Yes,desnity of Chaetodontids (250m-2 +- SE),5,2002,4.392,NA,NA,No,NA,
694,"inside Handumon, mean abundance of Chaetodontidae, 2003-2004, Fig. 7a",Transect count,Family group,Chaetodontidae,NA,NA,NA,Abundance,3-year running mean SE,NTZ,Handumon marine reserve,Yes,desnity of Chaetodontids (250m-2 +- SE),1,2003,13.745,NA,NA,No,NA,
694,"inside Handumon, mean abundance of Chaetodontidae, 2003-2004, Fig. 7a",Transect count,Family group,Chaetodontidae,NA,NA,NA,Abundance,3-year running mean SE,NTZ,Handumon marine reserve,Yes,desnity of Chaetodontids (250m-2 +- SE),2,2004,10.665,NA,NA,No,NA,
694,"inside Handumon, mean abundance of Chaetodontidae, 2003-2004, Fig. 7a",Transect count,Family group,Chaetodontidae,NA,NA,NA,Abundance,3-year running mean SE,NTZ,Handumon marine reserve,Yes,desnity of Chaetodontids (250m-2 +- SE),3,NA,NA,NA,NA,No,NA,
694,"inside Handumon, mean abundance of Chaetodontidae, 2003-2004, Fig. 7a",Transect count,Family group,Chaetodontidae,NA,NA,NA,Abundance,3-year running mean SE,NTZ,Handumon marine reserve,Yes,desnity of Chaetodontids (250m-2 +- SE),4,NA,NA,NA,NA,No,NA,
694,"inside Handumon, mean abundance of Chaetodontidae, 2003-2004, Fig. 7a",Transect count,Family group,Chaetodontidae,NA,NA,NA,Abundance,3-year running mean SE,NTZ,Handumon marine reserve,Yes,desnity of Chaetodontids (250m-2 +- SE),5,NA,NA,NA,NA,No,NA,
694,"outside Handumon, mean abundance of Chaetodontidae, 1998-2002, Fig. 7a",Transect count,Family group,Chaetodontidae,NA,NA,NA,Abundance,3-year running mean SE,NTZ,Handumon marine reserve,Yes,desnity of Chaetodontids (250m-2 +- SE),1,1998,7.928,NA,NA,No,NA,
694,"outside Handumon, mean abundance of Chaetodontidae, 1998-2002, Fig. 7a",Transect count,Family group,Chaetodontidae,NA,NA,NA,Abundance,3-year running mean SE,NTZ,Handumon marine reserve,Yes,desnity of Chaetodontids (250m-2 +- SE),2,1999,1.882,NA,NA,No,NA,
694,"outside Handumon, mean abundance of Chaetodontidae, 1998-2002, Fig. 7a",Transect count,Family group,Chaetodontidae,NA,NA,NA,Abundance,3-year running mean SE,NTZ,Handumon marine reserve,Yes,desnity of Chaetodontids (250m-2 +- SE),3,2000,2.909,NA,NA,No,NA,
694,"outside Handumon, mean abundance of Chaetodontidae, 1998-2002, Fig. 7a",Transect count,Family group,Chaetodontidae,NA,NA,NA,Abundance,3-year running mean SE,NTZ,Handumon marine reserve,Yes,desnity of Chaetodontids (250m-2 +- SE),4,2001,2.281,NA,NA,No,NA,
694,"outside Handumon, mean abundance of Chaetodontidae, 1998-2002, Fig. 7a",Transect count,Family group,Chaetodontidae,NA,NA,NA,Abundance,3-year running mean SE,NTZ,Handumon marine reserve,Yes,desnity of Chaetodontids (250m-2 +- SE),5,2002,0.97,NA,NA,No,NA,
694,"outside Handumon, mean abundance of Chaetodontidae, 2003-2004, Fig. 7a",Transect count,Family group,Chaetodontidae,NA,NA,NA,Abundance,3-year running mean SE,NTZ,Handumon marine reserve,Yes,desnity of Chaetodontids (250m-2 +- SE),1,2003,8.669,NA,NA,No,NA,
694,"outside Handumon, mean abundance of Chaetodontidae, 2003-2004, Fig. 7a",Transect count,Family group,Chaetodontidae,NA,NA,NA,Abundance,3-year running mean SE,NTZ,Handumon marine reserve,Yes,desnity of Chaetodontids (250m-2 +- SE),2,2004,4.734,NA,NA,No,NA,
694,"outside Handumon, mean abundance of Chaetodontidae, 2003-2004, Fig. 7a",Transect count,Family group,Chaetodontidae,NA,NA,NA,Abundance,3-year running mean SE,NTZ,Handumon marine reserve,Yes,desnity of Chaetodontids (250m-2 +- SE),3,NA,NA,NA,NA,No,NA,
694,"outside Handumon, mean abundance of Chaetodontidae, 2003-2004, Fig. 7a",Transect count,Family group,Chaetodontidae,NA,NA,NA,Abundance,3-year running mean SE,NTZ,Handumon marine reserve,Yes,desnity of Chaetodontids (250m-2 +- SE),4,NA,NA,NA,NA,No,NA,
694,"outside Handumon, mean abundance of Chaetodontidae, 2003-2004, Fig. 7a",Transect count,Family group,Chaetodontidae,NA,NA,NA,Abundance,3-year running mean SE,NTZ,Handumon marine reserve,Yes,desnity of Chaetodontids (250m-2 +- SE),5,NA,NA,NA,NA,No,NA,
694,"inside Pandanon, mean abundance of Chaetodontidae, 1998-2002, Fig. 7b",Transect count,Family group,Chaetodontidae,NA,NA,NA,Abundance,3-year running mean SE,NTZ,Pandanon marine reserve,Yes,desnity of Chaetodontids (250m-2 +- SE),1,1998,9.438,NA,NA,No,NA,
694,"inside Pandanon, mean abundance of Chaetodontidae, 1998-2002, Fig. 7b",Transect count,Family group,Chaetodontidae,NA,NA,NA,Abundance,3-year running mean SE,NTZ,Pandanon marine reserve,Yes,desnity of Chaetodontids (250m-2 +- SE),2,1999,4.27,NA,NA,No,NA,
694,"inside Pandanon, mean abundance of Chaetodontidae, 1998-2002, Fig. 7b",Transect count,Family group,Chaetodontidae,NA,NA,NA,Abundance,3-year running mean SE,NTZ,Pandanon marine reserve,Yes,desnity of Chaetodontids (250m-2 +- SE),3,2000,3.708,NA,NA,No,NA,
694,"inside Pandanon, mean abundance of Chaetodontidae, 1998-2002, Fig. 7b",Transect count,Family group,Chaetodontidae,NA,NA,NA,Abundance,3-year running mean SE,NTZ,Pandanon marine reserve,Yes,desnity of Chaetodontids (250m-2 +- SE),4,2001,3.371,NA,NA,No,NA,
694,"inside Pandanon, mean abundance of Chaetodontidae, 1998-2002, Fig. 7b",Transect count,Family group,Chaetodontidae,NA,NA,NA,Abundance,3-year running mean SE,NTZ,Pandanon marine reserve,Yes,desnity of Chaetodontids (250m-2 +- SE),5,2002,1.742,NA,NA,No,NA,
694,"inside Pandanon, mean abundance of Chaetodontidae, 2003-2004, Fig. 7b",Transect count,Family group,Chaetodontidae,NA,NA,NA,Abundance,3-year running mean SE,NTZ,Pandanon marine reserve,Yes,desnity of Chaetodontids (250m-2 +- SE),1,2003,13.034,NA,NA,No,NA,
694,"inside Pandanon, mean abundance of Chaetodontidae, 2003-2004, Fig. 7b",Transect count,Family group,Chaetodontidae,NA,NA,NA,Abundance,3-year running mean SE,NTZ,Pandanon marine reserve,Yes,desnity of Chaetodontids (250m-2 +- SE),2,2004,19.888,NA,NA,No,NA,
694,"inside Pandanon, mean abundance of Chaetodontidae, 2003-2004, Fig. 7b",Transect count,Family group,Chaetodontidae,NA,NA,NA,Abundance,3-year running mean SE,NTZ,Pandanon marine reserve,Yes,desnity of Chaetodontids (250m-2 +- SE),3,NA,NA,NA,NA,No,NA,
694,"inside Pandanon, mean abundance of Chaetodontidae, 2003-2004, Fig. 7b",Transect count,Family group,Chaetodontidae,NA,NA,NA,Abundance,3-year running mean SE,NTZ,Pandanon marine reserve,Yes,desnity of Chaetodontids (250m-2 +- SE),4,NA,NA,NA,NA,No,NA,
694,"inside Pandanon, mean abundance of Chaetodontidae, 2003-2004, Fig. 7b",Transect count,Family group,Chaetodontidae,NA,NA,NA,Abundance,3-year running mean SE,NTZ,Pandanon marine reserve,Yes,desnity of Chaetodontids (250m-2 +- SE),5,NA,NA,NA,NA,No,NA,
694,"outside Pandanon, mean abundance of Chaetodontidae, 1998-2002, Fig. 7b",Transect count,Family group,Chaetodontidae,NA,NA,NA,Abundance,3-year running mean SE,NTZ,Pandanon marine reserve,Yes,desnity of Chaetodontids (250m-2 +- SE),1,1998,2.978,NA,NA,No,NA,
694,"outside Pandanon, mean abundance of Chaetodontidae, 1998-2002, Fig. 7b",Transect count,Family group,Chaetodontidae,NA,NA,NA,Abundance,3-year running mean SE,NTZ,Pandanon marine reserve,Yes,desnity of Chaetodontids (250m-2 +- SE),2,1999,16.91,NA,NA,No,NA,
694,"outside Pandanon, mean abundance of Chaetodontidae, 1998-2002, Fig. 7b",Transect count,Family group,Chaetodontidae,NA,NA,NA,Abundance,3-year running mean SE,NTZ,Pandanon marine reserve,Yes,desnity of Chaetodontids (250m-2 +- SE),3,2000,22.584,NA,NA,No,NA,
694,"outside Pandanon, mean abundance of Chaetodontidae, 1998-2002, Fig. 7b",Transect count,Family group,Chaetodontidae,NA,NA,NA,Abundance,3-year running mean SE,NTZ,Pandanon marine reserve,Yes,desnity of Chaetodontids (250m-2 +- SE),4,2001,11.348,NA,NA,No,NA,
694,"outside Pandanon, mean abundance of Chaetodontidae, 1998-2002, Fig. 7b",Transect count,Family group,Chaetodontidae,NA,NA,NA,Abundance,3-year running mean SE,NTZ,Pandanon marine reserve,Yes,desnity of Chaetodontids (250m-2 +- SE),5,2002,6.124,NA,NA,No,NA,
694,"outside Pandanon, mean abundance of Chaetodontidae, 2003-2004, Fig. 7b",Transect count,Family group,Chaetodontidae,NA,NA,NA,Abundance,3-year running mean SE,NTZ,Pandanon marine reserve,Yes,desnity of Chaetodontids (250m-2 +- SE),1,2003,14.326,NA,NA,No,NA,
694,"outside Pandanon, mean abundance of Chaetodontidae, 2003-2004, Fig. 7b",Transect count,Family group,Chaetodontidae,NA,NA,NA,Abundance,3-year running mean SE,NTZ,Pandanon marine reserve,Yes,desnity of Chaetodontids (250m-2 +- SE),2,2004,9.944,NA,NA,No,NA,
694,"outside Pandanon, mean abundance of Chaetodontidae, 2003-2004, Fig. 7b",Transect count,Family group,Chaetodontidae,NA,NA,NA,Abundance,3-year running mean SE,NTZ,Pandanon marine reserve,Yes,desnity of Chaetodontids (250m-2 +- SE),3,NA,NA,NA,NA,No,NA,
694,"outside Pandanon, mean abundance of Chaetodontidae, 2003-2004, Fig. 7b",Transect count,Family group,Chaetodontidae,NA,NA,NA,Abundance,3-year running mean SE,NTZ,Pandanon marine reserve,Yes,desnity of Chaetodontids (250m-2 +- SE),4,NA,NA,NA,NA,No,NA,
694,"outside Pandanon, mean abundance of Chaetodontidae, 2003-2004, Fig. 7b",Transect count,Family group,Chaetodontidae,NA,NA,NA,Abundance,3-year running mean SE,NTZ,Pandanon marine reserve,Yes,desnity of Chaetodontids (250m-2 +- SE),5,NA,NA,NA,NA,No,NA,
694,"inside Asinan, mean abundance of Chaetodontidae, 1998-2002, Fig. 7c",Transect count,Family group,Chaetodontidae,NA,NA,NA,Abundance,3-year running mean SE,NTZ,Asinan marine reserve,Yes,desnity of Chaetodontids (250m-2 +- SE),1,1998,1.412,NA,NA,No,NA,
694,"inside Asinan, mean abundance of Chaetodontidae, 1998-2002, Fig. 7c",Transect count,Family group,Chaetodontidae,NA,NA,NA,Abundance,3-year running mean SE,NTZ,Asinan marine reserve,Yes,desnity of Chaetodontids (250m-2 +- SE),2,1999,1.469,NA,NA,No,NA,
694,"inside Asinan, mean abundance of Chaetodontidae, 1998-2002, Fig. 7c",Transect count,Family group,Chaetodontidae,NA,NA,NA,Abundance,3-year running mean SE,NTZ,Asinan marine reserve,Yes,desnity of Chaetodontids (250m-2 +- SE),3,2000,3.051,NA,NA,No,NA,
694,"inside Asinan, mean abundance of Chaetodontidae, 1998-2002, Fig. 7c",Transect count,Family group,Chaetodontidae,NA,NA,NA,Abundance,3-year running mean SE,NTZ,Asinan marine reserve,Yes,desnity of Chaetodontids (250m-2 +- SE),4,2001,5.028,NA,NA,No,NA,
694,"inside Asinan, mean abundance of Chaetodontidae, 1998-2002, Fig. 7c",Transect count,Family group,Chaetodontidae,NA,NA,NA,Abundance,3-year running mean SE,NTZ,Asinan marine reserve,Yes,desnity of Chaetodontids (250m-2 +- SE),5,2002,6.893,NA,NA,No,NA,
694,"inside Asinan, mean abundance of Chaetodontidae, 2003-2004, Fig. 7c",Transect count,Family group,Chaetodontidae,NA,NA,NA,Abundance,3-year running mean SE,NTZ,Asinan marine reserve,Yes,desnity of Chaetodontids (250m-2 +- SE),1,2003,22.034,NA,NA,No,NA,
694,"inside Asinan, mean abundance of Chaetodontidae, 2003-2004, Fig. 7c",Transect count,Family group,Chaetodontidae,NA,NA,NA,Abundance,3-year running mean SE,NTZ,Asinan marine reserve,Yes,desnity of Chaetodontids (250m-2 +- SE),2,2004,19.661,NA,NA,No,NA,
694,"inside Asinan, mean abundance of Chaetodontidae, 2003-2004, Fig. 7c",Transect count,Family group,Chaetodontidae,NA,NA,NA,Abundance,3-year running mean SE,NTZ,Asinan marine reserve,Yes,desnity of Chaetodontids (250m-2 +- SE),3,NA,NA,NA,NA,No,NA,
694,"inside Asinan, mean abundance of Chaetodontidae, 2003-2004, Fig. 7c",Transect count,Family group,Chaetodontidae,NA,NA,NA,Abundance,3-year running mean SE,NTZ,Asinan marine reserve,Yes,desnity of Chaetodontids (250m-2 +- SE),4,NA,NA,NA,NA,No,NA,
694,"inside Asinan, mean abundance of Chaetodontidae, 2003-2004, Fig. 7c",Transect count,Family group,Chaetodontidae,NA,NA,NA,Abundance,3-year running mean SE,NTZ,Asinan marine reserve,Yes,desnity of Chaetodontids (250m-2 +- SE),5,NA,NA,NA,NA,No,NA,
694,"outside Asinan, mean abundance of Chaetodontidae, 1998-2002, Fig. 7c",Transect count,Family group,Chaetodontidae,NA,NA,NA,Abundance,3-year running mean SE,NTZ,Asinan marine reserve,Yes,desnity of Chaetodontids (250m-2 +- SE),1,1998,10.904,NA,NA,No,NA,
694,"outside Asinan, mean abundance of Chaetodontidae, 1998-2002, Fig. 7c",Transect count,Family group,Chaetodontidae,NA,NA,NA,Abundance,3-year running mean SE,NTZ,Asinan marine reserve,Yes,desnity of Chaetodontids (250m-2 +- SE),2,1999,3.898,NA,NA,No,NA,
694,"outside Asinan, mean abundance of Chaetodontidae, 1998-2002, Fig. 7c",Transect count,Family group,Chaetodontidae,NA,NA,NA,Abundance,3-year running mean SE,NTZ,Asinan marine reserve,Yes,desnity of Chaetodontids (250m-2 +- SE),3,2000,3.503,NA,NA,No,NA,
694,"outside Asinan, mean abundance of Chaetodontidae, 1998-2002, Fig. 7c",Transect count,Family group,Chaetodontidae,NA,NA,NA,Abundance,3-year running mean SE,NTZ,Asinan marine reserve,Yes,desnity of Chaetodontids (250m-2 +- SE),4,2001,4.294,NA,NA,No,NA,
694,"outside Asinan, mean abundance of Chaetodontidae, 1998-2002, Fig. 7c",Transect count,Family group,Chaetodontidae,NA,NA,NA,Abundance,3-year running mean SE,NTZ,Asinan marine reserve,Yes,desnity of Chaetodontids (250m-2 +- SE),5,2002,3.898,NA,NA,No,NA,
694,"outside Asinan, mean abundance of Chaetodontidae, 2003-2004, Fig. 7c",Transect count,Family group,Chaetodontidae,NA,NA,NA,Abundance,3-year running mean SE,NTZ,Asinan marine reserve,Yes,desnity of Chaetodontids (250m-2 +- SE),1,2003,17.175,NA,NA,No,NA,
694,"outside Asinan, mean abundance of Chaetodontidae, 2003-2004, Fig. 7c",Transect count,Family group,Chaetodontidae,NA,NA,NA,Abundance,3-year running mean SE,NTZ,Asinan marine reserve,Yes,desnity of Chaetodontids (250m-2 +- SE),2,2004,24.237,NA,NA,No,NA,
694,"outside Asinan, mean abundance of Chaetodontidae, 2003-2004, Fig. 7c",Transect count,Family group,Chaetodontidae,NA,NA,NA,Abundance,3-year running mean SE,NTZ,Asinan marine reserve,Yes,desnity of Chaetodontids (250m-2 +- SE),3,NA,NA,NA,NA,No,NA,
694,"outside Asinan, mean abundance of Chaetodontidae, 2003-2004, Fig. 7c",Transect count,Family group,Chaetodontidae,NA,NA,NA,Abundance,3-year running mean SE,NTZ,Asinan marine reserve,Yes,desnity of Chaetodontids (250m-2 +- SE),4,NA,NA,NA,NA,No,NA,
694,"outside Asinan, mean abundance of Chaetodontidae, 2003-2004, Fig. 7c",Transect count,Family group,Chaetodontidae,NA,NA,NA,Abundance,3-year running mean SE,NTZ,Asinan marine reserve,Yes,desnity of Chaetodontids (250m-2 +- SE),5,NA,NA,NA,NA,No,NA,
658,"density of commercial species, inside MUMPA, 2006-2010, Fig. 4a",Transect count,Target species as a group,NA,NA,NA,commercial species,Density,NA,PPO,Parque Nacional Huatulco multi-use marine protected area,Yes,individuals/m2,1,2006,0.00395,NA,NA,NA,NA,
658,"density of commercial species, inside MUMPA, 2006-2010, Fig. 4a",Transect count,Target species as a group,NA,NA,NA,commercial species,Density,NA,PPO,Parque Nacional Huatulco multi-use marine protected area,Yes,individuals/m2,2,2007,0.00346,NA,NA,NA,NA,
658,"density of commercial species, inside MUMPA, 2006-2010, Fig. 4a",Transect count,Target species as a group,NA,NA,NA,commercial species,Density,NA,PPO,Parque Nacional Huatulco multi-use marine protected area,Yes,individuals/m2,3,2008,0.00761,NA,NA,NA,NA,
658,"density of commercial species, inside MUMPA, 2006-2010, Fig. 4a",Transect count,Target species as a group,NA,NA,NA,commercial species,Density,NA,PPO,Parque Nacional Huatulco multi-use marine protected area,Yes,individuals/m2,4,2009,0.00128,NA,NA,NA,NA,
658,"density of commercial species, inside MUMPA, 2006-2010, Fig. 4a",Transect count,Target species as a group,NA,NA,NA,commercial species,Density,NA,PPO,Parque Nacional Huatulco multi-use marine protected area,Yes,individuals/m2,5,2010,0.00375,NA,NA,NA,NA,
658,"density of commercial species, inside MUMPA, 2011-2016, Fig. 4a",Transect count,Target species as a group,NA,NA,NA,commercial species,Density,NA,PPO,Parque Nacional Huatulco multi-use marine protected area,Yes,individuals/m2,1,2011,0.00484,NA,NA,NA,NA,
658,"density of commercial species, inside MUMPA, 2011-2016, Fig. 4a",Transect count,Target species as a group,NA,NA,NA,commercial species,Density,NA,PPO,Parque Nacional Huatulco multi-use marine protected area,Yes,individuals/m2,2,2012,0.00721,NA,NA,NA,NA,
658,"density of commercial species, inside MUMPA, 2011-2016, Fig. 4a",Transect count,Target species as a group,NA,NA,NA,commercial species,Density,NA,PPO,Parque Nacional Huatulco multi-use marine protected area,Yes,individuals/m2,3,2013,0.02253,NA,NA,NA,NA,
658,"density of commercial species, inside MUMPA, 2011-2016, Fig. 4a",Transect count,Target species as a group,NA,NA,NA,commercial species,Density,NA,PPO,Parque Nacional Huatulco multi-use marine protected area,Yes,individuals/m2,4,2015,0.00998,NA,NA,NA,NA,
658,"density of commercial species, inside MUMPA, 2011-2016, Fig. 4a",Transect count,Target species as a group,NA,NA,NA,commercial species,Density,NA,PPO,Parque Nacional Huatulco multi-use marine protected area,Yes,individuals/m2,5,2016,0.00306,NA,NA,NA,NA,
658,"density of commercial species, inside MUMPA, 2017-2020, Fig. 4a",Transect count,Target species as a group,NA,NA,NA,commercial species,Density,NA,PPO,Parque Nacional Huatulco multi-use marine protected area,Yes,individuals/m2,1,2017,0.00504,NA,NA,NA,NA,
658,"density of commercial species, inside MUMPA, 2017-2020, Fig. 4a",Transect count,Target species as a group,NA,NA,NA,commercial species,Density,NA,PPO,Parque Nacional Huatulco multi-use marine protected area,Yes,individuals/m2,2,2018,0.00375,NA,NA,NA,NA,
658,"density of commercial species, inside MUMPA, 2017-2020, Fig. 4a",Transect count,Target species as a group,NA,NA,NA,commercial species,Density,NA,PPO,Parque Nacional Huatulco multi-use marine protected area,Yes,individuals/m2,3,2019,0.00405,NA,NA,NA,NA,
658,"density of commercial species, inside MUMPA, 2017-2020, Fig. 4a",Transect count,Target species as a group,NA,NA,NA,commercial species,Density,NA,PPO,Parque Nacional Huatulco multi-use marine protected area,Yes,individuals/m2,4,2020,0.00791,NA,NA,NA,NA,
658,"density of commercial species, inside MUMPA, 2017-2020, Fig. 4a",Transect count,Target species as a group,NA,NA,NA,commercial species,Density,NA,PPO,Parque Nacional Huatulco multi-use marine protected area,Yes,individuals/m2,5,NA,NA,NA,NA,NA,NA,
658,"density of commercial species, outside, 2006-2010, Fig. 4a",Transect count,Target species as a group,NA,NA,NA,commercial species,Density,NA,PPO,Parque Nacional Huatulco multi-use marine protected area,Yes,individuals/m2,1,2006,0.00573,NA,NA,NA,NA,
658,"density of commercial species, outside, 2006-2010, Fig. 4a",Transect count,Target species as a group,NA,NA,NA,commercial species,Density,NA,PPO,Parque Nacional Huatulco multi-use marine protected area,Yes,individuals/m2,2,2007,0.00731,NA,NA,NA,NA,
658,"density of commercial species, outside, 2006-2010, Fig. 4a",Transect count,Target species as a group,NA,NA,NA,commercial species,Density,NA,PPO,Parque Nacional Huatulco multi-use marine protected area,Yes,individuals/m2,3,2008,0.00385,NA,NA,NA,NA,
658,"density of commercial species, outside, 2006-2010, Fig. 4a",Transect count,Target species as a group,NA,NA,NA,commercial species,Density,NA,PPO,Parque Nacional Huatulco multi-use marine protected area,Yes,individuals/m2,4,2009,0.00109,NA,NA,NA,NA,
658,"density of commercial species, outside, 2006-2010, Fig. 4a",Transect count,Target species as a group,NA,NA,NA,commercial species,Density,NA,PPO,Parque Nacional Huatulco multi-use marine protected area,Yes,individuals/m2,5,2010,0.0168,NA,NA,NA,NA,
658,"density of commercial species, outside, 2011-2017, Fig. 4a",Transect count,Target species as a group,NA,NA,NA,commercial species,Density,NA,PPO,Parque Nacional Huatulco multi-use marine protected area,Yes,individuals/m2,1,2011,0.00879,NA,NA,NA,NA,
658,"density of commercial species, outside, 2011-2017, Fig. 4a",Transect count,Target species as a group,NA,NA,NA,commercial species,Density,NA,PPO,Parque Nacional Huatulco multi-use marine protected area,Yes,individuals/m2,2,2012,0.00583,NA,NA,NA,NA,
658,"density of commercial species, outside, 2011-2017, Fig. 4a",Transect count,Target species as a group,NA,NA,NA,commercial species,Density,NA,PPO,Parque Nacional Huatulco multi-use marine protected area,Yes,individuals/m2,3,2015,0.00593,NA,NA,NA,NA,
658,"density of commercial species, outside, 2011-2017, Fig. 4a",Transect count,Target species as a group,NA,NA,NA,commercial species,Density,NA,PPO,Parque Nacional Huatulco multi-use marine protected area,Yes,individuals/m2,4,2016,0.00079,NA,NA,NA,NA,
658,"density of commercial species, outside, 2011-2017, Fig. 4a",Transect count,Target species as a group,NA,NA,NA,commercial species,Density,NA,PPO,Parque Nacional Huatulco multi-use marine protected area,Yes,individuals/m2,5,2017,0.00277,NA,NA,NA,NA,
658,"density of commercial species, outside, 2018-2020, Fig. 4a",Transect count,Target species as a group,NA,NA,NA,commercial species,Density,NA,PPO,Parque Nacional Huatulco multi-use marine protected area,Yes,individuals/m2,1,2018,0.00543,NA,NA,NA,NA,
658,"density of commercial species, outside, 2018-2020, Fig. 4a",Transect count,Target species as a group,NA,NA,NA,commercial species,Density,NA,PPO,Parque Nacional Huatulco multi-use marine protected area,Yes,individuals/m2,2,2019,0.00375,NA,NA,NA,NA,
658,"density of commercial species, outside, 2018-2020, Fig. 4a",Transect count,Target species as a group,NA,NA,NA,commercial species,Density,NA,PPO,Parque Nacional Huatulco multi-use marine protected area,Yes,individuals/m2,3,2020,0.01344,NA,NA,NA,NA,
658,"density of commercial species, outside, 2018-2020, Fig. 4a",Transect count,Target species as a group,NA,NA,NA,commercial species,Density,NA,PPO,Parque Nacional Huatulco multi-use marine protected area,Yes,individuals/m2,4,NA,NA,NA,NA,NA,NA,
658,"density of commercial species, outside, 2018-2020, Fig. 4a",Transect count,Target species as a group,NA,NA,NA,commercial species,Density,NA,PPO,Parque Nacional Huatulco multi-use marine protected area,Yes,individuals/m2,5,NA,NA,NA,NA,NA,NA,
658,"density of non-commercial species, inside MUMPA, 2006-2010, Fig. 4b",Transect count,Non-target species as a group,NA,NA,NA,non-commercial species,Density,NA,PPO,Parque Nacional Huatulco multi-use marine protected area,Yes,individuals/m2,1,2006,0.01707,NA,NA,NA,NA,
658,"density of non-commercial species, inside MUMPA, 2006-2010, Fig. 4b",Transect count,Non-target species as a group,NA,NA,NA,non-commercial species,Density,NA,PPO,Parque Nacional Huatulco multi-use marine protected area,Yes,individuals/m2,2,2007,0.01333,NA,NA,NA,NA,
658,"density of non-commercial species, inside MUMPA, 2006-2010, Fig. 4b",Transect count,Non-target species as a group,NA,NA,NA,non-commercial species,Density,NA,PPO,Parque Nacional Huatulco multi-use marine protected area,Yes,individuals/m2,3,2008,0.0464,NA,NA,NA,NA,
658,"density of non-commercial species, inside MUMPA, 2006-2010, Fig. 4b",Transect count,Non-target species as a group,NA,NA,NA,non-commercial species,Density,NA,PPO,Parque Nacional Huatulco multi-use marine protected area,Yes,individuals/m2,4,2009,0.01067,NA,NA,NA,NA,
658,"density of non-commercial species, inside MUMPA, 2006-2010, Fig. 4b",Transect count,Non-target species as a group,NA,NA,NA,non-commercial species,Density,NA,PPO,Parque Nacional Huatulco multi-use marine protected area,Yes,individuals/m2,5,2010,0.01227,NA,NA,NA,NA,
658,"density of non-commercial species, inside MUMPA, 2011-2016, Fig. 4b",Transect count,Non-target species as a group,NA,NA,NA,non-commercial species,Density,NA,PPO,Parque Nacional Huatulco multi-use marine protected area,Yes,individuals/m2,1,2011,0.02187,NA,NA,NA,NA,
658,"density of non-commercial species, inside MUMPA, 2011-2016, Fig. 4b",Transect count,Non-target species as a group,NA,NA,NA,non-commercial species,Density,NA,PPO,Parque Nacional Huatulco multi-use marine protected area,Yes,individuals/m2,2,2012,0.03147,NA,NA,NA,NA,
658,"density of non-commercial species, inside MUMPA, 2011-2016, Fig. 4b",Transect count,Non-target species as a group,NA,NA,NA,non-commercial species,Density,NA,PPO,Parque Nacional Huatulco multi-use marine protected area,Yes,individuals/m2,3,2013,0.0512,NA,NA,NA,NA,
658,"density of non-commercial species, inside MUMPA, 2011-2016, Fig. 4b",Transect count,Non-target species as a group,NA,NA,NA,non-commercial species,Density,NA,PPO,Parque Nacional Huatulco multi-use marine protected area,Yes,individuals/m2,4,2015,0.11413,NA,NA,NA,NA,
658,"density of non-commercial species, inside MUMPA, 2011-2016, Fig. 4b",Transect count,Non-target species as a group,NA,NA,NA,non-commercial species,Density,NA,PPO,Parque Nacional Huatulco multi-use marine protected area,Yes,individuals/m2,5,2016,0.07093,NA,NA,NA,NA,
658,"density of non-commercial species, inside MUMPA, 2017-2020, Fig. 4b",Transect count,Non-target species as a group,NA,NA,NA,non-commercial species,Density,NA,PPO,Parque Nacional Huatulco multi-use marine protected area,Yes,individuals/m2,1,2017,0.03307,NA,NA,NA,NA,
658,"density of non-commercial species, inside MUMPA, 2017-2020, Fig. 4b",Transect count,Non-target species as a group,NA,NA,NA,non-commercial species,Density,NA,PPO,Parque Nacional Huatulco multi-use marine protected area,Yes,individuals/m2,2,2018,0.0752,NA,NA,NA,NA,
658,"density of non-commercial species, inside MUMPA, 2017-2020, Fig. 4b",Transect count,Non-target species as a group,NA,NA,NA,non-commercial species,Density,NA,PPO,Parque Nacional Huatulco multi-use marine protected area,Yes,individuals/m2,3,2019,0.1008,NA,NA,NA,NA,
658,"density of non-commercial species, inside MUMPA, 2017-2020, Fig. 4b",Transect count,Non-target species as a group,NA,NA,NA,non-commercial species,Density,NA,PPO,Parque Nacional Huatulco multi-use marine protected area,Yes,individuals/m2,4,2020,0.06027,NA,NA,NA,NA,
658,"density of non-commercial species, inside MUMPA, 2017-2020, Fig. 4b",Transect count,Non-target species as a group,NA,NA,NA,non-commercial species,Density,NA,PPO,Parque Nacional Huatulco multi-use marine protected area,Yes,individuals/m2,5,NA,NA,NA,NA,NA,NA,
658,"density of non-commercial species, outside, 2006-2010, Fig. 4b",Transect count,Non-target species as a group,NA,NA,NA,non-commercial species,Density,NA,PPO,Parque Nacional Huatulco multi-use marine protected area,Yes,individuals/m2,1,2006,0.0112,NA,NA,NA,NA,
658,"density of non-commercial species, outside, 2006-2010, Fig. 4b",Transect count,Non-target species as a group,NA,NA,NA,non-commercial species,Density,NA,PPO,Parque Nacional Huatulco multi-use marine protected area,Yes,individuals/m2,2,2007,0.01227,NA,NA,NA,NA,
658,"density of non-commercial species, outside, 2006-2010, Fig. 4b",Transect count,Non-target species as a group,NA,NA,NA,non-commercial species,Density,NA,PPO,Parque Nacional Huatulco multi-use marine protected area,Yes,individuals/m2,3,2008,0.02347,NA,NA,NA,NA,
658,"density of non-commercial species, outside, 2006-2010, Fig. 4b",Transect count,Non-target species as a group,NA,NA,NA,non-commercial species,Density,NA,PPO,Parque Nacional Huatulco multi-use marine protected area,Yes,individuals/m2,4,2009,0.0048,NA,NA,NA,NA,
658,"density of non-commercial species, outside, 2006-2010, Fig. 4b",Transect count,Non-target species as a group,NA,NA,NA,non-commercial species,Density,NA,PPO,Parque Nacional Huatulco multi-use marine protected area,Yes,individuals/m2,5,2010,0.00747,NA,NA,NA,NA,
658,"density of non-commercial species, outside, 2011-2016, Fig. 4b",Transect count,Non-target species as a group,NA,NA,NA,non-commercial species,Density,NA,PPO,Parque Nacional Huatulco multi-use marine protected area,Yes,individuals/m2,1,2011,0.07787,NA,NA,NA,NA,
658,"density of non-commercial species, outside, 2011-2016, Fig. 4b",Transect count,Non-target species as a group,NA,NA,NA,non-commercial species,Density,NA,PPO,Parque Nacional Huatulco multi-use marine protected area,Yes,individuals/m2,2,2012,0.0096,NA,NA,NA,NA,
658,"density of non-commercial species, outside, 2011-2016, Fig. 4b",Transect count,Non-target species as a group,NA,NA,NA,non-commercial species,Density,NA,PPO,Parque Nacional Huatulco multi-use marine protected area,Yes,individuals/m2,3,2013,0.05867,NA,NA,NA,NA,
658,"density of non-commercial species, outside, 2011-2016, Fig. 4b",Transect count,Non-target species as a group,NA,NA,NA,non-commercial species,Density,NA,PPO,Parque Nacional Huatulco multi-use marine protected area,Yes,individuals/m2,4,2015,0.04053,NA,NA,NA,NA,
658,"density of non-commercial species, outside, 2011-2016, Fig. 4b",Transect count,Non-target species as a group,NA,NA,NA,non-commercial species,Density,NA,PPO,Parque Nacional Huatulco multi-use marine protected area,Yes,individuals/m2,5,2016,0.02347,NA,NA,NA,NA,
658,"density of non-commercial species, outside, 2017-2020, Fig. 4b",Transect count,Non-target species as a group,NA,NA,NA,non-commercial species,Density,NA,PPO,Parque Nacional Huatulco multi-use marine protected area,Yes,individuals/m2,1,2017,0.02773,NA,NA,NA,NA,
658,"density of non-commercial species, outside, 2017-2020, Fig. 4b",Transect count,Non-target species as a group,NA,NA,NA,non-commercial species,Density,NA,PPO,Parque Nacional Huatulco multi-use marine protected area,Yes,individuals/m2,2,2018,0.0128,NA,NA,NA,NA,
658,"density of non-commercial species, outside, 2017-2020, Fig. 4b",Transect count,Non-target species as a group,NA,NA,NA,non-commercial species,Density,NA,PPO,Parque Nacional Huatulco multi-use marine protected area,Yes,individuals/m2,3,2019,0.0256,NA,NA,NA,NA,
658,"density of non-commercial species, outside, 2017-2020, Fig. 4b",Transect count,Non-target species as a group,NA,NA,NA,non-commercial species,Density,NA,PPO,Parque Nacional Huatulco multi-use marine protected area,Yes,individuals/m2,4,2020,0.05813,NA,NA,NA,NA,
658,"density of non-commercial species, outside, 2017-2020, Fig. 4b",Transect count,Non-target species as a group,NA,NA,NA,non-commercial species,Density,NA,PPO,Parque Nacional Huatulco multi-use marine protected area,Yes,individuals/m2,5,NA,NA,NA,NA,NA,NA,
658,"biomass of commercial species, inside MUMPA, 2012-2018, Fig. 4c",Transect count,Target species as a group,NA,NA,NA,commercial species,Biomass,NA,PPO,Parque Nacional Huatulco multi-use marine protected area,Yes,log(g m⁻² + 1),1,2012,6.784,NA,NA,NA,NA,
658,"biomass of commercial species, inside MUMPA, 2012-2018, Fig. 4c",Transect count,Target species as a group,NA,NA,NA,commercial species,Biomass,NA,PPO,Parque Nacional Huatulco multi-use marine protected area,Yes,log(g m⁻² + 1),2,2013,4.745,NA,NA,NA,NA,
658,"biomass of commercial species, inside MUMPA, 2012-2018, Fig. 4c",Transect count,Target species as a group,NA,NA,NA,commercial species,Biomass,NA,PPO,Parque Nacional Huatulco multi-use marine protected area,Yes,log(g m⁻² + 1),3,2016,3.686,NA,NA,NA,NA,
658,"biomass of commercial species, inside MUMPA, 2012-2018, Fig. 4c",Transect count,Target species as a group,NA,NA,NA,commercial species,Biomass,NA,PPO,Parque Nacional Huatulco multi-use marine protected area,Yes,log(g m⁻² + 1),4,2017,3.255,NA,NA,NA,NA,
658,"biomass of commercial species, inside MUMPA, 2012-2018, Fig. 4c",Transect count,Target species as a group,NA,NA,NA,commercial species,Biomass,NA,PPO,Parque Nacional Huatulco multi-use marine protected area,Yes,log(g m⁻² + 1),5,2018,7.059,NA,NA,NA,NA,
658,"biomass of commercial species, inside MUMPA, 2019-2020, Fig. 4c",Transect count,Target species as a group,NA,NA,NA,commercial species,Biomass,NA,PPO,Parque Nacional Huatulco multi-use marine protected area,Yes,log(g m⁻² + 1),1,2019,5.529,NA,NA,NA,NA,
658,"biomass of commercial species, inside MUMPA, 2019-2020, Fig. 4c",Transect count,Target species as a group,NA,NA,NA,commercial species,Biomass,NA,PPO,Parque Nacional Huatulco multi-use marine protected area,Yes,log(g m⁻² + 1),2,2020,7.216,NA,NA,NA,NA,
658,"biomass of commercial species, inside MUMPA, 2019-2020, Fig. 4c",Transect count,Target species as a group,NA,NA,NA,commercial species,Biomass,NA,PPO,Parque Nacional Huatulco multi-use marine protected area,Yes,log(g m⁻² + 1),3,NA,NA,NA,NA,NA,NA,
658,"biomass of commercial species, inside MUMPA, 2019-2020, Fig. 4c",Transect count,Target species as a group,NA,NA,NA,commercial species,Biomass,NA,PPO,Parque Nacional Huatulco multi-use marine protected area,Yes,log(g m⁻² + 1),4,NA,NA,NA,NA,NA,NA,
658,"biomass of commercial species, inside MUMPA, 2019-2020, Fig. 4c",Transect count,Target species as a group,NA,NA,NA,commercial species,Biomass,NA,PPO,Parque Nacional Huatulco multi-use marine protected area,Yes,log(g m⁻² + 1),5,NA,NA,NA,NA,NA,NA,
658,"biomass of commercial species, outside, 2013-2019, Fig. 4c",Transect count,Target species as a group,NA,NA,NA,commercial species,Biomass,NA,PPO,Parque Nacional Huatulco multi-use marine protected area,Yes,log(g m⁻² + 1),1,2013,3.02,NA,NA,NA,NA,
658,"biomass of commercial species, outside, 2013-2019, Fig. 4c",Transect count,Target species as a group,NA,NA,NA,commercial species,Biomass,NA,PPO,Parque Nacional Huatulco multi-use marine protected area,Yes,log(g m⁻² + 1),2,2016,5.569,NA,NA,NA,NA,
658,"biomass of commercial species, outside, 2013-2019, Fig. 4c",Transect count,Target species as a group,NA,NA,NA,commercial species,Biomass,NA,PPO,Parque Nacional Huatulco multi-use marine protected area,Yes,log(g m⁻² + 1),3,2017,5.608,NA,NA,NA,NA,
658,"biomass of commercial species, outside, 2013-2019, Fig. 4c",Transect count,Target species as a group,NA,NA,NA,commercial species,Biomass,NA,PPO,Parque Nacional Huatulco multi-use marine protected area,Yes,log(g m⁻² + 1),4,2018,5.686,NA,NA,NA,NA,
658,"biomass of commercial species, outside, 2013-2019, Fig. 4c",Transect count,Target species as a group,NA,NA,NA,commercial species,Biomass,NA,PPO,Parque Nacional Huatulco multi-use marine protected area,Yes,log(g m⁻² + 1),5,2019,5.216,NA,NA,NA,NA,
658,"biomass of commercial species, outside, 2020, Fig. 4c",Transect count,Target species as a group,NA,NA,NA,commercial species,Biomass,NA,PPO,Parque Nacional Huatulco multi-use marine protected area,Yes,log(g m⁻² + 1),1,2020,8,NA,NA,NA,NA,
658,"biomass of commercial species, outside, 2020, Fig. 4c",Transect count,Target species as a group,NA,NA,NA,commercial species,Biomass,NA,PPO,Parque Nacional Huatulco multi-use marine protected area,Yes,log(g m⁻² + 1),2,NA,NA,NA,NA,NA,NA,
658,"biomass of commercial species, outside, 2020, Fig. 4c",Transect count,Target species as a group,NA,NA,NA,commercial species,Biomass,NA,PPO,Parque Nacional Huatulco multi-use marine protected area,Yes,log(g m⁻² + 1),3,NA,NA,NA,NA,NA,NA,
658,"biomass of commercial species, outside, 2020, Fig. 4c",Transect count,Target species as a group,NA,NA,NA,commercial species,Biomass,NA,PPO,Parque Nacional Huatulco multi-use marine protected area,Yes,log(g m⁻² + 1),4,NA,NA,NA,NA,NA,NA,
658,"biomass of commercial species, outside, 2020, Fig. 4c",Transect count,Target species as a group,NA,NA,NA,commercial species,Biomass,NA,PPO,Parque Nacional Huatulco multi-use marine protected area,Yes,log(g m⁻² + 1),5,NA,NA,NA,NA,NA,NA,
658,"biomass of non-commercial species, inside MUMPA, 2012-2018, Fig. 4d",Transect count,Non-target species as a group,NA,NA,NA,non-commercial species,Biomass,NA,PPO,Parque Nacional Huatulco multi-use marine protected area,Yes,log(g m⁻² + 1),1,2012,7.64,NA,NA,NA,NA,
658,"biomass of non-commercial species, inside MUMPA, 2012-2018, Fig. 4d",Transect count,Non-target species as a group,NA,NA,NA,non-commercial species,Biomass,NA,PPO,Parque Nacional Huatulco multi-use marine protected area,Yes,log(g m⁻² + 1),2,2013,5.497,NA,NA,NA,NA,
658,"biomass of non-commercial species, inside MUMPA, 2012-2018, Fig. 4d",Transect count,Non-target species as a group,NA,NA,NA,non-commercial species,Biomass,NA,PPO,Parque Nacional Huatulco multi-use marine protected area,Yes,log(g m⁻² + 1),3,2016,6.18,NA,NA,NA,NA,
658,"biomass of non-commercial species, inside MUMPA, 2012-2018, Fig. 4d",Transect count,Non-target species as a group,NA,NA,NA,non-commercial species,Biomass,NA,PPO,Parque Nacional Huatulco multi-use marine protected area,Yes,log(g m⁻² + 1),4,2017,6.056,NA,NA,NA,NA,
658,"biomass of non-commercial species, inside MUMPA, 2012-2018, Fig. 4d",Transect count,Non-target species as a group,NA,NA,NA,non-commercial species,Biomass,NA,PPO,Parque Nacional Huatulco multi-use marine protected area,Yes,log(g m⁻² + 1),5,2018,6.366,NA,NA,NA,NA,
658,"biomass of non-commercial species, inside MUMPA, 2019-2020, Fig. 4d",Transect count,Non-target species as a group,NA,NA,NA,non-commercial species,Biomass,NA,PPO,Parque Nacional Huatulco multi-use marine protected area,Yes,log(g m⁻² + 1),1,2019,7.61,NA,NA,NA,NA,
658,"biomass of non-commercial species, inside MUMPA, 2019-2020, Fig. 4d",Transect count,Non-target species as a group,NA,NA,NA,non-commercial species,Biomass,NA,PPO,Parque Nacional Huatulco multi-use marine protected area,Yes,log(g m⁻² + 1),2,2020,6.398,NA,NA,NA,NA,
658,"biomass of non-commercial species, inside MUMPA, 2019-2020, Fig. 4d",Transect count,Non-target species as a group,NA,NA,NA,non-commercial species,Biomass,NA,PPO,Parque Nacional Huatulco multi-use marine protected area,Yes,log(g m⁻² + 1),3,NA,NA,NA,NA,NA,NA,
658,"biomass of non-commercial species, inside MUMPA, 2019-2020, Fig. 4d",Transect count,Non-target species as a group,NA,NA,NA,non-commercial species,Biomass,NA,PPO,Parque Nacional Huatulco multi-use marine protected area,Yes,log(g m⁻² + 1),4,NA,NA,NA,NA,NA,NA,
658,"biomass of non-commercial species, inside MUMPA, 2019-2020, Fig. 4d",Transect count,Non-target species as a group,NA,NA,NA,non-commercial species,Biomass,NA,PPO,Parque Nacional Huatulco multi-use marine protected area,Yes,log(g m⁻² + 1),5,NA,NA,NA,NA,NA,NA,
658,"biomass of non-commercial species, outside, 2013-2019, Fig. 4d",Transect count,Non-target species as a group,NA,NA,NA,non-commercial species,Biomass,NA,PPO,Parque Nacional Huatulco multi-use marine protected area,Yes,log(g m⁻² + 1),1,2013,4.348,NA,NA,NA,NA,
658,"biomass of non-commercial species, outside, 2013-2019, Fig. 4d",Transect count,Non-target species as a group,NA,NA,NA,non-commercial species,Biomass,NA,PPO,Parque Nacional Huatulco multi-use marine protected area,Yes,log(g m⁻² + 1),2,2016,6.863,NA,NA,NA,NA,
658,"biomass of non-commercial species, outside, 2013-2019, Fig. 4d",Transect count,Non-target species as a group,NA,NA,NA,non-commercial species,Biomass,NA,PPO,Parque Nacional Huatulco multi-use marine protected area,Yes,log(g m⁻² + 1),3,2017,7.671,NA,NA,NA,NA,
658,"biomass of non-commercial species, outside, 2013-2019, Fig. 4d",Transect count,Non-target species as a group,NA,NA,NA,non-commercial species,Biomass,NA,PPO,Parque Nacional Huatulco multi-use marine protected area,Yes,log(g m⁻² + 1),4,2018,6.273,NA,NA,NA,NA,
658,"biomass of non-commercial species, outside, 2013-2019, Fig. 4d",Transect count,Non-target species as a group,NA,NA,NA,non-commercial species,Biomass,NA,PPO,Parque Nacional Huatulco multi-use marine protected area,Yes,log(g m⁻² + 1),5,2019,7.64,NA,NA,NA,NA,
658,"biomass of non-commercial species, outside, 2020, Fig. 4d",Transect count,Non-target species as a group,NA,NA,NA,non-commercial species,Biomass,NA,PPO,Parque Nacional Huatulco multi-use marine protected area,Yes,log(g m⁻² + 1),1,2020,7.826,NA,NA,NA,NA,
658,"biomass of non-commercial species, outside, 2020, Fig. 4d",Transect count,Non-target species as a group,NA,NA,NA,non-commercial species,Biomass,NA,PPO,Parque Nacional Huatulco multi-use marine protected area,Yes,log(g m⁻² + 1),2,NA,NA,NA,NA,NA,NA,
658,"biomass of non-commercial species, outside, 2020, Fig. 4d",Transect count,Non-target species as a group,NA,NA,NA,non-commercial species,Biomass,NA,PPO,Parque Nacional Huatulco multi-use marine protected area,Yes,log(g m⁻² + 1),3,NA,NA,NA,NA,NA,NA,
658,"biomass of non-commercial species, outside, 2020, Fig. 4d",Transect count,Non-target species as a group,NA,NA,NA,non-commercial species,Biomass,NA,PPO,Parque Nacional Huatulco multi-use marine protected area,Yes,log(g m⁻² + 1),4,NA,NA,NA,NA,NA,NA,
658,"biomass of non-commercial species, outside, 2020, Fig. 4d",Transect count,Non-target species as a group,NA,NA,NA,non-commercial species,Biomass,NA,PPO,Parque Nacional Huatulco multi-use marine protected area,Yes,log(g m⁻² + 1),5,NA,NA,NA,NA,NA,NA,
1033,"CPUE, inside GBR, line fishing, 1995-1999",Catch,Functional group,NA,NA,NA,"major functional/taxonomic groups (finfish, crustaceans, molluscs, sharks/rays)",Catch per unit effort (CPUE),statistical significance (P-values) from beyond-BACI and BACIP t-tests,NTZ,Great Barrier Reef Marine Protected Area,Yes,kg/boat-days,1,1995,135.90,NA,NA,No,NA,
1033,"CPUE, inside GBR, line fishing, 1995-1999",Catch,Functional group,NA,NA,NA,"major functional/taxonomic groups (finfish, crustaceans, molluscs, sharks/rays)",Catch per unit effort (CPUE),statistical significance (P-values) from beyond-BACI and BACIP t-tests,NTZ,Great Barrier Reef Marine Protected Area,Yes,kg/boat-days,2,1996,130.68,NA,NA,No,NA,
1033,"CPUE, inside GBR, line fishing, 1995-1999",Catch,Functional group,NA,NA,NA,"major functional/taxonomic groups (finfish, crustaceans, molluscs, sharks/rays)",Catch per unit effort (CPUE),statistical significance (P-values) from beyond-BACI and BACIP t-tests,NTZ,Great Barrier Reef Marine Protected Area,Yes,kg/boat-days,3,1997,125.73,NA,NA,No,NA,
1033,"CPUE, inside GBR, line fishing, 1995-1999",Catch,Functional group,NA,NA,NA,"major functional/taxonomic groups (finfish, crustaceans, molluscs, sharks/rays)",Catch per unit effort (CPUE),statistical significance (P-values) from beyond-BACI and BACIP t-tests,NTZ,Great Barrier Reef Marine Protected Area,Yes,kg/boat-days,4,1998,135.96,NA,NA,No,NA,
1033,"CPUE, inside GBR, line fishing, 1995-1999",Catch,Functional group,NA,NA,NA,"major functional/taxonomic groups (finfish, crustaceans, molluscs, sharks/rays)",Catch per unit effort (CPUE),statistical significance (P-values) from beyond-BACI and BACIP t-tests,NTZ,Great Barrier Reef Marine Protected Area,Yes,kg/boat-days,5,1999,141.46,NA,NA,No,NA,
1033,"CPUE, inside GBR, line fishing, 2000-2004",Catch,Functional group,NA,NA,NA,"major functional/taxonomic groups (finfish, crustaceans, molluscs, sharks/rays)",Catch per unit effort (CPUE),statistical significance (P-values) from beyond-BACI and BACIP t-tests,NTZ,Great Barrier Reef Marine Protected Area,Yes,kg/boat-days,1,2000,140.53,NA,NA,No,NA,
1033,"CPUE, inside GBR, line fishing, 2000-2004",Catch,Functional group,NA,NA,NA,"major functional/taxonomic groups (finfish, crustaceans, molluscs, sharks/rays)",Catch per unit effort (CPUE),statistical significance (P-values) from beyond-BACI and BACIP t-tests,NTZ,Great Barrier Reef Marine Protected Area,Yes,kg/boat-days,2,2001,134.74,NA,NA,No,NA,
1033,"CPUE, inside GBR, line fishing, 2000-2004",Catch,Functional group,NA,NA,NA,"major functional/taxonomic groups (finfish, crustaceans, molluscs, sharks/rays)",Catch per unit effort (CPUE),statistical significance (P-values) from beyond-BACI and BACIP t-tests,NTZ,Great Barrier Reef Marine Protected Area,Yes,kg/boat-days,3,2002,122.08,NA,NA,No,NA,
1033,"CPUE, inside GBR, line fishing, 2000-2004",Catch,Functional group,NA,NA,NA,"major functional/taxonomic groups (finfish, crustaceans, molluscs, sharks/rays)",Catch per unit effort (CPUE),statistical significance (P-values) from beyond-BACI and BACIP t-tests,NTZ,Great Barrier Reef Marine Protected Area,Yes,kg/boat-days,4,2003,127.93,NA,NA,No,NA,
1033,"CPUE, inside GBR, line fishing, 2000-2004",Catch,Functional group,NA,NA,NA,"major functional/taxonomic groups (finfish, crustaceans, molluscs, sharks/rays)",Catch per unit effort (CPUE),statistical significance (P-values) from beyond-BACI and BACIP t-tests,NTZ,Great Barrier Reef Marine Protected Area,Yes,kg/boat-days,5,2004,121.19,NA,NA,No,NA,
1033,"CPUE, inside GBR, line fishing, 2005-2009",Catch,Functional group,NA,NA,NA,"major functional/taxonomic groups (finfish, crustaceans, molluscs, sharks/rays)",Catch per unit effort (CPUE),statistical significance (P-values) from beyond-BACI and BACIP t-tests,NTZ,Great Barrier Reef Marine Protected Area,Yes,kg/boat-days,1,2005,123.47,NA,NA,No,NA,
1033,"CPUE, inside GBR, line fishing, 2005-2009",Catch,Functional group,NA,NA,NA,"major functional/taxonomic groups (finfish, crustaceans, molluscs, sharks/rays)",Catch per unit effort (CPUE),statistical significance (P-values) from beyond-BACI and BACIP t-tests,NTZ,Great Barrier Reef Marine Protected Area,Yes,kg/boat-days,2,2006,133.43,NA,NA,No,NA,
1033,"CPUE, inside GBR, line fishing, 2005-2009",Catch,Functional group,NA,NA,NA,"major functional/taxonomic groups (finfish, crustaceans, molluscs, sharks/rays)",Catch per unit effort (CPUE),statistical significance (P-values) from beyond-BACI and BACIP t-tests,NTZ,Great Barrier Reef Marine Protected Area,Yes,kg/boat-days,3,2007,134.08,NA,NA,No,NA,
1033,"CPUE, inside GBR, line fishing, 2005-2009",Catch,Functional group,NA,NA,NA,"major functional/taxonomic groups (finfish, crustaceans, molluscs, sharks/rays)",Catch per unit effort (CPUE),statistical significance (P-values) from beyond-BACI and BACIP t-tests,NTZ,Great Barrier Reef Marine Protected Area,Yes,kg/boat-days,4,2008,138.36,NA,NA,No,NA,
1033,"CPUE, inside GBR, line fishing, 2005-2009",Catch,Functional group,NA,NA,NA,"major functional/taxonomic groups (finfish, crustaceans, molluscs, sharks/rays)",Catch per unit effort (CPUE),statistical significance (P-values) from beyond-BACI and BACIP t-tests,NTZ,Great Barrier Reef Marine Protected Area,Yes,kg/boat-days,5,2009,142.10,NA,NA,No,NA,
1033,"CPUE, inside GBR, line fishing, 2010-2013",Catch,Functional group,NA,NA,NA,"major functional/taxonomic groups (finfish, crustaceans, molluscs, sharks/rays)",Catch per unit effort (CPUE),statistical significance (P-values) from beyond-BACI and BACIP t-tests,NTZ,Great Barrier Reef Marine Protected Area,Yes,kg/boat-days,1,2010,129.51,NA,NA,No,NA,
1033,"CPUE, inside GBR, line fishing, 2010-2013",Catch,Functional group,NA,NA,NA,"major functional/taxonomic groups (finfish, crustaceans, molluscs, sharks/rays)",Catch per unit effort (CPUE),statistical significance (P-values) from beyond-BACI and BACIP t-tests,NTZ,Great Barrier Reef Marine Protected Area,Yes,kg/boat-days,2,2011,124.35,NA,NA,No,NA,
1033,"CPUE, inside GBR, line fishing, 2010-2013",Catch,Functional group,NA,NA,NA,"major functional/taxonomic groups (finfish, crustaceans, molluscs, sharks/rays)",Catch per unit effort (CPUE),statistical significance (P-values) from beyond-BACI and BACIP t-tests,NTZ,Great Barrier Reef Marine Protected Area,Yes,kg/boat-days,3,2012,125.06,NA,NA,No,NA,
1033,"CPUE, inside GBR, line fishing, 2010-2013",Catch,Functional group,NA,NA,NA,"major functional/taxonomic groups (finfish, crustaceans, molluscs, sharks/rays)",Catch per unit effort (CPUE),statistical significance (P-values) from beyond-BACI and BACIP t-tests,NTZ,Great Barrier Reef Marine Protected Area,Yes,kg/boat-days,4,2013,140.91,NA,NA,No,NA,
1033,"CPUE, inside GBR, line fishing, 2010-2013",Catch,Functional group,NA,NA,NA,"major functional/taxonomic groups (finfish, crustaceans, molluscs, sharks/rays)",Catch per unit effort (CPUE),statistical significance (P-values) from beyond-BACI and BACIP t-tests,NTZ,Great Barrier Reef Marine Protected Area,Yes,kg/boat-days,5,NA,NA,NA,NA,NA,NA,
1033,"CPUE, non-GBR, line fishing, 1995-1999",Catch,Functional group,NA,NA,NA,"major functional/taxonomic groups (finfish, crustaceans, molluscs, sharks/rays)",Catch per unit effort (CPUE),statistical significance (P-values) from beyond-BACI and BACIP t-tests,NTZ,Great Barrier Reef Marine Protected Area,Yes,kg/boat-days,1,1995,102.49,NA,NA,No,NA,
1033,"CPUE, non-GBR, line fishing, 1995-1999",Catch,Functional group,NA,NA,NA,"major functional/taxonomic groups (finfish, crustaceans, molluscs, sharks/rays)",Catch per unit effort (CPUE),statistical significance (P-values) from beyond-BACI and BACIP t-tests,NTZ,Great Barrier Reef Marine Protected Area,Yes,kg/boat-days,2,1996,98.52,NA,NA,No,NA,
1033,"CPUE, non-GBR, line fishing, 1995-1999",Catch,Functional group,NA,NA,NA,"major functional/taxonomic groups (finfish, crustaceans, molluscs, sharks/rays)",Catch per unit effort (CPUE),statistical significance (P-values) from beyond-BACI and BACIP t-tests,NTZ,Great Barrier Reef Marine Protected Area,Yes,kg/boat-days,3,1997,95.14,NA,NA,No,NA,
1033,"CPUE, non-GBR, line fishing, 1995-1999",Catch,Functional group,NA,NA,NA,"major functional/taxonomic groups (finfish, crustaceans, molluscs, sharks/rays)",Catch per unit effort (CPUE),statistical significance (P-values) from beyond-BACI and BACIP t-tests,NTZ,Great Barrier Reef Marine Protected Area,Yes,kg/boat-days,4,1998,100.37,NA,NA,No,NA,
1033,"CPUE, non-GBR, line fishing, 1995-1999",Catch,Functional group,NA,NA,NA,"major functional/taxonomic groups (finfish, crustaceans, molluscs, sharks/rays)",Catch per unit effort (CPUE),statistical significance (P-values) from beyond-BACI and BACIP t-tests,NTZ,Great Barrier Reef Marine Protected Area,Yes,kg/boat-days,5,1999,107.16,NA,NA,No,NA,
1033,"CPUE, non-GBR, line fishing, 2000-2004",Catch,Functional group,NA,NA,NA,"major functional/taxonomic groups (finfish, crustaceans, molluscs, sharks/rays)",Catch per unit effort (CPUE),statistical significance (P-values) from beyond-BACI and BACIP t-tests,NTZ,Great Barrier Reef Marine Protected Area,Yes,kg/boat-days,1,2000,109.29,NA,NA,No,NA,
1033,"CPUE, non-GBR, line fishing, 2000-2004",Catch,Functional group,NA,NA,NA,"major functional/taxonomic groups (finfish, crustaceans, molluscs, sharks/rays)",Catch per unit effort (CPUE),statistical significance (P-values) from beyond-BACI and BACIP t-tests,NTZ,Great Barrier Reef Marine Protected Area,Yes,kg/boat-days,2,2001,119.91,NA,NA,No,NA,
1033,"CPUE, non-GBR, line fishing, 2000-2004",Catch,Functional group,NA,NA,NA,"major functional/taxonomic groups (finfish, crustaceans, molluscs, sharks/rays)",Catch per unit effort (CPUE),statistical significance (P-values) from beyond-BACI and BACIP t-tests,NTZ,Great Barrier Reef Marine Protected Area,Yes,kg/boat-days,3,2002,107.81,NA,NA,No,NA,
1033,"CPUE, non-GBR, line fishing, 2000-2004",Catch,Functional group,NA,NA,NA,"major functional/taxonomic groups (finfish, crustaceans, molluscs, sharks/rays)",Catch per unit effort (CPUE),statistical significance (P-values) from beyond-BACI and BACIP t-tests,NTZ,Great Barrier Reef Marine Protected Area,Yes,kg/boat-days,4,2003,103.38,NA,NA,No,NA,
1033,"CPUE, non-GBR, line fishing, 2000-2004",Catch,Functional group,NA,NA,NA,"major functional/taxonomic groups (finfish, crustaceans, molluscs, sharks/rays)",Catch per unit effort (CPUE),statistical significance (P-values) from beyond-BACI and BACIP t-tests,NTZ,Great Barrier Reef Marine Protected Area,Yes,kg/boat-days,5,2004,120.39,NA,NA,No,NA,
1033,"CPUE, non-GBR, line fishing, 2005-2009",Catch,Functional group,NA,NA,NA,"major functional/taxonomic groups (finfish, crustaceans, molluscs, sharks/rays)",Catch per unit effort (CPUE),statistical significance (P-values) from beyond-BACI and BACIP t-tests,NTZ,Great Barrier Reef Marine Protected Area,Yes,kg/boat-days,1,2005,147.62,NA,NA,No,NA,
1033,"CPUE, non-GBR, line fishing, 2005-2009",Catch,Functional group,NA,NA,NA,"major functional/taxonomic groups (finfish, crustaceans, molluscs, sharks/rays)",Catch per unit effort (CPUE),statistical significance (P-values) from beyond-BACI and BACIP t-tests,NTZ,Great Barrier Reef Marine Protected Area,Yes,kg/boat-days,2,2006,185.30,NA,NA,No,NA,
1033,"CPUE, non-GBR, line fishing, 2005-2009",Catch,Functional group,NA,NA,NA,"major functional/taxonomic groups (finfish, crustaceans, molluscs, sharks/rays)",Catch per unit effort (CPUE),statistical significance (P-values) from beyond-BACI and BACIP t-tests,NTZ,Great Barrier Reef Marine Protected Area,Yes,kg/boat-days,3,2007,143.25,NA,NA,No,NA,
1033,"CPUE, non-GBR, line fishing, 2005-2009",Catch,Functional group,NA,NA,NA,"major functional/taxonomic groups (finfish, crustaceans, molluscs, sharks/rays)",Catch per unit effort (CPUE),statistical significance (P-values) from beyond-BACI and BACIP t-tests,NTZ,Great Barrier Reef Marine Protected Area,Yes,kg/boat-days,4,2008,143.73,NA,NA,No,NA,
1033,"CPUE, non-GBR, line fishing, 2005-2009",Catch,Functional group,NA,NA,NA,"major functional/taxonomic groups (finfish, crustaceans, molluscs, sharks/rays)",Catch per unit effort (CPUE),statistical significance (P-values) from beyond-BACI and BACIP t-tests,NTZ,Great Barrier Reef Marine Protected Area,Yes,kg/boat-days,5,2009,129.52,NA,NA,No,NA,
1033,"CPUE, non-GBR, line fishing, 2010-2013",Catch,Functional group,NA,NA,NA,"major functional/taxonomic groups (finfish, crustaceans, molluscs, sharks/rays)",Catch per unit effort (CPUE),statistical significance (P-values) from beyond-BACI and BACIP t-tests,NTZ,Great Barrier Reef Marine Protected Area,Yes,kg/boat-days,1,2010,124.17,NA,NA,No,NA,
1033,"CPUE, non-GBR, line fishing, 2010-2013",Catch,Functional group,NA,NA,NA,"major functional/taxonomic groups (finfish, crustaceans, molluscs, sharks/rays)",Catch per unit effort (CPUE),statistical significance (P-values) from beyond-BACI and BACIP t-tests,NTZ,Great Barrier Reef Marine Protected Area,Yes,kg/boat-days,2,2011,120.39,NA,NA,No,NA,
1033,"CPUE, non-GBR, line fishing, 2010-2013",Catch,Functional group,NA,NA,NA,"major functional/taxonomic groups (finfish, crustaceans, molluscs, sharks/rays)",Catch per unit effort (CPUE),statistical significance (P-values) from beyond-BACI and BACIP t-tests,NTZ,Great Barrier Reef Marine Protected Area,Yes,kg/boat-days,3,2012,113.60,NA,NA,No,NA,
1033,"CPUE, non-GBR, line fishing, 2010-2013",Catch,Functional group,NA,NA,NA,"major functional/taxonomic groups (finfish, crustaceans, molluscs, sharks/rays)",Catch per unit effort (CPUE),statistical significance (P-values) from beyond-BACI and BACIP t-tests,NTZ,Great Barrier Reef Marine Protected Area,Yes,kg/boat-days,4,2013,124.68,NA,NA,No,NA,
1033,"CPUE, non-GBR, line fishing, 2010-2013",Catch,Functional group,NA,NA,NA,"major functional/taxonomic groups (finfish, crustaceans, molluscs, sharks/rays)",Catch per unit effort (CPUE),statistical significance (P-values) from beyond-BACI and BACIP t-tests,NTZ,Great Barrier Reef Marine Protected Area,Yes,kg/boat-days,5,NA,NA,NA,NA,NA,NA,
1033,"CPUE, inside GBR, trawl fishing, 1995-1999",Catch,Functional group,NA,NA,NA,"major functional/taxonomic groups (finfish, crustaceans, molluscs, sharks/rays)",Catch per unit effort (CPUE),statistical significance (P-values) from beyond-BACI and BACIP t-tests,NTZ,Great Barrier Reef Marine Protected Area,Yes,kg/boat-days,1,1995,124.28,NA,NA,No,NA,
1033,"CPUE, inside GBR, trawl fishing, 1995-1999",Catch,Functional group,NA,NA,NA,"major functional/taxonomic groups (finfish, crustaceans, molluscs, sharks/rays)",Catch per unit effort (CPUE),statistical significance (P-values) from beyond-BACI and BACIP t-tests,NTZ,Great Barrier Reef Marine Protected Area,Yes,kg/boat-days,2,1996,113.37,NA,NA,No,NA,
1033,"CPUE, inside GBR, trawl fishing, 1995-1999",Catch,Functional group,NA,NA,NA,"major functional/taxonomic groups (finfish, crustaceans, molluscs, sharks/rays)",Catch per unit effort (CPUE),statistical significance (P-values) from beyond-BACI and BACIP t-tests,NTZ,Great Barrier Reef Marine Protected Area,Yes,kg/boat-days,3,1997,96.96,NA,NA,No,NA,
1033,"CPUE, inside GBR, trawl fishing, 1995-1999",Catch,Functional group,NA,NA,NA,"major functional/taxonomic groups (finfish, crustaceans, molluscs, sharks/rays)",Catch per unit effort (CPUE),statistical significance (P-values) from beyond-BACI and BACIP t-tests,NTZ,Great Barrier Reef Marine Protected Area,Yes,kg/boat-days,4,1998,115.62,NA,NA,No,NA,
1033,"CPUE, inside GBR, trawl fishing, 1995-1999",Catch,Functional group,NA,NA,NA,"major functional/taxonomic groups (finfish, crustaceans, molluscs, sharks/rays)",Catch per unit effort (CPUE),statistical significance (P-values) from beyond-BACI and BACIP t-tests,NTZ,Great Barrier Reef Marine Protected Area,Yes,kg/boat-days,5,1999,109.19,NA,NA,No,NA,
1033,"CPUE, inside GBR, trawl fishing, 2000-2004",Catch,Functional group,NA,NA,NA,"major functional/taxonomic groups (finfish, crustaceans, molluscs, sharks/rays)",Catch per unit effort (CPUE),statistical significance (P-values) from beyond-BACI and BACIP t-tests,NTZ,Great Barrier Reef Marine Protected Area,Yes,kg/boat-days,1,2000,94.76,NA,NA,No,NA,
1033,"CPUE, inside GBR, trawl fishing, 2000-2004",Catch,Functional group,NA,NA,NA,"major functional/taxonomic groups (finfish, crustaceans, molluscs, sharks/rays)",Catch per unit effort (CPUE),statistical significance (P-values) from beyond-BACI and BACIP t-tests,NTZ,Great Barrier Reef Marine Protected Area,Yes,kg/boat-days,2,2001,121.80,NA,NA,No,NA,
1033,"CPUE, inside GBR, trawl fishing, 2000-2004",Catch,Functional group,NA,NA,NA,"major functional/taxonomic groups (finfish, crustaceans, molluscs, sharks/rays)",Catch per unit effort (CPUE),statistical significance (P-values) from beyond-BACI and BACIP t-tests,NTZ,Great Barrier Reef Marine Protected Area,Yes,kg/boat-days,3,2002,136.33,NA,NA,No,NA,
1033,"CPUE, inside GBR, trawl fishing, 2000-2004",Catch,Functional group,NA,NA,NA,"major functional/taxonomic groups (finfish, crustaceans, molluscs, sharks/rays)",Catch per unit effort (CPUE),statistical significance (P-values) from beyond-BACI and BACIP t-tests,NTZ,Great Barrier Reef Marine Protected Area,Yes,kg/boat-days,4,2003,147.42,NA,NA,No,NA,
1033,"CPUE, inside GBR, trawl fishing, 2000-2004",Catch,Functional group,NA,NA,NA,"major functional/taxonomic groups (finfish, crustaceans, molluscs, sharks/rays)",Catch per unit effort (CPUE),statistical significance (P-values) from beyond-BACI and BACIP t-tests,NTZ,Great Barrier Reef Marine Protected Area,Yes,kg/boat-days,5,2004,151.82,NA,NA,No,NA,
1033,"CPUE, inside GBR, trawl fishing, 2005-2009",Catch,Functional group,NA,NA,NA,"major functional/taxonomic groups (finfish, crustaceans, molluscs, sharks/rays)",Catch per unit effort (CPUE),statistical significance (P-values) from beyond-BACI and BACIP t-tests,NTZ,Great Barrier Reef Marine Protected Area,Yes,kg/boat-days,1,2005,158.37,NA,NA,No,NA,
1033,"CPUE, inside GBR, trawl fishing, 2005-2009",Catch,Functional group,NA,NA,NA,"major functional/taxonomic groups (finfish, crustaceans, molluscs, sharks/rays)",Catch per unit effort (CPUE),statistical significance (P-values) from beyond-BACI and BACIP t-tests,NTZ,Great Barrier Reef Marine Protected Area,Yes,kg/boat-days,2,2006,168.58,NA,NA,No,NA,
1033,"CPUE, inside GBR, trawl fishing, 2005-2009",Catch,Functional group,NA,NA,NA,"major functional/taxonomic groups (finfish, crustaceans, molluscs, sharks/rays)",Catch per unit effort (CPUE),statistical significance (P-values) from beyond-BACI and BACIP t-tests,NTZ,Great Barrier Reef Marine Protected Area,Yes,kg/boat-days,3,2007,156.22,NA,NA,No,NA,
1033,"CPUE, inside GBR, trawl fishing, 2005-2009",Catch,Functional group,NA,NA,NA,"major functional/taxonomic groups (finfish, crustaceans, molluscs, sharks/rays)",Catch per unit effort (CPUE),statistical significance (P-values) from beyond-BACI and BACIP t-tests,NTZ,Great Barrier Reef Marine Protected Area,Yes,kg/boat-days,4,2008,183.49,NA,NA,No,NA,
1033,"CPUE, inside GBR, trawl fishing, 2005-2009",Catch,Functional group,NA,NA,NA,"major functional/taxonomic groups (finfish, crustaceans, molluscs, sharks/rays)",Catch per unit effort (CPUE),statistical significance (P-values) from beyond-BACI and BACIP t-tests,NTZ,Great Barrier Reef Marine Protected Area,Yes,kg/boat-days,5,2009,208.40,NA,NA,No,NA,
1033,"CPUE, inside GBR, trawl fishing, 2010-2013",Catch,Functional group,NA,NA,NA,"major functional/taxonomic groups (finfish, crustaceans, molluscs, sharks/rays)",Catch per unit effort (CPUE),statistical significance (P-values) from beyond-BACI and BACIP t-tests,NTZ,Great Barrier Reef Marine Protected Area,Yes,kg/boat-days,1,2010,198.48,NA,NA,No,NA,
1033,"CPUE, inside GBR, trawl fishing, 2010-2013",Catch,Functional group,NA,NA,NA,"major functional/taxonomic groups (finfish, crustaceans, molluscs, sharks/rays)",Catch per unit effort (CPUE),statistical significance (P-values) from beyond-BACI and BACIP t-tests,NTZ,Great Barrier Reef Marine Protected Area,Yes,kg/boat-days,2,2011,193.37,NA,NA,No,NA,
1033,"CPUE, inside GBR, trawl fishing, 2010-2013",Catch,Functional group,NA,NA,NA,"major functional/taxonomic groups (finfish, crustaceans, molluscs, sharks/rays)",Catch per unit effort (CPUE),statistical significance (P-values) from beyond-BACI and BACIP t-tests,NTZ,Great Barrier Reef Marine Protected Area,Yes,kg/boat-days,3,2012,201.09,NA,NA,No,NA,
1033,"CPUE, inside GBR, trawl fishing, 2010-2013",Catch,Functional group,NA,NA,NA,"major functional/taxonomic groups (finfish, crustaceans, molluscs, sharks/rays)",Catch per unit effort (CPUE),statistical significance (P-values) from beyond-BACI and BACIP t-tests,NTZ,Great Barrier Reef Marine Protected Area,Yes,kg/boat-days,4,2013,242.77,NA,NA,No,NA,
1033,"CPUE, inside GBR, trawl fishing, 2010-2013",Catch,Functional group,NA,NA,NA,"major functional/taxonomic groups (finfish, crustaceans, molluscs, sharks/rays)",Catch per unit effort (CPUE),statistical significance (P-values) from beyond-BACI and BACIP t-tests,NTZ,Great Barrier Reef Marine Protected Area,Yes,kg/boat-days,5,NA,NA,NA,NA,NA,NA,
1033,"CPUE, non-GBR, trawl fishing, 1995-1999",Catch,Functional group,NA,NA,NA,"major functional/taxonomic groups (finfish, crustaceans, molluscs, sharks/rays)",Catch per unit effort (CPUE),statistical significance (P-values) from beyond-BACI and BACIP t-tests,NTZ,Great Barrier Reef Marine Protected Area,Yes,kg/boat-days,1,1995,146.73,NA,NA,No,NA,
1033,"CPUE, non-GBR, trawl fishing, 1995-1999",Catch,Functional group,NA,NA,NA,"major functional/taxonomic groups (finfish, crustaceans, molluscs, sharks/rays)",Catch per unit effort (CPUE),statistical significance (P-values) from beyond-BACI and BACIP t-tests,NTZ,Great Barrier Reef Marine Protected Area,Yes,kg/boat-days,2,1996,141.60,NA,NA,No,NA,
1033,"CPUE, non-GBR, trawl fishing, 1995-1999",Catch,Functional group,NA,NA,NA,"major functional/taxonomic groups (finfish, crustaceans, molluscs, sharks/rays)",Catch per unit effort (CPUE),statistical significance (P-values) from beyond-BACI and BACIP t-tests,NTZ,Great Barrier Reef Marine Protected Area,Yes,kg/boat-days,3,1997,116.42,NA,NA,No,NA,
1033,"CPUE, non-GBR, trawl fishing, 1995-1999",Catch,Functional group,NA,NA,NA,"major functional/taxonomic groups (finfish, crustaceans, molluscs, sharks/rays)",Catch per unit effort (CPUE),statistical significance (P-values) from beyond-BACI and BACIP t-tests,NTZ,Great Barrier Reef Marine Protected Area,Yes,kg/boat-days,4,1998,111.22,NA,NA,No,NA,
1033,"CPUE, non-GBR, trawl fishing, 1995-1999",Catch,Functional group,NA,NA,NA,"major functional/taxonomic groups (finfish, crustaceans, molluscs, sharks/rays)",Catch per unit effort (CPUE),statistical significance (P-values) from beyond-BACI and BACIP t-tests,NTZ,Great Barrier Reef Marine Protected Area,Yes,kg/boat-days,5,1999,102.85,NA,NA,No,NA,
1033,"CPUE, non-GBR, trawl fishing, 2000-2004",Catch,Functional group,NA,NA,NA,"major functional/taxonomic groups (finfish, crustaceans, molluscs, sharks/rays)",Catch per unit effort (CPUE),statistical significance (P-values) from beyond-BACI and BACIP t-tests,NTZ,Great Barrier Reef Marine Protected Area,Yes,kg/boat-days,1,2000,78.52,NA,NA,No,NA,
1033,"CPUE, non-GBR, trawl fishing, 2000-2004",Catch,Functional group,NA,NA,NA,"major functional/taxonomic groups (finfish, crustaceans, molluscs, sharks/rays)",Catch per unit effort (CPUE),statistical significance (P-values) from beyond-BACI and BACIP t-tests,NTZ,Great Barrier Reef Marine Protected Area,Yes,kg/boat-days,2,2001,96.20,NA,NA,No,NA,
1033,"CPUE, non-GBR, trawl fishing, 2000-2004",Catch,Functional group,NA,NA,NA,"major functional/taxonomic groups (finfish, crustaceans, molluscs, sharks/rays)",Catch per unit effort (CPUE),statistical significance (P-values) from beyond-BACI and BACIP t-tests,NTZ,Great Barrier Reef Marine Protected Area,Yes,kg/boat-days,3,2002,94.60,NA,NA,No,NA,
1033,"CPUE, non-GBR, trawl fishing, 2000-2004",Catch,Functional group,NA,NA,NA,"major functional/taxonomic groups (finfish, crustaceans, molluscs, sharks/rays)",Catch per unit effort (CPUE),statistical significance (P-values) from beyond-BACI and BACIP t-tests,NTZ,Great Barrier Reef Marine Protected Area,Yes,kg/boat-days,4,2003,90.28,NA,NA,No,NA,
1033,"CPUE, non-GBR, trawl fishing, 2000-2004",Catch,Functional group,NA,NA,NA,"major functional/taxonomic groups (finfish, crustaceans, molluscs, sharks/rays)",Catch per unit effort (CPUE),statistical significance (P-values) from beyond-BACI and BACIP t-tests,NTZ,Great Barrier Reef Marine Protected Area,Yes,kg/boat-days,5,2004,112.46,NA,NA,No,NA,
1033,"CPUE, non-GBR, trawl fishing, 2005-2009",Catch,Functional group,NA,NA,NA,"major functional/taxonomic groups (finfish, crustaceans, molluscs, sharks/rays)",Catch per unit effort (CPUE),statistical significance (P-values) from beyond-BACI and BACIP t-tests,NTZ,Great Barrier Reef Marine Protected Area,Yes,kg/boat-days,1,2005,106.40,NA,NA,No,NA,
1033,"CPUE, non-GBR, trawl fishing, 2005-2009",Catch,Functional group,NA,NA,NA,"major functional/taxonomic groups (finfish, crustaceans, molluscs, sharks/rays)",Catch per unit effort (CPUE),statistical significance (P-values) from beyond-BACI and BACIP t-tests,NTZ,Great Barrier Reef Marine Protected Area,Yes,kg/boat-days,2,2006,114.45,NA,NA,No,NA,
1033,"CPUE, non-GBR, trawl fishing, 2005-2009",Catch,Functional group,NA,NA,NA,"major functional/taxonomic groups (finfish, crustaceans, molluscs, sharks/rays)",Catch per unit effort (CPUE),statistical significance (P-values) from beyond-BACI and BACIP t-tests,NTZ,Great Barrier Reef Marine Protected Area,Yes,kg/boat-days,3,2007,117.87,NA,NA,No,NA,
1033,"CPUE, non-GBR, trawl fishing, 2005-2009",Catch,Functional group,NA,NA,NA,"major functional/taxonomic groups (finfish, crustaceans, molluscs, sharks/rays)",Catch per unit effort (CPUE),statistical significance (P-values) from beyond-BACI and BACIP t-tests,NTZ,Great Barrier Reef Marine Protected Area,Yes,kg/boat-days,4,2008,131.42,NA,NA,No,NA,
1033,"CPUE, non-GBR, trawl fishing, 2005-2009",Catch,Functional group,NA,NA,NA,"major functional/taxonomic groups (finfish, crustaceans, molluscs, sharks/rays)",Catch per unit effort (CPUE),statistical significance (P-values) from beyond-BACI and BACIP t-tests,NTZ,Great Barrier Reef Marine Protected Area,Yes,kg/boat-days,5,2009,176.44,NA,NA,No,NA,
1033,"CPUE, non-GBR, trawl fishing, 2010-2013",Catch,Functional group,NA,NA,NA,"major functional/taxonomic groups (finfish, crustaceans, molluscs, sharks/rays)",Catch per unit effort (CPUE),statistical significance (P-values) from beyond-BACI and BACIP t-tests,NTZ,Great Barrier Reef Marine Protected Area,Yes,kg/boat-days,1,2010,155.14,NA,NA,No,NA,
1033,"CPUE, non-GBR, trawl fishing, 2010-2013",Catch,Functional group,NA,NA,NA,"major functional/taxonomic groups (finfish, crustaceans, molluscs, sharks/rays)",Catch per unit effort (CPUE),statistical significance (P-values) from beyond-BACI and BACIP t-tests,NTZ,Great Barrier Reef Marine Protected Area,Yes,kg/boat-days,2,2011,151.82,NA,NA,No,NA,
1033,"CPUE, non-GBR, trawl fishing, 2010-2013",Catch,Functional group,NA,NA,NA,"major functional/taxonomic groups (finfish, crustaceans, molluscs, sharks/rays)",Catch per unit effort (CPUE),statistical significance (P-values) from beyond-BACI and BACIP t-tests,NTZ,Great Barrier Reef Marine Protected Area,Yes,kg/boat-days,3,2012,169.18,NA,NA,No,NA,
1033,"CPUE, non-GBR, trawl fishing, 2010-2013",Catch,Functional group,NA,NA,NA,"major functional/taxonomic groups (finfish, crustaceans, molluscs, sharks/rays)",Catch per unit effort (CPUE),statistical significance (P-values) from beyond-BACI and BACIP t-tests,NTZ,Great Barrier Reef Marine Protected Area,Yes,kg/boat-days,4,2013,210.23,NA,NA,No,NA,
1033,"CPUE, non-GBR, trawl fishing, 2010-2013",Catch,Functional group,NA,NA,NA,"major functional/taxonomic groups (finfish, crustaceans, molluscs, sharks/rays)",Catch per unit effort (CPUE),statistical significance (P-values) from beyond-BACI and BACIP t-tests,NTZ,Great Barrier Reef Marine Protected Area,Yes,kg/boat-days,5,NA,NA,NA,NA,NA,NA,
1033,"CPUE, inside GBR, net fishing, 1995-1999",Catch,Functional group,NA,NA,NA,"major functional/taxonomic groups (finfish, crustaceans, molluscs, sharks/rays)",Catch per unit effort (CPUE),statistical significance (P-values) from beyond-BACI and BACIP t-tests,NTZ,Great Barrier Reef Marine Protected Area,Yes,kg/boat-days,1,1995,116.69,NA,NA,No,NA,
1033,"CPUE, inside GBR, net fishing, 1995-1999",Catch,Functional group,NA,NA,NA,"major functional/taxonomic groups (finfish, crustaceans, molluscs, sharks/rays)",Catch per unit effort (CPUE),statistical significance (P-values) from beyond-BACI and BACIP t-tests,NTZ,Great Barrier Reef Marine Protected Area,Yes,kg/boat-days,2,1996,116.17,NA,NA,No,NA,
1033,"CPUE, inside GBR, net fishing, 1995-1999",Catch,Functional group,NA,NA,NA,"major functional/taxonomic groups (finfish, crustaceans, molluscs, sharks/rays)",Catch per unit effort (CPUE),statistical significance (P-values) from beyond-BACI and BACIP t-tests,NTZ,Great Barrier Reef Marine Protected Area,Yes,kg/boat-days,3,1997,111.04,NA,NA,No,NA,
1033,"CPUE, inside GBR, net fishing, 1995-1999",Catch,Functional group,NA,NA,NA,"major functional/taxonomic groups (finfish, crustaceans, molluscs, sharks/rays)",Catch per unit effort (CPUE),statistical significance (P-values) from beyond-BACI and BACIP t-tests,NTZ,Great Barrier Reef Marine Protected Area,Yes,kg/boat-days,4,1998,130.92,NA,NA,No,NA,
1033,"CPUE, inside GBR, net fishing, 1995-1999",Catch,Functional group,NA,NA,NA,"major functional/taxonomic groups (finfish, crustaceans, molluscs, sharks/rays)",Catch per unit effort (CPUE),statistical significance (P-values) from beyond-BACI and BACIP t-tests,NTZ,Great Barrier Reef Marine Protected Area,Yes,kg/boat-days,5,1999,137.06,NA,NA,No,NA,
1033,"CPUE, inside GBR, net fishing, 2000-2004",Catch,Functional group,NA,NA,NA,"major functional/taxonomic groups (finfish, crustaceans, molluscs, sharks/rays)",Catch per unit effort (CPUE),statistical significance (P-values) from beyond-BACI and BACIP t-tests,NTZ,Great Barrier Reef Marine Protected Area,Yes,kg/boat-days,1,2000,152.96,NA,NA,No,NA,
1033,"CPUE, inside GBR, net fishing, 2000-2004",Catch,Functional group,NA,NA,NA,"major functional/taxonomic groups (finfish, crustaceans, molluscs, sharks/rays)",Catch per unit effort (CPUE),statistical significance (P-values) from beyond-BACI and BACIP t-tests,NTZ,Great Barrier Reef Marine Protected Area,Yes,kg/boat-days,2,2001,159.14,NA,NA,No,NA,
1033,"CPUE, inside GBR, net fishing, 2000-2004",Catch,Functional group,NA,NA,NA,"major functional/taxonomic groups (finfish, crustaceans, molluscs, sharks/rays)",Catch per unit effort (CPUE),statistical significance (P-values) from beyond-BACI and BACIP t-tests,NTZ,Great Barrier Reef Marine Protected Area,Yes,kg/boat-days,3,2002,165.16,NA,NA,No,NA,
1033,"CPUE, inside GBR, net fishing, 2000-2004",Catch,Functional group,NA,NA,NA,"major functional/taxonomic groups (finfish, crustaceans, molluscs, sharks/rays)",Catch per unit effort (CPUE),statistical significance (P-values) from beyond-BACI and BACIP t-tests,NTZ,Great Barrier Reef Marine Protected Area,Yes,kg/boat-days,4,2003,179.06,NA,NA,No,NA,
1033,"CPUE, inside GBR, net fishing, 2000-2004",Catch,Functional group,NA,NA,NA,"major functional/taxonomic groups (finfish, crustaceans, molluscs, sharks/rays)",Catch per unit effort (CPUE),statistical significance (P-values) from beyond-BACI and BACIP t-tests,NTZ,Great Barrier Reef Marine Protected Area,Yes,kg/boat-days,5,2004,174.26,NA,NA,No,NA,
1033,"CPUE, inside GBR, net fishing, 2005-2009",Catch,Functional group,NA,NA,NA,"major functional/taxonomic groups (finfish, crustaceans, molluscs, sharks/rays)",Catch per unit effort (CPUE),statistical significance (P-values) from beyond-BACI and BACIP t-tests,NTZ,Great Barrier Reef Marine Protected Area,Yes,kg/boat-days,1,2005,180.54,NA,NA,No,NA,
1033,"CPUE, inside GBR, net fishing, 2005-2009",Catch,Functional group,NA,NA,NA,"major functional/taxonomic groups (finfish, crustaceans, molluscs, sharks/rays)",Catch per unit effort (CPUE),statistical significance (P-values) from beyond-BACI and BACIP t-tests,NTZ,Great Barrier Reef Marine Protected Area,Yes,kg/boat-days,2,2006,192.61,NA,NA,No,NA,
1033,"CPUE, inside GBR, net fishing, 2005-2009",Catch,Functional group,NA,NA,NA,"major functional/taxonomic groups (finfish, crustaceans, molluscs, sharks/rays)",Catch per unit effort (CPUE),statistical significance (P-values) from beyond-BACI and BACIP t-tests,NTZ,Great Barrier Reef Marine Protected Area,Yes,kg/boat-days,3,2007,202.06,NA,NA,No,NA,
1033,"CPUE, inside GBR, net fishing, 2005-2009",Catch,Functional group,NA,NA,NA,"major functional/taxonomic groups (finfish, crustaceans, molluscs, sharks/rays)",Catch per unit effort (CPUE),statistical significance (P-values) from beyond-BACI and BACIP t-tests,NTZ,Great Barrier Reef Marine Protected Area,Yes,kg/boat-days,4,2008,209.83,NA,NA,No,NA,
1033,"CPUE, inside GBR, net fishing, 2005-2009",Catch,Functional group,NA,NA,NA,"major functional/taxonomic groups (finfish, crustaceans, molluscs, sharks/rays)",Catch per unit effort (CPUE),statistical significance (P-values) from beyond-BACI and BACIP t-tests,NTZ,Great Barrier Reef Marine Protected Area,Yes,kg/boat-days,5,2009,192.72,NA,NA,No,NA,
1033,"CPUE, inside GBR, net fishing, 2010-2013",Catch,Functional group,NA,NA,NA,"major functional/taxonomic groups (finfish, crustaceans, molluscs, sharks/rays)",Catch per unit effort (CPUE),statistical significance (P-values) from beyond-BACI and BACIP t-tests,NTZ,Great Barrier Reef Marine Protected Area,Yes,kg/boat-days,1,2010,147.44,NA,NA,No,NA,
1033,"CPUE, inside GBR, net fishing, 2010-2013",Catch,Functional group,NA,NA,NA,"major functional/taxonomic groups (finfish, crustaceans, molluscs, sharks/rays)",Catch per unit effort (CPUE),statistical significance (P-values) from beyond-BACI and BACIP t-tests,NTZ,Great Barrier Reef Marine Protected Area,Yes,kg/boat-days,2,2011,178.72,NA,NA,No,NA,
1033,"CPUE, inside GBR, net fishing, 2010-2013",Catch,Functional group,NA,NA,NA,"major functional/taxonomic groups (finfish, crustaceans, molluscs, sharks/rays)",Catch per unit effort (CPUE),statistical significance (P-values) from beyond-BACI and BACIP t-tests,NTZ,Great Barrier Reef Marine Protected Area,Yes,kg/boat-days,3,2012,164.66,NA,NA,No,NA,
1033,"CPUE, inside GBR, net fishing, 2010-2013",Catch,Functional group,NA,NA,NA,"major functional/taxonomic groups (finfish, crustaceans, molluscs, sharks/rays)",Catch per unit effort (CPUE),statistical significance (P-values) from beyond-BACI and BACIP t-tests,NTZ,Great Barrier Reef Marine Protected Area,Yes,kg/boat-days,4,2013,160.19,NA,NA,No,NA,
1033,"CPUE, inside GBR, net fishing, 2010-2013",Catch,Functional group,NA,NA,NA,"major functional/taxonomic groups (finfish, crustaceans, molluscs, sharks/rays)",Catch per unit effort (CPUE),statistical significance (P-values) from beyond-BACI and BACIP t-tests,NTZ,Great Barrier Reef Marine Protected Area,Yes,kg/boat-days,5,NA,NA,NA,NA,NA,NA,
1033,"CPUE, non-GBR, net fishing, 1995-1999",Catch,Functional group,NA,NA,NA,"major functional/taxonomic groups (finfish, crustaceans, molluscs, sharks/rays)",Catch per unit effort (CPUE),statistical significance (P-values) from beyond-BACI and BACIP t-tests,NTZ,Great Barrier Reef Marine Protected Area,Yes,kg/boat-days,1,1995,171.78,NA,NA,No,NA,
1033,"CPUE, non-GBR, net fishing, 1995-1999",Catch,Functional group,NA,NA,NA,"major functional/taxonomic groups (finfish, crustaceans, molluscs, sharks/rays)",Catch per unit effort (CPUE),statistical significance (P-values) from beyond-BACI and BACIP t-tests,NTZ,Great Barrier Reef Marine Protected Area,Yes,kg/boat-days,2,1996,168.64,NA,NA,No,NA,
1033,"CPUE, non-GBR, net fishing, 1995-1999",Catch,Functional group,NA,NA,NA,"major functional/taxonomic groups (finfish, crustaceans, molluscs, sharks/rays)",Catch per unit effort (CPUE),statistical significance (P-values) from beyond-BACI and BACIP t-tests,NTZ,Great Barrier Reef Marine Protected Area,Yes,kg/boat-days,3,1997,148.15,NA,NA,No,NA,
1033,"CPUE, non-GBR, net fishing, 1995-1999",Catch,Functional group,NA,NA,NA,"major functional/taxonomic groups (finfish, crustaceans, molluscs, sharks/rays)",Catch per unit effort (CPUE),statistical significance (P-values) from beyond-BACI and BACIP t-tests,NTZ,Great Barrier Reef Marine Protected Area,Yes,kg/boat-days,4,1998,180.46,NA,NA,No,NA,
1033,"CPUE, non-GBR, net fishing, 1995-1999",Catch,Functional group,NA,NA,NA,"major functional/taxonomic groups (finfish, crustaceans, molluscs, sharks/rays)",Catch per unit effort (CPUE),statistical significance (P-values) from beyond-BACI and BACIP t-tests,NTZ,Great Barrier Reef Marine Protected Area,Yes,kg/boat-days,5,1999,190.27,NA,NA,No,NA,
1033,"CPUE, non-GBR, net fishing, 2000-2004",Catch,Functional group,NA,NA,NA,"major functional/taxonomic groups (finfish, crustaceans, molluscs, sharks/rays)",Catch per unit effort (CPUE),statistical significance (P-values) from beyond-BACI and BACIP t-tests,NTZ,Great Barrier Reef Marine Protected Area,Yes,kg/boat-days,1,2000,185.13,NA,NA,No,NA,
1033,"CPUE, non-GBR, net fishing, 2000-2004",Catch,Functional group,NA,NA,NA,"major functional/taxonomic groups (finfish, crustaceans, molluscs, sharks/rays)",Catch per unit effort (CPUE),statistical significance (P-values) from beyond-BACI and BACIP t-tests,NTZ,Great Barrier Reef Marine Protected Area,Yes,kg/boat-days,2,2001,218.25,NA,NA,No,NA,
1033,"CPUE, non-GBR, net fishing, 2000-2004",Catch,Functional group,NA,NA,NA,"major functional/taxonomic groups (finfish, crustaceans, molluscs, sharks/rays)",Catch per unit effort (CPUE),statistical significance (P-values) from beyond-BACI and BACIP t-tests,NTZ,Great Barrier Reef Marine Protected Area,Yes,kg/boat-days,3,2002,179.24,NA,NA,No,NA,
1033,"CPUE, non-GBR, net fishing, 2000-2004",Catch,Functional group,NA,NA,NA,"major functional/taxonomic groups (finfish, crustaceans, molluscs, sharks/rays)",Catch per unit effort (CPUE),statistical significance (P-values) from beyond-BACI and BACIP t-tests,NTZ,Great Barrier Reef Marine Protected Area,Yes,kg/boat-days,4,2003,185.64,NA,NA,No,NA,
1033,"CPUE, non-GBR, net fishing, 2000-2004",Catch,Functional group,NA,NA,NA,"major functional/taxonomic groups (finfish, crustaceans, molluscs, sharks/rays)",Catch per unit effort (CPUE),statistical significance (P-values) from beyond-BACI and BACIP t-tests,NTZ,Great Barrier Reef Marine Protected Area,Yes,kg/boat-days,5,2004,195.24,NA,NA,No,NA,
1033,"CPUE, non-GBR, net fishing, 2005-2009",Catch,Functional group,NA,NA,NA,"major functional/taxonomic groups (finfish, crustaceans, molluscs, sharks/rays)",Catch per unit effort (CPUE),statistical significance (P-values) from beyond-BACI and BACIP t-tests,NTZ,Great Barrier Reef Marine Protected Area,Yes,kg/boat-days,1,2005,184.30,NA,NA,No,NA,
1033,"CPUE, non-GBR, net fishing, 2005-2009",Catch,Functional group,NA,NA,NA,"major functional/taxonomic groups (finfish, crustaceans, molluscs, sharks/rays)",Catch per unit effort (CPUE),statistical significance (P-values) from beyond-BACI and BACIP t-tests,NTZ,Great Barrier Reef Marine Protected Area,Yes,kg/boat-days,2,2006,199.27,NA,NA,No,NA,
1033,"CPUE, non-GBR, net fishing, 2005-2009",Catch,Functional group,NA,NA,NA,"major functional/taxonomic groups (finfish, crustaceans, molluscs, sharks/rays)",Catch per unit effort (CPUE),statistical significance (P-values) from beyond-BACI and BACIP t-tests,NTZ,Great Barrier Reef Marine Protected Area,Yes,kg/boat-days,3,2007,193.82,NA,NA,No,NA,
1033,"CPUE, non-GBR, net fishing, 2005-2009",Catch,Functional group,NA,NA,NA,"major functional/taxonomic groups (finfish, crustaceans, molluscs, sharks/rays)",Catch per unit effort (CPUE),statistical significance (P-values) from beyond-BACI and BACIP t-tests,NTZ,Great Barrier Reef Marine Protected Area,Yes,kg/boat-days,4,2008,208.90,NA,NA,No,NA,
1033,"CPUE, non-GBR, net fishing, 2005-2009",Catch,Functional group,NA,NA,NA,"major functional/taxonomic groups (finfish, crustaceans, molluscs, sharks/rays)",Catch per unit effort (CPUE),statistical significance (P-values) from beyond-BACI and BACIP t-tests,NTZ,Great Barrier Reef Marine Protected Area,Yes,kg/boat-days,5,2009,225.48,NA,NA,No,NA,
1033,"CPUE, non-GBR, net fishing, 2010-2013",Catch,Functional group,NA,NA,NA,"major functional/taxonomic groups (finfish, crustaceans, molluscs, sharks/rays)",Catch per unit effort (CPUE),statistical significance (P-values) from beyond-BACI and BACIP t-tests,NTZ,Great Barrier Reef Marine Protected Area,Yes,kg/boat-days,1,2010,238.54,NA,NA,No,NA,
1033,"CPUE, non-GBR, net fishing, 2010-2013",Catch,Functional group,NA,NA,NA,"major functional/taxonomic groups (finfish, crustaceans, molluscs, sharks/rays)",Catch per unit effort (CPUE),statistical significance (P-values) from beyond-BACI and BACIP t-tests,NTZ,Great Barrier Reef Marine Protected Area,Yes,kg/boat-days,2,2011,237.64,NA,NA,No,NA,
1033,"CPUE, non-GBR, net fishing, 2010-2013",Catch,Functional group,NA,NA,NA,"major functional/taxonomic groups (finfish, crustaceans, molluscs, sharks/rays)",Catch per unit effort (CPUE),statistical significance (P-values) from beyond-BACI and BACIP t-tests,NTZ,Great Barrier Reef Marine Protected Area,Yes,kg/boat-days,3,2012,230.48,NA,NA,No,NA,
1033,"CPUE, non-GBR, net fishing, 2010-2013",Catch,Functional group,NA,NA,NA,"major functional/taxonomic groups (finfish, crustaceans, molluscs, sharks/rays)",Catch per unit effort (CPUE),statistical significance (P-values) from beyond-BACI and BACIP t-tests,NTZ,Great Barrier Reef Marine Protected Area,Yes,kg/boat-days,4,2013,234.91,NA,NA,No,NA,
1033,"CPUE, non-GBR, net fishing, 2010-2013",Catch,Functional group,NA,NA,NA,"major functional/taxonomic groups (finfish, crustaceans, molluscs, sharks/rays)",Catch per unit effort (CPUE),statistical significance (P-values) from beyond-BACI and BACIP t-tests,NTZ,Great Barrier Reef Marine Protected Area,Yes,kg/boat-days,5,NA,NA,NA,NA,NA,NA,